offset,original_text,spanish_text,original_length,padding_available,real_max_length,encoding,category,translation,notes
0x0000C8CC,i<0xFB><0x01> <0x02>!<0xF7><0xF7>%<0xFB><0x02> <0x03>!<0xF7><0xF7>!<0xFB>Y<0xE0><0x88>F#<0x08>wZA<0x08>nZA<0x08> F#<0x08><0x01> <0xAA>!<0xF7><0xF7><0xB2><0xFD><0x02> <0xAA>!<0xF7><0xF7><0xAE><0xFD><0x03> <0xAA>!<0xF7><0xF7><0xAA><0xFD>)M,i<0xFB><0x01> <0x02>!<0xF7><0xF7>%<0xFB><0x02> <0x03>!<0xF7><0xF7>!<0xFB>Y<0xE0><0x88>F#<0x08>wZA<0x08><0xE9>M(<0x08> F#<0x08><0x01> <0xAA>!<0xF7><0xF7><0xB2><0xFD><0x02> <0xAA>!<0xF7><0xF7><0xAE><0xFD><0x03> <0xAA>!<0xF7><0xF7><0xAA><0xFD>)M,62,1,63,ascii,dialogue,,
0x0000C8CE,<0x01> <0x02>!<0xF7><0xF7>%<0xFB><0x02> <0x03>!<0xF7><0xF7>!<0xFB>Y<0xE0><0x88>F#<0x08>wZA<0x08>nZA<0x08> F#<0x08><0x01> <0xAA>!<0xF7><0xF7><0xB2><0xFD><0x02> <0xAA>!<0xF7><0xF7><0xAE><0xFD><0x03> <0xAA>!<0xF7><0xF7><0xAA><0xFD>)M,<0x01> <0x02>!<0xF7><0xF7>%<0xFB><0x02> <0x03>!<0xF7><0xF7>!<0xFB>Y<0xE0><0x88>F#<0x08>wZA<0x08><0xE9>M(<0x08> F#<0x08><0x01> <0xAA>!<0xF7><0xF7><0xB2><0xFD><0x02> <0xAA>!<0xF7><0xF7><0xAE><0xFD><0x03> <0xAA>!<0xF7><0xF7><0xAA><0xFD>)M,60,1,61,ascii,dialogue,,
0x0000C8D1,!<0xF7><0xF7>%<0xFB><0x02> <0x03>!<0xF7><0xF7>!<0xFB>Y<0xE0><0x88>F#<0x08>wZA<0x08>nZA<0x08> F#<0x08><0x01> <0xAA>!<0xF7><0xF7><0xB2><0xFD><0x02> <0xAA>!<0xF7><0xF7><0xAE><0xFD><0x03> <0xAA>!<0xF7><0xF7><0xAA><0xFD>)M,!<0xF7><0xF7>%<0xFB><0x02> <0x03>!<0xF7><0xF7>!<0xFB>Y<0xE0><0x88>F#<0x08>wZA<0x08><0xE9>M(<0x08> F#<0x08><0x01> <0xAA>!<0xF7><0xF7><0xB2><0xFD><0x02> <0xAA>!<0xF7><0xF7><0xAE><0xFD><0x03> <0xAA>!<0xF7><0xF7><0xAA><0xFD>)M,57,1,58,ascii,dialogue,,
0x0000C968,"4<0xFB><0x01><0x20><0xF7><0xF7><0x18><0xFB><0x02><0x20><0xF7><0xF7><0x15><0xFB><0x03><0x20><0xF7><0xF7><0x12><0xFB><0x01><0x20><0x02><0x21><0xF7><0xF7>T<0xFA><0x02><0x20><0x02><0x21><0xF7><0xF7>P<0xFA><0x03><0x20><0x03><0x21><0xF7><0xF7>L<0xFA><0x0B><0x48><0x42><0x46>W<0x19>O <0x09><0x18><0x0A><0x48><0x08><0x60><0x04>""<0x08>B<0x98><0x46>:B<0x01>B <0x47>  <0x88><0x46>ó<0x08><0x77><0x5A><0x41><0x08><0x6E><0x5A><0x41><0x08><0x97><0x5A><0x41><0x08><0x20><0x46>ó<0x08><0x90><0x50> <0x03>SO <0x08><0x30><0xB5>ç"" <0x06><0x04><0x0E><0x01><0x25><0x6D><0x42><0x28><0x1C><0xF4><0xF7><0x05><0xFB> <0x04> <0x14>7<0x42><0x14>V<0x0C><0x49><0xA0>  <0x19>F <0x40><0x18><0x0A><0x49><0x01><0x60><0x0A><0x48> <0x90><0x28><0x1C> <0x21><0x10><0x22> ó<0x63>:H<0xFD> <0x20><0xF4><0xF7>e","4<0xFB><0x01><0x20><0xF7><0xF7><0x18><0xFB><0x02><0x20><0xF7><0xF7><0x15><0xFB><0x03><0x20><0xF7><0xF7><0x12><0xFB><0x01><0x20><0x02><0x21><0xF7><0xF7>T<0xFA><0x02><0x20><0x02><0x21><0xF7><0xF7>P<0xFA><0x03><0x20><0x03><0x21><0xF7><0xF7>L<0xFA><0x0B><0x48><0x42><0x46>W<0x19>O <0x09><0x18><0x0A><0x48><0x08><0x60><0x04>""<0x08>B<0x98><0x46>:B<0x01>B <0x47>  <0x88><0x46>ó<0x08><0x77><0x5A><0x41><0x08>u<0x4D><0x28><0x08><0x97><0x5A><0x41><0x08><0x20><0x46>ó<0x08><0x90><0x50> <0x03>SO <0x08><0x30><0xB5>ç"" <0x06><0x04><0x0E><0x01><0x25><0x6D><0x42><0x28><0x1C><0xF4><0xF7><0x05><0xFB> <0x04> <0x14>7<0x42><0x14>V<0x0C><0x49><0xA0>  <0x19>F <0x40><0x18><0x0A><0x49><0x01><0x60><0x0A><0x48> <0x90><0x28><0x1C> <0x21><0x10><0x22> ó<0x63>:H<0xFD> <0x20><0xF4><0xF7>e",161,1,162,pokemon,description,,
0x0000C9A3,"""<0x08>B<0x98><0x46>:B<0x01>B <0x47>  <0x88><0x46>ó<0x08><0x77><0x5A><0x41><0x08><0x6E><0x5A><0x41><0x08><0x97><0x5A><0x41><0x08><0x20><0x46>ó<0x08><0x90><0x50> <0x03>SO <0x08><0x30><0xB5>ç"" <0x06><0x04><0x0E><0x01><0x25><0x6D><0x42><0x28><0x1C><0xF4><0xF7><0x05><0xFB> <0x04> <0x14>7<0x42><0x14>V<0x0C><0x49><0xA0>  <0x19>F <0x40><0x18><0x0A><0x49><0x01><0x60><0x0A><0x48> <0x90><0x28><0x1C> <0x21><0x10><0x22> ó<0x63>:H<0xFD> <0x20><0xF4><0xF7>e","""<0x08>B<0x98><0x46>:B<0x01>B <0x47>  <0x88><0x46>ó<0x08><0x77><0x5A><0x41><0x08>u<0x4D><0x28><0x08><0x97><0x5A><0x41><0x08><0x20><0x46>ó<0x08><0x90><0x50> <0x03>SO <0x08><0x30><0xB5>ç"" <0x06><0x04><0x0E><0x01><0x25><0x6D><0x42><0x28><0x1C><0xF4><0xF7><0x05><0xFB> <0x04> <0x14>7<0x42><0x14>V<0x0C><0x49><0xA0>  <0x19>F <0x40><0x18><0x0A><0x49><0x01><0x60><0x0A><0x48> <0x90><0x28><0x1C> <0x21><0x10><0x22> ó<0x63>:H<0xFD> <0x20><0xF4><0xF7>e",102,1,103,pokemon,description,,
0x0000C9A7,"<0x46>:B<0x01>B <0x47>  <0x88><0x46>ó<0x08><0x77><0x5A><0x41><0x08><0x6E><0x5A><0x41><0x08><0x97><0x5A><0x41><0x08><0x20><0x46>ó<0x08><0x90><0x50> <0x03>SO <0x08><0x30><0xB5>ç"" <0x06><0x04><0x0E><0x01><0x25><0x6D><0x42><0x28><0x1C><0xF4><0xF7><0x05><0xFB> <0x04> <0x14>7<0x42><0x14>V<0x0C><0x49><0xA0>  <0x19>F <0x40><0x18><0x0A><0x49><0x01><0x60><0x0A><0x48> <0x90><0x28><0x1C> <0x21><0x10><0x22> ó<0x63>:H<0xFD> <0x20><0xF4><0xF7>e","<0x46>:B<0x01>B <0x47>  <0x88><0x46>ó<0x08><0x77><0x5A><0x41><0x08>u<0x4D><0x28><0x08><0x97><0x5A><0x41><0x08><0x20><0x46>ó<0x08><0x90><0x50> <0x03>SO <0x08><0x30><0xB5>ç"" <0x06><0x04><0x0E><0x01><0x25><0x6D><0x42><0x28><0x1C><0xF4><0xF7><0x05><0xFB> <0x04> <0x14>7<0x42><0x14>V<0x0C><0x49><0xA0>  <0x19>F <0x40><0x18><0x0A><0x49><0x01><0x60><0x0A><0x48> <0x90><0x28><0x1C> <0x21><0x10><0x22> ó<0x63>:H<0xFD> <0x20><0xF4><0xF7>e",98,1,99,pokemon,description,,
0x0000D033, ú<0x08>  <0x8B><0x46>ó<0x08>x<0xB6><0x41><0x08><0xF3><0xB6><0x41><0x08><0x30><0xB5><0x04><0x1C><0x24><0x06><0x24><0x0E><0x0E><0x4D><0x28><0x68> èF<0x08><0x5C>:<0x98><0xFB><0x01><0x68><0x90><0x22><0x52> <0x0B><0x4B><0x20><0x1C><0xF4><0xF7><0xB5><0xFB><0x28><0x68> èF<0x08><0x5C>:<0x8C><0xFB><0x40><0x68><0x20><0x21><0x20><0x22><0x63>:<0xB9><0xF9><0x05><0x48> :'<0xF8><0x30>B<0x01>B <0x47>  <0x0C><0x50> <0x03><0xB1><0x01>  <0x38><0x46>ó<0x08> <0xB5><0x05><0x49> <0x20><0x20><0x22><0x42><0xF1><0x46>, ú<0x08>  <0x8B><0x46>ó<0x08><0x09><0x4E><0x28><0x08><0xF3><0xB6><0x41><0x08><0x30><0xB5><0x04><0x1C><0x24><0x06><0x24><0x0E><0x0E><0x4D><0x28><0x68> èF<0x08><0x5C>:<0x98><0xFB><0x01><0x68><0x90><0x22><0x52> <0x0B><0x4B><0x20><0x1C><0xF4><0xF7><0xB5><0xFB><0x28><0x68> èF<0x08><0x5C>:<0x8C><0xFB><0x40><0x68><0x20><0x21><0x20><0x22><0x63>:<0xB9><0xF9><0x05><0x48> :'<0xF8><0x30>B<0x01>B <0x47>  <0x0C><0x50> <0x03><0xB1><0x01>  <0x38><0x46>ó<0x08> <0xB5><0x05><0x49> <0x20><0x20><0x22><0x42><0xF1><0x46>,108,3,111,pokemon,description,,
0x0004EF84,<0x80>)<0x1B><0x08><0xC7><0x1E>&<0x08><0x07>I0<0x1C><0xB9><0xF7><0xF8><0xFE><0x06>I0<0x1C><0xB9><0xF7><0x04><0xFF><0x02><0xB0><0x18><0xBC><0x98>F<0xA1>F<0xF0><0xBC><0x01><0xBC>,<0x10><0x0A><0xA4><0x08><0xC7><0x1E>&<0x08><0x07>I0<0x1C><0xB9><0xF7><0xF8><0xFE><0x06>I0<0x1C><0xB9><0xF7><0x04><0xFF><0x02><0xB0><0x18><0xBC><0x98>F<0xA1>F<0xF0><0xBC><0x01><0xBC>,36,3,39,ascii,description,,
0x0006FDF8," <0x91><0x01><0x96><0x02><0x94> <0x21><0x3C><0x22><0x2A>óD:<0x8A><0xFB><0x38>ú<0x28><0x78><0x49><0x46> <0x91><0x01><0x96>é<0x49><0x02><0x91> <0x21><0x02><0x22><0x3B><0x1C>D:<0x7E><0xFB><0x02><0x20><0x21><0x1C><0x02><0x22><0x88>:W<0xF8><0x28><0x78><0x41><0x46> <0x91><0x01><0x96><0x02><0x94> <0x21><0x3C><0x22><0x3B><0x1C>D:í<0xFB><0x28><0x78><0x02><0x21><0x94><0xF7><0x6D><0xF8><0x03>""<0x18>B<0x98><0x46>0<0x46>:B<0x01>B <0x47><0x04><0x71><0x03><0x02>R<0x73><0x3A><0x08><0x1D><0x02>  <0x18><0x1D><0x02><0x02>h<0x73><0x3A><0x08>Z<0x73><0x3A><0x08><0x7A><0x61><0x41><0x08>ç<0x61><0x41><0x08>d<0x73><0x3A><0x08>ñ<0x08>  <0x88><0x61><0x41><0x08><0x90><0x61><0x41><0x08><0x10><0xB5><0x05><0x4C><0x20><0x78> <0x21><0x87>:<0x86><0xF8><0x20><0x78><0x93><0xF7>Y"," <0x91><0x01><0x96><0x02><0x94> <0x21><0x3C><0x22><0x2A>óD:<0x8A><0xFB><0x38>ú<0x28><0x78><0x49><0x46> <0x91><0x01><0x96>é<0x49><0x02><0x91> <0x21><0x02><0x22><0x3B><0x1C>D:<0x7E><0xFB><0x02><0x20><0x21><0x1C><0x02><0x22><0x88>:W<0xF8><0x28><0x78><0x41><0x46> <0x91><0x01><0x96><0x02><0x94> <0x21><0x3C><0x22><0x3B><0x1C>D:í<0xFB><0x28><0x78><0x02><0x21><0x94><0xF7><0x6D><0xF8><0x03>""<0x18>B<0x98><0x46>0<0x46>:B<0x01>B <0x47><0x04><0x71><0x03><0x02>R<0x73><0x3A><0x08><0x1D><0x02>  <0x18><0x1D><0x02><0x02>h<0x73><0x3A><0x08>Z<0x73><0x3A><0x08><0x15><0x4D><0x28><0x08><0x1D><0x4D><0x28><0x08>d<0x73><0x3A><0x08>ñ<0x08>  <0x31><0x4D><0x28><0x08>ú<0x4D><0x28><0x08><0x10><0xB5><0x05><0x4C><0x20><0x78> <0x21><0x87>:<0x86><0xF8><0x20><0x78><0x93><0xF7>Y",157,2,159,pokemon,description,,
0x0006FDF9,"<0x91><0x01><0x96><0x02><0x94> <0x21><0x3C><0x22><0x2A>óD:<0x8A><0xFB><0x38>ú<0x28><0x78><0x49><0x46> <0x91><0x01><0x96>é<0x49><0x02><0x91> <0x21><0x02><0x22><0x3B><0x1C>D:<0x7E><0xFB><0x02><0x20><0x21><0x1C><0x02><0x22><0x88>:W<0xF8><0x28><0x78><0x41><0x46> <0x91><0x01><0x96><0x02><0x94> <0x21><0x3C><0x22><0x3B><0x1C>D:í<0xFB><0x28><0x78><0x02><0x21><0x94><0xF7><0x6D><0xF8><0x03>""<0x18>B<0x98><0x46>0<0x46>:B<0x01>B <0x47><0x04><0x71><0x03><0x02>R<0x73><0x3A><0x08><0x1D><0x02>  <0x18><0x1D><0x02><0x02>h<0x73><0x3A><0x08>Z<0x73><0x3A><0x08><0x7A><0x61><0x41><0x08>ç<0x61><0x41><0x08>d<0x73><0x3A><0x08>ñ<0x08>  <0x88><0x61><0x41><0x08><0x90><0x61><0x41><0x08><0x10><0xB5><0x05><0x4C><0x20><0x78> <0x21><0x87>:<0x86><0xF8><0x20><0x78><0x93><0xF7>Y","<0x91><0x01><0x96><0x02><0x94> <0x21><0x3C><0x22><0x2A>óD:<0x8A><0xFB><0x38>ú<0x28><0x78><0x49><0x46> <0x91><0x01><0x96>é<0x49><0x02><0x91> <0x21><0x02><0x22><0x3B><0x1C>D:<0x7E><0xFB><0x02><0x20><0x21><0x1C><0x02><0x22><0x88>:W<0xF8><0x28><0x78><0x41><0x46> <0x91><0x01><0x96><0x02><0x94> <0x21><0x3C><0x22><0x3B><0x1C>D:í<0xFB><0x28><0x78><0x02><0x21><0x94><0xF7><0x6D><0xF8><0x03>""<0x18>B<0x98><0x46>0<0x46>:B<0x01>B <0x47><0x04><0x71><0x03><0x02>R<0x73><0x3A><0x08><0x1D><0x02>  <0x18><0x1D><0x02><0x02>h<0x73><0x3A><0x08>Z<0x73><0x3A><0x08><0x15><0x4D><0x28><0x08><0x1D><0x4D><0x28><0x08>d<0x73><0x3A><0x08>ñ<0x08>  <0x31><0x4D><0x28><0x08>ú<0x4D><0x28><0x08><0x10><0xB5><0x05><0x4C><0x20><0x78> <0x21><0x87>:<0x86><0xF8><0x20><0x78><0x93><0xF7>Y",156,2,158,pokemon,description,,
0x0006FDFA,"<0x01><0x96><0x02><0x94> <0x21><0x3C><0x22><0x2A>óD:<0x8A><0xFB><0x38>ú<0x28><0x78><0x49><0x46> <0x91><0x01><0x96>é<0x49><0x02><0x91> <0x21><0x02><0x22><0x3B><0x1C>D:<0x7E><0xFB><0x02><0x20><0x21><0x1C><0x02><0x22><0x88>:W<0xF8><0x28><0x78><0x41><0x46> <0x91><0x01><0x96><0x02><0x94> <0x21><0x3C><0x22><0x3B><0x1C>D:í<0xFB><0x28><0x78><0x02><0x21><0x94><0xF7><0x6D><0xF8><0x03>""<0x18>B<0x98><0x46>0<0x46>:B<0x01>B <0x47><0x04><0x71><0x03><0x02>R<0x73><0x3A><0x08><0x1D><0x02>  <0x18><0x1D><0x02><0x02>h<0x73><0x3A><0x08>Z<0x73><0x3A><0x08><0x7A><0x61><0x41><0x08>ç<0x61><0x41><0x08>d<0x73><0x3A><0x08>ñ<0x08>  <0x88><0x61><0x41><0x08><0x90><0x61><0x41><0x08><0x10><0xB5><0x05><0x4C><0x20><0x78> <0x21><0x87>:<0x86><0xF8><0x20><0x78><0x93><0xF7>Y","<0x01><0x96><0x02><0x94> <0x21><0x3C><0x22><0x2A>óD:<0x8A><0xFB><0x38>ú<0x28><0x78><0x49><0x46> <0x91><0x01><0x96>é<0x49><0x02><0x91> <0x21><0x02><0x22><0x3B><0x1C>D:<0x7E><0xFB><0x02><0x20><0x21><0x1C><0x02><0x22><0x88>:W<0xF8><0x28><0x78><0x41><0x46> <0x91><0x01><0x96><0x02><0x94> <0x21><0x3C><0x22><0x3B><0x1C>D:í<0xFB><0x28><0x78><0x02><0x21><0x94><0xF7><0x6D><0xF8><0x03>""<0x18>B<0x98><0x46>0<0x46>:B<0x01>B <0x47><0x04><0x71><0x03><0x02>R<0x73><0x3A><0x08><0x1D><0x02>  <0x18><0x1D><0x02><0x02>h<0x73><0x3A><0x08>Z<0x73><0x3A><0x08><0x15><0x4D><0x28><0x08><0x1D><0x4D><0x28><0x08>d<0x73><0x3A><0x08>ñ<0x08>  <0x31><0x4D><0x28><0x08>ú<0x4D><0x28><0x08><0x10><0xB5><0x05><0x4C><0x20><0x78> <0x21><0x87>:<0x86><0xF8><0x20><0x78><0x93><0xF7>Y",155,2,157,pokemon,description,,
0x0006FDFB,"<0x96><0x02><0x94> <0x21><0x3C><0x22><0x2A>óD:<0x8A><0xFB><0x38>ú<0x28><0x78><0x49><0x46> <0x91><0x01><0x96>é<0x49><0x02><0x91> <0x21><0x02><0x22><0x3B><0x1C>D:<0x7E><0xFB><0x02><0x20><0x21><0x1C><0x02><0x22><0x88>:W<0xF8><0x28><0x78><0x41><0x46> <0x91><0x01><0x96><0x02><0x94> <0x21><0x3C><0x22><0x3B><0x1C>D:í<0xFB><0x28><0x78><0x02><0x21><0x94><0xF7><0x6D><0xF8><0x03>""<0x18>B<0x98><0x46>0<0x46>:B<0x01>B <0x47><0x04><0x71><0x03><0x02>R<0x73><0x3A><0x08><0x1D><0x02>  <0x18><0x1D><0x02><0x02>h<0x73><0x3A><0x08>Z<0x73><0x3A><0x08><0x7A><0x61><0x41><0x08>ç<0x61><0x41><0x08>d<0x73><0x3A><0x08>ñ<0x08>  <0x88><0x61><0x41><0x08><0x90><0x61><0x41><0x08><0x10><0xB5><0x05><0x4C><0x20><0x78> <0x21><0x87>:<0x86><0xF8><0x20><0x78><0x93><0xF7>Y","<0x96><0x02><0x94> <0x21><0x3C><0x22><0x2A>óD:<0x8A><0xFB><0x38>ú<0x28><0x78><0x49><0x46> <0x91><0x01><0x96>é<0x49><0x02><0x91> <0x21><0x02><0x22><0x3B><0x1C>D:<0x7E><0xFB><0x02><0x20><0x21><0x1C><0x02><0x22><0x88>:W<0xF8><0x28><0x78><0x41><0x46> <0x91><0x01><0x96><0x02><0x94> <0x21><0x3C><0x22><0x3B><0x1C>D:í<0xFB><0x28><0x78><0x02><0x21><0x94><0xF7><0x6D><0xF8><0x03>""<0x18>B<0x98><0x46>0<0x46>:B<0x01>B <0x47><0x04><0x71><0x03><0x02>R<0x73><0x3A><0x08><0x1D><0x02>  <0x18><0x1D><0x02><0x02>h<0x73><0x3A><0x08>Z<0x73><0x3A><0x08><0x15><0x4D><0x28><0x08><0x1D><0x4D><0x28><0x08>d<0x73><0x3A><0x08>ñ<0x08>  <0x31><0x4D><0x28><0x08>ú<0x4D><0x28><0x08><0x10><0xB5><0x05><0x4C><0x20><0x78> <0x21><0x87>:<0x86><0xF8><0x20><0x78><0x93><0xF7>Y",154,2,156,pokemon,description,,
0x0006FDFC,"<0x02><0x94> <0x21><0x3C><0x22><0x2A>óD:<0x8A><0xFB><0x38>ú<0x28><0x78><0x49><0x46> <0x91><0x01><0x96>é<0x49><0x02><0x91> <0x21><0x02><0x22><0x3B><0x1C>D:<0x7E><0xFB><0x02><0x20><0x21><0x1C><0x02><0x22><0x88>:W<0xF8><0x28><0x78><0x41><0x46> <0x91><0x01><0x96><0x02><0x94> <0x21><0x3C><0x22><0x3B><0x1C>D:í<0xFB><0x28><0x78><0x02><0x21><0x94><0xF7><0x6D><0xF8><0x03>""<0x18>B<0x98><0x46>0<0x46>:B<0x01>B <0x47><0x04><0x71><0x03><0x02>R<0x73><0x3A><0x08><0x1D><0x02>  <0x18><0x1D><0x02><0x02>h<0x73><0x3A><0x08>Z<0x73><0x3A><0x08><0x7A><0x61><0x41><0x08>ç<0x61><0x41><0x08>d<0x73><0x3A><0x08>ñ<0x08>  <0x88><0x61><0x41><0x08><0x90><0x61><0x41><0x08><0x10><0xB5><0x05><0x4C><0x20><0x78> <0x21><0x87>:<0x86><0xF8><0x20><0x78><0x93><0xF7>Y","<0x02><0x94> <0x21><0x3C><0x22><0x2A>óD:<0x8A><0xFB><0x38>ú<0x28><0x78><0x49><0x46> <0x91><0x01><0x96>é<0x49><0x02><0x91> <0x21><0x02><0x22><0x3B><0x1C>D:<0x7E><0xFB><0x02><0x20><0x21><0x1C><0x02><0x22><0x88>:W<0xF8><0x28><0x78><0x41><0x46> <0x91><0x01><0x96><0x02><0x94> <0x21><0x3C><0x22><0x3B><0x1C>D:í<0xFB><0x28><0x78><0x02><0x21><0x94><0xF7><0x6D><0xF8><0x03>""<0x18>B<0x98><0x46>0<0x46>:B<0x01>B <0x47><0x04><0x71><0x03><0x02>R<0x73><0x3A><0x08><0x1D><0x02>  <0x18><0x1D><0x02><0x02>h<0x73><0x3A><0x08>Z<0x73><0x3A><0x08><0x15><0x4D><0x28><0x08><0x1D><0x4D><0x28><0x08>d<0x73><0x3A><0x08>ñ<0x08>  <0x31><0x4D><0x28><0x08>ú<0x4D><0x28><0x08><0x10><0xB5><0x05><0x4C><0x20><0x78> <0x21><0x87>:<0x86><0xF8><0x20><0x78><0x93><0xF7>Y",153,2,155,pokemon,description,,
0x0006FDFD,"<0x94> <0x21><0x3C><0x22><0x2A>óD:<0x8A><0xFB><0x38>ú<0x28><0x78><0x49><0x46> <0x91><0x01><0x96>é<0x49><0x02><0x91> <0x21><0x02><0x22><0x3B><0x1C>D:<0x7E><0xFB><0x02><0x20><0x21><0x1C><0x02><0x22><0x88>:W<0xF8><0x28><0x78><0x41><0x46> <0x91><0x01><0x96><0x02><0x94> <0x21><0x3C><0x22><0x3B><0x1C>D:í<0xFB><0x28><0x78><0x02><0x21><0x94><0xF7><0x6D><0xF8><0x03>""<0x18>B<0x98><0x46>0<0x46>:B<0x01>B <0x47><0x04><0x71><0x03><0x02>R<0x73><0x3A><0x08><0x1D><0x02>  <0x18><0x1D><0x02><0x02>h<0x73><0x3A><0x08>Z<0x73><0x3A><0x08><0x7A><0x61><0x41><0x08>ç<0x61><0x41><0x08>d<0x73><0x3A><0x08>ñ<0x08>  <0x88><0x61><0x41><0x08><0x90><0x61><0x41><0x08><0x10><0xB5><0x05><0x4C><0x20><0x78> <0x21><0x87>:<0x86><0xF8><0x20><0x78><0x93><0xF7>Y","<0x94> <0x21><0x3C><0x22><0x2A>óD:<0x8A><0xFB><0x38>ú<0x28><0x78><0x49><0x46> <0x91><0x01><0x96>é<0x49><0x02><0x91> <0x21><0x02><0x22><0x3B><0x1C>D:<0x7E><0xFB><0x02><0x20><0x21><0x1C><0x02><0x22><0x88>:W<0xF8><0x28><0x78><0x41><0x46> <0x91><0x01><0x96><0x02><0x94> <0x21><0x3C><0x22><0x3B><0x1C>D:í<0xFB><0x28><0x78><0x02><0x21><0x94><0xF7><0x6D><0xF8><0x03>""<0x18>B<0x98><0x46>0<0x46>:B<0x01>B <0x47><0x04><0x71><0x03><0x02>R<0x73><0x3A><0x08><0x1D><0x02>  <0x18><0x1D><0x02><0x02>h<0x73><0x3A><0x08>Z<0x73><0x3A><0x08><0x15><0x4D><0x28><0x08><0x1D><0x4D><0x28><0x08>d<0x73><0x3A><0x08>ñ<0x08>  <0x31><0x4D><0x28><0x08>ú<0x4D><0x28><0x08><0x10><0xB5><0x05><0x4C><0x20><0x78> <0x21><0x87>:<0x86><0xF8><0x20><0x78><0x93><0xF7>Y",152,2,154,pokemon,description,,
0x0006FE11,"<0x96>é<0x49><0x02><0x91> <0x21><0x02><0x22><0x3B><0x1C>D:<0x7E><0xFB><0x02><0x20><0x21><0x1C><0x02><0x22><0x88>:W<0xF8><0x28><0x78><0x41><0x46> <0x91><0x01><0x96><0x02><0x94> <0x21><0x3C><0x22><0x3B><0x1C>D:í<0xFB><0x28><0x78><0x02><0x21><0x94><0xF7><0x6D><0xF8><0x03>""<0x18>B<0x98><0x46>0<0x46>:B<0x01>B <0x47><0x04><0x71><0x03><0x02>R<0x73><0x3A><0x08><0x1D><0x02>  <0x18><0x1D><0x02><0x02>h<0x73><0x3A><0x08>Z<0x73><0x3A><0x08><0x7A><0x61><0x41><0x08>ç<0x61><0x41><0x08>d<0x73><0x3A><0x08>ñ<0x08>  <0x88><0x61><0x41><0x08><0x90><0x61><0x41><0x08><0x10><0xB5><0x05><0x4C><0x20><0x78> <0x21><0x87>:<0x86><0xF8><0x20><0x78><0x93><0xF7>Y","<0x96>é<0x49><0x02><0x91> <0x21><0x02><0x22><0x3B><0x1C>D:<0x7E><0xFB><0x02><0x20><0x21><0x1C><0x02><0x22><0x88>:W<0xF8><0x28><0x78><0x41><0x46> <0x91><0x01><0x96><0x02><0x94> <0x21><0x3C><0x22><0x3B><0x1C>D:í<0xFB><0x28><0x78><0x02><0x21><0x94><0xF7><0x6D><0xF8><0x03>""<0x18>B<0x98><0x46>0<0x46>:B<0x01>B <0x47><0x04><0x71><0x03><0x02>R<0x73><0x3A><0x08><0x1D><0x02>  <0x18><0x1D><0x02><0x02>h<0x73><0x3A><0x08>Z<0x73><0x3A><0x08><0x15><0x4D><0x28><0x08><0x1D><0x4D><0x28><0x08>d<0x73><0x3A><0x08>ñ<0x08>  <0x31><0x4D><0x28><0x08>ú<0x4D><0x28><0x08><0x10><0xB5><0x05><0x4C><0x20><0x78> <0x21><0x87>:<0x86><0xF8><0x20><0x78><0x93><0xF7>Y",132,2,134,pokemon,description,,
0x0009BE91,"<0xB5> <0x06> <0x0E><0x02><0x49>2:<0x9E><0xFC><0x01>B <0x47>':<0x3D><0x08><0x30><0xB5> <0x06><0x05><0x0E>7 <0x40><0x19>F <0x0D><0x49><0x44><0x18><0x04><0x20><0x68><0xF7><0x73><0xF8><0x60><0x89> <0x49><0x08><0x47><0x77><0x44><0x9A><0x08> <0x0E><0x01><0x28><0x14>W<0x01><0x48> <0x47>  i<0x44><0x9A><0x08><0x28><0x1C> :i<0xF8><0x60><0x89><0x61><0x88><0x01><0x22> :h<0xF8><0x0B>l  <0x98><0x50> <0x03>s<0x67><0x41><0x08><0x0D>E<0x09><0x08><0x03><0x49><0x04><0x4A><0x28><0x1C>2:<0x2F><0xFC><0x30>B<0x01>B <0x47><0x61><0x68><0x41><0x08><0x99>E<0x09><0x08> <0x49><0x08><0x47><0x69>7w<0x09><0x26><0x20>,<0xF7>A","<0xB5> <0x06> <0x0E><0x02><0x49>2:<0x9E><0xFC><0x01>B <0x47>':<0x3D><0x08><0x30><0xB5> <0x06><0x05><0x0E>7 <0x40><0x19>F <0x0D><0x49><0x44><0x18><0x04><0x20><0x68><0xF7><0x73><0xF8><0x60><0x89> <0x49><0x08><0x47><0x77><0x44><0x9A><0x08> <0x0E><0x01><0x28><0x14>W<0x01><0x48> <0x47>  i<0x44><0x9A><0x08><0x28><0x1C> :i<0xF8><0x60><0x89><0x61><0x88><0x01><0x22> :h<0xF8><0x0B>l  <0x98><0x50> <0x03><0x77><0xB7><0x19><0x08><0x0D>E<0x09><0x08><0x03><0x49><0x04><0x4A><0x28><0x1C>2:<0x2F><0xFC><0x30>B<0x01>B <0x47><0x61><0x68><0x41><0x08><0x99>E<0x09><0x08> <0x49><0x08><0x47><0x69>7w<0x09><0x26><0x20>,<0xF7>A",136,2,138,pokemon,description,,
0x0009BEA5,"<0xB5> <0x06><0x05><0x0E>7 <0x40><0x19>F <0x0D><0x49><0x44><0x18><0x04><0x20><0x68><0xF7><0x73><0xF8><0x60><0x89> <0x49><0x08><0x47><0x77><0x44><0x9A><0x08> <0x0E><0x01><0x28><0x14>W<0x01><0x48> <0x47>  i<0x44><0x9A><0x08><0x28><0x1C> :i<0xF8><0x60><0x89><0x61><0x88><0x01><0x22> :h<0xF8><0x0B>l  <0x98><0x50> <0x03>s<0x67><0x41><0x08><0x0D>E<0x09><0x08><0x03><0x49><0x04><0x4A><0x28><0x1C>2:<0x2F><0xFC><0x30>B<0x01>B <0x47><0x61><0x68><0x41><0x08><0x99>E<0x09><0x08> <0x49><0x08><0x47><0x69>7w<0x09><0x26><0x20>,<0xF7>A","<0xB5> <0x06><0x05><0x0E>7 <0x40><0x19>F <0x0D><0x49><0x44><0x18><0x04><0x20><0x68><0xF7><0x73><0xF8><0x60><0x89> <0x49><0x08><0x47><0x77><0x44><0x9A><0x08> <0x0E><0x01><0x28><0x14>W<0x01><0x48> <0x47>  i<0x44><0x9A><0x08><0x28><0x1C> :i<0xF8><0x60><0x89><0x61><0x88><0x01><0x22> :h<0xF8><0x0B>l  <0x98><0x50> <0x03><0x77><0xB7><0x19><0x08><0x0D>E<0x09><0x08><0x03><0x49><0x04><0x4A><0x28><0x1C>2:<0x2F><0xFC><0x30>B<0x01>B <0x47><0x61><0x68><0x41><0x08><0x99>E<0x09><0x08> <0x49><0x08><0x47><0x69>7w<0x09><0x26><0x20>,<0xF7>A",116,2,118,pokemon,description,,
0x0009BEC5,"<0x0E><0x01><0x28><0x14>W<0x01><0x48> <0x47>  i<0x44><0x9A><0x08><0x28><0x1C> :i<0xF8><0x60><0x89><0x61><0x88><0x01><0x22> :h<0xF8><0x0B>l  <0x98><0x50> <0x03>s<0x67><0x41><0x08><0x0D>E<0x09><0x08><0x03><0x49><0x04><0x4A><0x28><0x1C>2:<0x2F><0xFC><0x30>B<0x01>B <0x47><0x61><0x68><0x41><0x08><0x99>E<0x09><0x08> <0x49><0x08><0x47><0x69>7w<0x09><0x26><0x20>,<0xF7>A","<0x0E><0x01><0x28><0x14>W<0x01><0x48> <0x47>  i<0x44><0x9A><0x08><0x28><0x1C> :i<0xF8><0x60><0x89><0x61><0x88><0x01><0x22> :h<0xF8><0x0B>l  <0x98><0x50> <0x03><0x77><0xB7><0x19><0x08><0x0D>E<0x09><0x08><0x03><0x49><0x04><0x4A><0x28><0x1C>2:<0x2F><0xFC><0x30>B<0x01>B <0x47><0x61><0x68><0x41><0x08><0x99>E<0x09><0x08> <0x49><0x08><0x47><0x69>7w<0x09><0x26><0x20>,<0xF7>A",84,2,86,pokemon,description,,
0x0009BED5,"<0x1C> :i<0xF8><0x60><0x89><0x61><0x88><0x01><0x22> :h<0xF8><0x0B>l  <0x98><0x50> <0x03>s<0x67><0x41><0x08><0x0D>E<0x09><0x08><0x03><0x49><0x04><0x4A><0x28><0x1C>2:<0x2F><0xFC><0x30>B<0x01>B <0x47><0x61><0x68><0x41><0x08><0x99>E<0x09><0x08> <0x49><0x08><0x47><0x69>7w<0x09><0x26><0x20>,<0xF7>A","<0x1C> :i<0xF8><0x60><0x89><0x61><0x88><0x01><0x22> :h<0xF8><0x0B>l  <0x98><0x50> <0x03><0x77><0xB7><0x19><0x08><0x0D>E<0x09><0x08><0x03><0x49><0x04><0x4A><0x28><0x1C>2:<0x2F><0xFC><0x30>B<0x01>B <0x47><0x61><0x68><0x41><0x08><0x99>E<0x09><0x08> <0x49><0x08><0x47><0x69>7w<0x09><0x26><0x20>,<0xF7>A",68,2,70,pokemon,description,,
0x000A1999,<0xB5> <0x06><0x04><0x0E><0x08><0x48>R<0xF7>n<0xFD> <0x06> <0x28><0x10>Wñ<0x20>V<0xF7><0x8E><0xFC><0x04><0x48>0 <0x09><0x19>O <0x09><0x18><0x03><0x48><0x08><0x60><0x0B>l<0x20><0x40>  <0x90><0x50> <0x03>u<0x19><0x0A><0x08><0x04><0x4A><0x05><0x4B><0x20><0x1C><0x02><0x21><0x67>:<0x4C><0xFA><0x10>B<0x01>B <0x47>  <0x9E><0x65><0x41><0x08><0xF9>0<0x10><0x08> <0x49><0x08><0x47>ç<0x03><0xA0><0x08><0xF7><0xFC> <0x06> <0x28><0x1C>W<0x11><0x4C><0x22><0x88><0x0F><0x4B><0x04><0x20> <0x21> :<0x47><0xFC><0x0C><0x4D><0x20><0x88><0xF8><0xF7><0x9D>,<0xB5> <0x06><0x04><0x0E><0x08><0x48>R<0xF7>n<0xFD> <0x06> <0x28><0x10>Wñ<0x20>V<0xF7><0x8E><0xFC><0x04><0x48>0 <0x09><0x19>O <0x09><0x18><0x03><0x48><0x08><0x60><0x0B>l<0x20><0x40>  <0x90><0x50> <0x03>u<0x19><0x0A><0x08><0x04><0x4A><0x05><0x4B><0x20><0x1C><0x02><0x21><0x67>:<0x4C><0xFA><0x10>B<0x01>B <0x47>  <0x0B><0xB7><0x19><0x08><0xF9>0<0x10><0x08> <0x49><0x08><0x47>ç<0x03><0xA0><0x08><0xF7><0xFC> <0x06> <0x28><0x1C>W<0x11><0x4C><0x22><0x88><0x0F><0x4B><0x04><0x20> <0x21> :<0x47><0xFC><0x0C><0x4D><0x20><0x88><0xF8><0xF7><0x9D>,116,1,117,pokemon,description,,
0x000A2239,"<0xB5> <0x06><0x05><0x0E><0x0A><0x48> <0x88><0xF8><0xF7><0x0D><0xF8> <0x06> <0x0E><0x05><0x28><0x14>W<0x07><0x4C><0x07><0x49><0x20><0x1C><0x66><0xF7>/
<0x06><0x4B><0x28><0x1C><0x04><0x21><0x22><0x1C><0x9C>:<0x5E><0xFC><0x11>l  <0x30>.<0x03><0x02><0x18><0x1D><0x02><0x02><0x25><0x64><0x41><0x08><0xB9>n<0x13><0x08><0x05><0x48>8 <0x49><0x19>O <0x09><0x18><0x89><0x7B><0x28><0x1C>
<0xF7><0x43>","<0xB5> <0x06><0x05><0x0E><0x0A><0x48> <0x88><0xF8><0xF7><0x0D><0xF8> <0x06> <0x0E><0x05><0x28><0x14>W<0x07><0x4C><0x07><0x49><0x20><0x1C><0x66><0xF7>/
<0x06><0x4B><0x28><0x1C><0x04><0x21><0x22><0x1C><0x9C>:<0x5E><0xFC><0x11>l  <0x30>.<0x03><0x02><0x18><0x1D><0x02><0x02><0x5B>'<0x19><0x08><0xB9>n<0x13><0x08><0x05><0x48>8 <0x49><0x19>O <0x09><0x18><0x89><0x7B><0x28><0x1C>
<0xF7><0x43>",80,3,83,pokemon,description,,
0x000C05AF,"<0x20><0x02>:V<0xFD> :<0x34><0xFC> <0x06> <0x0E>ó<0x21> <0x22><0x04>:à<0xF9> :<0x2C><0xFC> <0x06> <0x0E><0x19><0x21> <0x22><0x04>:L<0xF9>ll  <0xB5><0x8E><0x41><0x08><0x8B><0x8E><0x41><0x08><0x0D><0x48>G<0x79><0x80><0x20><0x08><0x40> <0x28> Vul<0x41><0xF7><0xB7><0xF9> <0x06> <0x28> Vol :<0x8D><0xFA> <0x20><0x43><0xF7>T<0xFC> :Z<0xFA><0x01><0x20><0x43><0xF7>O<0xFC><0x03><0x48><0x01><0x68><0x03><0x4A><0x89><0x18>Il,<0x7A><0x03><0x02>Z<0x99><0x03><0x02><0xA0><0x47>  <0x02>:x
 <0x06> <0x0E><0x01><0x38><0x05><0x28> eLl<0x80> <0x02><0x49><0x40><0x18> <0x68><0x87><0x46>  <0x44><0x06><0x0C><0x08><0x5C><0x06><0x0C><0x08>H<0x07><0x0C><0x08><0x62><0x06><0x0C><0x08><0x0C><0x07><0x0C><0x08><0x40><0x07><0x0C><0x08><0x98><0x07><0x0C><0x08><0x02>:<0x8C><0xFD><0xAF>l :<0x59><0xFA> :2<0xFA> :<0x97><0xFA>","<0x20><0x02>:V<0xFD> :<0x34><0xFC> <0x06> <0x0E>ó<0x21> <0x22><0x04>:à<0xF9> :<0x2C><0xFC> <0x06> <0x0E><0x19><0x21> <0x22><0x04>:L<0xF9>ll  <0x75><0x2A><0x1C><0x08><0x8B><0x8E><0x41><0x08><0x0D><0x48>G<0x79><0x80><0x20><0x08><0x40> <0x28> Vul<0x41><0xF7><0xB7><0xF9> <0x06> <0x28> Vol :<0x8D><0xFA> <0x20><0x43><0xF7>T<0xFC> :Z<0xFA><0x01><0x20><0x43><0xF7>O<0xFC><0x03><0x48><0x01><0x68><0x03><0x4A><0x89><0x18>Il,<0x7A><0x03><0x02>Z<0x99><0x03><0x02><0xA0><0x47>  <0x02>:x
 <0x06> <0x0E><0x01><0x38><0x05><0x28> eLl<0x80> <0x02><0x49><0x40><0x18> <0x68><0x87><0x46>  <0x44><0x06><0x0C><0x08><0x5C><0x06><0x0C><0x08>H<0x07><0x0C><0x08><0x62><0x06><0x0C><0x08><0x0C><0x07><0x0C><0x08><0x40><0x07><0x0C><0x08><0x98><0x07><0x0C><0x08><0x02>:<0x8C><0xFD><0xAF>l :<0x59><0xFA> :2<0xFA> :<0x97><0xFA>",191,3,194,pokemon,description,,
0x000E4BDC,<0x03>H<0xFF><0xF7>o<0xFE><0x03>H<0x01>h<0x08>x<0x01>0u<0xE1><0x81><0xE4>A<0x08><0xB4><0xAA><0x03><0x02><0x07>H<0x01>!,<0x03>H<0xFF><0xF7>o<0xFE><0x03>H<0x01>h<0x08>x<0x01>0u<0xE1>\<0xA3><0x19><0x08><0xB4><0xAA><0x03><0x02><0x07>H<0x01>!,28,2,30,ascii,dialogue,,
0x000E5251,<0xF7><0x36><0xFB>ól  '9<0x03><0x02><0x63><0x02>  :<0x30> <0x03><0x67><0x0A>  :<0x1C><0x02><0x02><0xFB>o<0x41><0x08><0x03><0x48>,<0xF7><0x36><0xFB>ól  '9<0x03><0x02><0x63><0x02>  :<0x30> <0x03><0x67><0x0A>  :<0x1C><0x02><0x02>U<0x98><0x19><0x08><0x03><0x48>,33,1,34,pokemon,description,,
0x000F3604,"<0xA0><0x86><0x01> <0x10>ú  t<0x5C><0x41><0x08>:<0xB5><0x47><0x46><0x80>'À""Fóg<0x04>F<0x24><0x64><0x02><0x01>7<0x80><0x46><0x6A><0x46> <0x26><0x21><0x49><0x80><0x25><0x6D><0x01><0x21><0x4F>ç<0x20> <0x06>É<0x46><0x16><0x80><0x68><0x46><0x08><0x60><0x4B><0x60><0x8F><0x60><0x88><0x68><0x5B><0x19><0x64>é?<0x42><0xF5>d<0x16><0x80><0x6A><0x46><0x0A><0x60><0x4B><0x60><0x60><0x08><0x62><0x46><0x10><0x43><0x88><0x60><0x88><0x68>l<0x20>F<0x04><0x80>óg  <0x24><0x01><0x94><0x11><0x4A><0x41><0x46><0x11><0x60><0x50><0x60><0x98><0x08><0x85><0x21><0x09><0x06><0x08><0x43><0x90><0x60><0x90><0x68><0xA0><0x21>O<0x04><0x68><0x46><0x04><0x80><0x10><0x60><0x51><0x60><0x5B><0x08>ç<0x20> <0x06><0x03><0x43><0x93><0x60><0x90><0x68>à<0xF7><0x48>","<0xA0><0x86><0x01> <0x10>ú  è<0x73><0x19><0x08>:<0xB5><0x47><0x46><0x80>'À""Fóg<0x04>F<0x24><0x64><0x02><0x01>7<0x80><0x46><0x6A><0x46> <0x26><0x21><0x49><0x80><0x25><0x6D><0x01><0x21><0x4F>ç<0x20> <0x06>É<0x46><0x16><0x80><0x68><0x46><0x08><0x60><0x4B><0x60><0x8F><0x60><0x88><0x68><0x5B><0x19><0x64>é?<0x42><0xF5>d<0x16><0x80><0x6A><0x46><0x0A><0x60><0x4B><0x60><0x60><0x08><0x62><0x46><0x10><0x43><0x88><0x60><0x88><0x68>l<0x20>F<0x04><0x80>óg  <0x24><0x01><0x94><0x11><0x4A><0x41><0x46><0x11><0x60><0x50><0x60><0x98><0x08><0x85><0x21><0x09><0x06><0x08><0x43><0x90><0x60><0x90><0x68><0xA0><0x21>O<0x04><0x68><0x46><0x04><0x80><0x10><0x60><0x51><0x60><0x5B><0x08>ç<0x20> <0x06><0x03><0x43><0x93><0x60><0x90><0x68>à<0xF7><0x48>",147,2,149,pokemon,dialogue,,
0x00108868,"<0x02><0x90><0x03><0x90><0x04><0x90><0x01><0x20><0x02><0x21><0x22><0x1C> ó<0x03>:<0x3B><0xF8><0x05>""<0x10>B<0x01>B <0x47>  <0xF5><0x62><0x41><0x08><0x10><0xB5>É""<0x10><0x4C><0x21><0x68><0x10><0x4A>Y<0x88><0x02>'<0x1F><0xF7><0x63>","<0x02><0x90><0x03><0x90><0x04><0x90><0x01><0x20><0x02><0x21><0x22><0x1C> ó<0x03>:<0x3B><0xF8><0x05>""<0x10>B<0x01>B <0x47>  T<0x4E><0x28><0x08><0x10><0xB5>É""<0x10><0x4C><0x21><0x68><0x10><0x4A>Y<0x88><0x02>'<0x1F><0xF7><0x63>",49,1,50,pokemon,description,,
0x00108878,"<0x3B><0xF8><0x05>""<0x10>B<0x01>B <0x47>  <0xF5><0x62><0x41><0x08><0x10><0xB5>É""<0x10><0x4C><0x21><0x68><0x10><0x4A>Y<0x88><0x02>'<0x1F><0xF7><0x63>","<0x3B><0xF8><0x05>""<0x10>B<0x01>B <0x47>  T<0x4E><0x28><0x08><0x10><0xB5>É""<0x10><0x4C><0x21><0x68><0x10><0x4A>Y<0x88><0x02>'<0x1F><0xF7><0x63>",33,1,34,pokemon,description,,
0x0010887C,"<0x10>B<0x01>B <0x47>  <0xF5><0x62><0x41><0x08><0x10><0xB5>É""<0x10><0x4C><0x21><0x68><0x10><0x4A>Y<0x88><0x02>'<0x1F><0xF7><0x63>","<0x10>B<0x01>B <0x47>  T<0x4E><0x28><0x08><0x10><0xB5>É""<0x10><0x4C><0x21><0x68><0x10><0x4A>Y<0x88><0x02>'<0x1F><0xF7><0x63>",29,1,30,pokemon,description,,
0x0010887F,"B <0x47>  <0xF5><0x62><0x41><0x08><0x10><0xB5>É""<0x10><0x4C><0x21><0x68><0x10><0x4A>Y<0x88><0x02>'<0x1F><0xF7><0x63>","B <0x47>  T<0x4E><0x28><0x08><0x10><0xB5>É""<0x10><0x4C><0x21><0x68><0x10><0x4A>Y<0x88><0x02>'<0x1F><0xF7><0x63>",26,1,27,pokemon,location,,
0x001256AC,"0<0x46>9<0x46>:B<0x01>B <0x47>  É<0x42><0x02><0x02><0x80>ñé<0x08><0x30><0xB5> <0x06><0x04><0x0E><0x25><0x1C>v<0xF7><0x66><0xF9> <0x06><0x01><0x16><0x02><0x20><0x40><0x42>ç<0x42><0x0C>V<0x01><0x30>ç<0x42><0x06>W<0x05><0x20><0x4C><0xF7><0xF4><0xFD><0x20><0x1C> :<0x75><0xF8><0x02>l<0x28><0x1C> :<0x4F><0xF8><0x30>B<0x01>B <0x47><0x10><0xB5> <0x06><0x04><0x0E><0x04><0x48> <0x88><0xAF><0x28><0x0A>W<0x03><0x48> <0x68><0x03><0x49><0x40><0x18><0x0A>l<0x30>.<0x03><0x02><0x08><0x50> <0x03><0x08><0x31>  <0x0B><0x49><0x0D><0x38><0x80> <0x40><0x18> <0x68><0x01><0x79><0x10><0x20><0x08><0x40> <0x06><0x01><0x0E> ñ<0x13>W<0x06><0x48>Gç<0x01><0x7A><0x0F><0x20><0x08><0x40><0x01><0x28><0x08>W<0x20><0x1C> :<0x08><0xF9><0x19>l  :<0x0F><0x80><0x08><0xA0>""<0x03><0x02><0x20><0x1C> :<0x59><0xF8><0x10>l<0x05><0x20><0x4C><0xF7><0xB5><0xFD>á<0x20><0xFC><0xF7>X<0xFA><0x06><0x48><0x40><0x7A>","0<0x46>9<0x46>:B<0x01>B <0x47>  É<0x42><0x02><0x02><0x10><0x0A>3<0x08><0x30><0xB5> <0x06><0x04><0x0E><0x25><0x1C>v<0xF7><0x66><0xF9> <0x06><0x01><0x16><0x02><0x20><0x40><0x42>ç<0x42><0x0C>V<0x01><0x30>ç<0x42><0x06>W<0x05><0x20><0x4C><0xF7><0xF4><0xFD><0x20><0x1C> :<0x75><0xF8><0x02>l<0x28><0x1C> :<0x4F><0xF8><0x30>B<0x01>B <0x47><0x10><0xB5> <0x06><0x04><0x0E><0x04><0x48> <0x88><0xAF><0x28><0x0A>W<0x03><0x48> <0x68><0x03><0x49><0x40><0x18><0x0A>l<0x30>.<0x03><0x02><0x08><0x50> <0x03><0x08><0x31>  <0x0B><0x49><0x0D><0x38><0x80> <0x40><0x18> <0x68><0x01><0x79><0x10><0x20><0x08><0x40> <0x06><0x01><0x0E> ñ<0x13>W<0x06><0x48>Gç<0x01><0x7A><0x0F><0x20><0x08><0x40><0x01><0x28><0x08>W<0x20><0x1C> :<0x08><0xF9><0x19>l  :<0x0F><0x80><0x08><0xA0>""<0x03><0x02><0x20><0x1C> :<0x59><0xF8><0x10>l<0x05><0x20><0x4C><0xF7><0xB5><0xFD>á<0x20><0xFC><0xF7>X<0xFA><0x06><0x48><0x40><0x7A>",192,4,196,pokemon,description,,
0x001267C8,"F <0x40><0x18><0x0C><0x49><0x01><0x60><0x08>B<0x98><0x46><0x70>B<0x01>B <0x47>  <0xA0>""<0x03><0x02>É<0x42><0x02><0x02>V<0x1C><0x02><0x02>:<0x1C><0x02><0x02><0x22><0x40><0x02><0x02><0x80>ñé<0x08><0x18><0x1D><0x02><0x02><0xF7><0x6D><0x41><0x08><0x90><0x50> <0x03><0x89><0x5D><0x12><0x08><0x70><0xB5><0x46><0x46><0x40>'<0x06><0x1C><0x0D><0x1C><0x36><0x06><0x36><0x0E><0x2D><0x04><0x2D><0x0C><0x16><0x48><0x80><0x46><0x09><0x21><0x41><0x56><0x64><0x20><0x48><0x43><0x14><0x49><0x40><0x18><0x14><0x49><0xF9><0xF7><0x5A><0xFD><0x13><0x48><0x0D><0x21><0x69><0x43><0x13><0x4A><0x89><0x18>n<0xF6>4<0xFA><0x12><0x4C><0x12><0x49><0x20><0x1C>n<0xF6>J<0xFB><0x20><0x1C><0x01><0x21><0xF9><0xF7><0x56><0xFD><0x02><0x20>U<0xF7>8","F <0x40><0x18><0x0C><0x49><0x01><0x60><0x08>B<0x98><0x46><0x70>B<0x01>B <0x47>  <0xA0>""<0x03><0x02>É<0x42><0x02><0x02>V<0x1C><0x02><0x02>:<0x1C><0x02><0x02><0x22><0x40><0x02><0x02><0x10><0x0A>3<0x08><0x18><0x1D><0x02><0x02><0xF7><0x6D><0x41><0x08><0x90><0x50> <0x03><0x89><0x5D><0x12><0x08><0x70><0xB5><0x46><0x46><0x40>'<0x06><0x1C><0x0D><0x1C><0x36><0x06><0x36><0x0E><0x2D><0x04><0x2D><0x0C><0x16><0x48><0x80><0x46><0x09><0x21><0x41><0x56><0x64><0x20><0x48><0x43><0x14><0x49><0x40><0x18><0x14><0x49><0xF9><0xF7><0x5A><0xFD><0x13><0x48><0x0D><0x21><0x69><0x43><0x13><0x4A><0x89><0x18>n<0xF6>4<0xFA><0x12><0x4C><0x12><0x49><0x20><0x1C>n<0xF6>J<0xFB><0x20><0x1C><0x01><0x21><0xF9><0xF7><0x56><0xFD><0x02><0x20>U<0xF7>8",137,2,139,pokemon,description,,
0x00132949,"<0x1C> :á<0xFD><0x2E>l<0x98><0x50> <0x03><0x30>.<0x03><0x02>V<0x1C><0x02><0x02><0x18><0x1D><0x02><0x02><0xF1><0x68><0x41><0x08>çú<0x13><0x08><0x01><0x20><0x20>À<0x04><0x21><0x60><0x5E><0x01><0x28><0x05>W :<0x34>
<0x28><0x1C> :ó<0xF8><0x16>l<0x63><0x28><0x01>i<0x63><0x20><0xA0><0x80><0x30><0x88><0x0A><0x49><0x67><0xF7><0x80><0xFA><0x09><0x4C><0x0A><0x49><0x20><0x1C>b<0xF6><0x19><0xFB><0x8C><0xF7>2","<0x1C> :á<0xFD><0x2E>l<0x98><0x50> <0x03><0x30>.<0x03><0x02>V<0x1C><0x02><0x02><0x18><0x1D><0x02><0x02><0x70><0xB2><0x19><0x08>çú<0x13><0x08><0x01><0x20><0x20>À<0x04><0x21><0x60><0x5E><0x01><0x28><0x05>W :<0x34>
<0x28><0x1C> :ó<0xF8><0x16>l<0x63><0x28><0x01>i<0x63><0x20><0xA0><0x80><0x30><0x88><0x0A><0x49><0x67><0xF7><0x80><0xFA><0x09><0x4C><0x0A><0x49><0x20><0x1C>b<0xF6><0x19><0xFB><0x8C><0xF7>2",84,1,85,pokemon,description,,
0x00132D1A, <0x03><0x30>.<0x03><0x02>V<0x1C><0x02><0x02><0x04><0x1D><0x02><0x02><0x18><0x1D><0x02><0x02><0x59><0x69><0x41><0x08><0x35><0x2D><0x13><0x08>:<0xB5><0x57><0x46><0x4E><0x46><0x45><0x46>l' <0x06> <0x0E><0x86> <0x36><0x18><0xF6> <0x2A><0x48>ç<0x46><0x31><0x1C><0x49><0x44><0x88><0x46><0xF8><0x20><0x3F><0xF7>/<0xFA>ú<0x4D><0x28><0x88><0x42><0x46><0x11><0x8A><0x67><0xF7><0x3A><0xFA><0x25><0x4F><0x3C><0x68>3ó<0x9B> <0x9A><0x46><0x54><0x44><0x28><0x88><0x67><0xF7>K<0xFD> <0x04><0x40><0x0C><0x42><0x46><0x10>óW<0x5E><0x41><0x43><0x20><0x1C><0x6D><0xF7><0x0C><0xF8><0x28><0x88><0x42><0x46><0x11><0x8A><0x02><0x22><0x69><0xF7>É<0xF9><0x43><0x46><0x18><0x78><0x19><0x4C>1<0x1E><0x21><0x1C>Z<0xF7>S<0xF9>, <0x03><0x30>.<0x03><0x02>V<0x1C><0x02><0x02><0x04><0x1D><0x02><0x02><0x18><0x1D><0x02><0x02>!<0xB7><0x19><0x08><0x35><0x2D><0x13><0x08>:<0xB5><0x57><0x46><0x4E><0x46><0x45><0x46>l' <0x06> <0x0E><0x86> <0x36><0x18><0xF6> <0x2A><0x48>ç<0x46><0x31><0x1C><0x49><0x44><0x88><0x46><0xF8><0x20><0x3F><0xF7>/<0xFA>ú<0x4D><0x28><0x88><0x42><0x46><0x11><0x8A><0x67><0xF7><0x3A><0xFA><0x25><0x4F><0x3C><0x68>3ó<0x9B> <0x9A><0x46><0x54><0x44><0x28><0x88><0x67><0xF7>K<0xFD> <0x04><0x40><0x0C><0x42><0x46><0x10>óW<0x5E><0x41><0x43><0x20><0x1C><0x6D><0xF7><0x0C><0xF8><0x28><0x88><0x42><0x46><0x11><0x8A><0x02><0x22><0x69><0xF7>É<0xF9><0x43><0x46><0x18><0x78><0x19><0x4C>1<0x1E><0x21><0x1C>Z<0xF7>S<0xF9>,136,2,138,pokemon,description,,
0x001376AB,"? <0x49><0x0E>ly<0x97><0x41><0x08><0x0F>?<0x01><0x49><0x09>l  ,<0x97><0x41><0x08><0x30><0x1C><0x04>:<0x8D><0xF8> <0x28><0x08>V<0x0F>?<0x02><0x49><0x20><0x1C><0x05>:<0xFA><0xFA><0x07>l  <0x41><0x98><0x41><0x08><0x0F>?<0x0D><0x49><0x20><0x1C><0x05>:<0xF1><0xFA><0x0C><0x48> <0x68><0x0C><0x49><0x40><0x18> <0x78>
<0x21> <0x91><0x01><0x91><0x0A><0x49><0x02><0x91><0x01><0x21><0x49><0x42><0x03><0x91><0x04><0x94><0x02><0x21><0x04><0x22><0x04>ó<0xF6><0xF7><0x4C>","? <0x49><0x0E>ly<0x97><0x41><0x08><0x0F>?<0x01><0x49><0x09>l  ,<0x97><0x41><0x08><0x30><0x1C><0x04>:<0x8D><0xF8> <0x28><0x08>V<0x0F>?<0x02><0x49><0x20><0x1C><0x05>:<0xFA><0xFA><0x07>l  ñ<0x4E><0x28><0x08><0x0F>?<0x0D><0x49><0x20><0x1C><0x05>:<0xF1><0xFA><0x0C><0x48> <0x68><0x0C><0x49><0x40><0x18> <0x78>
<0x21> <0x91><0x01><0x91><0x0A><0x49><0x02><0x91><0x01><0x21><0x49><0x42><0x03><0x91><0x04><0x94><0x02><0x21><0x04><0x22><0x04>ó<0xF6><0xF7><0x4C>",96,2,98,pokemon,dialogue,,
0x0018D50B,"<0xFD><0x01> played with the Wii.<0xFB>""Okay!
It's time to go!",Has jugado con la Wii.<0xFB><0x52>Está bien! <0x52>Debo irme!,47,3,50,pokemon,dialogue,"<0xFD><0x01> a joué à la Wii.<0xFB>...D'accord !
Il est temps d'y aller !",
0x00199465,"<0xFD><0x02> seems to know only one
move""","<0x52><0xFD><0x02> solo conoce un
movimiento!",31,3,34,pokemon,description,"<0xFD><0x02> ne connaît qu'une seule
capacité...",
0x00199485,"Hm! <0xFD><0x02>'s <0xFD><0x03>?
That move should be forgotten?","<0x51><0xFD><0x03> de <0xFD><0x02>?
<0x51>Quieres que lo olvide?",43,2,45,pokemon,dialogue,"Hmm ! <0xFD><0x02> de <0xFD><0x03> ?
Je dois lui faire oublier ça ?",
0x001994B1,"It worked to perfection!<0xFB><0xFD><0x02> has forgotten
<0xFD><0x03> completely.","<0x52>Perfecto!<0xFB><0xFD><0x02> ha olvidado <0xFD><0x03>
por completo.",56,2,58,pokemon,dialogue,"Ça a marché à la perfection !<0xFB><0xFD><0x02> a complètement oublié
<0xFD><0x03>.",
0x001A5075,<0xFD><0x01> booted up the PC.,Has accedido al PC.,20,3,23,pokemon,other,<0xFD><0x01> a allumé le PC.,
0x001A50DD,Accessed <0xFD><0x01>'s PC.,Acceso al PC <0xFD><0x01>.,17,2,19,pokemon,location,PC de <0xFD><0x01> utilisé.,
0x001A5218,"<0xFD><0x01> put the <0xFD><0x03>
in the <0xFD><0x04>.","Metes <0xFD><0x03> en
<0xFD><0x04>.",24,3,27,pokemon,description,"<0xFD><0x01> a rangé <0xFD><0x03>
dans la <0xFD><0x04>.",
0x001A526C,"<0xFD><0x01> put the Coins away in
the Coin Case.","Has guardado las Fichas en el
Monedero.",39,2,41,pokemon,description,"<0xFD><0x01> a rangé les Jetons dans
la Boîte Jetons.",
0x001A5420,<0xFD><0x01> booted up the PC.,Has accedido al PC.,20,2,22,pokemon,other,<0xFD><0x01> a allumé le PC.,
0x001A5690,"<0xFD><0x01> handed over the
<0xFD><0x02>.",Has entregado a <0xFD><0x02>.,22,3,25,pokemon,description,"<0xFD><0x01> a remis le
<0xFD><0x02>.",
0x001A56A7,"Do you want to give a nickname to
this <0xFD><0x02>?","<0x51>Quieres ponerle un mote a
<0xFD><0x02>?",42,2,44,pokemon,dialogue,"Veux-tu donner un surnom à
ce <0xFD><0x02> ?",
0x001A5CF1,"<0xFD><0x03> was transferred to
Someone's PC.<0xFB>It was placed in 
Box <0xB1><0xFD><0x02>.<0xB2>","<0xFD><0x03> se ha transferido a
una Caja del PC.<0xFC><0x09>",63,3,66,pokemon,description,"<0xFD><0x03> a été transféré vers
le PC de Quelqu'un.<0xFB>Il a été placé dans
la Boîte "" <0xFD><0x02> "".",
0x001A5D31,"<0xFD><0x03> was transferred to
Ayla's PC.<0xFB>It was placed in 
Box <0xB1><0xFD><0x02>.<0xB2>","<0xFD><0x03> se ha transferido a
una Caja del PC.<0xFC><0x09>",60,3,63,pokemon,description,"<0xFD><0x03> a été transféré vers
le PC d'Ayla.<0xFB>Il a été placé dans
la Boîte "" <0xFD><0x02> "".",
0x001A5D6E,"Box <0xB1><0xFD><0x04><0xB2> on
Someone's PC was full.<0xFB><0xFD><0x03> was transferred to
Box <0xB1><0xFD><0x02>.<0xB2>","<0xB1><0xFD><0x04><0xB2> del PC <0x53><0x54> está
llena.<0xFB><0xFD><0x03> es transferido a
<0xB1><0xFD><0x02><0xB2>",66,3,69,pokemon,description,"La Boîte "" <0xFD><0x04> "" du PC de
Quelqu'un était pleine.<0xFB><0xFD><0x03> a été transféré dans
la Boîte "" <0xFD><0x02> "".",
0x001A5DB1,"Box <0xB1><0xFD><0x04><0xB2> on
Ayla's PC was full.<0xFB><0xFD><0x03> was transferred to
Box <0xB1><0xFD><0x02>.<0xB2>","<0xB1><0xFD><0x04><0xB2> del PC de Ayla está llena.<0xFB><0xFD><0x03> es transferido a 
<0xB1><0xFD><0x02><0xB2>",63,2,65,pokemon,description,"La Boîte "" <0xFD><0x04> "" du PC
d'Ayla était pleine.<0xFB><0xFD><0x03> a été transféré dans
la Boîte "" <0xFD><0x02> "".",
0x001A6CA3,"The amount of progress you've made
on your Pokédex is:<0xFB><0xFD><0x02> Pokémon seen and
<0xFD><0x03> Pokémon owned.<0xFB><0xFC><0x06><0x02>Prof. Log's rating:","El progreso de tu Pokédex es:<0xFB><0xFD><0x02> Pokémon vistos.
<0xFD><0x03> Pokémon capturados.<0xFB><0xFC><0x06><0x02>Evaluación de Long:",115,2,117,pokemon,dialogue,,
0x001A71AA,"And your National Pokédex is:<0xFB><0xFD><0x02> Pokémon seen and
<0xFD><0x03> Pokémon owned.","Tu Pokédex Nacional:<0xFB><0xFD><0x02> Pokémon vistos.
<0xFD><0x03> Pokémon capturados.",67,3,70,pokemon,dialogue,"Et ton Pokédex National est :<0xFB><0xFD><0x02> Pokémon vus et
<0xFD><0x03> Pokémon possédés.",
0x001BE1FA,"<0xFD><0x02> used Strength!<0xFB><0xFD><0x02>'s Strength made it
possible to move boulders around!","<0x52><0xFD><0x02> ha usado Fuerza!<0xFB><0x52><0xFD><0x02> puede mover la roca
a donde quieras!",73,3,76,pokemon,dialogue,"<0xFD><0x02> utilise Force !<0xFB>La Force de <0xFD><0x02> permet de
bouger les rochers !",
0x00260200,<0x80><0xFD>F<0xFD><0x80><0x02><0x80><0xF8>?:z<0x08> <0x10>,<0x80><0xFD>F<0xFD><0x80><0x02><0x80><0xF8>p<0x2B><0x16><0x08> <0x10>,14,2,16,pokemon,dialogue,,
0x002779D5,"Pointed stones dug into
<0xFD> !","<0x52>Las púas hieren
a <0xFD> !",27,4,31,pokemon,dialogue,,
0x003FB21F,"<0xFD><0x1D>: <0xFD><0x06>, come back!","<0xFD><0x1D>: <0xFD><0x06>, regresa.",18,3,21,pokemon,dialogue,"{FD06},　come　back！",
0x003FB235,"<0xFD><0x1D>: <0xFD><0x08>, come back!","<0xFD><0x1D>: <0xFD><0x08>, regresa.",18,3,21,pokemon,dialogue,"{FD08},　come　back！",
0x003FB248,"<0xFD><0x1D>: <0xFD><0x06> and
<0xFD><0x08>, come back!","<0xFD><0x1D>: <0xFD><0x06> y <0xFD><0x08>, regresen.",25,4,29,pokemon,dialogue,"{FD06} et
{FD08}, revenez !",
0x003FB2B6,"<0xFD>  is trying to
learn <0xFD><0x01>.<0xFB>","<0xFD>  quiere aprender
<0xFD><0x01>.<0xFB>",26,4,30,pokemon,description,"{FD00} tente d'apprendre
{FD01}.<0xFA>",
0x003FB2D1,"But, <0xFD>  can't learn
more than four moves.<0xFB>","Pero, <0xFD>  ya conoce
cuatro movimientos.<0xFB>",42,3,45,pokemon,description,"Mais {FD00} ne peut pas
apprendre plus de quatre capacités.<0xFA>",
0x003FB37F,"<0xFD><0x10>
protected itself!","<0x52><0xFD><0x10> se ha
protegido!",20,2,22,pokemon,dialogue,"<0xFD><0x10>
se protège !",
0x003FB57C,"<0xFD><0x10> is
already asleep!","<0x52><0xFD><0x10> ya está
dormido!",21,2,23,pokemon,dialogue,"<0xFD><0x10> dort
déjà !",
0x003FB592,"<0xFD><0x0F> is
already asleep!",<0x52><0xFD><0x0F> está dormido!,21,1,22,pokemon,dialogue,"<0xFD><0x0F> dort
déjà !",
0x003FB5F8,"<0xFD><0x10> is already
poisoned.",<0xFD><0x10> ya está envenenado.,23,3,26,pokemon,description,"<0xFD><0x10> est déjà
empoisonné.",
0x003FB73A,"<0xFD><0x13>'s <0xFD><0x1A>
paralyzed <0xFD><0x11>!<0xFA>It may be unable to move!","<0x52><0xFD><0x13> <0xFD><0x1A>
paralizado <0xFD><0x11>!<0xFA><0x52>No se puede mover!",47,3,50,pokemon,dialogue,"<0xFD><0x13>\s <0xFD><0x1A>
a paralysé <0xFD><0x11> !<0xFB>Il risque de ne plus bouger !",
0x003FB78A,"<0xFD><0x10> is
already paralyzed!","<0xFD><0x10> ya está
paralizado.",24,2,26,pokemon,dialogue,"<0xFD><0x10> est déjà
paralysé !",
0x003FB7A3,"<0xFD><0x10> was
healed of paralysis!",<0x52><0xFD><0x10> curado de la parálisis!,27,1,28,pokemon,dialogue,"<0xFD><0x10> n'est
plus paralysé !",
0x003FB7D5,"<0xFD><0x0F>'s <0xFD> 
won't go higher!","<0x52><0xFD><0x0F> su <0xFD> 
no subirá más!",24,3,27,pokemon,dialogue,"{FD0F}\s {FD00}
ne peut plus monter !",
0x003FB854,"<0xFD><0x0F> snapped
out of confusion!","<0x52><0xFD><0x0F> ya no está
confundido!",28,2,30,pokemon,dialogue,"<0xFD><0x0F> n'est plus
confus !",
0x003FB885,"<0xFD><0x10> is
already confused!","<0x52><0xFD><0x10> ya
está confundido!",23,2,25,pokemon,dialogue,"<0xFD><0x10> est déjà
confus !",
0x003FB9B7,<0xFF><0xFD>8,<0xFF>R<0xFD>8,3,3,6,ascii,other,,
0x003FBA5E,"<0xFD><0x0F> whipped
up a whirlwind!","<0x52><0xFD><0x0F> azotó
con torbellino!",26,2,28,pokemon,dialogue,"<0xFD><0x0F> soulève
un ouragan !",
0x003FBA79,"<0xFD><0x0F> took
in sunlight!","<0x52><0xFD><0x0F> toma
luz solar!",20,2,22,pokemon,dialogue,"<0xFD><0x0F> emmagasine
la lumière !",
0x003FBA8E,"<0xFD><0x0F> lowered
its head!","<0x52><0xFD><0x0F> ha bajado
la cabeza!",20,16,36,pokemon,dialogue,"<0xFD><0x0F> baisse
la tête !",
0x003FBAF3,"<0xFD><0x10> was squeezed
by <0xFD><0x0F>'s Bind!","<0x52><0xFD><0x10> es exprimido
por Atadura!",29,3,32,pokemon,dialogue,"<0xFD><0x10> est serré
par Ligotage de <0xFD><0x0F> !",
0x003FBB11,"<0xFD><0x10> was trapped
in the vortex!","<0xFD><0x10> es atrapado
en el vórtice.",29,3,32,pokemon,dialogue,"<0xFD><0x10> est pris
dans le tourbillon !",
0x003FBB2F,"<0xFD><0x10> was trapped
by <0xFD><0x14>!","<0xFD><0x10> es atrapado
en <0xFD><0x14>.",21,8,29,pokemon,dialogue,"<0xFD><0x10> est pris
par <0xFD><0x14> !",
0x003FBBFF,"<0xFD><0x0F> is hit
with recoil!","<0x52><0xFD><0x0F> se ha hecho
daño! ",22,2,24,pokemon,dialogue,"<0xFD><0x0F> subit
des dégâts de recul !",
0x003FBC16,"<0xFD><0x0F> protected
itself!","<0x52><0xFD><0x0F> se ha
protegido!",20,3,23,pokemon,dialogue,"<0xFD><0x0F>
se protège !",
0x003FBC83,"<0xFD><0x10> evaded
the attack!","<0xFD><0x10> evade el
ataque.",21,2,23,pokemon,dialogue,"<0xFD><0x10> a esquivé
l'attaque !",
0x003FBC99,"<0xFD><0x0F>'s health is
sapped by Leech Seed!","<0x52><0xFD><0x0F> pierde PS debido a
Drenadoras!  ",36,3,39,pokemon,dialogue,"<0xFD><0x0F> perd des PV
à cause de Vampigraine !",
0x003FBCBE,"<0xFD><0x0F> is fast
asleep.",<0x52><0xFD><0x0F> está dormido!,18,3,21,pokemon,other,"<0xFD><0x0F> dort
profondément.",
0x003FBE00,"<0xFD><0x0F> is storing
energy!","<0x52><0xFD><0x0F> almacena
energía!",21,2,23,pokemon,dialogue,"<0xFD><0x0F>
emmagasine de l'énergie !",
0x003FBE16,"<0xFD><0x0F> unleashed
energy!","<0xFD><0x0F> desata
energía.",20,2,22,pokemon,dialogue,"<0xFD><0x0F>
libère son énergie !",
0x003FBE8B,"<0xFD><0x0F> made
a Substitute!","<0xFD><0x0F> creó un
Sustituto.",21,2,23,pokemon,dialogue,"<0xFD><0x0F> fait
un clone !",
0x003FBEA1,"<0xFD><0x0F> already
has a Substitute!","<0x52><0xFD><0x0F> ya tiene
un Sustituto!",28,2,30,pokemon,dialogue,"<0xFD><0x0F> a déjà
un clone !",
0x003FBEBE,"The Substitute took damage
for <0xFD><0x10>!<0xFB>","<0x52>El Sustituto recibió daño
por <0xFD><0x10>!<0xFB>",35,1,36,pokemon,dialogue,"Le clone a pris les dégâts
pour <0xFD><0x10>!<0xFB>",
0x003FBEE2,"<0xFD><0x10>'s
Substitute faded!<0xFB>","Sustituto de <0xFD><0x10>
falló.<0xFB>",23,2,25,pokemon,dialogue,"Le clone de <0xFD><0x10>
a disparu!<0xFB>",
0x003FBEFA,"<0xFD><0x0F> must
recharge!","<0xFD><0x0F> debe
recargar.",17,2,19,pokemon,dialogue,"<0xFD><0x0F>
doit recharger !",
0x003FBF0C,"<0xFD><0x10>'s Rage
is building!",<0xFD><0x10> está creciendo.,22,3,25,pokemon,dialogue,"La Rage de <0xFD><0x10>
augmente !",
0x003FBF51,"<0xFD><0x10> got
an Encore!","<0x52><0xFD><0x10> es
afectado!",17,2,19,pokemon,dialogue,"<0xFD><0x10> subit
Encore !",
0x003FBF76,"<0xFD><0x0F> took aim
at <0xFD><0x10>!","<0xFD><0x0F> apuntó a
<0xFD><0x10>.",18,2,20,pokemon,dialogue,"<0xFD><0x0F> prend
<0xFD><0x10> en joue !",
0x003FBFEA,"<0xFD><0x0F> stole
<0xFD><0x10>'s <0xFD><0x16>!","<0x52><0xFD><0x0F> roba la <0xFD><0x16>
de <0xFD><0x10>!",17,22,39,pokemon,dialogue,,
0x003FC072,"<0xFD><0x0F> is afflicted
by the Curse!","<0x52><0xFD><0x0F> está con
la Maldición!",29,2,31,pokemon,dialogue,"<0xFD><0x0F> est touché
par la Malédiction !",
0x003FC132,Magnitude <0xFD> !,<0x52>Magnitud <0xFD> !,13,3,16,pokemon,dialogue,Magnitude {UNKNOWN_STR} !,
0x003FC140,"<0xFD><0x0F> cut its own HP
and maximized Attack!","<0x52><0xFD><0x0F> baja sus PS y
minimiza el Ataque!",39,2,41,pokemon,dialogue,"<0xFD><0x0F> sacrifie PV
Attaque au max !",
0x003FC2AA,"<0xFD><0x10> was subjected
to Torment!","<0x52>Tormento ha sometido a
<0xFD><0x10>!",28,3,31,pokemon,dialogue,"<0xFD><0x10> subit
Tourmente !",
0x003FC2C7,"<0xFD><0x0F> is tightening
its focus!","<0x52><0xFD><0x0F> se está
preparando!",27,3,30,pokemon,dialogue,"<0xFD><0x0F>
se concentre !",
0x003FC2E3,"<0xFD><0x10> fell for
the Taunt!","<0x52><0xFD><0x10> cayó
en su burla!",22,3,25,pokemon,dialogue,"<0xFD><0x10> est pris
par Provoc !",
0x003FC2FA,"<0xFD><0x0F> is ready to
help <0xFD><0x10>!","<0x52><0xFD><0x0F> piensa ayudar
a <0xFD><0x10>!",23,2,25,pokemon,dialogue,"<0xFD><0x0F> prêt à aider
<0xFD><0x10> !",
0x003FC312,"<0xFD><0x0F> switched
items with its opponent!","<0x52><0xFD><0x0F> cambió los objetos
con el rival!",36,2,38,pokemon,dialogue,"<0xFD><0x0F> a échangé
ses objets avec l'ennemi !",
0x003FC337,"<0xFD><0x0F> obtained
<0xFD> .","<0xFD><0x0F> sstained
<0xFD> .",15,2,17,pokemon,other,"{B_ATK_NAME_WITH_PREFIX} a obtenu
{UNKNOWN_STR}.",
0x003FC347,"<0xFD><0x10> obtained
<0xFD><0x01>.","<0xFD><0x10> awtained
<0xFD><0x01>.",15,2,17,pokemon,description,"<0xFD><0x10> a obtenu
<0xFD><0x01>.",
0x003FC39A,"<0xFD> 's Wish
came true!","<0x52><0xFD>  cumple su
deseo!",20,2,22,pokemon,dialogue,"Le Voeu de {UNKNOWN_STR}
se réalise !",
0x003FC40E,"<0xFD><0x0F> made
<0xFD><0x10> drowsy!","<0x52><0xFD><0x0F> adormece a
<0xFD><0x10>!",18,2,20,pokemon,dialogue,"<0xFD><0x0F> rend
<0xFD><0x10> somnolent !",
0x003FC483,"<0xFD><0x0F> wants the
opponent to bear a Grudge!","<0x52><0xFD><0x0F> quiere que su
rival tenga Rabia!",39,3,42,pokemon,dialogue,"<0xFD><0x0F> veut que
l'ennemi subisse Rancune !",
0x003FC4D6,"<0xFD><0x0F> shrouded
itself in <0xFD><0x14>!","<0x52><0xFD><0x0F> se envuelve
en su <0xFD><0x14>!",25,2,27,pokemon,dialogue,"<0xFD><0x0F> s'enveloppe
de <0xFD><0x14> !",
0x003FC631,"<0xFD><0x10> was
dragged out!<0xFB>",<0x52><0xFD><0x10> fue arrastrado!<0xFB>,20,3,23,pokemon,dialogue,"<0xFD><0x10> a été forcé
de sortir!<0xFB>",
0x003FC69D,"<0xFD><0x12> can't use the same
move in a row due to the Torment!<0xFB>","<0x52><0xFD><0x12> no puede usar ese movimiento
debido al Tormento!<0xFB>",56,3,59,pokemon,dialogue,"<0xFD><0x12> ne peut répéter
ce coup : Tourmente!<0xFB>",
0x003FCA13,"<0xFD><0x10> took the
attack!","<0x52><0xFD><0x10> toma el
ataque!",19,3,22,pokemon,dialogue,"<0xFD><0x10> a pris
l'attaque !",
0x003FCB5F,"<0xFD><0x0F>'s <0xFD> 
<0xFD><0x01>","<0xFD><0x0F> <0xFD><0x01>
<0xFD> .",10,3,13,pokemon,description,,
0x003FCB6A,"<0xFD><0x10>'s <0xFD> 
<0xFD><0x01>","<0xFD><0x10> <0xFD><0x01>
<0xFD> .",10,2,12,pokemon,description,,
0x003FCB8F,"<0xFD><0x0F>'s <0xFD> 
<0xFD><0x01>","<0xFD><0x0F> <0xFD> 
<0xFD><0x01>",10,3,13,pokemon,description,,
0x003FCBA5,"<0xFD><0x0F>'s stats won't
go any higher!","<0x52><0xFD><0x0F> sus stats
no subirán más!",31,2,33,pokemon,dialogue,"Stats de <0xFD><0x0F>
audessus du max !",
0x003FD0F1,"<0xFD><0x0F> ignored
orders while asleep!","<0x52><0xFD><0x0F> te ignora
y sigue dormido!",31,2,33,pokemon,dialogue,"<0xFD><0x0F> n'obéit pas
pendant son sommeil !",
0x003FD111,"<0xFD><0x0F> ignored
orders!",<0x52><0xFD><0x0F> te ignora!,18,3,21,pokemon,dialogue,"<0xFD><0x0F>
n'obéit pas !",
0x003FD124,<0xFD><0x0F> began to nap!,"<0x52><0xFD><0x0F> se
durmió!",16,2,18,pokemon,dialogue,<0xFD><0x0F> commence une sieste !,
0x003FD135,"<0xFD><0x0F> is
loafing around!",<0x52><0xFD><0x0F> holgazanea!,21,2,23,pokemon,dialogue,<0xFD><0x0F> flâne !,
0x003FD14B,"<0xFD><0x0F> won't
obey!","<0x52><0xFD><0x0F> te
ignoró!",14,2,16,pokemon,dialogue,"<0xFD><0x0F>
refuse d'obéir !",
0x003FD15A,<0xFD><0x0F> turned away!,"<0x52><0xFD><0x0F> te
ignoró!",15,2,17,pokemon,dialogue,<0xFD><0x0F> se détourne !,
0x003FD16A,"<0xFD><0x0F> pretended
not to notice!","<0x52><0xFD><0x0F> fingió
no escucharte!",27,3,30,pokemon,dialogue,"<0xFD><0x0F>
feint l'ignorance !",
0x003FD1B8,"<0xFD><0x0F> learned
<0xFD> !","<0xFD><0x0F> lsarned
<0xFD> !",14,2,16,pokemon,dialogue,"{B_ATK_NAME_WITH_PREFIX} a appris
{UNKNOWN_STR} !",
0x003FD1C7,"You defeated
<0xFD><0x1C> <0xFD><0x1D>!<0xFB>",<0x52><0xFD><0x1C> <0xFD><0x1D> ha perdido!<0xFB>,20,4,24,pokemon,dialogue,"Vaincu <0xFD><0x1C>
<0xFD><0x1D>!<0xFB>",
0x003FD1DF,"<0xFD>ó threw a ROCK
at the <0xFD><0x06>!",<0x52>Has lanzado una roca a ,26,3,29,pokemon,dialogue,"{B_PLAYER_NAME} a lancé un ROCHE
sur le {RIVAL} !",
0x003FD1FA,"<0xFD>ó threw some Bait
at the <0xFD><0x06>!","<0x52>Has usado un cebo
en <0xFD><0x06>!",29,3,32,pokemon,dialogue,"{B_PLAYER_NAME} a lancé de l'appât
au {RIVAL} !",
0x003FD218,"<0xFD><0x06> is watching
carefully!",<0x52><0xFD><0x06> te está observando!,25,3,28,pokemon,dialogue,<0xFD><0x06> observe attentivement !,
0x003FD232,<0xFD><0x06> is angry!,<0x52>Se molestó!,12,3,15,pokemon,dialogue,<0xFD><0x06> est en colère !,
0x003FD23F,<0xFD><0x06> is eating!,<0x52><0xFD><0x06> lo probó!,13,2,15,pokemon,dialogue,<0xFD><0x06> mange !,
0x003FD3B1,"<0xFD><0x1C> <0xFD><0x1D> sent
out <0xFD><0x06>!<0xFC><0x08><0x3C>","<0x52><0xFD><0x1C> <0xFD><0x1D> saca a
<0xFD><0x06>!<0xFC><0x08><0x3C>",21,3,24,pokemon,dialogue,"<0xFD><0x1C> <0xFD><0x1D> envoie
<0xFD><0x06>!<0xFC><0x08><0x3C>",
0x003FD3C7,"<0xFD><0x1C> <0xFD><0x1D> sent
out <0xFD><0x06> and <0xFD><0x08>!<0xFC><0x08><0x3C>","<0x52><0xFD><0x1C> <0xFD><0x1D> saca a
<0xFD><0x06> y a <0xFD><0x08>!<0xFC><0x08><0x3C>",28,3,31,pokemon,dialogue,"<0xFD><0x1C> <0xFD><0x1D> envoie
<0xFD><0x06> et <0xFD><0x08>!<0xFC><0x08><0x3C>",
0x003FD3E4,"<0xFD><0x1C> <0xFD><0x1D> sent
out <0xFD> !","<0x52><0xFD><0x1C> <0xFD><0x1D> saca a
<0xFD> !",18,3,21,pokemon,dialogue,,
0x003FD3F7,"<0xFD><0x20> sent out
<0xFD><0x06>!","<0xFD><0x20> ssss out
<0xFD><0x06>!",15,3,18,pokemon,dialogue,"<0xFD><0x20> envoie
<0xFD><0x06>!",
0x003FD407,"<0xFD><0x20> sent out
<0xFD><0x06> and <0xFD><0x08>!","<0xFD><0x20> sssaeout
<0xFD><0x06> and <0xFD><0x08>!",22,3,25,pokemon,dialogue,"<0xFD><0x20> envoie
<0xFD><0x06> et <0xFD><0x08>!",
0x003FD41E,"<0xFD><0x20> sent out <0xFD><0x0A>!
<0xFD><0x21> sent out <0xFD><0x0C>!","<0xFD><0x20> aent out <0xFD><0x0A>!
<0xFD><0x21> bent out <0xFD><0x0C>!",31,3,34,pokemon,dialogue,"<0xFD><0x20> envoie <0xFD><0x0A>! <0xFD><0x21>
envoie <0xFD><0x0C>!",
0x003FD43E,"<0xFD><0x20> sent out
<0xFD> !","<0xFD><0x20> cent out
<0xFD> !",15,3,18,pokemon,dialogue,"{B_LINK_OPPONENT1_NAME} envoie
{UNKNOWN_STR}!",
0x003FD44E,"<0xFD><0x22> sent out
<0xFD> !","<0xFD><0x22> dent out
<0xFD> !",15,3,18,pokemon,dialogue,"{B_LINK_SCR_TRAINER_NAME} envoie
{UNKNOWN_STR}!",
0x003FD466,"Go! <0xFD><0x05> and
<0xFD><0x07>!","<0x52>Ve, <0xFD><0x05> y
<0xFD><0x07>!",14,4,18,pokemon,dialogue,"Go! <0xFD><0x05> et
<0xFD><0x07>!",
0x003FD47D,Do it! <0xFD> !,"<0x52>Ve, <0xFD> !",10,3,13,pokemon,dialogue,Vas-y ! {UNKNOWN_STR} !,
0x003FD488,"Go for it, <0xFD> !","<0x52>Adelante, <0xFD> !",14,2,16,pokemon,dialogue,"Fonce, {UNKNOWN_STR} !",
0x003FD497,"Your foe's weak!
Get 'em, <0xFD> !","<0x52>Está débil
<0x52>Vamos, <0xFD> !",29,3,32,pokemon,dialogue,"L'ennemi est faible !
Vas-y, {UNKNOWN_STR}!",
0x003FD4CD,"<0xFD> , that's enough!
Come back!","<0x52><0xFD> , suficiente!
<0x52>Vuelve!",29,4,33,pokemon,dialogue,"{UNKNOWN_STR}, ça suffit !
Reviens !",
0x003FD4EB,"<0xFD> , come back!","<0x52><0xFD> , regresa!",14,3,17,pokemon,dialogue,"{UNKNOWN_STR}, reviens !",
0x003FD4FA,"<0xFD> , OK!
Come back!","<0x52><0xFD> , vuelve!",18,3,21,pokemon,dialogue,"{UNKNOWN_STR}, OK !
Reviens !",
0x003FD50D,"<0xFD> , good!
Come back!","<0x52><0xFD> , bien!
<0x52>Regresa!",20,2,22,pokemon,dialogue,"{UNKNOWN_STR}, bien !
Reviens !",
0x003FD64B,"<0x08><0x2B>b<0x3F><0x08><0xFD>ó used
<0xFD><0x16>!","<0x08><0x2B>b<0x3F><0x08><0xFD>ó ussd
<0xFD><0x16>!",16,3,19,pokemon,dialogue,,
0x003FD65C,"The old man used
<0xFD><0x16>!",<0x52>Ha usado <0xFD><0x16>!,20,3,23,pokemon,dialogue,"Le vieux a utilisé
<0xFD><0x16> !",
0x003FD7A2,"Gotcha!
<0xFD><0x3A> was caught!<0xFC><0x0A><0xFC><0x0B><0x42><0x01><0xFB>",<0x52>Ya está! <0x52><0xFD><0x3A> atrapado!<0xFB>,29,1,30,pokemon,dialogue,,
0x003FD7E0,"Give a nickname to the
captured <0xFD><0x3A>?","<0x51>Quieres ponerle un mote a
<0xFD><0x3A>?",35,3,38,pokemon,dialogue,"Donner un surnom au
<0xFD><0x3A>げ capturé ?",
0x003FD95C,"<0xFD><0x13>'s <0xFD><0x16>
cured its <0xFD>  problem!","<0x52><0xFD><0x13> cura con
<0xFD><0x16> su problema!",29,2,31,pokemon,dialogue,"{B_SCR_ACTIVE_NAME_WITH_PREFIX}: {B_LAST_ITEM} soigne
souci {UNKNOWN_STR} !",
0x003FDA3C,"n
using its <0xFD><0x16>!","tió
por la <0xFD><0x16>!",15,3,18,pokemon,dialogue,,
0x003FE4A1,"<0xB5>?<0x08>7<0xC3>?<0x08>G<0xC3>?<0x08>W<0xC3>?<0x08>Z<0xC6>?<0x08><0xEF><0xCA>?<0x08>d<0xDD>?<0x08><0xEB><0xDD>?<0x08><0xFD><0xC6><0xA4><0x08>@<0xC7><0xA4><0x08><0xF1>\<0x1A><0x08>1]<0x1A><0x08>n]<0x1A><0x08><0xB1>]<0x1A><0x08>q<0xD6>?<0x08>M<0xDA>?<0x08>z<0xDA>?<0x08><0x8C><0xDA>?<0x08><0x1C><0xB2>?<0x08>b<0xB2>?<0x08><0x90><0xC7><0xA4><0x08><0x0C><0xCB>?<0x08>&<0xCB>?<0x08>""<0xD3>?<0x08>M<0xD3>?<0x08><0x1F><0xB2>?<0x08>2<0xB2>?<0x08>5<0xB2>?<0x08>H<0xB2>?<0x08><0x17>","<0xB5>?<0x08>7<0xC3>?<0x08>G<0xC3>?<0x08><0x98><0x8F><0x19><0x08>Z<0xC6>?<0x08><0xEF><0xCA>?<0x08>d<0xDD>?<0x08><0xEB><0xDD>?<0x08><0xFD><0xC6><0xA4><0x08>@<0xC7><0xA4><0x08><0xF1>\<0x1A><0x08>1]<0x1A><0x08>n]<0x1A><0x08><0xB1>]<0x1A><0x08>q<0xD6>?<0x08>M<0xDA>?<0x08>z<0xDA>?<0x08><0x8C><0xDA>?<0x08><0x1C><0xB2>?<0x08>b<0xB2>?<0x08><0x90><0xC7><0xA4><0x08><0x0C><0xCB>?<0x08>&<0xCB>?<0x08>""<0xD3>?<0x08>M<0xD3>?<0x08><0x1F><0xB2>?<0x08>2<0xB2>?<0x08>5<0xB2>?<0x08>H<0xB2>?<0x08><0x17>",116,3,119,ascii,dialogue,,
0x003FE688,"Congratulations! Your <0xFD><0x02>
evolved into <0xFD><0x03>!<0xFC><0x0A><0xFB>","<0x52>Genial! <0x52>Tu <0xFD><0x02> ha
evolucionado en <0xFD><0x03>!<0xFC><0x0A><0xFB>",44,2,46,pokemon,dialogue,"Félicitations ! Ton {STR_VAR_1}
a évolué en {STR_VAR_2}!<0xFB> {WAIT_SE}",
0x003FE6B5,"Huh? <0xFD><0x02>
stopped evolving!<0xFB>",<0x51>Eh? <0x52><0xFD><0x02> no evolucionó!<0xFB>,26,2,28,pokemon,dialogue,"Hein ? <0xFD><0x02>
n'évolue plus!<0xFB>",
0x003FE6D5,"What will
<0xFD><0x12> do?","<0x51>Qué hará
<0xFD><0x12>?",16,2,18,pokemon,dialogue,"Que doit faire
<0xFD><0x12> ?",
0x003FE6E6,"What will <0xFD>ó
throw?","<0x51>Qué quieres
hacer?",19,2,21,pokemon,dialogue,"Qu'est-ce que {B_PLAYER_NAME}
va lancer ?",
0x0040BBC0,"<0xA0><0x1D>È<0x08><0x4A><0x01>  <0x38>1<0xFD><0x09><0x80> <0x01> <0x60><0x9F><0xFD><0x09> <0x08><0x02> <0xF8><0x28><0x40><0x08> <0x04><0x03> <0x28><0x38><0xEF><0x08> <0x01><0x04> <0x44><0x2A><0x40><0x08>    <0x18>1<0xFD><0x09><0x01>   <0x94><0x38><0xEF><0x08><0x03>           <0x48> <0x50> <0x88> <0x4A> 7 <0x50> <0x78> <0x50> <0x68> <0x56> <0x58> <0x4A> , <0x4A> <0x38> <0x56> <0x98> <0x56>    <0x40> <0x08>       <0x08>    <0x04> <0x01> <0x04> <0x02> <0x04> <0x03> <0x04> 
","<0xA0><0x1D>È<0x08><0x4A><0x01>  <0x38>1<0xFD><0x09><0x80> <0x01> <0x60><0x9F><0xFD><0x09> <0x08><0x02> <0xF8><0x28><0x40><0x08> <0x04><0x03> F<0x8D><0x0C><0x08> <0x01><0x04> <0x44><0x2A><0x40><0x08>    <0x18>1<0xFD><0x09><0x01>   <0x94><0x38><0xEF><0x08><0x03>           <0x48> <0x50> <0x88> <0x4A> 7 <0x50> <0x78> <0x50> <0x68> <0x56> <0x58> <0x4A> , <0x4A> <0x38> <0x56> <0x98> <0x56>    <0x40> <0x08>       <0x08>    <0x04> <0x01> <0x04> <0x02> <0x04> <0x03> <0x04> 
",141,5,146,pokemon,description,,
0x004160B4,Hall of Fame No. <0xFD><0x02>,Hall de la Fama: <0xFD><0x02>,19,2,21,pokemon,other,Panthéon No. <0xFD><0x02>,
0x0041633F,"Where should the <0xFD><0x02>
be placed?",<0x51>A dónde ubicas <0xFD><0x02>?,30,3,33,pokemon,dialogue,Où placer le <0xFD><0x02> ?,
0x0041638F,"Deposit how many
<0xFD><0x02><0x5C>s<0x5D>?","<0x51>Cuántos <0xFD><0x02>
dejas?",23,1,24,pokemon,dialogue,"Combien de <0xFD><0x02>(s)
déposer ?",
0x004163A7,"Deposited <0xFD><0x03>
<0xFD><0x02><0x5C>s<0x5D>.",Dejaste <0xFD><0x03> <0xFD><0x02>.,19,2,21,pokemon,location,,
0x004163DB,"Toss out how many
<0xFD><0x02><0x5C>s<0x5D>?","<0x51>Cuántas <0xFD><0x02>
arrojas?",24,2,26,pokemon,dialogue,"Combien de <0xFD><0x02>(s)
jeter ?",
0x00416409,"Throw away <0xFD><0x03> of
this item?","<0x51>Arrojas <0xFD><0x03>
del Cubo V3?",27,2,29,pokemon,dialogue,"Jeter <0xFD><0x03> de
cet objet ?",
0x00416537,"Your Coins:
<0xFD><0x02><0xFC><0x09>",Tus Fichas: <0xFD><0x02><0xFC><0x09>,16,2,18,pokemon,dialogue,,
0x0041658C,"<0xFD><0x01> used the
<0xFD><0x03>.<0xFC><0x09>",<0x52>Has usado <0xFD><0x03>!<0xFC><0x09>,17,3,20,pokemon,description,,
0x00416766,"<0xFD><0x02>? Certainly.
How many would you like?",<0x51>Cuántas <0xFD><0x02> quieres?,39,3,42,pokemon,dialogue,"<0xFD><0x02>? Bien sûr.
Combien en veux-tu ?",
0x0041678E,"<0xFD><0x02>, and you want <0xFD><0x03>.
That will be <0xB7><0xFD><0x04>. Okay?","A ver"" <0xFD><0x03> <0xFD><0x02>""
Serán <0xB7><0xFD><0x04>, <0x51>de acuerdo?",44,2,46,pokemon,dialogue,"<0xFD><0x02>, et tu en veux <0xFD><0x03>. Cela fera
¥<0xFD><0x04>. OK ?",
0x00416798,"u want <0xFD><0x03>.
That will be <0xB7><0xFD><0x04>. Okay?","<0xFD><0x02>""
Serán <0xB7><0xFD><0x04>, <0x51>de acuerdo?",34,2,36,pokemon,dialogue,,
0x0041679A,"want <0xFD><0x03>.
That will be <0xB7><0xFD><0x04>. Okay?","""
Serán <0xB7><0xFD><0x04>, <0x51>de acuerdo?",32,2,34,pokemon,dialogue,,
0x00416911,"<0xFD><0x02>?
How many would you like to sell?","<0x51>Cuántas <0xFD><0x02> quieres
vender?",36,3,39,pokemon,dialogue,"<0xFD><0x02>?
Combien veux-tu vendre ?",
0x00416936,"I can pay <0xB7><0xFD><0x04>.
Would that be okay?","Puego pagarte <0xB7><0xFD><0x04>.
<0x51>Te parece?",34,2,36,pokemon,dialogue,"Je peux payer ¥<0xFD><0x04>.
Ça te va ?",
0x00416A1E,"<0xFD><0x02> can't be switched
out!<0xFC><0x09>",<0x52><0xFD><0x02> no se puede cambiar!<0xFC><0x09>,27,3,30,pokemon,dialogue,"Impossible de changer
{STR_VAR_1}!{PAUSE_UNTIL_PRESS}",
0x00416A3A,"<0xFD><0x02> is already
in battle!<0xFC><0x09>",<0x52><0xFD><0x02> está en el combate!<0xFC><0x09>,26,3,29,pokemon,dialogue,"{STR_VAR_1} est déjà
au combat !{PAUSE_UNTIL_PRESS}",
0x00416A55,"<0xFD><0x02> has already been
selected.<0xFC><0x09>","<0xFD><0x02> ya ha sido
seleccionado.<0xFC><0x09>",31,3,34,pokemon,system,"{STR_VAR_1} est déjà sélectionné.
{PAUSE_UNTIL_PRESS}",
0x00416A75,"<0xFD><0x02> has no energy
left to battle!<0xFC><0x09>","<0xFD><0x02> no tiene energía
para luchar.<0xFC><0x09>",34,2,36,pokemon,dialogue,"{STR_VAR_1} n'a plus assez d'énergie
pour se battre !{PAUSE_UNTIL_PRESS}",
0x00416A98,"You can't switch <0xFD><0x02>'s
Pokémon with one of yours!<0xFC><0x09>","<0x52>No puedes elegir los Pokémon
de <0xFD><0x02>!<0xFC><0x09>",50,3,53,pokemon,dialogue,"Impossible d'échanger le Pokémon
de {STR_VAR_1} avec l'un des tiens !{PAUSE_UNTIL_PRESS}",
0x00416C2A,"<0xFD><0x02> was given the
<0xFD><0x03> to hold.<0xFC><0x09>","<0xFD><0x02> ha sido equipado con
<0xFD><0x03>.<0xFC><0x09>",30,3,33,pokemon,description,"{STR_VAR_1} tient
{STR_VAR_2}.{PAUSE_UNTIL_PRESS}",
0x00416C49,"<0xFD><0x02> is already holding
one <0xFD><0x03>.<0xFB>Would you like to switch the
two items?","<0xFD><0x02> ya está equipado
con <0xFD><0x03>.<0xFB><0x51>Te gustaría cambiar el objeto
equipado?",69,3,72,pokemon,dialogue,"<0xFD><0x02> tient déjà
<0xFD><0x03>.<0xFB>Échanger les deux
objets ?",
0x00416C8F,"<0xFD><0x02> isn't holding
anything.<0xFC><0x09>","<0xFD><0x02> no tiene ningún
objeto.<0xFC><0x09>",28,2,30,pokemon,description,"{STR_VAR_1} ne tient rien.
{PAUSE_UNTIL_PRESS}",
0x00416CAC,"Received the <0xFD><0x03>
from <0xFD><0x02>.<0xFC><0x09>","Has recibido <0xFD><0x03>
de <0xFD><0x02>.<0xFC><0x09>",26,3,29,pokemon,description,"Reçu {STR_VAR_2}
de {STR_VAR_1}.{PAUSE_UNTIL_PRESS}",
0x00416CEA,"The <0xFD><0x03> was taken and
replaced with the <0xFD><0x02>.<0xFC><0x09>","<0xFD><0x03> es retirado y es
reemplazado por <0xFD><0x02>.<0xFC><0x09>",44,2,46,pokemon,description,"{STR_VAR_2} retiré, remplacé
par {STR_VAR_1}.{PAUSE_UNTIL_PRESS}",
0x00416DC2,"<0xFD><0x02> and <0xFD><0x03>
are not compatible.<0xFB><0xFD><0x03> can't be
learned.<0xFC><0x09>","<0xFD><0x02> y <0xFD><0x03> son
incompatibles.<0xFB><0xFD><0x02> no lo aprenderá.<0xFC><0x09>",52,3,55,pokemon,description,"{STR_VAR_1} et {STR_VAR_2} ne sont pas compatibles.
{STR_VAR_2}<0xFB>ne peut pas être
apprise.{PAUSE_UNTIL_PRESS}",
0x00416DF7,"<0xFD><0x02> wants to learn the
move <0xFD><0x03>.<0xFB>However, <0xFD><0x02> already
knows four moves.<0xFB>Should a move be deleted and
replaced with <0xFD><0x03>?","<0xFD><0x02> quiere aprender
<0xFD><0x03>.<0xFB>Pero, <0xFD><0x02> ya conoce
cuatro movimientos.<0xFB><0x51>Quieres sustituir un movimiento
por <0xFD><0x03>?",115,2,117,pokemon,dialogue,"<0xFD><0x02> veut apprendre la capacité <0xFD><0x03>.
<0xFD><0x02> connaît déjà<0xFB>quatre capacités.
<0xFB>Oublier une capacité pour
apprendre <0xFD><0x03> ?",
0x00416E6B,"Stop trying to teach
<0xFD><0x03>?","<0x51>No quieres aprender
<0xFD><0x03>?",24,3,27,pokemon,dialogue,"Arrêter d'enseigner
<0xFD><0x03> ?",
0x00416E84,"<0xFD><0x02> did not learn the
move <0xFD><0x03>.<0xFC><0x09>","<0xFD><0x02> no ha aprendido
<0xFD><0x03>.<0xFC><0x09>",31,2,33,pokemon,description,"{STR_VAR_1} n'a pas appris
{STR_VAR_2}.{PAUSE_UNTIL_PRESS}",
0x00416EC6,"1, <0xFC><0x08><0x0F>2, and<0xFC><0x08><0x0F>"" <0xFC><0x08><0x0F>"" <0xFC><0x08><0x0F>"" <0xFC><0x08><0x0F><0xFC><0x10><0x31> Poof!<0xFB><0xFD><0x02> forgot how to
use <0xFD><0x03>.<0xFB>And...<0xFC><0x09>","1, <0xFC><0x08><0x0F>2, y<0xFC><0x08><0x0F>"" <0x52>puf!<0xFB><0xFD><0x02> ha olvidado cómo utilizar
<0xFD><0x03>.<0xFB>Y""<0xFB>",73,2,75,pokemon,dialogue,,
0x00416F10,"<0xFD><0x02> already knows
<0xFD><0x03>.<0xFC><0x09>","<0xFD><0x02> ya conoce
<0xFD><0x03>.<0xFC><0x09>",22,3,25,pokemon,description,"{STR_VAR_1} connaît déjà
{STR_VAR_2}.{PAUSE_UNTIL_PRESS}",
0x00416F27,"<0xFD><0x02>'s HP was restored
by <0xFD><0x03> point<0x5C>s<0x5D>.<0xFC><0x09>",<0xFD><0x02> ha recuperado <0xFD><0x03> PS.<0xFC><0x09>,38,3,41,pokemon,description,"PV de {STR_VAR_1} restaurés de {STR_VAR_2} point(s).
{PAUSE_UNTIL_PRESS}",
0x00417017,"<0xFD><0x02> was elevated to
Lv. <0xFD><0x03>.",<0x52><0xFD><0x02> ha subido al Nv. <0xFD><0x03>!,26,2,28,pokemon,description,"<0xFD><0x02> monte au
N. <0xFD><0x03>.",
0x0041702B,v. <0xFD><0x03>., <0xFD><0x03>!,6,2,8,pokemon,other,,
0x00417032,"<0xFD><0x02>'s base <0xFD><0x03>
stat was raised.<0xFC><0x09>",<0xFD><0x03> de <0xFD><0x02> ha aumentado.<0xFC><0x09>,31,2,33,pokemon,description,"Stat de base {STR_VAR_2} de {STR_VAR_1} augmentée.
{PAUSE_UNTIL_PRESS}",
0x00417052,"<0xFD><0x02> snapped out of its
confusion.<0xFC><0x09>","<0xFD><0x02> ha salido de
la confusión.<0xFC><0x09>",34,3,37,pokemon,description,"{STR_VAR_1} n'est plus confus.
{PAUSE_UNTIL_PRESS}",
0x00417615,"Want to escape from here and return
to <0xFD><0x02>?","<0x51>Quieres escapar de aquí y volver a
<0xFD><0x02>?",42,3,45,pokemon,dialogue,"Quitter et revenir à
<0xFD><0x02> ?",
0x00417640,"Want to return to the healing spot
used last in <0xFD><0x02>?","<0x51>Vuelves al último punto de
curación en <0xFD><0x02>?",51,2,53,pokemon,dialogue,"Revenir au dernier point
de soin à <0xFD><0x02> ?",
0x004177AC,"Withdraw how many
<0xFD><0x02><0x5C>s<0x5D>?","<0x51>Cuántos <0xFD><0x02>
sacas?",24,2,26,pokemon,dialogue,"Retirer combien de
<0xFD><0x02> ?",
0x004177B7,"w many
<0xFD><0x02><0x5C>s<0x5D>?","
sacas?",13,2,15,pokemon,dialogue,,
0x004177C5,"Withdrew <0xFD><0x03>
<0xFD><0x02><0x5C>s<0x5D>.",Sacaste <0xFD><0x03> <0xFD><0x02>.,18,2,20,pokemon,location,,
0x00417806,"What would you like to do with
<0xFD><0x02>'s Mail?",<0x51>Qué haces con el correo de <0xFD><0x02>?,41,2,43,pokemon,dialogue,"Que faire du Courrier de
<0xFD><0x02> ?",
0x00417BB6,<0xFD><0x01>'s PC,PC <0xFD><0x01>,7,3,10,pokemon,other,,
0x00418174,<0xFD><0x01>'s BATTLE RESULTS,Record de Batalla,19,2,21,pokemon,other,Résultats combat de <0xFD><0x01>,
0x00418188,TOTAL RECORD W:<0xFD><0x02> L:<0xFD><0x03> D:<0xFD><0x04>,Record Total G:<0xFD><0x02> P:<0xFD><0x03> E:<0xFD><0x04>,27,1,28,pokemon,description,TOTAL V:<0xFD><0x02> D:<0xFD><0x03> N:<0xFD><0x04>,
0x004182CE,<0xF7>  was released.,<0xF7>  es liberado.,16,2,18,pokemon,other,{DYNAMIC}  relâché.,
0x004182DF,"Bye-bye, <0xF7> !","<0x52>Adiós, <0xF7> !",12,2,14,pokemon,dialogue,"Adieu, {DYNAMIC} !",
0x00418433,<0xF7>  is now held.,<0xF7>  es dado.,15,2,17,pokemon,other,{DYNAMIC}  est porté.,
0x004197B8,"<0xF7>  nature.
Met in a fateful encounter when
at <0xF9><0x05> <0xF7><0x01>.","<0xF7>  nature.
Bet in a fateful encounter when
at <0xF9><0x05> <0xF7><0x01>.",52,3,55,pokemon,description,"Nature {DYNAMIC} .
Rencontre fatidique au
N. {LV_2} {DYNAMIC}À.",
0x004197ED,"<0xF7>  nature.
Met in a fateful encounter when
at <0xF9><0x05> <0xF7><0x01>.","<0xF7>  nature.
Het in a fateful encounter when
at <0xF9><0x05> <0xF7><0x01>.",52,3,55,pokemon,description,"Nature {DYNAMIC} .
Rencontre fatidique au
N. {LV_2} {DYNAMIC}À.",
0x0041A59C,"After deep thought, switched
<0xF7><0x01> in Box <0xB1><0xF7> <0xB2> to
the Box <0xB1><0xF7><0x02>.<0xB2>","After deep thought, switched
<0xF7><0x01> in sox <0xB1><0xF7> <0xB2> to
the eox <0xB1><0xF7><0x02>.<0xB2>",60,2,62,pokemon,description,"Après réflexion, transféré
{DYNAMIC}À de la Boîte ""{DYNAMIC} ""
vers ""{DYNAMIC}Á"".",
0x0041B554,"<0xFD><0x01> scurried to a Pokémon Center,
protecting the exhausted and fainted
Pokémon from further harm""<0xFB>","<0x52>Has corrido al Centro Pokémon más
cercano para poder restaurar la
salud de tu equipo Pokémon!<0xFB>  ",97,2,99,pokemon,description,"<0xFD><0x01> s'est précipité au Centre
Pokémon en protégeant ses Pokémon
épuisés et K.O....<0xFB>",
0x0041B6FD,<0xFD><0x02> hatched from the Egg!,<0xFD><0x02> ha nacido del Huevo.,24,2,26,pokemon,dialogue,<0xFD><0x02> est sorti de l'OEuf !,
0x0041B716,"Would you like to nickname the newly
hatched <0xFD><0x02>?","<0x51>Quieres ponerle un mote a
<0xFD><0x02>?",48,2,50,pokemon,dialogue,"Voulez-vous donner un surnom à
<0xFD><0x02> tout juste éclos ?",
0x0041B728,"nickname the newly
hatched <0xFD><0x02>?","n mote a
<0xFD><0x02>?",30,2,32,pokemon,dialogue,,
0x0041E1E9,"<0xFD><0x03> will be
sent to <0xFD><0x02>.",<0xFD><0x03> será enviado a <0xFD><0x02>.,22,2,24,pokemon,description,"<0xFD><0x03> sera envoyé à
<0xFD><0x02>.",
0x0041E200,"Bye-bye, <0xFD><0x03>!","<0x52>Adiós, <0xFD><0x03>!",12,3,15,pokemon,dialogue,"Adieu, <0xFD><0x03> !",
0x0041E20D,<0xFD><0x02> sent over <0xFD><0x04>.,<0xFD><0x02> envió a <0xFD><0x04>.<0xFC><0x09>,16,2,18,pokemon,description,<0xFD><0x02> a envoyé <0xFD><0x04>.,
0x0041E21E,Take good care of <0xFD><0x04>!,<0x52>Cuida bien de <0xFD><0x04>!<0xFC><0x09>,21,6,27,pokemon,dialogue,Prends soin de <0xFD><0x04> !,
0x0041E405,"<0xFD><0x02> learned
<0xFD><0x03>.","<0xFD><0x02> leahted
<0xFD><0x03>.",14,3,17,pokemon,description,"<0xFD><0x02> a appris
<0xFD><0x03>.",
0x0041E414,"<0xFD><0x02> is trying to learn
<0xFD><0x03>.<0xFB>But <0xFD><0x02> can't learn more
than four moves.<0xFB>Delete an older move to make
room for <0xFD><0x03>?","<0xFD><0x02> quiere aprender
<0xFD><0x03>.<0xFB>Pero, <0xFD><0x02> ya conoce
cuatro movimientos.<0xFB><0x51>Quieres sustituir un movimiento
por <0xFD><0x03>?",108,2,110,pokemon,dialogue,"<0xFD><0x02> veut apprendre
<0xFD><0x03>.<0xFB>pMais <0xFD><0x02> ne peut pas
avoir plus de quatre capacités.<0xFB>pSupprimer une capacité pour
faire place à <0xFD><0x03> ?",
0x00463131,<0x57><0x1C><0x08>:<0x11>  m<0x01>  X<0x21>  <0x15><0x24><0x13><0x08><0x69><0x28><0x13><0x08><0x09>ñ<0x13><0x08><0xB9><0x28><0x13><0x08><0xA0><0x61><0x41><0x08><0xF1><0x25><0x13><0x08><0xB2><0x61><0x41><0x08><0x5D><0x26><0x13><0x08>N<0x61><0x41><0x08><0xFD>ú<0x13><0x08> <0x01><0x02><0x01><0x02>   .<0x2C><0x13><0x08><0x49><0x2A><0x13><0x08><0xFC><0x13><0x12>,<0x57><0x1C><0x08>:<0x11>  m<0x01>  X<0x21>  <0x15><0x24><0x13><0x08><0x69><0x28><0x13><0x08><0x09>ñ<0x13><0x08><0xB9><0x28><0x13><0x08>!<0x4E><0x28><0x08><0xF1><0x25><0x13><0x08><0xB2><0x61><0x41><0x08><0x5D><0x26><0x13><0x08>N<0x61><0x41><0x08><0xFD>ú<0x13><0x08> <0x01><0x02><0x01><0x02>   .<0x2C><0x13><0x08><0x49><0x2A><0x13><0x08><0xFC><0x13><0x12>,74,5,79,pokemon,description,,
0x00463134,:<0x11>  m<0x01>  X<0x21>  <0x15><0x24><0x13><0x08><0x69><0x28><0x13><0x08><0x09>ñ<0x13><0x08><0xB9><0x28><0x13><0x08><0xA0><0x61><0x41><0x08><0xF1><0x25><0x13><0x08><0xB2><0x61><0x41><0x08><0x5D><0x26><0x13><0x08>N<0x61><0x41><0x08><0xFD>ú<0x13><0x08> <0x01><0x02><0x01><0x02>   .<0x2C><0x13><0x08><0x49><0x2A><0x13><0x08><0xFC><0x13><0x12>,:<0x11>  m<0x01>  X<0x21>  <0x15><0x24><0x13><0x08><0x69><0x28><0x13><0x08><0x09>ñ<0x13><0x08><0xB9><0x28><0x13><0x08>!<0x4E><0x28><0x08><0xF1><0x25><0x13><0x08><0xB2><0x61><0x41><0x08><0x5D><0x26><0x13><0x08>N<0x61><0x41><0x08><0xFD>ú<0x13><0x08> <0x01><0x02><0x01><0x02>   .<0x2C><0x13><0x08><0x49><0x2A><0x13><0x08><0xFC><0x13><0x12>,71,5,76,pokemon,description,,
0x00463140,<0x15>$<0x13><0x08>i(<0x13><0x08><0x09>)<0x13><0x08><0xB9>(<0x13><0x08><0xA0>aA<0x08><0xF1>%<0x13><0x08><0xB2>aA<0x08>]&<0x13><0x08><0xC8>aA<0x08><0xFD>'<0x13><0x08>,<0x15>$<0x13><0x08>i(<0x13><0x08><0x09>)<0x13><0x08><0xB9>(<0x13><0x08><0xAB>N(<0x08><0xF1>%<0x13><0x08><0xB2>aA<0x08>]&<0x13><0x08><0xC8>aA<0x08><0xFD>'<0x13><0x08>,40,4,44,ascii,description,,
0x00463150,<0xA0>aA<0x08><0xF1>%<0x13><0x08><0xB2>aA<0x08>]&<0x13><0x08><0xC8>aA<0x08><0xFD>'<0x13><0x08>,<0xAB>N(<0x08><0xF1>%<0x13><0x08><0xB2>aA<0x08>]&<0x13><0x08><0xC8>aA<0x08><0xFD>'<0x13><0x08>,24,4,28,ascii,description,,
0x004642F4,<0xF4> <0x01> <0xF5> <0x04> <0xF3> <0x07>    <0x10><0x11><0x11><0x11><0x10><0x10>  <0x11><0x01> <0x11><0x10> <0x10><0x10> <0x01><0x01><0x01><0x01><0x01><0x01>   <0x01>  <0x11><0x01>   <0x10><0x11> <0x10><0x10><0x10> <0x01> <0x33><0x33><0x33><0x33><0x33><0x33><0x33><0x33>ó<0x22><0x22><0x22><0x22><0x22><0x22><0x22><0x22><0x22><0x22><0x22><0x22><0x22><0x22><0x22><0x22><0x22><0x22><0x22><0x22><0x32>:<0x11>  y<0x21>  X<0x01>  <0x75>i<0x13><0x08>èo<0x13><0x08>ñp<0x13><0x08><0xFD>o<0x13><0x08><0x75>i<0x13><0x08>il<0x13><0x08>Ok<0x13><0x08><0x69>s<0x13><0x08><0x69>q<0x13><0x08><0xA0><0x61><0x41><0x08><0x0D>j<0x13><0x08>3<0x61><0x41><0x08>Cj<0x13><0x08><0xB2><0x61><0x41><0x08><0x01>n<0x13><0x08>N<0x61><0x41><0x08><0x21>o<0x13><0x08>S<0x61><0x41><0x08>     <0x02><0x01><0x03><0x02><0x03><0x04><0x04><0x03><0x04><0x04><0x04> <0x01><0x03><0x04> ,"<0xF4> <0x01> <0xF5> <0x04> <0xF3> <0x07>    <0x10><0x11><0x11><0x11><0x10><0x10>  <0x11><0x01> <0x11><0x10> <0x10><0x10> <0x01><0x01><0x01><0x01><0x01><0x01>   <0x01>  <0x11><0x01>   <0x10><0x11> <0x10><0x10><0x10> <0x01> <0x33><0x33><0x33><0x33><0x33><0x33><0x33><0x33>ó<0x22><0x22><0x22><0x22><0x22><0x22><0x22><0x22><0x22><0x22><0x22><0x22><0x22><0x22><0x22><0x22><0x22><0x22><0x22><0x22><0x32>:<0x11>  y<0x21>  X<0x01>  <0x75>i<0x13><0x08>èo<0x13><0x08>ñp<0x13><0x08><0xFD>o<0x13><0x08><0x75>i<0x13><0x08>il<0x13><0x08>Ok<0x13><0x08><0x69>s<0x13><0x08><0x69>q<0x13><0x08>!<0x4E><0x28><0x08><0x0D>j<0x13><0x08>""<0x4E><0x28><0x08>Cj<0x13><0x08><0xB2><0x61><0x41><0x08><0x01>n<0x13><0x08>N<0x61><0x41><0x08><0x21>o<0x13><0x08>S<0x61><0x41><0x08>     <0x02><0x01><0x03><0x02><0x03><0x04><0x04><0x03><0x04><0x04><0x04> <0x01><0x03><0x04> ",193,4,197,pokemon,description,,
0x00464300,   <0x10><0x11><0x11><0x11><0x10><0x10>  <0x11><0x01> <0x11><0x10> <0x10><0x10> <0x01><0x01><0x01><0x01><0x01><0x01>   <0x01>  <0x11><0x01>   <0x10><0x11> <0x10><0x10><0x10> <0x01> <0x33><0x33><0x33><0x33><0x33><0x33><0x33><0x33>ó<0x22><0x22><0x22><0x22><0x22><0x22><0x22><0x22><0x22><0x22><0x22><0x22><0x22><0x22><0x22><0x22><0x22><0x22><0x22><0x22><0x32>:<0x11>  y<0x21>  X<0x01>  <0x75>i<0x13><0x08>èo<0x13><0x08>ñp<0x13><0x08><0xFD>o<0x13><0x08><0x75>i<0x13><0x08>il<0x13><0x08>Ok<0x13><0x08><0x69>s<0x13><0x08><0x69>q<0x13><0x08><0xA0><0x61><0x41><0x08><0x0D>j<0x13><0x08>3<0x61><0x41><0x08>Cj<0x13><0x08><0xB2><0x61><0x41><0x08><0x01>n<0x13><0x08>N<0x61><0x41><0x08><0x21>o<0x13><0x08>S<0x61><0x41><0x08>     <0x02><0x01><0x03><0x02><0x03><0x04><0x04><0x03><0x04><0x04><0x04> <0x01><0x03><0x04> ,"   <0x10><0x11><0x11><0x11><0x10><0x10>  <0x11><0x01> <0x11><0x10> <0x10><0x10> <0x01><0x01><0x01><0x01><0x01><0x01>   <0x01>  <0x11><0x01>   <0x10><0x11> <0x10><0x10><0x10> <0x01> <0x33><0x33><0x33><0x33><0x33><0x33><0x33><0x33>ó<0x22><0x22><0x22><0x22><0x22><0x22><0x22><0x22><0x22><0x22><0x22><0x22><0x22><0x22><0x22><0x22><0x22><0x22><0x22><0x22><0x32>:<0x11>  y<0x21>  X<0x01>  <0x75>i<0x13><0x08>èo<0x13><0x08>ñp<0x13><0x08><0xFD>o<0x13><0x08><0x75>i<0x13><0x08>il<0x13><0x08>Ok<0x13><0x08><0x69>s<0x13><0x08><0x69>q<0x13><0x08>!<0x4E><0x28><0x08><0x0D>j<0x13><0x08>""<0x4E><0x28><0x08>Cj<0x13><0x08><0xB2><0x61><0x41><0x08><0x01>n<0x13><0x08>N<0x61><0x41><0x08><0x21>o<0x13><0x08>S<0x61><0x41><0x08>     <0x02><0x01><0x03><0x02><0x03><0x04><0x04><0x03><0x04><0x04><0x04> <0x01><0x03><0x04> ",181,4,185,pokemon,description,,
0x00464301,  <0x10><0x11><0x11><0x11><0x10><0x10>  <0x11><0x01> <0x11><0x10> <0x10><0x10> <0x01><0x01><0x01><0x01><0x01><0x01>   <0x01>  <0x11><0x01>   <0x10><0x11> <0x10><0x10><0x10> <0x01> <0x33><0x33><0x33><0x33><0x33><0x33><0x33><0x33>ó<0x22><0x22><0x22><0x22><0x22><0x22><0x22><0x22><0x22><0x22><0x22><0x22><0x22><0x22><0x22><0x22><0x22><0x22><0x22><0x22><0x32>:<0x11>  y<0x21>  X<0x01>  <0x75>i<0x13><0x08>èo<0x13><0x08>ñp<0x13><0x08><0xFD>o<0x13><0x08><0x75>i<0x13><0x08>il<0x13><0x08>Ok<0x13><0x08><0x69>s<0x13><0x08><0x69>q<0x13><0x08><0xA0><0x61><0x41><0x08><0x0D>j<0x13><0x08>3<0x61><0x41><0x08>Cj<0x13><0x08><0xB2><0x61><0x41><0x08><0x01>n<0x13><0x08>N<0x61><0x41><0x08><0x21>o<0x13><0x08>S<0x61><0x41><0x08>     <0x02><0x01><0x03><0x02><0x03><0x04><0x04><0x03><0x04><0x04><0x04> <0x01><0x03><0x04> ,"  <0x10><0x11><0x11><0x11><0x10><0x10>  <0x11><0x01> <0x11><0x10> <0x10><0x10> <0x01><0x01><0x01><0x01><0x01><0x01>   <0x01>  <0x11><0x01>   <0x10><0x11> <0x10><0x10><0x10> <0x01> <0x33><0x33><0x33><0x33><0x33><0x33><0x33><0x33>ó<0x22><0x22><0x22><0x22><0x22><0x22><0x22><0x22><0x22><0x22><0x22><0x22><0x22><0x22><0x22><0x22><0x22><0x22><0x22><0x22><0x32>:<0x11>  y<0x21>  X<0x01>  <0x75>i<0x13><0x08>èo<0x13><0x08>ñp<0x13><0x08><0xFD>o<0x13><0x08><0x75>i<0x13><0x08>il<0x13><0x08>Ok<0x13><0x08><0x69>s<0x13><0x08><0x69>q<0x13><0x08>!<0x4E><0x28><0x08><0x0D>j<0x13><0x08>""<0x4E><0x28><0x08>Cj<0x13><0x08><0xB2><0x61><0x41><0x08><0x01>n<0x13><0x08>N<0x61><0x41><0x08><0x21>o<0x13><0x08>S<0x61><0x41><0x08>     <0x02><0x01><0x03><0x02><0x03><0x04><0x04><0x03><0x04><0x04><0x04> <0x01><0x03><0x04> ",180,4,184,pokemon,description,,
0x0046434C,:<0x11>  y<0x21>  X<0x01>  <0x75>i<0x13><0x08>èo<0x13><0x08>ñp<0x13><0x08><0xFD>o<0x13><0x08><0x75>i<0x13><0x08>il<0x13><0x08>Ok<0x13><0x08><0x69>s<0x13><0x08><0x69>q<0x13><0x08><0xA0><0x61><0x41><0x08><0x0D>j<0x13><0x08>3<0x61><0x41><0x08>Cj<0x13><0x08><0xB2><0x61><0x41><0x08><0x01>n<0x13><0x08>N<0x61><0x41><0x08><0x21>o<0x13><0x08>S<0x61><0x41><0x08>     <0x02><0x01><0x03><0x02><0x03><0x04><0x04><0x03><0x04><0x04><0x04> <0x01><0x03><0x04> ,":<0x11>  y<0x21>  X<0x01>  <0x75>i<0x13><0x08>èo<0x13><0x08>ñp<0x13><0x08><0xFD>o<0x13><0x08><0x75>i<0x13><0x08>il<0x13><0x08>Ok<0x13><0x08><0x69>s<0x13><0x08><0x69>q<0x13><0x08>!<0x4E><0x28><0x08><0x0D>j<0x13><0x08>""<0x4E><0x28><0x08>Cj<0x13><0x08><0xB2><0x61><0x41><0x08><0x01>n<0x13><0x08>N<0x61><0x41><0x08><0x21>o<0x13><0x08>S<0x61><0x41><0x08>     <0x02><0x01><0x03><0x02><0x03><0x04><0x04><0x03><0x04><0x04><0x04> <0x01><0x03><0x04> ",105,4,109,pokemon,description,,
0x00464358,<0x75>i<0x13><0x08>èo<0x13><0x08>ñp<0x13><0x08><0xFD>o<0x13><0x08><0x75>i<0x13><0x08>il<0x13><0x08>Ok<0x13><0x08><0x69>s<0x13><0x08><0x69>q<0x13><0x08><0xA0><0x61><0x41><0x08><0x0D>j<0x13><0x08>3<0x61><0x41><0x08>Cj<0x13><0x08><0xB2><0x61><0x41><0x08><0x01>n<0x13><0x08>N<0x61><0x41><0x08><0x21>o<0x13><0x08>S<0x61><0x41><0x08>     <0x02><0x01><0x03><0x02><0x03><0x04><0x04><0x03><0x04><0x04><0x04> <0x01><0x03><0x04> ,"<0x75>i<0x13><0x08>èo<0x13><0x08>ñp<0x13><0x08><0xFD>o<0x13><0x08><0x75>i<0x13><0x08>il<0x13><0x08>Ok<0x13><0x08><0x69>s<0x13><0x08><0x69>q<0x13><0x08>!<0x4E><0x28><0x08><0x0D>j<0x13><0x08>""<0x4E><0x28><0x08>Cj<0x13><0x08><0xB2><0x61><0x41><0x08><0x01>n<0x13><0x08>N<0x61><0x41><0x08><0x21>o<0x13><0x08>S<0x61><0x41><0x08>     <0x02><0x01><0x03><0x02><0x03><0x04><0x04><0x03><0x04><0x04><0x04> <0x01><0x03><0x04> ",93,4,97,pokemon,description,,
0x00488C20,"<0x9A>ç<0x48><0x08>mç<0x48><0x08><0x1F>À<0x48><0x08><0x66>À<0x48><0x08> f'<0x08><0xFB>À<0x48><0x08><0x41>È<0x48><0x08>ÈÈ<0x48><0x08>OÈ<0x48><0x08> i'<0x08><0x4B>É<0x48><0x08><0x8A>É<0x48><0x08>KÉ<0x48><0x08><0x07><0x85><0x48><0x08><0x4F><0x85><0x48><0x08><0x97><0x85><0x48><0x08>Y<0x85><0x48><0x08> o'<0x08><0x5A><0x86><0x48><0x08>0<0x86><0x48><0x08>Obtained a <0xFD><0x03> BERRY!
Dad has it at PETALBURG GYM.","<0x9A>ç<0x48><0x08>mç<0x48><0x08><0x1F>À<0x48><0x08><0x66>À<0x48><0x08>'À<0x48><0x08><0xFB>À<0x48><0x08><0x41>È<0x48><0x08>ÈÈ<0x48><0x08>OÈ<0x48><0x08><0x08>É<0x48><0x08><0x4B>É<0x48><0x08><0x8A>É<0x48><0x08>KÉ<0x48><0x08><0x07><0x85><0x48><0x08><0x4F><0x85><0x48><0x08><0x97><0x85><0x48><0x08>Y<0x85><0x48><0x08><0x14><0x86><0x48><0x08><0x5A><0x86><0x48><0x08>0<0x86><0x48><0x08>Obtained a <0xFD><0x03> BERRY!
Dad has it at PETALBURG GYM.",129,3,132,pokemon,dialogue,,
0x00488C30," f'<0x08><0xFB>À<0x48><0x08><0x41>È<0x48><0x08>ÈÈ<0x48><0x08>OÈ<0x48><0x08> i'<0x08><0x4B>É<0x48><0x08><0x8A>É<0x48><0x08>KÉ<0x48><0x08><0x07><0x85><0x48><0x08><0x4F><0x85><0x48><0x08><0x97><0x85><0x48><0x08>Y<0x85><0x48><0x08> o'<0x08><0x5A><0x86><0x48><0x08>0<0x86><0x48><0x08>Obtained a <0xFD><0x03> BERRY!
Dad has it at PETALBURG GYM.","'À<0x48><0x08><0xFB>À<0x48><0x08><0x41>È<0x48><0x08>ÈÈ<0x48><0x08>OÈ<0x48><0x08><0x08>É<0x48><0x08><0x4B>É<0x48><0x08><0x8A>É<0x48><0x08>KÉ<0x48><0x08><0x07><0x85><0x48><0x08><0x4F><0x85><0x48><0x08><0x97><0x85><0x48><0x08>Y<0x85><0x48><0x08><0x14><0x86><0x48><0x08><0x5A><0x86><0x48><0x08>0<0x86><0x48><0x08>Obtained a <0xFD><0x03> BERRY!
Dad has it at PETALBURG GYM.",113,3,116,pokemon,dialogue,,
0x007459AC,<0xFD><0x01>,  ,2,2,4,pokemon,other,,
0x00776038,<0x78><0x08><0x39><0xFA><0x78><0x08><0x0F> <0x21><0x14><0x7B><0x08><0x09><0x06><0x02>Missions Completed: <0xFC><0x01><0x06><0xFD><0x04>,<0x78><0x08><0x39><0xFA><0x78><0x08><0x0F> <0x21><0x14><0x7B><0x08><0x09><0x06><0x02>ddssions Completed: <0xFC><0x01><0x06><0xFD><0x04>,40,1,41,pokemon,description,,
0x00776047,Missions Completed: <0xFC><0x01><0x06><0xFD><0x04>,ddssions Completed: <0xFC><0x01><0x06><0xFD><0x04>,25,1,26,pokemon,location,,
0x0078B7EB,"I still need:
<0xFC><0x01><0x06><0xFD><0x02><0xFC><0x01><0x04><0xFB>Please bring them as soon as you
can.",Aún necesito: <0xFC><0x01><0x06><0xFD><0x07><0xFC><0x01><0x04>.<0xFB><0x52>Ayúdame con esos ingredientes!,60,3,63,pokemon,dialogue,"I still need:
{COLOR}É{STR_VAR_1}{COLOR}Ç<0xFB>Please bring them as soon as you
can.",
0x0078B828,"I still need:
<0xFC><0x01><0x06><0xFD><0x02>",Aún necesito: <0xFC><0x01><0x06><0xFD><0x02>,19,4,23,pokemon,dialogue,,
0x0078E74A,"<0x97><0x01><0x53><0x0F><0x80><0x97> è C<0x03><0x0F> Ys<0x78><0x08><0x09><0x04><0x6C><0x02><0x53><0x0F><0x80><0x6C><0x02>è C<0x03><0x0F> <0x72>s<0x78><0x08><0x09><0x04><0x6C><0x02>The <0xFD><0x02> is fast asleep""","<0x97><0x01><0x53><0x0F><0x80><0x97> è C<0x03><0x0F> Ys<0x78><0x08><0x09><0x04><0x6C><0x02><0x53><0x0F><0x80><0x6C><0x02>è C<0x03><0x0F> <0x72>s<0x78><0x08><0x09><0x04><0x6C><0x02>El <0xFD><0x02> está durmiendo""",62,3,65,pokemon,description,,
0x0078E75F,"<0x53><0x0F><0x80><0x6C><0x02>è C<0x03><0x0F> <0x72>s<0x78><0x08><0x09><0x04><0x6C><0x02>The <0xFD><0x02> is fast asleep""","<0x53><0x0F><0x80><0x6C><0x02>è C<0x03><0x0F> <0x72>s<0x78><0x08><0x09><0x04><0x6C><0x02>El <0xFD><0x02> está durmiendo""",41,3,44,pokemon,description,,
0x0078E772,"The <0xFD><0x02> is fast asleep""","El <0xFD><0x02> está durmiendo""",22,3,25,pokemon,description,,
0x00791BBA,"You have collected <0xFC><0x01><0x06><0xFD><0x04> percent<0xFC><0x01><0x02>
of cells.",Has recolectado <0xFC><0x01><0x06><0xFD><0x04><0xFC><0x01><0x02> Célula.,45,3,48,pokemon,dialogue,"Tu as collecté {COLOR}É{STR_VAR_3} pour cent{COLOR}Á
de cellules.",
0x007A87B1,<0xFC><0x01><0x06><0xFD><0x02>!<0xFC><0x01><0x04><0xFB>I wanna see a <0xFC><0x01><0x06><0xFD><0x02>!,"<0xFC><0x01><0x06><0xFD><0x02>""<0xFC><0x01><0x04><0xFB><0x52>Quiero ver a <0xFC><0x01><0x06><0xFD><0x02>!",30,386,416,pokemon,dialogue,,
0x007BB55C,"<0xFC><0x01><0x08>Oh! There's the ladder!<0xFB>I want to get tougher so I
won't be such a scaredy-cat.<0xFB><0xFD><0x01>, bye-bye!
Thank you!","<0xFC><0x01><0x08><0x52>Ahí está la escalera!<0xFB>Quiero hacerme fuerte y no ser
un gato asustadizo.<0xFB><0xFD><0x01>, <0x52>adiós!
<0x52>Y gracias!",106,2,108,pokemon,dialogue,,
0x007CF0C8,<0x8F>t<0x03><0x21><0x0D><0x80>  <0x06><0x01><0xF5>:à<0x08><0x21><0x0D><0x80><0x04> <0x06><0x03><0x6C>È<0x78><0x08><0x21><0x0D><0x80><0x0A> <0x06><0x03><0xFD><0x6B><0x7A><0x08><0x0F> <0x02><0xF1>à<0x08><0x09><0x03><0x02><0x1A> <0x80>p <0x1A><0x01><0x80><0x01> <0x09><0x01><0x02>It's a seashell.,<0x8F>t<0x03><0x21><0x0D><0x80>  <0x06><0x01><0xF5>:à<0x08><0x21><0x0D><0x80><0x04> <0x06><0x03><0x6C>È<0x78><0x08><0x21><0x0D><0x80><0x0A> <0x06><0x03><0xFD><0x6B><0x7A><0x08><0x0F> <0x02><0xF1>à<0x08><0x09><0x03><0x02><0x1A> <0x80>p <0x1A><0x01><0x80><0x01> <0x09><0x01><0x02>Es una concha.,74,1,75,pokemon,description,,
0x007F9624,"Hey, <0xFD><0x01>, buddy, how's it
hangin'?<0xFB>Listen, girl, the other day I
accidentally flushed my favourite<0xFA>pair of socks down the toilet.","Oye, <0xFD><0x01>. buddy, how's it
hangin'?<0xFB>Listen, girl, the other day I
accidentally flushed my favourite<0xFA>pair of socks down the toilet.",128,3,131,pokemon,dialogue,"Hé, <0xFD><0x01>, mon pote, ça roule ?
Écoute, fille, l'autre jour j'ai<0xFB>accidentellement fait tomber ma
paire de chaussettes préférée dans<0xFA>les toilettes.",
0x00800800," <0x68><0x15><0x4A><0x80><0x18> <0x21> :<0x1A><0xF8> :<0x1A><0xF8><0x02><0x28><0x11>V<0x07><0x28><0x0F>V<0x0A><0x28><0x0B>V<0x0B><0x28><0x09>V<0x0D><0x28><0x07>V<0x0E><0x28><0x05>V<0x11><0x28><0x05>V<0x16><0x28><0x03>V<0x05><0x4E><0x02>l<0x05><0x4E> l<0x05><0x4E><0x0F>B<0x07><0x49><0x08><0x47><0x07><0x4A><0x10><0x47><0x07><0x4A><0x10><0x47>3<0x3F><0x46><0x08>V<0xB3><0x2A><0x08>d<0xB3><0x2A><0x08><0x40><0xB1><0x03><0x02><0x90><0x32>  a<0x71><0x13><0x08>u<0xFB><0x03><0x08><0xB5><0x2E><0x04><0x08><0x5D><0x03><0x80><0x08>    <0x63><0x03><0x80><0x08>    í<0x03><0x80><0x08>    It had no effect on
<0xFD><0x10>"""," <0x68><0x15><0x4A><0x80><0x18> <0x21> :<0x1A><0xF8> :<0x1A><0xF8><0x02><0x28><0x11>V<0x07><0x28><0x0F>V<0x0A><0x28><0x0B>V<0x0B><0x28><0x09>V<0x0D><0x28><0x07>V<0x0E><0x28><0x05>V<0x11><0x28><0x05>V<0x16><0x28><0x03>V<0x05><0x4E><0x02>l<0x05><0x4E> l<0x05><0x4E><0x0F>B<0x07><0x49><0x08><0x47><0x07><0x4A><0x10><0x47><0x07><0x4A><0x10><0x47>3<0x3F><0x46><0x08>V<0xB3><0x2A><0x08>d<0xB3><0x2A><0x08><0x40><0xB1><0x03><0x02><0x90><0x32>  a<0x71><0x13><0x08>u<0xFB><0x03><0x08><0xB5><0x2E><0x04><0x08><0x5D><0x03><0x80><0x08>    <0x63><0x03><0x80><0x08>    í<0x03><0x80><0x08>    No tiene efecto en
<0xFD><0x10>""",151,9,160,pokemon,description,,
0x0080080C," :<0x1A><0xF8><0x02><0x28><0x11>V<0x07><0x28><0x0F>V<0x0A><0x28><0x0B>V<0x0B><0x28><0x09>V<0x0D><0x28><0x07>V<0x0E><0x28><0x05>V<0x11><0x28><0x05>V<0x16><0x28><0x03>V<0x05><0x4E><0x02>l<0x05><0x4E> l<0x05><0x4E><0x0F>B<0x07><0x49><0x08><0x47><0x07><0x4A><0x10><0x47><0x07><0x4A><0x10><0x47>3<0x3F><0x46><0x08>V<0xB3><0x2A><0x08>d<0xB3><0x2A><0x08><0x40><0xB1><0x03><0x02><0x90><0x32>  a<0x71><0x13><0x08>u<0xFB><0x03><0x08><0xB5><0x2E><0x04><0x08><0x5D><0x03><0x80><0x08>    <0x63><0x03><0x80><0x08>    í<0x03><0x80><0x08>    It had no effect on
<0xFD><0x10>"""," :<0x1A><0xF8><0x02><0x28><0x11>V<0x07><0x28><0x0F>V<0x0A><0x28><0x0B>V<0x0B><0x28><0x09>V<0x0D><0x28><0x07>V<0x0E><0x28><0x05>V<0x11><0x28><0x05>V<0x16><0x28><0x03>V<0x05><0x4E><0x02>l<0x05><0x4E> l<0x05><0x4E><0x0F>B<0x07><0x49><0x08><0x47><0x07><0x4A><0x10><0x47><0x07><0x4A><0x10><0x47>3<0x3F><0x46><0x08>V<0xB3><0x2A><0x08>d<0xB3><0x2A><0x08><0x40><0xB1><0x03><0x02><0x90><0x32>  a<0x71><0x13><0x08>u<0xFB><0x03><0x08><0xB5><0x2E><0x04><0x08><0x5D><0x03><0x80><0x08>    <0x63><0x03><0x80><0x08>    í<0x03><0x80><0x08>    No tiene efecto en
<0xFD><0x10>""",139,9,148,pokemon,description,,
0x00800816,"<0x0F>V<0x0A><0x28><0x0B>V<0x0B><0x28><0x09>V<0x0D><0x28><0x07>V<0x0E><0x28><0x05>V<0x11><0x28><0x05>V<0x16><0x28><0x03>V<0x05><0x4E><0x02>l<0x05><0x4E> l<0x05><0x4E><0x0F>B<0x07><0x49><0x08><0x47><0x07><0x4A><0x10><0x47><0x07><0x4A><0x10><0x47>3<0x3F><0x46><0x08>V<0xB3><0x2A><0x08>d<0xB3><0x2A><0x08><0x40><0xB1><0x03><0x02><0x90><0x32>  a<0x71><0x13><0x08>u<0xFB><0x03><0x08><0xB5><0x2E><0x04><0x08><0x5D><0x03><0x80><0x08>    <0x63><0x03><0x80><0x08>    í<0x03><0x80><0x08>    It had no effect on
<0xFD><0x10>""","<0x0F>V<0x0A><0x28><0x0B>V<0x0B><0x28><0x09>V<0x0D><0x28><0x07>V<0x0E><0x28><0x05>V<0x11><0x28><0x05>V<0x16><0x28><0x03>V<0x05><0x4E><0x02>l<0x05><0x4E> l<0x05><0x4E><0x0F>B<0x07><0x49><0x08><0x47><0x07><0x4A><0x10><0x47><0x07><0x4A><0x10><0x47>3<0x3F><0x46><0x08>V<0xB3><0x2A><0x08>d<0xB3><0x2A><0x08><0x40><0xB1><0x03><0x02><0x90><0x32>  a<0x71><0x13><0x08>u<0xFB><0x03><0x08><0xB5><0x2E><0x04><0x08><0x5D><0x03><0x80><0x08>    <0x63><0x03><0x80><0x08>    í<0x03><0x80><0x08>    No tiene efecto en
<0xFD><0x10>""",129,9,138,pokemon,description,,
0x00800818,"<0x0A><0x28><0x0B>V<0x0B><0x28><0x09>V<0x0D><0x28><0x07>V<0x0E><0x28><0x05>V<0x11><0x28><0x05>V<0x16><0x28><0x03>V<0x05><0x4E><0x02>l<0x05><0x4E> l<0x05><0x4E><0x0F>B<0x07><0x49><0x08><0x47><0x07><0x4A><0x10><0x47><0x07><0x4A><0x10><0x47>3<0x3F><0x46><0x08>V<0xB3><0x2A><0x08>d<0xB3><0x2A><0x08><0x40><0xB1><0x03><0x02><0x90><0x32>  a<0x71><0x13><0x08>u<0xFB><0x03><0x08><0xB5><0x2E><0x04><0x08><0x5D><0x03><0x80><0x08>    <0x63><0x03><0x80><0x08>    í<0x03><0x80><0x08>    It had no effect on
<0xFD><0x10>""","<0x0A><0x28><0x0B>V<0x0B><0x28><0x09>V<0x0D><0x28><0x07>V<0x0E><0x28><0x05>V<0x11><0x28><0x05>V<0x16><0x28><0x03>V<0x05><0x4E><0x02>l<0x05><0x4E> l<0x05><0x4E><0x0F>B<0x07><0x49><0x08><0x47><0x07><0x4A><0x10><0x47><0x07><0x4A><0x10><0x47>3<0x3F><0x46><0x08>V<0xB3><0x2A><0x08>d<0xB3><0x2A><0x08><0x40><0xB1><0x03><0x02><0x90><0x32>  a<0x71><0x13><0x08>u<0xFB><0x03><0x08><0xB5><0x2E><0x04><0x08><0x5D><0x03><0x80><0x08>    <0x63><0x03><0x80><0x08>    í<0x03><0x80><0x08>    No tiene efecto en
<0xFD><0x10>""",127,9,136,pokemon,description,,
0x0080081A,"<0x0B>V<0x0B><0x28><0x09>V<0x0D><0x28><0x07>V<0x0E><0x28><0x05>V<0x11><0x28><0x05>V<0x16><0x28><0x03>V<0x05><0x4E><0x02>l<0x05><0x4E> l<0x05><0x4E><0x0F>B<0x07><0x49><0x08><0x47><0x07><0x4A><0x10><0x47><0x07><0x4A><0x10><0x47>3<0x3F><0x46><0x08>V<0xB3><0x2A><0x08>d<0xB3><0x2A><0x08><0x40><0xB1><0x03><0x02><0x90><0x32>  a<0x71><0x13><0x08>u<0xFB><0x03><0x08><0xB5><0x2E><0x04><0x08><0x5D><0x03><0x80><0x08>    <0x63><0x03><0x80><0x08>    í<0x03><0x80><0x08>    It had no effect on
<0xFD><0x10>""","<0x0B>V<0x0B><0x28><0x09>V<0x0D><0x28><0x07>V<0x0E><0x28><0x05>V<0x11><0x28><0x05>V<0x16><0x28><0x03>V<0x05><0x4E><0x02>l<0x05><0x4E> l<0x05><0x4E><0x0F>B<0x07><0x49><0x08><0x47><0x07><0x4A><0x10><0x47><0x07><0x4A><0x10><0x47>3<0x3F><0x46><0x08>V<0xB3><0x2A><0x08>d<0xB3><0x2A><0x08><0x40><0xB1><0x03><0x02><0x90><0x32>  a<0x71><0x13><0x08>u<0xFB><0x03><0x08><0xB5><0x2E><0x04><0x08><0x5D><0x03><0x80><0x08>    <0x63><0x03><0x80><0x08>    í<0x03><0x80><0x08>    No tiene efecto en
<0xFD><0x10>""",125,9,134,pokemon,description,,
0x0080081C,"<0x0B><0x28><0x09>V<0x0D><0x28><0x07>V<0x0E><0x28><0x05>V<0x11><0x28><0x05>V<0x16><0x28><0x03>V<0x05><0x4E><0x02>l<0x05><0x4E> l<0x05><0x4E><0x0F>B<0x07><0x49><0x08><0x47><0x07><0x4A><0x10><0x47><0x07><0x4A><0x10><0x47>3<0x3F><0x46><0x08>V<0xB3><0x2A><0x08>d<0xB3><0x2A><0x08><0x40><0xB1><0x03><0x02><0x90><0x32>  a<0x71><0x13><0x08>u<0xFB><0x03><0x08><0xB5><0x2E><0x04><0x08><0x5D><0x03><0x80><0x08>    <0x63><0x03><0x80><0x08>    í<0x03><0x80><0x08>    It had no effect on
<0xFD><0x10>""","<0x0B><0x28><0x09>V<0x0D><0x28><0x07>V<0x0E><0x28><0x05>V<0x11><0x28><0x05>V<0x16><0x28><0x03>V<0x05><0x4E><0x02>l<0x05><0x4E> l<0x05><0x4E><0x0F>B<0x07><0x49><0x08><0x47><0x07><0x4A><0x10><0x47><0x07><0x4A><0x10><0x47>3<0x3F><0x46><0x08>V<0xB3><0x2A><0x08>d<0xB3><0x2A><0x08><0x40><0xB1><0x03><0x02><0x90><0x32>  a<0x71><0x13><0x08>u<0xFB><0x03><0x08><0xB5><0x2E><0x04><0x08><0x5D><0x03><0x80><0x08>    <0x63><0x03><0x80><0x08>    í<0x03><0x80><0x08>    No tiene efecto en
<0xFD><0x10>""",123,9,132,pokemon,description,,
0x00800820,"<0x0D><0x28><0x07>V<0x0E><0x28><0x05>V<0x11><0x28><0x05>V<0x16><0x28><0x03>V<0x05><0x4E><0x02>l<0x05><0x4E> l<0x05><0x4E><0x0F>B<0x07><0x49><0x08><0x47><0x07><0x4A><0x10><0x47><0x07><0x4A><0x10><0x47>3<0x3F><0x46><0x08>V<0xB3><0x2A><0x08>d<0xB3><0x2A><0x08><0x40><0xB1><0x03><0x02><0x90><0x32>  a<0x71><0x13><0x08>u<0xFB><0x03><0x08><0xB5><0x2E><0x04><0x08><0x5D><0x03><0x80><0x08>    <0x63><0x03><0x80><0x08>    í<0x03><0x80><0x08>    It had no effect on
<0xFD><0x10>""","<0x0D><0x28><0x07>V<0x0E><0x28><0x05>V<0x11><0x28><0x05>V<0x16><0x28><0x03>V<0x05><0x4E><0x02>l<0x05><0x4E> l<0x05><0x4E><0x0F>B<0x07><0x49><0x08><0x47><0x07><0x4A><0x10><0x47><0x07><0x4A><0x10><0x47>3<0x3F><0x46><0x08>V<0xB3><0x2A><0x08>d<0xB3><0x2A><0x08><0x40><0xB1><0x03><0x02><0x90><0x32>  a<0x71><0x13><0x08>u<0xFB><0x03><0x08><0xB5><0x2E><0x04><0x08><0x5D><0x03><0x80><0x08>    <0x63><0x03><0x80><0x08>    í<0x03><0x80><0x08>    No tiene efecto en
<0xFD><0x10>""",119,9,128,pokemon,description,,
0x00800830,"<0x05><0x4E><0x02>l<0x05><0x4E> l<0x05><0x4E><0x0F>B<0x07><0x49><0x08><0x47><0x07><0x4A><0x10><0x47><0x07><0x4A><0x10><0x47>3<0x3F><0x46><0x08>V<0xB3><0x2A><0x08>d<0xB3><0x2A><0x08><0x40><0xB1><0x03><0x02><0x90><0x32>  a<0x71><0x13><0x08>u<0xFB><0x03><0x08><0xB5><0x2E><0x04><0x08><0x5D><0x03><0x80><0x08>    <0x63><0x03><0x80><0x08>    í<0x03><0x80><0x08>    It had no effect on
<0xFD><0x10>""","<0x05><0x4E><0x02>l<0x05><0x4E> l<0x05><0x4E><0x0F>B<0x07><0x49><0x08><0x47><0x07><0x4A><0x10><0x47><0x07><0x4A><0x10><0x47>3<0x3F><0x46><0x08>V<0xB3><0x2A><0x08>d<0xB3><0x2A><0x08><0x40><0xB1><0x03><0x02><0x90><0x32>  a<0x71><0x13><0x08>u<0xFB><0x03><0x08><0xB5><0x2E><0x04><0x08><0x5D><0x03><0x80><0x08>    <0x63><0x03><0x80><0x08>    í<0x03><0x80><0x08>    No tiene efecto en
<0xFD><0x10>""",103,9,112,pokemon,description,,
0x00800831,"<0x4E><0x02>l<0x05><0x4E> l<0x05><0x4E><0x0F>B<0x07><0x49><0x08><0x47><0x07><0x4A><0x10><0x47><0x07><0x4A><0x10><0x47>3<0x3F><0x46><0x08>V<0xB3><0x2A><0x08>d<0xB3><0x2A><0x08><0x40><0xB1><0x03><0x02><0x90><0x32>  a<0x71><0x13><0x08>u<0xFB><0x03><0x08><0xB5><0x2E><0x04><0x08><0x5D><0x03><0x80><0x08>    <0x63><0x03><0x80><0x08>    í<0x03><0x80><0x08>    It had no effect on
<0xFD><0x10>""","<0x4E><0x02>l<0x05><0x4E> l<0x05><0x4E><0x0F>B<0x07><0x49><0x08><0x47><0x07><0x4A><0x10><0x47><0x07><0x4A><0x10><0x47>3<0x3F><0x46><0x08>V<0xB3><0x2A><0x08>d<0xB3><0x2A><0x08><0x40><0xB1><0x03><0x02><0x90><0x32>  a<0x71><0x13><0x08>u<0xFB><0x03><0x08><0xB5><0x2E><0x04><0x08><0x5D><0x03><0x80><0x08>    <0x63><0x03><0x80><0x08>    í<0x03><0x80><0x08>    No tiene efecto en
<0xFD><0x10>""",102,9,111,pokemon,description,,
0x00800838,"<0x05><0x4E><0x0F>B<0x07><0x49><0x08><0x47><0x07><0x4A><0x10><0x47><0x07><0x4A><0x10><0x47>3<0x3F><0x46><0x08>V<0xB3><0x2A><0x08>d<0xB3><0x2A><0x08><0x40><0xB1><0x03><0x02><0x90><0x32>  a<0x71><0x13><0x08>u<0xFB><0x03><0x08><0xB5><0x2E><0x04><0x08><0x5D><0x03><0x80><0x08>    <0x63><0x03><0x80><0x08>    í<0x03><0x80><0x08>    It had no effect on
<0xFD><0x10>""","<0x05><0x4E><0x0F>B<0x07><0x49><0x08><0x47><0x07><0x4A><0x10><0x47><0x07><0x4A><0x10><0x47>3<0x3F><0x46><0x08>V<0xB3><0x2A><0x08>d<0xB3><0x2A><0x08><0x40><0xB1><0x03><0x02><0x90><0x32>  a<0x71><0x13><0x08>u<0xFB><0x03><0x08><0xB5><0x2E><0x04><0x08><0x5D><0x03><0x80><0x08>    <0x63><0x03><0x80><0x08>    í<0x03><0x80><0x08>    No tiene efecto en
<0xFD><0x10>""",95,9,104,pokemon,description,,
0x0080083E,"<0x08><0x47><0x07><0x4A><0x10><0x47><0x07><0x4A><0x10><0x47>3<0x3F><0x46><0x08>V<0xB3><0x2A><0x08>d<0xB3><0x2A><0x08><0x40><0xB1><0x03><0x02><0x90><0x32>  a<0x71><0x13><0x08>u<0xFB><0x03><0x08><0xB5><0x2E><0x04><0x08><0x5D><0x03><0x80><0x08>    <0x63><0x03><0x80><0x08>    í<0x03><0x80><0x08>    It had no effect on
<0xFD><0x10>""","<0x08><0x47><0x07><0x4A><0x10><0x47><0x07><0x4A><0x10><0x47>3<0x3F><0x46><0x08>V<0xB3><0x2A><0x08>d<0xB3><0x2A><0x08><0x40><0xB1><0x03><0x02><0x90><0x32>  a<0x71><0x13><0x08>u<0xFB><0x03><0x08><0xB5><0x2E><0x04><0x08><0x5D><0x03><0x80><0x08>    <0x63><0x03><0x80><0x08>    í<0x03><0x80><0x08>    No tiene efecto en
<0xFD><0x10>""",89,9,98,pokemon,description,,
0x0080083F,"<0x47><0x07><0x4A><0x10><0x47><0x07><0x4A><0x10><0x47>3<0x3F><0x46><0x08>V<0xB3><0x2A><0x08>d<0xB3><0x2A><0x08><0x40><0xB1><0x03><0x02><0x90><0x32>  a<0x71><0x13><0x08>u<0xFB><0x03><0x08><0xB5><0x2E><0x04><0x08><0x5D><0x03><0x80><0x08>    <0x63><0x03><0x80><0x08>    í<0x03><0x80><0x08>    It had no effect on
<0xFD><0x10>""","<0x47><0x07><0x4A><0x10><0x47><0x07><0x4A><0x10><0x47>3<0x3F><0x46><0x08>V<0xB3><0x2A><0x08>d<0xB3><0x2A><0x08><0x40><0xB1><0x03><0x02><0x90><0x32>  a<0x71><0x13><0x08>u<0xFB><0x03><0x08><0xB5><0x2E><0x04><0x08><0x5D><0x03><0x80><0x08>    <0x63><0x03><0x80><0x08>    í<0x03><0x80><0x08>    No tiene efecto en
<0xFD><0x10>""",88,9,97,pokemon,description,,
0x00800843,"<0x47><0x07><0x4A><0x10><0x47>3<0x3F><0x46><0x08>V<0xB3><0x2A><0x08>d<0xB3><0x2A><0x08><0x40><0xB1><0x03><0x02><0x90><0x32>  a<0x71><0x13><0x08>u<0xFB><0x03><0x08><0xB5><0x2E><0x04><0x08><0x5D><0x03><0x80><0x08>    <0x63><0x03><0x80><0x08>    í<0x03><0x80><0x08>    It had no effect on
<0xFD><0x10>""","<0x47><0x07><0x4A><0x10><0x47>3<0x3F><0x46><0x08>V<0xB3><0x2A><0x08>d<0xB3><0x2A><0x08><0x40><0xB1><0x03><0x02><0x90><0x32>  a<0x71><0x13><0x08>u<0xFB><0x03><0x08><0xB5><0x2E><0x04><0x08><0x5D><0x03><0x80><0x08>    <0x63><0x03><0x80><0x08>    í<0x03><0x80><0x08>    No tiene efecto en
<0xFD><0x10>""",84,9,93,pokemon,description,,
0x00800846,"<0x10><0x47>3<0x3F><0x46><0x08>V<0xB3><0x2A><0x08>d<0xB3><0x2A><0x08><0x40><0xB1><0x03><0x02><0x90><0x32>  a<0x71><0x13><0x08>u<0xFB><0x03><0x08><0xB5><0x2E><0x04><0x08><0x5D><0x03><0x80><0x08>    <0x63><0x03><0x80><0x08>    í<0x03><0x80><0x08>    It had no effect on
<0xFD><0x10>""","<0x10><0x47>3<0x3F><0x46><0x08>V<0xB3><0x2A><0x08>d<0xB3><0x2A><0x08><0x40><0xB1><0x03><0x02><0x90><0x32>  a<0x71><0x13><0x08>u<0xFB><0x03><0x08><0xB5><0x2E><0x04><0x08><0x5D><0x03><0x80><0x08>    <0x63><0x03><0x80><0x08>    í<0x03><0x80><0x08>    No tiene efecto en
<0xFD><0x10>""",81,9,90,pokemon,description,,
0x00800848,"3<0x3F><0x46><0x08>V<0xB3><0x2A><0x08>d<0xB3><0x2A><0x08><0x40><0xB1><0x03><0x02><0x90><0x32>  a<0x71><0x13><0x08>u<0xFB><0x03><0x08><0xB5><0x2E><0x04><0x08><0x5D><0x03><0x80><0x08>    <0x63><0x03><0x80><0x08>    í<0x03><0x80><0x08>    It had no effect on
<0xFD><0x10>""","3<0x3F><0x46><0x08>V<0xB3><0x2A><0x08>d<0xB3><0x2A><0x08><0x40><0xB1><0x03><0x02><0x90><0x32>  a<0x71><0x13><0x08>u<0xFB><0x03><0x08><0xB5><0x2E><0x04><0x08><0x5D><0x03><0x80><0x08>    <0x63><0x03><0x80><0x08>    í<0x03><0x80><0x08>    No tiene efecto en
<0xFD><0x10>""",79,9,88,pokemon,description,,
0x00800856,"<0x03><0x02><0x90><0x32>  a<0x71><0x13><0x08>u<0xFB><0x03><0x08><0xB5><0x2E><0x04><0x08><0x5D><0x03><0x80><0x08>    <0x63><0x03><0x80><0x08>    í<0x03><0x80><0x08>    It had no effect on
<0xFD><0x10>""","<0x03><0x02><0x90><0x32>  a<0x71><0x13><0x08>u<0xFB><0x03><0x08><0xB5><0x2E><0x04><0x08><0x5D><0x03><0x80><0x08>    <0x63><0x03><0x80><0x08>    í<0x03><0x80><0x08>    No tiene efecto en
<0xFD><0x10>""",65,9,74,pokemon,description,,
0x00800874,"    í<0x03><0x80><0x08>    It had no effect on
<0xFD><0x10>""","    í<0x03><0x80><0x08>    No tiene efecto en
<0xFD><0x10>""",35,9,44,pokemon,description,,
0x00800880,"It had no effect on
<0xFD><0x10>""","No tiene efecto en
<0xFD><0x10>""",23,9,32,pokemon,description,,
0x00800888,"o effect on
<0xFD><0x10>"""," efecto en
<0xFD><0x10>""",15,9,24,pokemon,other,,
0x0080088B,"ffect on
<0xFD><0x10>""","ecto en
<0xFD><0x10>""",12,9,21,pokemon,other,,
0x0080DC10,"<0xFD><0x0F> lost some
of its HP!","<0x52><0xFD><0x0F> pierde parte
de PS!",23,9,32,pokemon,dialogue,<0xFD><0x0F> perd des PV !,
0x0082FFDC,"<0x8C> È<0x08>    <0x68> È<0x08><0x3C> È<0x08><0xFD>  regained its
true power through Ultra Burst!","<0x8C> È<0x08>    <0x68> È<0x08><0x3C> È<0x08><0x52><0xFD>  recuperó su poder
por Ultraexplosión!<0xFB>",63,4,67,pokemon,dialogue,,
0x0082FFEC,"<0xFD>  regained its
true power through Ultra Burst!","<0x52><0xFD>  recuperó su poder
por Ultraexplosión!<0xFB>",47,4,51,pokemon,dialogue,,
0x0083003C,"Bright light is about to burst out of
<0xFD> !","<0x52>Una luz brillante pronto saldrá de
<0xFD> !",41,3,44,pokemon,dialogue,,
0x0083003D,"right light is about to burst out of
<0xFD> !","Una luz brillante pronto saldrá de
<0xFD> !",40,3,43,pokemon,dialogue,,
0x0083008C,"<0xFD> 's <0xFD><0x01> is reacting
to <0xFD><0x02>'s <0xFD><0x03>!","<0xFD> 's <0xFD><0x01> is ssacting
to <0xFD><0x02>'s <0xFD><0x03>!",31,1,32,pokemon,dialogue,,
0x008854B0,"You are challenged by
<0xFD><0x1C> <0xFD><0x1D>!<0xFB>","<0x52><0xFD><0x1C> y <0xFD><0x1D>
te desafían!<0xFB>",29,3,32,pokemon,dialogue,"Vous êtes mis au défi par <0xFD><0x1C>
<0xFD><0x1D>!<0xFB>",
0x008A0E50,"<0xFD><0x0F> was burned
by the Flame Orb!","<0x52><0xFD><0x0F> se ha quemado por
Llae Orb!",31,1,32,pokemon,dialogue,,
0x008A3D40,"<0xFD><0x10>'s <0xFD><0x16>
hurt <0xFD><0x0F>!","<0xFD><0x10>'s <0xFD><0x16>
ssrt <0xFD><0x0F>!",16,16,32,pokemon,dialogue,,
0x008AC410,"<0xFD><0x10>'s <0xFD><0x16>
reduced <0xFD><0x14>'s power!","<0xFD><0x10>'s <0xFD><0x16>
resssed <0xFD><0x14>'s power!",27,437,464,pokemon,dialogue,"Le <0xFD><0x10> de <0xFD><0x16> a réduit la
puissance de <0xFD><0x14> !",
0x008B7270,"The bursting flame hit
<0xFD><0x10>!","La llama explosiva golpeó
a <0xFD><0x10>.",26,7,33,pokemon,dialogue,"La gerbe de flammes touche
<0xFD><0x10> !",
0x008B7F26,<<0xFF><0xFF><0xFF><0xFF><0xFF><0xFF><0xFF><0xFF><0xFF><0xFD><0x10><0xB4><0xE7>,<<0xFF><0xFF><0xFF><0xFF><0xFF><0xFF><0xFF><0xFF><0xFF>R<0xFD><0x10>,14,1,15,ascii,description,,
0x008B7F30,"<0xFD><0x10>'s disguise
served as its decoy!","<0x52><0xFD><0x10> tiene un
disfraz como señuelo!",34,14,48,pokemon,dialogue,"Le Déguisement de
<0xFD><0x10> servait de leurre !",
0x008B8630,"<0xFD><0x10> took over 
<0xFD><0x19>!","<0xFD><0x10> toss over 
<0xFD><0x19>!",17,15,32,pokemon,dialogue,"<0xFD><0x10> s'approprie
<0xFD><0x19> !",
0x008BB200,"<0xFD><0x0F> floats in
the air with its Air Balloon!","<0x52><0xFD><0x0F> flota en el
aire con su Globo Helio!",42,6,48,pokemon,dialogue,"<0xFD><0x0F> flotte dans l'air
grâce à son Ballon !",
0x008BBEA0,"<0xFD><0x0F>'s
Heal Block wore off!","<0x52>Anticura de <0xFD><0x0F>
ha desaparecido",25,7,32,pokemon,dialogue,"Anti-Soin de
<0xFD><0x0F> s'estompe !",
0x008BC990,"<0xFD><0x10> was
prevented from healing!",<0x52><0xFD><0x10> no puede curarse!,30,3,33,pokemon,dialogue,"<0xFD><0x10> ne peut plus se
soigner !",
0x008BC9B0,"<0xFD><0x10> can't use
items anymore!","<0x52><0xFD><0x10> ya no puede usar
objetos!",27,5,32,pokemon,dialogue,"<0xFD><0x10> ne peut plus
utiliser d'objets !",
0x008BC9D0,"<0xFD><0x10> is covered
in powder!","<0x52><0xFD><0x10> es cubierto
de polvo!",24,8,32,pokemon,dialogue,"<0xFD><0x10> est couvert de
poudre !",
0x008BF9F0,"<0xFD><0x10>'s illusion
wore off!","<0x52>Ilusión de <0xFD><0x13>
terminó!",23,9,32,pokemon,dialogue,"L'illusion de
<0xFD><0x10> se dissipe !",
0x008C577C,<0x9C><0x28> ú<0x30><0x2F><0x7E> 3  4<0x0F> <0x9E><0x57><0x8C><0x08><0x09><0x04><0x68><0x6C><0x02><0x0F> n<0x6A><0x41><0x08><0x09><0x04><0x68><0x6C><0x02><0xFD><0x02> blew away the fog!,<0x9C><0x28> ú<0x30><0x2F><0x7E> 3  4<0x0F> <0x9E><0x57><0x8C><0x08><0x09><0x04><0x68><0x6C><0x02><0x0F> n<0x6A><0x41><0x08><0x09><0x04><0x68><0x6C><0x02><0x52><0xFD><0x02> disipó la niebla!,55,3,58,pokemon,dialogue,,
0x008C5793,<0x0F> n<0x6A><0x41><0x08><0x09><0x04><0x68><0x6C><0x02><0xFD><0x02> blew away the fog!,<0x0F> n<0x6A><0x41><0x08><0x09><0x04><0x68><0x6C><0x02><0x52><0xFD><0x02> disipó la niebla!,32,3,35,pokemon,dialogue,,
0x008C579E,<0xFD><0x02> blew away the fog!,<0x52><0xFD><0x02> disipó la niebla!,21,3,24,pokemon,dialogue,,
0x008CAF31,"You should visit your <0xFC><0x01><0x06>mother<0xFC><0x01><0x08> before
getting my package, <0xFD><0x01>.<0xFB>She is likely very worried
about you.","Yousshould visit your <0xFC><0x01><0x06>mother<0xFC><0x01><0x08> before
getting my package, <0xFD><0x01>.<0xFB>She is likely very worried
about you.",103,2,105,pokemon,dialogue,,
0x008CD5E2,"<0x0F> <0x41>m<0x8C><0x08><0x09><0x02><0x05>I<0x05><0x74><0x08><0x0F> km<0x8C><0x08><0x09><0x02><0x05>I<0x05><0x74><0x08>Hello there, young <0xFD><0x02>!
What can I do for you?<0xFB>""<0xFB>""<0xFB>Ah, so Log sent you.<0xFB>I hope I can shed a little light on
what is bothering him.<0xFB>Are you well versed in Borrian
history?","<0x0F> <0x41>m<0x8C><0x08><0x09><0x02><0x05>I<0x05><0x74><0x08><0x0F> km<0x8C><0x08><0x09><0x02><0x05>I<0x05><0x74><0x08><0x52>Hola! <0x51>Qué puedo hacer por ti?<0xFB>""<0xFB>""<0xFB>Ah, entonces Long te envió.<0xFB>Espero poder arrojar un poco de luz
sobre lo que le molesta.<0xFB><0x51>Conoces bien la historia de
Borrian?",195,2,197,pokemon,dialogue,,
0x008CD5EF,"<0x0F> km<0x8C><0x08><0x09><0x02><0x05>I<0x05><0x74><0x08>Hello there, young <0xFD><0x02>!
What can I do for you?<0xFB>""<0xFB>""<0xFB>Ah, so Log sent you.<0xFB>I hope I can shed a little light on
what is bothering him.<0xFB>Are you well versed in Borrian
history?","<0x0F> km<0x8C><0x08><0x09><0x02><0x05>I<0x05><0x74><0x08><0x52>Hola! <0x51>Qué puedo hacer por ti?<0xFB>""<0xFB>""<0xFB>Ah, entonces Long te envió.<0xFB>Espero poder arrojar un poco de luz
sobre lo que le molesta.<0xFB><0x51>Conoces bien la historia de
Borrian?",182,2,184,pokemon,dialogue,,
0x008CD5FC,"Hello there, young <0xFD><0x02>!
What can I do for you?<0xFB>""<0xFB>""<0xFB>Ah, so Log sent you.<0xFB>I hope I can shed a little light on
what is bothering him.<0xFB>Are you well versed in Borrian
history?","<0x52>Hola! <0x51>Qué puedo hacer por ti?<0xFB>""<0xFB>""<0xFB>Ah, entonces Long te envió.<0xFB>Espero poder arrojar un poco de luz
sobre lo que le molesta.<0xFB><0x51>Conoces bien la historia de
Borrian?",169,2,171,pokemon,dialogue,,
0x00906619,"The <0xFD><0x14> shielded the
opposing team from critical hits!","<0x52>Conjuro protege al equipo opuesto
de golpes críticos!",53,3,56,pokemon,dialogue,"<0xFD><0x14> protège
l'équipe adverse des critiques !",
0x00907C40,<0xFD><0x0F> is drowsing!,<0xFD><0x0F> is ssowsing!,15,1,16,pokemon,dialogue,<0xFD><0x0F> s'assoupit !,
0x009085A0,"<0xFD><0x10>'s stat changes
were removed!","<0xFD><0x10> s stat changes
werexremoved!",31,17,48,pokemon,dialogue,"Les changements de stats de
<0xFD><0x10> sont annulés !",
0x0090D3F0,"You sense the presence of many.<0xFA><0xFD><0x0F>'s <0xFD><0x18>
activated!","You sense the presence of many.<0xFA><0xFD><0x0F>'s <0xFD><0x18>
acwivated!",50,14,64,pokemon,dialogue,"Vous sentez des présences.<0xFA><0xFD><0x0F>
<0xFD><0x18> s'active !",
0x0090D9B0,<0xFD><0x0F> became nimble!,<0x52><0xFD><0x0F> es más ágil!,17,16,33,pokemon,dialogue,<0xFD><0x0F> devient agile !,
0x0090F580,"<0xFD><0x0F> twisted
the dimensions!","<0x52><0xFD><0x0F> torció las
dimensiones!",26,6,32,pokemon,dialogue,<0xFD><0x0F> tord l'espace-temps !,
0x0090F8F0,"<0xFD><0x0F> switched
its Attack and Defense!","<0x52><0xFD><0x0F> cambió su Ataque
y Defensa!",35,13,48,pokemon,dialogue,"<0xFD><0x0F> inverse son Attaque
et sa Défense !",
0x00964A54,HP  <0xFD><0x02>,PS  <0xFD><0x02>,6,3,9,pokemon,location,,
0x00964A5B,Atk <0xFD><0x02>,Atq <0xFD><0x02>,6,3,9,pokemon,location,,
0x00964A69,Spe <0xFD><0x02>,Vel <0xFD><0x02>,6,3,9,pokemon,location,,
0x00964A70,SpA <0xFD><0x02>,AEp <0xFD><0x02>,6,3,9,pokemon,location,,
0x00964A77,SpD <0xFD><0x02>,DEp <0xFD><0x02>,6,2,8,pokemon,location,,
0x00965C16,"<0xFD><0x13>'s illusion
wore off!","<0x52>Ilusión de <0xFD><0x13>
terminó!",23,3,26,pokemon,dialogue,"L'illusion de <0xFD><0x13>
se dissipe !",
0x00965C2E,"It had no effect on
<0xFD><0x10>""","No tiene efecto en
<0xFD><0x10>""",23,2,25,pokemon,description,"Aucun effet sur
<0xFD><0x10>...",
0x00965C46,"<0xFD><0x10>'s disguise
served as its decoy!","<0x52><0xFD><0x10> tiene un
disfraz como señuelo!",34,2,36,pokemon,dialogue,"Le déguisement de
<0xFD><0x10> a servi d'appât !",
0x00965C83,"<0xFD><0x13> took over 
<0xFD><0x11>'s <0xFD>é!","<0x52><0xFD><0x13> tomó <0xFD>é
de <0xFD><0x11>!",22,2,24,pokemon,dialogue,"{B_SCR_ACTIVE_NAME_WITH_PREFIX} s'empare de
{B_EFF_ABILITY} de {B_EFF_NAME_WITH_PREFIX} !",
0x0096605A,"<0x41>7<0x96><0x1D><0x08><0x45><0x0A><0x48>    <0xFA><0x20>l<0x03><0x02><0x0B>H3<0x08><0x10>É<0x01><0x12><0x40> <0x98><0x0A><0x3C><0xFD><0x13>'s <0xFD> 
<0xFD><0x01>","<0x41>7<0x96><0x1D><0x08><0x45><0x0A><0x48>    <0xFA><0x20>l<0x03><0x02>GL<0x5F><0x09><0x10>É<0x01><0x12><0x40> <0x98><0x0A><0x3C><0xFD><0x13>'s <0xFD> 
<0xFD><0x01>",40,3,43,pokemon,description,,
0x00966169,"<0xFD><0x10> surrounds itself
with psychic terrain!","<0x52><0xFD><0x10> se ha rodeado
de un campo psíquico!",41,3,44,pokemon,dialogue,"<0xFD><0x10> crée un
Champ Psychique !",
0x009661C9,"<0xFD><0x0F> transformed
into its blade form!","<0x52><0xFD><0x0F> se transformó
en forma Espada!",35,2,37,pokemon,dialogue,"<0xFD><0x0F> prend sa
forme Lame !",
0x009661ED,"<0xFD><0x0F> transformed
into its shield form!","<0x52><0xFD><0x0F> se transformó
en forma Escudo!",36,2,38,pokemon,dialogue,"<0xFD><0x0F> prend sa
forme Bouclier !",
0x00966212,"<0xFD><0x0F> surrounded
itself with its Z-Power!","<0x52><0xFD><0x0F> se ha rodeado
de Poder Z!",38,2,40,pokemon,dialogue,"<0xFD><0x0F> canalise
sa Force Z !",
0x0096625D,"<0xFD><0x13>'s illusion
wore off!","<0x52>Ilusión de <0xFD><0x13>
terminó!",23,3,26,pokemon,dialogue,"L'illusion de <0xFD><0x13>
se dissipe !",
0x00966502,"<0x10><0x30><0x01><0x12><0x0A> <0x45><0x0A><0x34>    <0xFA><0x20>l<0x03><0x02>-<0x66><0x96><0x08><0x10>É<0x01><0x12><0x40> <0x3F> <0x28><0xB9>a<0x96><0x08><0x41><0x2B><0x65><0x96><0x08><0x3F><0x10>É<0x01><0x12><0x40> <0x3C><0x45><0x0A><0x45>    <0x10>É<0x01><0x12><0x40> <0xFA><0x20>l<0x03><0x02><0xB1>F3<0x08><0x41><0x4E><0x65><0x96><0x08><0x3F><0x45><0x0A><0x47>    <0x10>É<0x01><0x12><0x40> <0x3C><0x45><0x0A><0x46>    <0x10>É<0x01><0x12><0x40> <0x3F><0x39><0x20> <0xF8>G<0xB9><0x9D><0x08><0x39><0x10> <0xFA><0x20>l<0x03><0x02><0x2F>G3<0x08><0x10>É<0x01><0x12><0x40> <0x3F><0xFD><0x0F> floats in
the air with its Air Balloon!","<0x10><0x30><0x01><0x12><0x0A> <0x45><0x0A><0x34>    <0xFA><0x20>l<0x03><0x02>-<0x66><0x96><0x08><0x10>É<0x01><0x12><0x40> <0x3F> <0x28><0xB9>a<0x96><0x08><0x41><0x2B><0x65><0x96><0x08><0x3F><0x10>É<0x01><0x12><0x40> <0x3C><0x45><0x0A><0x45>    <0x10>É<0x01><0x12><0x40> <0xFA><0x20>l<0x03><0x02><0xB1>F3<0x08><0x41><0x4E><0x65><0x96><0x08><0x3F><0x45><0x0A><0x47>    <0x10>É<0x01><0x12><0x40> <0x3C><0x45><0x0A><0x46>    <0x10>É<0x01><0x12><0x40> <0x3F><0x39><0x20> <0xF8>G<0xB9><0x9D><0x08><0x39><0x10> <0xFA><0x20>l<0x03><0x02><0x2F>G3<0x08><0x10>É<0x01><0x12><0x40> <0x3F><0x52><0xFD><0x0F> flota en el
aire con su Globo Helio!<0xFB>",173,2,175,pokemon,dialogue,,
0x0096651A,"<0x01><0x12><0x40> <0x3F> <0x28><0xB9>a<0x96><0x08><0x41><0x2B><0x65><0x96><0x08><0x3F><0x10>É<0x01><0x12><0x40> <0x3C><0x45><0x0A><0x45>    <0x10>É<0x01><0x12><0x40> <0xFA><0x20>l<0x03><0x02><0xB1>F3<0x08><0x41><0x4E><0x65><0x96><0x08><0x3F><0x45><0x0A><0x47>    <0x10>É<0x01><0x12><0x40> <0x3C><0x45><0x0A><0x46>    <0x10>É<0x01><0x12><0x40> <0x3F><0x39><0x20> <0xF8>G<0xB9><0x9D><0x08><0x39><0x10> <0xFA><0x20>l<0x03><0x02><0x2F>G3<0x08><0x10>É<0x01><0x12><0x40> <0x3F><0xFD><0x0F> floats in
the air with its Air Balloon!","<0x01><0x12><0x40> <0x3F> <0x28><0xB9>a<0x96><0x08><0x41><0x2B><0x65><0x96><0x08><0x3F><0x10>É<0x01><0x12><0x40> <0x3C><0x45><0x0A><0x45>    <0x10>É<0x01><0x12><0x40> <0xFA><0x20>l<0x03><0x02><0xB1>F3<0x08><0x41><0x4E><0x65><0x96><0x08><0x3F><0x45><0x0A><0x47>    <0x10>É<0x01><0x12><0x40> <0x3C><0x45><0x0A><0x46>    <0x10>É<0x01><0x12><0x40> <0x3F><0x39><0x20> <0xF8>G<0xB9><0x9D><0x08><0x39><0x10> <0xFA><0x20>l<0x03><0x02><0x2F>G3<0x08><0x10>É<0x01><0x12><0x40> <0x3F><0x52><0xFD><0x0F> flota en el
aire con su Globo Helio!<0xFB>",149,2,151,pokemon,dialogue,,
0x0096651F," <0x28><0xB9>a<0x96><0x08><0x41><0x2B><0x65><0x96><0x08><0x3F><0x10>É<0x01><0x12><0x40> <0x3C><0x45><0x0A><0x45>    <0x10>É<0x01><0x12><0x40> <0xFA><0x20>l<0x03><0x02><0xB1>F3<0x08><0x41><0x4E><0x65><0x96><0x08><0x3F><0x45><0x0A><0x47>    <0x10>É<0x01><0x12><0x40> <0x3C><0x45><0x0A><0x46>    <0x10>É<0x01><0x12><0x40> <0x3F><0x39><0x20> <0xF8>G<0xB9><0x9D><0x08><0x39><0x10> <0xFA><0x20>l<0x03><0x02><0x2F>G3<0x08><0x10>É<0x01><0x12><0x40> <0x3F><0xFD><0x0F> floats in
the air with its Air Balloon!"," <0x28><0xB9>a<0x96><0x08><0x41><0x2B><0x65><0x96><0x08><0x3F><0x10>É<0x01><0x12><0x40> <0x3C><0x45><0x0A><0x45>    <0x10>É<0x01><0x12><0x40> <0xFA><0x20>l<0x03><0x02><0xB1>F3<0x08><0x41><0x4E><0x65><0x96><0x08><0x3F><0x45><0x0A><0x47>    <0x10>É<0x01><0x12><0x40> <0x3C><0x45><0x0A><0x46>    <0x10>É<0x01><0x12><0x40> <0x3F><0x39><0x20> <0xF8>G<0xB9><0x9D><0x08><0x39><0x10> <0xFA><0x20>l<0x03><0x02><0x2F>G3<0x08><0x10>É<0x01><0x12><0x40> <0x3F><0x52><0xFD><0x0F> flota en el
aire con su Globo Helio!<0xFB>",144,2,146,pokemon,dialogue,,
0x00966525,"<0x41><0x2B><0x65><0x96><0x08><0x3F><0x10>É<0x01><0x12><0x40> <0x3C><0x45><0x0A><0x45>    <0x10>É<0x01><0x12><0x40> <0xFA><0x20>l<0x03><0x02><0xB1>F3<0x08><0x41><0x4E><0x65><0x96><0x08><0x3F><0x45><0x0A><0x47>    <0x10>É<0x01><0x12><0x40> <0x3C><0x45><0x0A><0x46>    <0x10>É<0x01><0x12><0x40> <0x3F><0x39><0x20> <0xF8>G<0xB9><0x9D><0x08><0x39><0x10> <0xFA><0x20>l<0x03><0x02><0x2F>G3<0x08><0x10>É<0x01><0x12><0x40> <0x3F><0xFD><0x0F> floats in
the air with its Air Balloon!","<0x41><0x2B><0x65><0x96><0x08><0x3F><0x10>É<0x01><0x12><0x40> <0x3C><0x45><0x0A><0x45>    <0x10>É<0x01><0x12><0x40> <0xFA><0x20>l<0x03><0x02><0xB1>F3<0x08><0x41><0x4E><0x65><0x96><0x08><0x3F><0x45><0x0A><0x47>    <0x10>É<0x01><0x12><0x40> <0x3C><0x45><0x0A><0x46>    <0x10>É<0x01><0x12><0x40> <0x3F><0x39><0x20> <0xF8>G<0xB9><0x9D><0x08><0x39><0x10> <0xFA><0x20>l<0x03><0x02><0x2F>G3<0x08><0x10>É<0x01><0x12><0x40> <0x3F><0x52><0xFD><0x0F> flota en el
aire con su Globo Helio!<0xFB>",138,2,140,pokemon,dialogue,,
0x0096652B,"<0x10>É<0x01><0x12><0x40> <0x3C><0x45><0x0A><0x45>    <0x10>É<0x01><0x12><0x40> <0xFA><0x20>l<0x03><0x02><0xB1>F3<0x08><0x41><0x4E><0x65><0x96><0x08><0x3F><0x45><0x0A><0x47>    <0x10>É<0x01><0x12><0x40> <0x3C><0x45><0x0A><0x46>    <0x10>É<0x01><0x12><0x40> <0x3F><0x39><0x20> <0xF8>G<0xB9><0x9D><0x08><0x39><0x10> <0xFA><0x20>l<0x03><0x02><0x2F>G3<0x08><0x10>É<0x01><0x12><0x40> <0x3F><0xFD><0x0F> floats in
the air with its Air Balloon!","<0x10>É<0x01><0x12><0x40> <0x3C><0x45><0x0A><0x45>    <0x10>É<0x01><0x12><0x40> <0xFA><0x20>l<0x03><0x02><0xB1>F3<0x08><0x41><0x4E><0x65><0x96><0x08><0x3F><0x45><0x0A><0x47>    <0x10>É<0x01><0x12><0x40> <0x3C><0x45><0x0A><0x46>    <0x10>É<0x01><0x12><0x40> <0x3F><0x39><0x20> <0xF8>G<0xB9><0x9D><0x08><0x39><0x10> <0xFA><0x20>l<0x03><0x02><0x2F>G3<0x08><0x10>É<0x01><0x12><0x40> <0x3F><0x52><0xFD><0x0F> flota en el
aire con su Globo Helio!<0xFB>",132,2,134,pokemon,dialogue,,
0x0096653F,"<0xFA><0x20>l<0x03><0x02><0xB1>F3<0x08><0x41><0x4E><0x65><0x96><0x08><0x3F><0x45><0x0A><0x47>    <0x10>É<0x01><0x12><0x40> <0x3C><0x45><0x0A><0x46>    <0x10>É<0x01><0x12><0x40> <0x3F><0x39><0x20> <0xF8>G<0xB9><0x9D><0x08><0x39><0x10> <0xFA><0x20>l<0x03><0x02><0x2F>G3<0x08><0x10>É<0x01><0x12><0x40> <0x3F><0xFD><0x0F> floats in
the air with its Air Balloon!","<0xFA><0x20>l<0x03><0x02><0xB1>F3<0x08><0x41><0x4E><0x65><0x96><0x08><0x3F><0x45><0x0A><0x47>    <0x10>É<0x01><0x12><0x40> <0x3C><0x45><0x0A><0x46>    <0x10>É<0x01><0x12><0x40> <0x3F><0x39><0x20> <0xF8>G<0xB9><0x9D><0x08><0x39><0x10> <0xFA><0x20>l<0x03><0x02><0x2F>G3<0x08><0x10>É<0x01><0x12><0x40> <0x3F><0x52><0xFD><0x0F> flota en el
aire con su Globo Helio!<0xFB>",112,2,114,pokemon,dialogue,,
0x00966585,"<0xFD><0x0F> floats in
the air with its Air Balloon!","<0x52><0xFD><0x0F> flota en el
aire con su Globo Helio!<0xFB>",42,2,44,pokemon,dialogue,,
0x00966B8C,"<0xFD><0x11> is badly
poisoned by the Toxic Spikes!","<0x52><0xFD><0x11> tendrá veneno por las
puás tóxicas!",41,3,44,pokemon,dialogue,"<0xFD><0x11> est gravement
empoisonné par Pics Toxik !",
0x00966BB6,"<0xFD><0x11> was badly
poisoned by the <0xFD><0x16>!","<0x52><0xFD><0x11> ha sido envenenado
por <0xFD><0x16>!",32,2,34,pokemon,dialogue,"<0xFD><0x11> est gravement
empoisonné par le <0xFD><0x16> !",
0x00966BD7,"<0xFD><0x11> was
poisoned by the Baneful Bunker!","<0x52><0xFD><0x11> ha sido envenenado
por Búnker!",38,3,41,pokemon,dialogue,"<0xFD><0x11> est
empoisonné par Blockhaus !",
0x00966C61,"<0xFD><0x0F> cut its own
HP to power up its attack!","<0x52><0xFD><0x0F> pierde sus PS
y potencia su ataque!",41,3,44,pokemon,dialogue,"<0xFD><0x0F> sacrifie des PV
pour booster son attaque !",
0x00966C8B,"<0xFD><0x0F> lost some
of its HP!","<0x52><0xFD><0x0F> pierde parte
de PS!",23,3,26,pokemon,dialogue,<0xFD><0x0F> perd quelques PV !,
0x00966DFB,<0xFA><0x20>l<0x03><0x02><0x6E>P3<0x08><0x10>É<0x01><0xF8><0x89><0x8A><0x9B><0x08><0xF8>m<0x8A><0x9B><0x08><0x3E><0x45><0x0A><0x47>    <0x45><0x0A><0x49>    <0x10>É<0x01><0x12><0x40> <0x2E><0x8A><0x3E><0x02><0x02><0x05><0x3E><0xFA><0x20>l<0x03><0x02>QH3<0x08><0x10>É<0x01><0x12><0x40> <0x2E><0x8A><0x3E><0x02><0x02><0x05><0x3E><0xFA><0x20>l<0x03><0x02>wH3<0x08><0x10>É<0x01><0x12><0x40> <0x3E><0x13><0xF2>q<0x3F><0x08><0x12><0x40> <0x31>g<0x3F><0x02><0x02><0x6C><0x3D><0x02><0x02><0x01><0xF8><0x09><0x87><0x9B><0x08><0xFA><0x20>l<0x03><0x02>wH3<0x08><0x10>É<0x01><0x12><0x40> <0x2E><0x8A><0x3E><0x02><0x02><0x01><0xF6><0x10><0x30><0x01><0x41><0x4A><0x5B><0x96><0x08><0x10>k <0x12><0x40> <0x3E><0xF8><0x05><0x91><0x9C><0x08><0xFA><0x20>l<0x03><0x02>D<0xB9>3<0x08><0x10>É<0x01><0xF8><0x89><0x8A><0x9B><0x08><0xF8><0x2D><0x91><0x9C><0x08><0xF8><0x05><0x91><0x9C><0x08><0xF8><0x5D><0x97><0x9C><0x08><0x10>É<0x01><0x12><0x40> <0x3C> <0xFD><0x30>,<0xFA><0x20>l<0x03><0x02><0x6E>P3<0x08><0x10>É<0x01><0xF8><0x89><0x8A><0x9B><0x08><0xF8>m<0x8A><0x9B><0x08><0x3E><0x45><0x0A><0x47>    <0x45><0x0A><0x49>    <0x10>É<0x01><0x12><0x40> <0x2E><0x8A><0x3E><0x02><0x02><0x05><0x3E><0xFA><0x20>l<0x03><0x02>QH3<0x08><0x10>É<0x01><0x12><0x40> <0x2E><0x8A><0x3E><0x02><0x02><0x05><0x3E><0xFA><0x20>l<0x03><0x02><0x20>M<0x5F><0x09><0x10>É<0x01><0x12><0x40> <0x3E><0x13><0xF2>q<0x3F><0x08><0x12><0x40> <0x31>g<0x3F><0x02><0x02><0x6C><0x3D><0x02><0x02><0x01><0xF8><0x09><0x87><0x9B><0x08><0xFA><0x20>l<0x03><0x02><0x20>M<0x5F><0x09><0x10>É<0x01><0x12><0x40> <0x2E><0x8A><0x3E><0x02><0x02><0x01><0xF6><0x10><0x30><0x01><0x41><0x4A><0x5B><0x96><0x08><0x10>k <0x12><0x40> <0x3E><0xF8><0x05><0x91><0x9C><0x08><0xFA><0x20>l<0x03><0x02>D<0xB9>3<0x08><0x10>É<0x01><0xF8><0x89><0x8A><0x9B><0x08><0xF8><0x2D><0x91><0x9C><0x08><0xF8><0x05><0x91><0x9C><0x08><0xF8><0x5D><0x97><0x9C><0x08><0x10>É<0x01><0x12><0x40> <0x3C> <0xFD><0x30>,195,4,199,pokemon,description,,
0x00966E2D,<0xFA><0x20>l<0x03><0x02>QH3<0x08><0x10>É<0x01><0x12><0x40> <0x2E><0x8A><0x3E><0x02><0x02><0x05><0x3E><0xFA><0x20>l<0x03><0x02>wH3<0x08><0x10>É<0x01><0x12><0x40> <0x3E><0x13><0xF2>q<0x3F><0x08><0x12><0x40> <0x31>g<0x3F><0x02><0x02><0x6C><0x3D><0x02><0x02><0x01><0xF8><0x09><0x87><0x9B><0x08><0xFA><0x20>l<0x03><0x02>wH3<0x08><0x10>É<0x01><0x12><0x40> <0x2E><0x8A><0x3E><0x02><0x02><0x01><0xF6><0x10><0x30><0x01><0x41><0x4A><0x5B><0x96><0x08><0x10>k <0x12><0x40> <0x3E><0xF8><0x05><0x91><0x9C><0x08><0xFA><0x20>l<0x03><0x02>D<0xB9>3<0x08><0x10>É<0x01><0xF8><0x89><0x8A><0x9B><0x08><0xF8><0x2D><0x91><0x9C><0x08><0xF8><0x05><0x91><0x9C><0x08><0xF8><0x5D><0x97><0x9C><0x08><0x10>É<0x01><0x12><0x40> <0x3C> <0xFD><0x30>,<0xFA><0x20>l<0x03><0x02>QH3<0x08><0x10>É<0x01><0x12><0x40> <0x2E><0x8A><0x3E><0x02><0x02><0x05><0x3E><0xFA><0x20>l<0x03><0x02><0x20>M<0x5F><0x09><0x10>É<0x01><0x12><0x40> <0x3E><0x13><0xF2>q<0x3F><0x08><0x12><0x40> <0x31>g<0x3F><0x02><0x02><0x6C><0x3D><0x02><0x02><0x01><0xF8><0x09><0x87><0x9B><0x08><0xFA><0x20>l<0x03><0x02><0x20>M<0x5F><0x09><0x10>É<0x01><0x12><0x40> <0x2E><0x8A><0x3E><0x02><0x02><0x01><0xF6><0x10><0x30><0x01><0x41><0x4A><0x5B><0x96><0x08><0x10>k <0x12><0x40> <0x3E><0xF8><0x05><0x91><0x9C><0x08><0xFA><0x20>l<0x03><0x02>D<0xB9>3<0x08><0x10>É<0x01><0xF8><0x89><0x8A><0x9B><0x08><0xF8><0x2D><0x91><0x9C><0x08><0xF8><0x05><0x91><0x9C><0x08><0xF8><0x5D><0x97><0x9C><0x08><0x10>É<0x01><0x12><0x40> <0x3C> <0xFD><0x30>,145,4,149,pokemon,description,,
0x00966E43,<0xFA><0x20>l<0x03><0x02>wH3<0x08><0x10>É<0x01><0x12><0x40> <0x3E><0x13><0xF2>q<0x3F><0x08><0x12><0x40> <0x31>g<0x3F><0x02><0x02><0x6C><0x3D><0x02><0x02><0x01><0xF8><0x09><0x87><0x9B><0x08><0xFA><0x20>l<0x03><0x02>wH3<0x08><0x10>É<0x01><0x12><0x40> <0x2E><0x8A><0x3E><0x02><0x02><0x01><0xF6><0x10><0x30><0x01><0x41><0x4A><0x5B><0x96><0x08><0x10>k <0x12><0x40> <0x3E><0xF8><0x05><0x91><0x9C><0x08><0xFA><0x20>l<0x03><0x02>D<0xB9>3<0x08><0x10>É<0x01><0xF8><0x89><0x8A><0x9B><0x08><0xF8><0x2D><0x91><0x9C><0x08><0xF8><0x05><0x91><0x9C><0x08><0xF8><0x5D><0x97><0x9C><0x08><0x10>É<0x01><0x12><0x40> <0x3C> <0xFD><0x30>,<0xFA> <0xE0><0x03><0x02> <0xC7>_<0x09><0x10><0x84><0x01><0x12>@,123,4,127,pokemon,description,,
0x0096754C,"The grassy terrain restored
<0xFD><0x0F>'s health!","<0x52>La hierba ha restaurado PS de
<0xFD><0x0F>!",40,3,43,pokemon,dialogue,"Le Champ Herbu restaure
la santé de <0xFD><0x0F> !",
0x00967575,"The Aqua Ring restored
<0xFD><0x0F>'s health!","<0x52>Acua Aro restauró los PS
de <0xFD><0x0F>!",35,1,36,pokemon,dialogue,"Anneau Hydro restaure
la santé de <0xFD><0x0F> !",
0x00967797,"<0xFD><0x13>'s <0xFD><0x1A>
activated!","<0x52><0xFD><0x13> activa su
<0xFD><0x1A>!",18,2,20,pokemon,dialogue,"<0xFD><0x13> : son talent
<0xFD><0x1A> s'active !",
0x009677AA,"<0xFD><0x13>'s <0xFD><0x1A>
deactivated!","<0x52><0xFD><0x13> desactiva
su <0xFD><0x1A>!",20,2,22,pokemon,dialogue,"<0xFD><0x13> : son talent
<0xFD><0x1A> se désactive !",
0x0096BE4F,<0xFD><0x0F> became nimble!,<0x52><0xFD><0x0F> es más ágil!,17,2,19,pokemon,dialogue,<0xFD><0x0F> devient agile !,
0x0096BEC2,"<0xFD><0x0F> concentrated
intensely!","<0x52><0xFD><0x0F> se está
concentrando!",26,2,28,pokemon,dialogue,"<0xFD><0x0F> se concentre
intensément !",
0x0096BEF3,"<0xFD><0x0F> went back
to <0xFD><0x39>!","<0x52><0xFD><0x0F> retira a
<0xFD><0x39>!",19,3,22,pokemon,dialogue,"<0xFD><0x0F> est retourné
à <0xFD><0x39>ぐ !",
0x0096BF82,"<0xFD><0x0F> surrounded
itself with a veil of water!","<0x52><0xFD><0x0F> se ha
rodeado de un velo de agua!",42,3,45,pokemon,dialogue,"<0xFD><0x0F> s'entoure d'un
voile d'eau !",
0x0096C02D,"<0xFD><0x0F> became fully
charged due to its Power Herb!","<0x52><0xFD><0x0F> se ha cargado
gracias a su Hierba <0x12>nica!",46,2,48,pokemon,dialogue,"<0xFD><0x0F> se charge à fond
grace à son Herbe Pouvoir !",
0x0096C05C,"<0xFD><0x0F> switched
its Attack and Defense!","<0x52><0xFD><0x0F> cambió su Ataque
y Defensa!",35,2,37,pokemon,dialogue,"<0xFD><0x0F> inverse son
Attaque et sa Défense !",
0x0096C134,"<0xFD><0x0F> shared its
power with the target!","<0x52><0xFD><0x0F> compartió su
poder con el rival!",36,2,38,pokemon,dialogue,"<0xFD><0x0F> partage sa
puissance avec la cible !",
0x0096C159,"<0xFD><0x0F> shared its
guard with the target!","<0x52><0xFD><0x0F> compartió su
guardia con rival!",36,3,39,pokemon,dialogue,"<0xFD><0x0F> partage sa
garde avec la cible !",
0x0096C290,"<0xFD><0x10> was
prevented from healing!",<0x52><0xFD><0x10> no puede curarse!,30,3,33,pokemon,dialogue,"<0xFD><0x10> ne peut plus
se soigner !",
0x0096C2AF,"<0xFD><0x10> can't use
items anymore!","<0x52><0xFD><0x10> no puede
usar objetos!",27,3,30,pokemon,dialogue,"<0xFD><0x10> ne peut plus
utiliser d'objets !",
0x0096C2E4,"<0xFD><0x10> was hurled
into the air!","<0x52><0xFD><0x10> es arrojado
al aire!",27,3,30,pokemon,dialogue,"<0xFD><0x10> est projeté
dans les airs !",
0x0096C375,"<0xFD><0x10>
took the kind offer!","<0x52><0xFD><0x10> acepta
la oferta!",23,2,25,pokemon,dialogue,"<0xFD><0x10>
a accepté la gentille offre !",
0x0096C3A6,"<0xFD><0x0F> levitated
with electromagnetism!","<0x52><0xFD><0x0F> levita con
electromagnetismo!",35,2,37,pokemon,dialogue,"<0xFD><0x0F> lévite grâce à
l'électromagnétisme !",
0x0096CA42,"<0xFD><0x13> is switched
out with the <0xFD><0x16>!","<0x52><0xFD><0x13> se cambia
gracias a su <0xFD><0x16>!",31,3,34,pokemon,dialogue,"<0xFD><0x13> est remplacé
grâce au <0xFD><0x16> !",
0x0096CA62,"<0xFD><0x13> held up its
<0xFD><0x16> against <0xFD><0x0F>!","<0x52><0xFD><0x13> levantó su
<0xFD><0x16> contra <0xFD><0x0F>!",29,3,32,pokemon,dialogue,"<0xFD><0x13> brandit son
<0xFD><0x16> contre <0xFD><0x0F> !",
0x0096CAE2,"The <0xFD><0x16> strengthened
the power of <0xFD><0x14>!","<0x52><0xFD><0x16> ha fortalecido el
poder de <0xFD><0x14>!",36,2,38,pokemon,dialogue,"Le <0xFD><0x16> renforce
<0xFD><0x14> !",
0x0096CC1C,"<0xFD> 's <0xFD><0x16> is reacting
to <0xFD><0x39>'s <0xFD><0x01>!","<0x52><0xFD><0x16> ha reaccionado a
<0xFD><0x01> de <0xFD><0x39>!",31,3,34,pokemon,dialogue,,
0x0096CC7C,"Bright light is about to burst out of
<0xFD><0x13>!","<0x52>Una luz brillante pronto saldrá de
<0xFD><0x13>!",41,2,43,pokemon,dialogue,"Une lumière vive va jaillir de
<0xFD><0x13> !",
0x0096CCA6,"<0xFD><0x13> regained its
true power through Ultra Burst!","<0x52><0xFD><0x13> recuperó su poder
por Ultraexplosión!<0xFB>",47,1,48,pokemon,dialogue,"<0xFD><0x13> retrouve sa vraie puissance
grâce à l'Ultra-Burst !",
0x0096CCD8,"<0xFA><0x20>l<0x03><0x02><0x5C>S<0x96><0x08><0x11>É<0x01><0x44><0xFA><0x20>l<0x03><0x02><0xF7><0x7A>2<0x08><0x11>É<0x01><0x44><0xFA><0x20>l<0x03><0x02>ÈS<0x96><0x08><0x11>É<0x01><0x44><0xFA><0x20>l<0x03><0x02>.S<0x96><0x08><0x11>É<0x01><0x44><0xFA><0x20>l<0x03><0x02><0x24>E3<0x08><0x11>É<0x01><0x44><0xFA><0x20>l<0x03><0x02><0x66>E3<0x08><0x11>É<0x01><0x44><0xFA><0x20>l<0x03><0x02>VS<0x96><0x08><0x11>É<0x01><0x44><0xFA><0x20>l<0x03><0x02>
S<0x96><0x08><0x11>É<0x01><0x44><0xFA><0x20>l<0x03><0x02><0x2F>T<0x96><0x08><0x11>É<0x01><0x44><0xFA><0x20>l<0x03><0x02><0x2A><0xB9>3<0x08><0x11>É<0x01><0x44>F<0x46><0xFD><0x14> must be selected
after the Encore!<0xFB>","<0xFA><0x20>l<0x03><0x02><0x5C>S<0x96><0x08><0x11>É<0x01><0x44><0xFA><0x20>l<0x03><0x02><0xF7><0x7A>2<0x08><0x11>É<0x01><0x44><0xFA><0x20>l<0x03><0x02>ÈS<0x96><0x08><0x11>É<0x01><0x44><0xFA><0x20>l<0x03><0x02>.S<0x96><0x08><0x11>É<0x01><0x44><0xFA><0x20>l<0x03><0x02><0x24>E3<0x08><0x11>É<0x01><0x44><0xFA><0x20>l<0x03><0x02><0x66>E3<0x08><0x11>É<0x01><0x44><0xFA><0x20>l<0x03><0x02>VS<0x96><0x08><0x11>É<0x01><0x44><0xFA><0x20>l<0x03><0x02>
S<0x96><0x08><0x11>É<0x01><0x44><0xFA><0x20>l<0x03><0x02><0x2F>T<0x96><0x08><0x11>É<0x01><0x44><0xFA><0x20>l<0x03><0x02><0x2A><0xB9>3<0x08><0x11>É<0x01><0x44>F<0x46><0x52><0xFD><0x14> debe usarse
después de Otra Vez!<0xFB>",170,3,173,pokemon,dialogue,,
0x0096CCE5,"<0xFA><0x20>l<0x03><0x02><0xF7><0x7A>2<0x08><0x11>É<0x01><0x44><0xFA><0x20>l<0x03><0x02>ÈS<0x96><0x08><0x11>É<0x01><0x44><0xFA><0x20>l<0x03><0x02>.S<0x96><0x08><0x11>É<0x01><0x44><0xFA><0x20>l<0x03><0x02><0x24>E3<0x08><0x11>É<0x01><0x44><0xFA><0x20>l<0x03><0x02><0x66>E3<0x08><0x11>É<0x01><0x44><0xFA><0x20>l<0x03><0x02>VS<0x96><0x08><0x11>É<0x01><0x44><0xFA><0x20>l<0x03><0x02>
S<0x96><0x08><0x11>É<0x01><0x44><0xFA><0x20>l<0x03><0x02><0x2F>T<0x96><0x08><0x11>É<0x01><0x44><0xFA><0x20>l<0x03><0x02><0x2A><0xB9>3<0x08><0x11>É<0x01><0x44>F<0x46><0xFD><0x14> must be selected
after the Encore!<0xFB>","<0xFA><0x20>l<0x03><0x02><0xF7><0x7A>2<0x08><0x11>É<0x01><0x44><0xFA><0x20>l<0x03><0x02>ÈS<0x96><0x08><0x11>É<0x01><0x44><0xFA><0x20>l<0x03><0x02>.S<0x96><0x08><0x11>É<0x01><0x44><0xFA><0x20>l<0x03><0x02><0x24>E3<0x08><0x11>É<0x01><0x44><0xFA><0x20>l<0x03><0x02><0x66>E3<0x08><0x11>É<0x01><0x44><0xFA><0x20>l<0x03><0x02>VS<0x96><0x08><0x11>É<0x01><0x44><0xFA><0x20>l<0x03><0x02>
S<0x96><0x08><0x11>É<0x01><0x44><0xFA><0x20>l<0x03><0x02><0x2F>T<0x96><0x08><0x11>É<0x01><0x44><0xFA><0x20>l<0x03><0x02><0x2A><0xB9>3<0x08><0x11>É<0x01><0x44>F<0x46><0x52><0xFD><0x14> debe usarse
después de Otra Vez!<0xFB>",157,3,160,pokemon,dialogue,,
0x0096CCF2,"<0xFA><0x20>l<0x03><0x02>ÈS<0x96><0x08><0x11>É<0x01><0x44><0xFA><0x20>l<0x03><0x02>.S<0x96><0x08><0x11>É<0x01><0x44><0xFA><0x20>l<0x03><0x02><0x24>E3<0x08><0x11>É<0x01><0x44><0xFA><0x20>l<0x03><0x02><0x66>E3<0x08><0x11>É<0x01><0x44><0xFA><0x20>l<0x03><0x02>VS<0x96><0x08><0x11>É<0x01><0x44><0xFA><0x20>l<0x03><0x02>
S<0x96><0x08><0x11>É<0x01><0x44><0xFA><0x20>l<0x03><0x02><0x2F>T<0x96><0x08><0x11>É<0x01><0x44><0xFA><0x20>l<0x03><0x02><0x2A><0xB9>3<0x08><0x11>É<0x01><0x44>F<0x46><0xFD><0x14> must be selected
after the Encore!<0xFB>","<0xFA><0x20>l<0x03><0x02>ÈS<0x96><0x08><0x11>É<0x01><0x44><0xFA><0x20>l<0x03><0x02>.S<0x96><0x08><0x11>É<0x01><0x44><0xFA><0x20>l<0x03><0x02><0x24>E3<0x08><0x11>É<0x01><0x44><0xFA><0x20>l<0x03><0x02><0x66>E3<0x08><0x11>É<0x01><0x44><0xFA><0x20>l<0x03><0x02>VS<0x96><0x08><0x11>É<0x01><0x44><0xFA><0x20>l<0x03><0x02>
S<0x96><0x08><0x11>É<0x01><0x44><0xFA><0x20>l<0x03><0x02><0x2F>T<0x96><0x08><0x11>É<0x01><0x44><0xFA><0x20>l<0x03><0x02><0x2A><0xB9>3<0x08><0x11>É<0x01><0x44>F<0x46><0x52><0xFD><0x14> debe usarse
después de Otra Vez!<0xFB>",144,3,147,pokemon,dialogue,,
0x0096CCFF,"<0xFA><0x20>l<0x03><0x02>.S<0x96><0x08><0x11>É<0x01><0x44><0xFA><0x20>l<0x03><0x02><0x24>E3<0x08><0x11>É<0x01><0x44><0xFA><0x20>l<0x03><0x02><0x66>E3<0x08><0x11>É<0x01><0x44><0xFA><0x20>l<0x03><0x02>VS<0x96><0x08><0x11>É<0x01><0x44><0xFA><0x20>l<0x03><0x02>
S<0x96><0x08><0x11>É<0x01><0x44><0xFA><0x20>l<0x03><0x02><0x2F>T<0x96><0x08><0x11>É<0x01><0x44><0xFA><0x20>l<0x03><0x02><0x2A><0xB9>3<0x08><0x11>É<0x01><0x44>F<0x46><0xFD><0x14> must be selected
after the Encore!<0xFB>","<0xFA><0x20>l<0x03><0x02>.S<0x96><0x08><0x11>É<0x01><0x44><0xFA><0x20>l<0x03><0x02><0x24>E3<0x08><0x11>É<0x01><0x44><0xFA><0x20>l<0x03><0x02><0x66>E3<0x08><0x11>É<0x01><0x44><0xFA><0x20>l<0x03><0x02>VS<0x96><0x08><0x11>É<0x01><0x44><0xFA><0x20>l<0x03><0x02>
S<0x96><0x08><0x11>É<0x01><0x44><0xFA><0x20>l<0x03><0x02><0x2F>T<0x96><0x08><0x11>É<0x01><0x44><0xFA><0x20>l<0x03><0x02><0x2A><0xB9>3<0x08><0x11>É<0x01><0x44>F<0x46><0x52><0xFD><0x14> debe usarse
después de Otra Vez!<0xFB>",131,3,134,pokemon,dialogue,,
0x0096CD0C,"<0xFA><0x20>l<0x03><0x02><0x24>E3<0x08><0x11>É<0x01><0x44><0xFA><0x20>l<0x03><0x02><0x66>E3<0x08><0x11>É<0x01><0x44><0xFA><0x20>l<0x03><0x02>VS<0x96><0x08><0x11>É<0x01><0x44><0xFA><0x20>l<0x03><0x02>
S<0x96><0x08><0x11>É<0x01><0x44><0xFA><0x20>l<0x03><0x02><0x2F>T<0x96><0x08><0x11>É<0x01><0x44><0xFA><0x20>l<0x03><0x02><0x2A><0xB9>3<0x08><0x11>É<0x01><0x44>F<0x46><0xFD><0x14> must be selected
after the Encore!<0xFB>","<0xFA><0x20>l<0x03><0x02><0x24>E3<0x08><0x11>É<0x01><0x44><0xFA><0x20>l<0x03><0x02><0x66>E3<0x08><0x11>É<0x01><0x44><0xFA><0x20>l<0x03><0x02>VS<0x96><0x08><0x11>É<0x01><0x44><0xFA><0x20>l<0x03><0x02>
S<0x96><0x08><0x11>É<0x01><0x44><0xFA><0x20>l<0x03><0x02><0x2F>T<0x96><0x08><0x11>É<0x01><0x44><0xFA><0x20>l<0x03><0x02><0x2A><0xB9>3<0x08><0x11>É<0x01><0x44>F<0x46><0x52><0xFD><0x14> debe usarse
después de Otra Vez!<0xFB>",118,3,121,pokemon,dialogue,,
0x0096CD19,"<0xFA><0x20>l<0x03><0x02><0x66>E3<0x08><0x11>É<0x01><0x44><0xFA><0x20>l<0x03><0x02>VS<0x96><0x08><0x11>É<0x01><0x44><0xFA><0x20>l<0x03><0x02>
S<0x96><0x08><0x11>É<0x01><0x44><0xFA><0x20>l<0x03><0x02><0x2F>T<0x96><0x08><0x11>É<0x01><0x44><0xFA><0x20>l<0x03><0x02><0x2A><0xB9>3<0x08><0x11>É<0x01><0x44>F<0x46><0xFD><0x14> must be selected
after the Encore!<0xFB>","<0xFA><0x20>l<0x03><0x02><0x66>E3<0x08><0x11>É<0x01><0x44><0xFA><0x20>l<0x03><0x02>VS<0x96><0x08><0x11>É<0x01><0x44><0xFA><0x20>l<0x03><0x02>
S<0x96><0x08><0x11>É<0x01><0x44><0xFA><0x20>l<0x03><0x02><0x2F>T<0x96><0x08><0x11>É<0x01><0x44><0xFA><0x20>l<0x03><0x02><0x2A><0xB9>3<0x08><0x11>É<0x01><0x44>F<0x46><0x52><0xFD><0x14> debe usarse
después de Otra Vez!<0xFB>",105,3,108,pokemon,dialogue,,
0x0096CD26,"<0xFA><0x20>l<0x03><0x02>VS<0x96><0x08><0x11>É<0x01><0x44><0xFA><0x20>l<0x03><0x02>
S<0x96><0x08><0x11>É<0x01><0x44><0xFA><0x20>l<0x03><0x02><0x2F>T<0x96><0x08><0x11>É<0x01><0x44><0xFA><0x20>l<0x03><0x02><0x2A><0xB9>3<0x08><0x11>É<0x01><0x44>F<0x46><0xFD><0x14> must be selected
after the Encore!<0xFB>","<0xFA><0x20>l<0x03><0x02>VS<0x96><0x08><0x11>É<0x01><0x44><0xFA><0x20>l<0x03><0x02>
S<0x96><0x08><0x11>É<0x01><0x44><0xFA><0x20>l<0x03><0x02><0x2F>T<0x96><0x08><0x11>É<0x01><0x44><0xFA><0x20>l<0x03><0x02><0x2A><0xB9>3<0x08><0x11>É<0x01><0x44>F<0x46><0x52><0xFD><0x14> debe usarse
después de Otra Vez!<0xFB>",92,3,95,pokemon,dialogue,,
0x0096CD33,"<0xFA><0x20>l<0x03><0x02>
S<0x96><0x08><0x11>É<0x01><0x44><0xFA><0x20>l<0x03><0x02><0x2F>T<0x96><0x08><0x11>É<0x01><0x44><0xFA><0x20>l<0x03><0x02><0x2A><0xB9>3<0x08><0x11>É<0x01><0x44>F<0x46><0xFD><0x14> must be selected
after the Encore!<0xFB>","<0xFA><0x20>l<0x03><0x02>
S<0x96><0x08><0x11>É<0x01><0x44><0xFA><0x20>l<0x03><0x02><0x2F>T<0x96><0x08><0x11>É<0x01><0x44><0xFA><0x20>l<0x03><0x02><0x2A><0xB9>3<0x08><0x11>É<0x01><0x44>F<0x46><0x52><0xFD><0x14> debe usarse
después de Otra Vez!<0xFB>",79,3,82,pokemon,dialogue,,
0x0096CD40,"<0xFA><0x20>l<0x03><0x02><0x2F>T<0x96><0x08><0x11>É<0x01><0x44><0xFA><0x20>l<0x03><0x02><0x2A><0xB9>3<0x08><0x11>É<0x01><0x44>F<0x46><0xFD><0x14> must be selected
after the Encore!<0xFB>","<0xFA><0x20>l<0x03><0x02><0x2F>T<0x96><0x08><0x11>É<0x01><0x44><0xFA><0x20>l<0x03><0x02><0x2A><0xB9>3<0x08><0x11>É<0x01><0x44>F<0x46><0x52><0xFD><0x14> debe usarse
después de Otra Vez!<0xFB>",66,3,69,pokemon,dialogue,,
0x0096CD4D,"<0xFA><0x20>l<0x03><0x02><0x2A><0xB9>3<0x08><0x11>É<0x01><0x44>F<0x46><0xFD><0x14> must be selected
after the Encore!<0xFB>","<0xFA><0x20>l<0x03><0x02><0x2A><0xB9>3<0x08><0x11>É<0x01><0x44>F<0x46><0x52><0xFD><0x14> debe usarse
después de Otra Vez!<0xFB>",53,3,56,pokemon,dialogue,,
0x0096CD5C,"<0xFD><0x14> must be selected
after the Encore!<0xFB>","<0x52><0xFD><0x14> debe usarse
después de Otra Vez!<0xFB>",38,3,41,pokemon,dialogue,,
0x0096DCFD,"<0xFD><0x13> boosted its
<0xFD>  <0xFD><0x01>using its Z-Power!","<0x52><0xFD><0x13> impulsó su
<0xFD>  <0xFD><0x01>usando el Poder Z!",38,2,40,pokemon,dialogue,"{B_SCR_ACTIVE_NAME_WITH_PREFIX} booste son
{UNKNOWN_STR} {PLAYER}avec son Pouvoir Z !",
0x0096DD24,"<0xFD><0x13> boosted its
stats using its Z-Power!","<0x52><0xFD><0x13> subió sus
stas usando el Poder Z!",39,2,41,pokemon,dialogue,"<0xFD><0x13> booste ses
stats avec son Pouvoir Z !",
0x0096DD4C,"<0xFD><0x13> boosted its
critical-hit ratio using its Z-Power!","<0x52><0xFD><0x13> subió sus golpes
críticos usando el Poder Z!",52,2,54,pokemon,dialogue,"<0xFD><0x13> booste son taux de critique
avec son Pouvoir Z !",
0x0096DD81,"<0xFD><0x13> restored its
HP using its Z-Power!","<0x52><0xFD><0x13> restaura PS
usando el Poder Z!",37,3,40,pokemon,dialogue,"<0xFD><0x13> restaure ses
PV avec son Pouvoir Z !",
0x0096DDA7,"<0xFD><0x13> will restore its
replacement's HP using its Z-Power!","<0x52><0xFD><0x13> restaura PS
del cambio usando el Poder Z!",55,3,58,pokemon,dialogue,"<0xFD><0x13> restaurera les PV
du remplaçant par Pouvoir Z !",
0x0099F0DD,"<0x13><0x73>2<0x98><0x08><0x13>
<0x94><0x98><0x08><0x13><0x08>W<0x99><0x08><0x13><0x54><0x22><0x97><0x08> F<0x46><0x0F>:'<0xFD> <0x28><0x0D>W<0x10>:<0x2A><0xF9> <0x28><0x0B>W<0x10>:X<0xF8> <0x28><0x09>W<0x05><0x48><0x1E><0x22>8<0x5E><0x20>ó<0x19><0x4A><0x10><0x47><0x03><0x48><0xF8>s<0x03><0x48><0xF6>s<0x03><0x48><0xF4>s<0x14><0x71><0x3E><0x08><0x34><0xF1><0x99><0x08><0x4C><0xF1><0x99><0x08><0x64><0xF1><0x99><0x08><0x0B><0x28>oú<0x30>P<0x3A><0x08>:<0x1C>ó<0x08>    <0x04><0x71><0x3E><0x08><0x35><0x3A><0x0B><0x08><0x0B><0x28>tú<0x30>P<0x3A><0x08>:<0x1C>ó<0x08>    <0x04><0x71><0x3E><0x08><0x35><0x3A><0x0B><0x08><0x0B><0x28>tú<0x30>P<0x3A><0x08>:<0x1C>ó<0x08>    <0x04><0x71><0x3E><0x08><0x35><0x3A><0x0B><0x08>C<0x39><0x0B><0x08><0x4A><0x46><0x0F>:a<0xFB><0x01><0x48> <0x47>  ú<0x6E><0x07><0x08><0x5A>à2<0x08><0x34><0x28><0x48><0x08><0x74><0x28><0x48><0x08>C<0x28><0x48><0x08>","<0x13><0x73>2<0x98><0x08><0x13>
<0x94><0x98><0x08><0x13><0x08>W<0x99><0x08><0x13><0x54><0x22><0x97><0x08> F<0x46><0x0F>:'<0xFD> <0x28><0x0D>W<0x10>:<0x2A><0xF9> <0x28><0x0B>W<0x10>:X<0xF8> <0x28><0x09>W<0x05><0x48><0x1E><0x22>8<0x5E><0x20>ó<0x19><0x4A><0x10><0x47><0x03><0x48><0xF8>s<0x03><0x48><0xF6>s<0x03><0x48><0xF4>s<0x14><0x71><0x3E><0x08><0x34><0xF1><0x99><0x08><0x4C><0xF1><0x99><0x08><0x64><0xF1><0x99><0x08><0x0B><0x28>oú<0x30>P<0x3A><0x08>:<0x1C>ó<0x08>    <0x04><0x71><0x3E><0x08><0x35><0x3A><0x0B><0x08><0x0B><0x28>tú<0x30>P<0x3A><0x08>:<0x1C>ó<0x08>    <0x04><0x71><0x3E><0x08><0x35><0x3A><0x0B><0x08><0x0B><0x28>tú<0x30>P<0x3A><0x08>:<0x1C>ó<0x08>    <0x04><0x71><0x3E><0x08><0x35><0x3A><0x0B><0x08>C<0x39><0x0B><0x08><0x4A><0x46><0x0F>:a<0xFB><0x01><0x48> <0x47>  ú<0x6E><0x07><0x08>
<0xB1><0x19><0x08><0x34><0x28><0x48><0x08><0x74><0x28><0x48><0x08>C<0x28><0x48><0x08>",195,1,196,pokemon,description,,
0x0099F0E2,"<0x13>
<0x94><0x98><0x08><0x13><0x08>W<0x99><0x08><0x13><0x54><0x22><0x97><0x08> F<0x46><0x0F>:'<0xFD> <0x28><0x0D>W<0x10>:<0x2A><0xF9> <0x28><0x0B>W<0x10>:X<0xF8> <0x28><0x09>W<0x05><0x48><0x1E><0x22>8<0x5E><0x20>ó<0x19><0x4A><0x10><0x47><0x03><0x48><0xF8>s<0x03><0x48><0xF6>s<0x03><0x48><0xF4>s<0x14><0x71><0x3E><0x08><0x34><0xF1><0x99><0x08><0x4C><0xF1><0x99><0x08><0x64><0xF1><0x99><0x08><0x0B><0x28>oú<0x30>P<0x3A><0x08>:<0x1C>ó<0x08>    <0x04><0x71><0x3E><0x08><0x35><0x3A><0x0B><0x08><0x0B><0x28>tú<0x30>P<0x3A><0x08>:<0x1C>ó<0x08>    <0x04><0x71><0x3E><0x08><0x35><0x3A><0x0B><0x08><0x0B><0x28>tú<0x30>P<0x3A><0x08>:<0x1C>ó<0x08>    <0x04><0x71><0x3E><0x08><0x35><0x3A><0x0B><0x08>C<0x39><0x0B><0x08><0x4A><0x46><0x0F>:a<0xFB><0x01><0x48> <0x47>  ú<0x6E><0x07><0x08><0x5A>à2<0x08><0x34><0x28><0x48><0x08><0x74><0x28><0x48><0x08>C<0x28><0x48><0x08>","<0x13>
<0x94><0x98><0x08><0x13><0x08>W<0x99><0x08><0x13><0x54><0x22><0x97><0x08> F<0x46><0x0F>:'<0xFD> <0x28><0x0D>W<0x10>:<0x2A><0xF9> <0x28><0x0B>W<0x10>:X<0xF8> <0x28><0x09>W<0x05><0x48><0x1E><0x22>8<0x5E><0x20>ó<0x19><0x4A><0x10><0x47><0x03><0x48><0xF8>s<0x03><0x48><0xF6>s<0x03><0x48><0xF4>s<0x14><0x71><0x3E><0x08><0x34><0xF1><0x99><0x08><0x4C><0xF1><0x99><0x08><0x64><0xF1><0x99><0x08><0x0B><0x28>oú<0x30>P<0x3A><0x08>:<0x1C>ó<0x08>    <0x04><0x71><0x3E><0x08><0x35><0x3A><0x0B><0x08><0x0B><0x28>tú<0x30>P<0x3A><0x08>:<0x1C>ó<0x08>    <0x04><0x71><0x3E><0x08><0x35><0x3A><0x0B><0x08><0x0B><0x28>tú<0x30>P<0x3A><0x08>:<0x1C>ó<0x08>    <0x04><0x71><0x3E><0x08><0x35><0x3A><0x0B><0x08>C<0x39><0x0B><0x08><0x4A><0x46><0x0F>:a<0xFB><0x01><0x48> <0x47>  ú<0x6E><0x07><0x08>
<0xB1><0x19><0x08><0x34><0x28><0x48><0x08><0x74><0x28><0x48><0x08>C<0x28><0x48><0x08>",190,1,191,pokemon,description,,
0x0099F0E7,<0x13><0x08>W<0x99><0x08><0x13><0x54><0x22><0x97><0x08> F<0x46><0x0F>:'<0xFD> <0x28><0x0D>W<0x10>:<0x2A><0xF9> <0x28><0x0B>W<0x10>:X<0xF8> <0x28><0x09>W<0x05><0x48><0x1E><0x22>8<0x5E><0x20>ó<0x19><0x4A><0x10><0x47><0x03><0x48><0xF8>s<0x03><0x48><0xF6>s<0x03><0x48><0xF4>s<0x14><0x71><0x3E><0x08><0x34><0xF1><0x99><0x08><0x4C><0xF1><0x99><0x08><0x64><0xF1><0x99><0x08><0x0B><0x28>oú<0x30>P<0x3A><0x08>:<0x1C>ó<0x08>    <0x04><0x71><0x3E><0x08><0x35><0x3A><0x0B><0x08><0x0B><0x28>tú<0x30>P<0x3A><0x08>:<0x1C>ó<0x08>    <0x04><0x71><0x3E><0x08><0x35><0x3A><0x0B><0x08><0x0B><0x28>tú<0x30>P<0x3A><0x08>:<0x1C>ó<0x08>    <0x04><0x71><0x3E><0x08><0x35><0x3A><0x0B><0x08>C<0x39><0x0B><0x08><0x4A><0x46><0x0F>:a<0xFB><0x01><0x48> <0x47>  ú<0x6E><0x07><0x08><0x5A>à2<0x08><0x34><0x28><0x48><0x08><0x74><0x28><0x48><0x08>C<0x28><0x48><0x08>,"<0x13><0x08>W<0x99><0x08><0x13><0x54><0x22><0x97><0x08> F<0x46><0x0F>:'<0xFD> <0x28><0x0D>W<0x10>:<0x2A><0xF9> <0x28><0x0B>W<0x10>:X<0xF8> <0x28><0x09>W<0x05><0x48><0x1E><0x22>8<0x5E><0x20>ó<0x19><0x4A><0x10><0x47><0x03><0x48><0xF8>s<0x03><0x48><0xF6>s<0x03><0x48><0xF4>s<0x14><0x71><0x3E><0x08><0x34><0xF1><0x99><0x08><0x4C><0xF1><0x99><0x08><0x64><0xF1><0x99><0x08><0x0B><0x28>oú<0x30>P<0x3A><0x08>:<0x1C>ó<0x08>    <0x04><0x71><0x3E><0x08><0x35><0x3A><0x0B><0x08><0x0B><0x28>tú<0x30>P<0x3A><0x08>:<0x1C>ó<0x08>    <0x04><0x71><0x3E><0x08><0x35><0x3A><0x0B><0x08><0x0B><0x28>tú<0x30>P<0x3A><0x08>:<0x1C>ó<0x08>    <0x04><0x71><0x3E><0x08><0x35><0x3A><0x0B><0x08>C<0x39><0x0B><0x08><0x4A><0x46><0x0F>:a<0xFB><0x01><0x48> <0x47>  ú<0x6E><0x07><0x08>
<0xB1><0x19><0x08><0x34><0x28><0x48><0x08><0x74><0x28><0x48><0x08>C<0x28><0x48><0x08>",185,1,186,pokemon,description,,
0x0099F0F5,:'<0xFD> <0x28><0x0D>W<0x10>:<0x2A><0xF9> <0x28><0x0B>W<0x10>:X<0xF8> <0x28><0x09>W<0x05><0x48><0x1E><0x22>8<0x5E><0x20>ó<0x19><0x4A><0x10><0x47><0x03><0x48><0xF8>s<0x03><0x48><0xF6>s<0x03><0x48><0xF4>s<0x14><0x71><0x3E><0x08><0x34><0xF1><0x99><0x08><0x4C><0xF1><0x99><0x08><0x64><0xF1><0x99><0x08><0x0B><0x28>oú<0x30>P<0x3A><0x08>:<0x1C>ó<0x08>    <0x04><0x71><0x3E><0x08><0x35><0x3A><0x0B><0x08><0x0B><0x28>tú<0x30>P<0x3A><0x08>:<0x1C>ó<0x08>    <0x04><0x71><0x3E><0x08><0x35><0x3A><0x0B><0x08><0x0B><0x28>tú<0x30>P<0x3A><0x08>:<0x1C>ó<0x08>    <0x04><0x71><0x3E><0x08><0x35><0x3A><0x0B><0x08>C<0x39><0x0B><0x08><0x4A><0x46><0x0F>:a<0xFB><0x01><0x48> <0x47>  ú<0x6E><0x07><0x08><0x5A>à2<0x08><0x34><0x28><0x48><0x08><0x74><0x28><0x48><0x08>C<0x28><0x48><0x08>,":'<0xFD> <0x28><0x0D>W<0x10>:<0x2A><0xF9> <0x28><0x0B>W<0x10>:X<0xF8> <0x28><0x09>W<0x05><0x48><0x1E><0x22>8<0x5E><0x20>ó<0x19><0x4A><0x10><0x47><0x03><0x48><0xF8>s<0x03><0x48><0xF6>s<0x03><0x48><0xF4>s<0x14><0x71><0x3E><0x08><0x34><0xF1><0x99><0x08><0x4C><0xF1><0x99><0x08><0x64><0xF1><0x99><0x08><0x0B><0x28>oú<0x30>P<0x3A><0x08>:<0x1C>ó<0x08>    <0x04><0x71><0x3E><0x08><0x35><0x3A><0x0B><0x08><0x0B><0x28>tú<0x30>P<0x3A><0x08>:<0x1C>ó<0x08>    <0x04><0x71><0x3E><0x08><0x35><0x3A><0x0B><0x08><0x0B><0x28>tú<0x30>P<0x3A><0x08>:<0x1C>ó<0x08>    <0x04><0x71><0x3E><0x08><0x35><0x3A><0x0B><0x08>C<0x39><0x0B><0x08><0x4A><0x46><0x0F>:a<0xFB><0x01><0x48> <0x47>  ú<0x6E><0x07><0x08>
<0xB1><0x19><0x08><0x34><0x28><0x48><0x08><0x74><0x28><0x48><0x08>C<0x28><0x48><0x08>",171,1,172,pokemon,description,,
0x009B64AD,<0xB0><0xA4><0x08><0xFC>=<0x02><0x02>\<0xC0><0x96><0x08> <0xE0><0x03><0x02><0x80><0xC0><0x96><0x08><0xF7><0xC0><0x96><0x08><0x12><0xC1><0x96><0x08>4<0xC1><0x96><0x08>Y<0xC1><0x96><0x08>X <0x07>K<0x19>x<0x03>,<0xB0><0xA4><0x08><0xFC>=<0x02><0x02>\<0xC0><0x96><0x08> <0xE0><0x03><0x02><0x80><0xC0><0x96><0x08><0xA3><0xCE><0x19><0x08><0x12><0xC1><0x96><0x08>4<0xC1><0x96><0x08>Y<0xC1><0x96><0x08>X <0x07>K<0x19>x<0x03>,42,1,43,ascii,description,,
0x00A37734,"<0xFD><0x13> is exerting
its pressure!","<0x52><0xFD><0x13> está ejerciendo
presión!",28,2,30,pokemon,dialogue,"<0xFD><0x13>
exerce sa pression !",
0x00A37751,"<0xFD><0x13> breaks
the mold!","<0x52><0xFD><0x13> rompe
el molde!",19,3,22,pokemon,dialogue,"<0xFD><0x13>
brise le moule !",
0x00A37765,"<0xFD><0x13> is radiating
a bursting aura!","<0x52><0xFD><0x13> irradia
un aura explosiva!",32,3,35,pokemon,dialogue,"<0xFD><0x13>
dégage une aura explosive !",
0x00A37786,"<0xFD><0x13> is radiating
a blazing aura!","<0x52><0xFD><0x13> irradia
un aura ardiente!",31,2,33,pokemon,dialogue,"<0xFD><0x13>
dégage une aura flamboyante !",
0x00A377E4,"<0xFD><0x13> is radiating
a dark aura!","<0x52><0xFD><0x13> irradia
un aura oscura!",28,3,31,pokemon,dialogue,"<0xFD><0x13>
dégage une aura sombre !",
0x00A37801,"<0xFD><0x13> is radiating
a fairy aura!","<0x52><0xFD><0x13> irradia
un aura clara!",29,2,31,pokemon,dialogue,"<0xFD><0x13>
dégage une aura féerique !",
0x00A3781F,"<0xFD><0x13> reversed all
other Pokémon's auras!","<0x52><0xFD><0x13> revirtió el aura
de los Pokémon!",38,3,41,pokemon,dialogue,"<0xFD><0x13> inverse toutes les autres
auras Pokémon !",
0x00A37864,"It was alerted to
<0xFD><0x11>'s<0xFA><0xFD> !","<0x52><0xFD>  de <0xFD><0x11>
fue alertado!",26,2,28,pokemon,dialogue,"Il a pressenti
{B_EFF_NAME_WITH_PREFIX} :<0xFA>{UNKNOWN_STR} !",
0x00A37A75,"<0xFD><0x13> was cured of
its <0xFD>  problem!","<0xFD><0x13> se ha curado
de la <0xFD>  !",31,3,34,pokemon,dialogue,"{B_SCR_ACTIVE_NAME_WITH_PREFIX} est guéri de son problème
{UNKNOWN_STR} !",
0x00A37A95,"<0xFD><0x11> was cured of
its <0xFD>  problem!","<0xFD><0x11> se ha curado
de la <0xFD>  !",31,2,33,pokemon,dialogue,"{B_EFF_NAME_WITH_PREFIX} est guéri de son problème
{UNKNOWN_STR} !",
0x00A37BC3,"<0xFD><0x10>'s stat changes
were removed!","<0xFD><0x10>'s stat changes
were ressved!",31,3,34,pokemon,dialogue,"Les changements de stats de <0xFD><0x10>
sont annulés !",
0x00A43CC5,"That form of <0xFD><0x02> cannot
be found here.","<0xFD><0x02> no se puede encontrar
aquí.",37,2,39,pokemon,description,"That form of <0xFD><0x02> cannot
be found here.",
0x00A43CEB,"<0xFD><0x02> couldn't be found nearby.
Try looking in a different area!","<0x52>No se ha encontrado a <0xFD><0x02>!
<0x52>Intenta buscar en otro lugar!",61,3,64,pokemon,dialogue,"<0xFD><0x02> couldn't be found nearby.
Try looking in a different area!",
0x00A43D94,"Spikes were scattered all
around <0xFD><0x35> team!","<0x52>Tu equipo ha sido rodeado por
púas!<0xFB>",41,2,43,pokemon,dialogue,,
0x00A43DBE,"Poison spikes were scattered all
around <0xFD><0x35> team!","<0x52>Tu equipo ha sido rodeado por púas
tóxicas!<0xFB>",48,2,50,pokemon,dialogue,"Poison spikes were scattered all
around <0xFD><0x35>= team!",
0x00A43EE9,"<0xFD><0x10> is hurt
by the Spikes!","<0x52><0xFD><0x10> herido por las
Púas!",25,2,27,pokemon,dialogue,"<0xFD><0x10> is hurt
by the Spikes!",
0x00A43F3C,"The Toxic Spikes disappeared from
around <0xFD><0x10>'s feet!","<0x52>Las puás tóxicas han
desaparecido!",51,3,54,pokemon,dialogue,"The Toxic Spikes disappeared from
around <0xFD><0x10>'s feet!",
0x00A4A514,"Ha ha ha ha!
Look who I ran into again!<0xFB><0xFD><0x01>!<0xFB>I've been lookin' forward to
another battle with you!<0xFB>Now, let's see what you can do to
the kingpin of Antisis City!","<0x52>Ja, ja, ja! <0x52>Mira con quién me encontré otra
vez!<0xFB><0x52><0xFD><0x01>!
<0x52>He estado esperando una revancha!<0xFB><0x52>Ahora veamos qué puedes hacerle al
Capo de Ciudad Antisis!",160,4,164,pokemon,dialogue,"Ha ha ha ha !
Regarde qui je recroise !<0xFB><0xFD><0x01> !<0xFB>J'attendais un autre combat avec
toi !<0xFB>Voyons ce que tu fais contre le boss
de la Ville d'Antisis !",
0x00A4A5B5,"Ha ha ha ha!<0xFB>They should start calling you
Big <0xFD>ó!","<0x52>Deberían empezar a decirte el Gran
<0xFD>ó!",50,4,54,pokemon,dialogue,"Ha ha ha ha !<0xFB>On devrait t'appeler
Grand {B_PLAYER_NAME} !",
0x00A4A617,"Yo, wazzup, <0xFD><0x01>?<0xFB>Howzit goin' these days?<0xFB>I'm sure ya had no problem makin'
your way to this point.<0xFB>Well, it's time to fret, 'cause I'm
about to end your streak!<0xFB>Ha ha ha!","<0x52>Hola, <0xFD><0x01>! <0x51>Cómo te ha ido?<0xFB>Estoy seguro de que no tuviste
ningún problema para llegar hasta<0xFA>aquí.<0xFB>Bueno, es hora de acabar con tu
racha.",170,3,173,pokemon,dialogue,"Yo, <0xFD><0x01> ?<0xFB>Ça va ?<0xFB>T'es arrivé ici sans souci,
comme prévu.<0xFB>Maintenant tremble, je vais briser
ta série !<0xFB>Ha ha ha !",
0x00A4A8E0,"It's super effective on
<0xFD><0x10>!",<0x52>Es supereficaz en <0xFD><0x10>!,27,2,29,pokemon,dialogue,,
0x00A4A8FC,"It's super effective on <0xFD><0x3D>
<0xFD><0x3B> and <0xFD><0x3C>!","<0x52>Es supereficaz en <0xFD><0x3D>
<0xFD><0x3B> y <0xFD><0x3C>!",37,3,40,pokemon,dialogue,"Super efficace sur <0xFD><0x3D>じ
<0xFD><0x3B>ご et <0xFD><0x3C>ざ !",
0x00A4A922,"It's not very effective on
<0xFD><0x10>""","No es muy eficaz en
<0xFD><0x10>""",30,3,33,pokemon,description,"Pas très efficace sur
<0xFD><0x10>...",
0x00A4A941,"It's not very effective on <0xFD><0x3D>
<0xFD><0x3B> and <0xFD><0x3C>""","No es muy eficaz en <0xFD><0x3D>
<0xFD><0x3B> y <0xFD><0x3C>""",40,3,43,pokemon,description,"Pas très efficace sur <0xFD><0x3D>じ
<0xFD><0x3B>ご et <0xFD><0x3C>ざ...",
0x00A4A96A,"It had no effect on <0xFD><0x3D>
<0xFD><0x3B> and <0xFD><0x3C>""","No tiene efecto en <0xFD><0x3D>
<0xFD><0x3B> y <0xFD><0x3C>""",33,2,35,pokemon,description,"Sans effet sur <0xFD><0x3D>じ
<0xFD><0x3B>ご et <0xFD><0x3C>ざ...",
0x00A4A9A2,"<0xFC><0x01><0x02><0xFC><0x03><0x09>A critical hit<0xFC><0x01><0x01><0xFC><0x03><0x06> on
<0xFD><0x10>!","<0xFC><0x01><0x02><0xFC><0x03><0x09><0x52>Golpe crítico<0xFC><0x01><0x01><0xFC><0x03><0x06> en
<0xFD><0x10>!",33,2,35,pokemon,dialogue,,
0x00A4A9C4,"<0xFC><0x01><0x02><0xFC><0x03><0x09>A critical hit<0xFC><0x01><0x01><0xFC><0x03><0x06> on <0xFD><0x3D>
<0xFD><0x3B> and <0xFD><0x3C>!","<0xFC><0x01><0x02><0xFC><0x03><0x09><0x52>Golpe crítico<0xFC><0x01><0x01><0xFC><0x03><0x06> en <0xFD><0x3D>
<0xFD><0x3B> y <0xFD><0x3C>!",43,2,45,pokemon,dialogue,,
0x00A4ABC2,"<0xFD><0x0F>'s type
changed to <0xFD> !","<0x52><0xFD><0x0F> cambió al
tipo <0xFD> !",24,2,26,pokemon,dialogue,"Le type de {B_ATK_NAME_WITH_PREFIX}
devient {UNKNOWN_STR} !",
0x00A4ACA8,"The tailwind blew from behind
<0xFD><0x36> team!","<0x52>El viento sopla desde atrás
del <0xFD><0x36>!",38,2,40,pokemon,dialogue,"Vent Arrière souffle derrière
l'équipe <0xFD><0x36> !",
0x00A4ACCF,"The Lucky Chant shielded
<0xFD><0x36> team from critical hits!","<0x52>Conjuro protege al otro equipo de
golpes críticos!",52,2,54,pokemon,dialogue,"Air Veinard protège l'équipe
<0xFD><0x36> des coups critiques !",
0x00A4AD67,"<0xFD><0x10> has been
afflicted with an Infestation!","<0x52><0xFD><0x10> es víctima de
una infestación!",42,2,44,pokemon,dialogue,"<0xFD><0x10> subit une
Infestation !",
0x00A4AE24,"Quick Guard protected
<0xFD><0x36> team!","<0x52>Anticipo protege
<0xFD><0x36> rival!",30,2,32,pokemon,dialogue,"Prévention protège l'équipe
<0xFD><0x36> !",
0x00A4AE43,"Wide Guard protected
<0xFD><0x36> team!",<0x52>Vasta Guardia protege al <0xFD><0x36>!,29,2,31,pokemon,dialogue,"Garde Large protège l'équipe
<0xFD><0x36> !",
0x00A4AEA6,"The Quick Guard protected
<0xFD><0x10>!","<0x52>Anticipo ha protegido a
<0xFD><0x10>!",29,3,32,pokemon,dialogue,"Prévention protège
<0xFD><0x10> !",
0x00A4AEFF,"<0xFD><0x10> can no longer
escape!","<0x52><0xFD><0x10> no puede
escapar!",24,2,26,pokemon,dialogue,"<0xFD><0x10> ne peut plus
s'échapper !",
0x00A4AF77,"<0xFD><0x13> can act
faster, thanks to its <0xFD><0x16>!","<0x52><0xFD><0x13> actúa más rápido
por la <0xFD><0x16>!",36,3,39,pokemon,dialogue,"<0xFD><0x13> agit plus
vite grâce à son <0xFD><0x16> !",
0x00A4AF9C,"<0xFD><0x13> can act
faster!",<0x52><0xFD><0x13> actúa rápido!,18,2,20,pokemon,dialogue,"<0xFD><0x13> peut agir
plus vite !",
0x00A4AFAF,"<0xFD><0x0F> is
overflowing with space power!","<0x52><0xFD><0x0F> absorbe el
poder espacial!",35,3,38,pokemon,dialogue,"<0xFD><0x0F> déborde
de puissance spatiale !",
0x00A4AFD3,"<0xFD><0x10> is about to
be attacked by its <0xFD><0x16>!","<0x52><0xFD><0x10> pronto será
atacado por <0xFD><0x16>!      ",37,3,40,pokemon,dialogue,"<0xFD><0x10> va être touché
par son <0xFD><0x16> !",
0x00A4B24E,"<0xFD><0x0F> is hurt
by its frostbite!","<0x52><0xFD><0x0F> sufre
por congelación!",28,2,30,pokemon,dialogue,"<0xFD><0x0F> souffre de
son engelure !",
0x00A4B28B,"<0xFD><0x10>'s frostbite
was cured!","<0xFD><0x10> s frostbite
was cured!",25,2,27,pokemon,dialogue,"Engelure de <0xFD><0x10>
guérie !",
0x00A4B383,"<0xFD><0x37> team's <0xFD> 
wore off!","<0xFD><0x37> team's <0xFD> 
woss off!",22,2,24,pokemon,dialogue,"{UNKNOWN_STR} de l'équipe {STRING}が
a pris fin !",
0x00A4B440,"<0xFD><0x38> team's tailwind
petered out!",<0x52>El viento ha terminado!,31,2,33,pokemon,dialogue,"Vent Arrière de l'équipe <0xFD><0x38>ぎ
s'est essoufflé !",
0x00A4B51F,"<0xFD><0x0F> cut its own HP
and minimized Attack!","<0x52><0xFD><0x0F> baja sus PS y
minimiza el Ataque!",39,3,42,pokemon,dialogue,"<0xFD><0x0F> sacrifie ses PV
et réduit son Attaque !",
0x00A4B8CD,"<0xFD><0x10> couldn't
fully protect itself and got hurt!","<0x52><0xFD><0x10> no pudo protegerse
y resultó herido!",46,2,48,pokemon,dialogue,"<0xFD><0x10> n'a pas pu se
protéger totalement et est blessé !",
0x00A4B9BE,"<0xFD>  appears to be holding
the <0xFD><0x16>.<0xFB>Would you like to take the
<0xFD><0x16> from it?","<0xFD>  parece estar sosteniendo
<0xFD><0x16>.<0xFB><0x51>Te gustaría quitarle <0xFD><0x16>?",71,3,74,pokemon,dialogue,"{UNKNOWN_STR} semble tenir le
{B_LAST_ITEM}.<0xFB>Prendre le {B_LAST_ITEM} ?",
0x00A4BA36,"One <0xFD><0x16> was taken from
<0xFD>  and placed in the Cube.",Has tomado <0xFD><0x16>.<0xFC><0x09>,48,2,50,pokemon,description,"Un {B_LAST_ITEM} retiré à
{UNKNOWN_STR} et rangé dans le Cube.",
0x00A4BAD2,"<0xFD><0x11> has devolved
into <0xFD> !","<0x52><0xFD><0x11> ha regresado
en <0xFD> !",24,2,26,pokemon,dialogue,"{B_EFF_NAME_WITH_PREFIX} régresse en
{UNKNOWN_STR} !",
0x00A4BAEB,"<0xFD><0x0F> devolved and
forgot the move it was going to use!","<0x52><0xFD><0x0F> ha olvidado el
movimiento que iba a usar!",52,2,54,pokemon,dialogue,"<0xFD><0x0F> régresse et
oublie son attaque !",
0x00A4BD0B,"<0xFD><0x0F> is buffeted
by the vicious sandstorm!","<0x52>La tormenta de arena golpea a
<0xFD><0x0F>!",40,2,42,pokemon,dialogue,"<0xFD><0x0F> est fouetté par
la tempête de sable !",
0x00A4BF24,"<0xFD> -type moves can't be used
in this round of the Ring Challenge!<0xFB>","<0x52>Los movimientos de tipo <0xFD> 
no se podrán usar en este Desafío!<0xFB>",65,3,68,pokemon,dialogue,"Les capacités de type {UNKNOWN_STR}
sont interdites à ce tour du Ring !<0xFB>",
0x00A4BFFE,"<0xFD><0x0F> shook its
head.<0xFB>It seems like it can't use
this move""","<0x52><0xFD><0x0F> sacude la
cabeza!<0xFB>Y no puede usar ese movimiento""",56,3,59,pokemon,description,"<0xFD><0x0F> secoue la tête.
Impossible d'utiliser<0xFB>cette capacité...",
0x00A4C097,"<0xFD><0x13> appears
to be massive!","<0x52><0xFD><0x13> se ha hecho
gigante!",25,3,28,pokemon,dialogue,"<0xFD><0x13> semble
géant !",
0x00A4C12F,"A mysterious barrier appeared in
front of <0xFD><0x13><0xFA>and is protecting it from attacks!","<0x52>Una barrera aparece frente a
<0xFD><0x13> y lo protege<0xFA>de cualquier ataque!",79,3,82,pokemon,dialogue,"Une barrière mystérieuse apparaît
devant <0xFD><0x13><0xFA>et le protège !",
0x00A4C17F,"But the mysterious barrier
protected <0xFD><0x10><0xFA>from the impacts of the move!","Pero la misteriosa barrera protegió
a <0xFD><0x10> de todo<0xFA>tipo de ataque.",69,2,71,pokemon,dialogue,"Mais la barrière mystérieuse a
protégé <0xFD><0x10><0xFA>des impacts !",
0x00A4C1C5,"The mysterious barrier that was
protecting <0xFD><0x13><0xFA>disappeared!","<0x52>La barrera que protegía a
<0xFD><0x13> ha desaparecido!",58,3,61,pokemon,dialogue,"La barrière mystérieuse qui
protégeait <0xFD><0x13><0xFA>a disparu !",
0x00A4C30C,"You are challenged by
<0xFD><0x1C> <0xFD><0x1D> and<0xFA><0xFD><0x2E> <0xFD><0x2F>!<0xFB>","<0x52><0xFD><0x1C> <0xFD><0x1D> y <0xFD><0x2E>
<0xFD><0x2F> te desafían!<0xFB>",39,2,41,pokemon,dialogue,,
0x00A4C371,"<0xFD><0x32> <0xFD><0x33> sent
out <0xFD><0x07>!<0xFA>Go, <0xFD><0x05>!",R<0xFD>2,26,3,29,pokemon,dialogue,,
0x00A4C38C,"<0xFD><0x1C> <0xFD><0x1D> sent
out <0xFD><0x06>!<0xFB><0xFD><0x2E> <0xFD><0x2F> sent
out <0xFD><0x08>!","<0x52><0xFD><0x1C> <0xFD><0x1D> saca
a <0xFD><0x06>!<0xFB><0x52><0xFD><0x2E> <0xFD><0x2F> saca a
<0xFD><0x08>!<0xFB>",37,2,39,pokemon,dialogue,,
0x00A4C3B2,"<0xFD><0x2E> <0xFD><0x2F>
withdrew <0xFD> !","<0xFD><0x2E> <0xFD><0x2F>
retira a <0xFD> .",18,3,21,pokemon,dialogue,,
0x00A4C3C5,"<0xFD><0x2E> <0xFD><0x2F> sent
out <0xFD> !",R<0xFD>.,18,3,21,pokemon,dialogue,,
0x00A4C3F2,"<0xFD><0x32> <0xFD><0x33>
sent out <0xFD><0x05>!",R<0xFD>2,18,2,20,pokemon,dialogue,,
0x00A4C405,"<0xFD><0x32> <0xFD><0x33>
withdrew <0xFD> !","<0xFD><0x32> <0xFD><0x33>
retira a <0xFD> .",18,3,21,pokemon,dialogue,,
0x00A4C418,"<0xFD><0x32> <0xFD><0x33> sent
out <0xFD> !",R<0xFD>2,18,2,20,pokemon,dialogue,,
0x00A4C458,"<0xFD><0x1C> <0xFD><0x1D> and
<0xFD><0x2E> <0xFD><0x2F><0xFA>were defeated!<0xFB>","<0x52><0xFD><0x1C> <0xFD><0x1D> y <0xFD><0x2E>
<0xFD><0x2F> han perdido!<0xFB>",31,3,34,pokemon,dialogue,,
0x00A4C49B,"You are challenged by
<0xFD><0x20> and <0xFD><0x21>!<0xFB>","<0x52><0xFD><0x20> y <0xFD><0x21>
te desafían!<0xFB>",33,3,36,pokemon,dialogue,"Tu es défié par
<0xFD><0x20> et <0xFD><0x21> !<0xFB>",
0x00A4C4BD,"You are challenged by
<0xFD><0x1C> <0xFD><0x1D>!<0xFB>",<0x52><0xFD><0x1C> <0xFD><0x1D> te desafía!<0xFB>,29,4,33,pokemon,dialogue,"Tu es défié par
<0xFD><0x1C> <0xFD><0x1D>!<0xFB>",
0x00A4C4FA,"You are challenged by
<0xFD><0x20>!<0xFB>","<0x52><0xFD><0x20> te
desafían!<0xFB>",26,3,29,pokemon,dialogue,"Tu es défié par
<0xFD><0x20> !<0xFB>",
0x00A4C52A,"A wild <0xFD><0x06> and
a wild <0xFD><0x08> appeared!<0xFB>","<0x52>Un <0xFD><0x06> y <0xFD><0x08> salvajes
aparecieron!<0xFB>",34,3,37,pokemon,dialogue,"<0xFD><0x06> sauvage et
un <0xFD><0x08> sauvage apparaissent !<0xFB>",
0x00A4C54D,<0xFD><0x06> and <0xFD><0x08> attacked!<0xFB>,<0x52><0xFD><0x06> y <0xFD><0x08> te atacan!<0xFB>,20,2,22,pokemon,dialogue,<0xFD><0x06> et <0xFD><0x08> attaquent !<0xFB>,
0x00A4C562,"The Distortion World's <0xFD><0x06>
appeared!<0xFB>","<0x52><0xFD><0x06> del Mundo Distorsión
te ataca!<0xFB>",36,2,38,pokemon,dialogue,"<0xFD><0x06> du Monde Distorsion
apparaît !<0xFB>",
0x00A4C6B3,"You panicked and lost <0xB7><0xFD> ""<0xFB>"" "" "" ""<0xFB>You were overwhelmed by your
defeat!<0xFC><0x09>","Entraste en pánico y perdiste
<0xB7><0xFD> ""<0xFB><0x52>Te has desmayado por la derrota!<0xFC><0x09>",73,3,76,pokemon,dialogue,Panique ! Tu perds ¥{UNKNOWN_STR}...<0xFB>... ... ... ...<0xFB>Tu es submergé par la défaite !{PAUSE_UNTIL_PRESS},
0x00A4C6FD,"You have no more Pokémon
that can fight!<0xFB>You lost against
<0xFD><0x1C> <0xFD><0x1D>!<0xFC><0x09>","<0x52>Te has quedado sin Pokémon!<0xFB><0x52><0xFD><0x1C> <0xFD><0x1D> te ha
derrotado!<0xFC><0x09>",66,3,69,pokemon,dialogue,"Tu n'as plus de Pokémon
en état de se battre !<0xFB>Tu perds contre
{B_TRAINER1_CLASS} {B_TRAINER1_NAME} !{PAUSE_UNTIL_PRESS}",
0x00A4C701,"have no more Pokémon
that can fight!<0xFB>You lost against
<0xFD><0x1C> <0xFD><0x1D>!<0xFC><0x09>","has quedado sin Pokémon!<0xFB><0x52><0xFD><0x1C> <0xFD><0x1D> te ha
derrotado!<0xFC><0x09>",62,3,65,pokemon,dialogue,,
0x00A4C740,"You paid <0xB7><0xFD>  as the prize
money""<0xFB>"" "" "" ""<0xFB>You were overwhelmed by your
defeat!<0xFC><0x09>",<0x52>Has pagado <0xB7><0xFD>  por perder!<0xFB><0x52>Te has terminado desmayando!,79,3,82,pokemon,dialogue,"Tu paies ¥{UNKNOWN_STR} en récompense...
... ... ... ...<0xFB>Tu es submergé par la défaite !{PAUSE_UNTIL_PRESS}<0xFB>",
0x00A4C86D,"<0xFD><0x06> is weak!
Throw a Ball now!","<0x52><0xFD><0x06> está débil!
<0x51>Qué haces?",29,3,32,pokemon,dialogue,"<0xFD><0x06> est faible !
Lance une Ball maintenant !",
0x00A4C898,<0xFD><0x20>'s Team ,<0xFD><0x20>'s eeam ,10,3,13,pokemon,other,Équipe de <0xFD><0x20>,
0x00A4D56C,"<0xFD><0x01> used the
<0xFD><0x03>.<0xFB>The chance of encountering strong
wild Pokémon in this area increased.<0xFC><0x09>","Has usado <0xFD><0x03>.<0xFB>La posibilidad de encontrar Pokémon
fuertes en esta área aumentó.<0xFC><0x09>",88,3,91,pokemon,description,"{PLAYER} utilise le
{STR_VAR_2}.<0xFB>Plus de Pokémon sauvages forts
peuvent apparaître.{PAUSE_UNTIL_PRESS}",
0x00A4D5C5,"<0xFD><0x01> used the
<0xFD><0x03>.<0xFB>The chance of encountering weak
wild Pokémon in this area increased.<0xFC><0x09>","Has usado <0xFD><0x03>.<0xFB>La posibilidad de encontrar Pokémon
débiles en esta área aumentó.<0xFC><0x09>",86,3,89,pokemon,description,"{PLAYER} utilise le
{STR_VAR_2}.<0xFB>Plus de Pokémon sauvages faibles
peuvent apparaître.{PAUSE_UNTIL_PRESS}",
0x00A4D739,"<0xFD><0x02> survived the Poison.
The Poison faded away!","<0xFD><0x02> sobrevivió al veneno.
<0x52>El veneno se ha ido!",46,3,49,pokemon,dialogue,"<0xFD><0x02> survit au Poison.
Le Poison disparaît !",
0x00A4D768,"You also get a <0xFD><0x03> as
an added bonus.<0xFC><0x09>","Y, como regalo, <0xFD><0x02> <0xFD><0x03> extra.<0xFC><0x09>",38,3,41,pokemon,dialogue,"Tu reçois aussi un {STR_VAR_2}
en bonus.{PAUSE_UNTIL_PRESS}",
0x00A4D78F,"You also get <0xFD><0x02> <0xFD><0x03>s as
an added bonus.<0xFC><0x09>","Y, como regalo, <0xFD><0x02> <0xFD><0x03> extra.<0xFC><0x09>",40,2,42,pokemon,dialogue,"Tu reçois aussi {STR_VAR_1} {STR_VAR_2}
en bonus.{PAUSE_UNTIL_PRESS}",
0x00A4D84B,"Obtained a <0xFD><0x03>!
It contains <0xFD><0x02>.","Has obtenido <0xFD><0x03>.
Contiene: <0xFD><0x02>.",30,3,33,pokemon,dialogue,"Obtenu un <0xFD><0x03> !
Contient <0xFD><0x02>.",
0x00A4D8A4,"<0xFD><0x01> scurried to the nearest healer,
protecting the exhausted and fainted
Pokémon from further harm""<0xFB>","<0x52>Has corrido al Centro Pokémon más
cercano para poder restaurar la
salud de tu equipo Pokémon!<0xFB>",99,3,102,pokemon,description,"<0xFD><0x01> fonce vers le soigneur
le plus proche, protégeant les
Pokémon épuisés et K.O....<0xFB>",
0x00A4D9DD,<0xFD><0x02> blew away the fog!,<0x52><0xFD><0x02> disipó la niebla!,21,3,24,pokemon,dialogue,<0xFD><0x02> dissipe le brouillard !,
0x00A4DB46,"The ADM attached to <0xFD><0x02>
as a floating device!","<0x52>El ADM conectado a <0xFD><0x02> sirve
para nadar!",44,2,46,pokemon,dialogue,"L'ADM s'attache à <0xFD><0x02>
comme flotteur !",
0x00A4DB73,"A floating device attached to
<0xFD><0x02>!","<0x52>El ADM se ha conectado a
<0xFD><0x02>!",33,2,35,pokemon,dialogue,"Un flotteur est attaché à
<0xFD><0x02> !",
0x00A4DBD5,"<0xFD><0x02> started surfing on
the magma!",<0x52><0xFD><0x02> navega sobre el magma!,32,2,34,pokemon,dialogue,"<0xFD><0x02> commence à surfer
sur la lave !",
0x00A4DC18,"The sea is deep here.
Would you like to use <0xFD><0x03>?","<0x52>El mar está profundo!
<0x51>Quieres utilizar <0xFD><0x03>?",47,3,50,pokemon,dialogue,"La mer est profonde ici.
Veux-tu utiliser <0xFD><0x03> ?",
0x00A4DCA3,"Light is filtering down from above.
Would you like to use <0xFD><0x03>?","<0x52>La luz se filtra desde arriba!
<0x51>Quieres utilizar <0xFD><0x03>?",61,3,64,pokemon,dialogue,"La lumière filtre d'en haut.
Veux-tu utiliser <0xFD><0x03> ?",
0x00A4DDCA,"Calling all Trainers!<0xFB>A swarm of <0xFC><0x01><0x06><0xFD><0x03><0xFC><0x01><0x02> have appeared
around <0xFC><0x01><0x06><0xFD><0x02><0xFC><0x01><0x02>!<0xFB>This is a rare opportunity to get
your hands on a <0xFD><0x03>, so<0xFA>don't pass this chance up!<0xFB>""<0xFB>This message is sponsored by
Cube Corp.","<0x52>Atención Entrenadores!<0xFB>Una manada de <0xFD><0x03> han sido
visto por <0xFD><0x02>.<0xFB>Esta es tu oportunidad de conseguir
un <0xFD><0x03>, <0x52>así que no la<0xFA>dejes pasar!<0xFB>Este mensaje está patrocinado por
Corporación Cubo.",198,3,201,pokemon,dialogue,"Appel à tous les Dresseurs !<0xFB>Un essaim de {COLOR}É{STR_VAR_2}{COLOR}Á
est apparu autour de {COLOR}É{STR_VAR_1}{COLOR}Á !<0xFB>Occasion rare de mettre la main
sur un {STR_VAR_2}, ne la rate pas !<0xFA>...<0xFB>Message sponsorisé par Cube Corp.<0xFB>",
0x00A4E00D,"<0xFD><0x02> <0xFD><0x04>,
That will be <0xB7><0xFD><0x03>. Okay?","<0xFD><0x02> <0xFD><0x04>.
<0x51>Quieres pagar <0xB7><0xFD><0x03>?",30,2,32,pokemon,dialogue,"<0xFD><0x02> <0xFD><0x04>,
ça fera ¥<0xFD><0x03>. D'accord ?",
0x00A4E09D,"Sort items by
<0xFD><0x02>?","<0x51>Ordenas por
<0xFD><0x02>?",17,2,19,pokemon,dialogue,"Trier les objets par
<0xFD><0x02> ?",
0x00A4E0AF,"Items sorted by
<0xFD><0x02>!","<0x52>Ordenados por
<0xFD><0x02>!",19,3,22,pokemon,dialogue,"Objets triés par
<0xFD><0x02> !",
0x00A4E15D,<0xFD><0x02> Pokémon are needed.,Necesitas <0xFD><0x02> Pokémon.,22,3,25,pokemon,description,<0xFD><0x02> Pokémon requis.,
0x00A4E6F4,"Our time grows short, <0xFD><0x06>""
So let's make the most of it!<0xFB> ","Nuestro tiempo se acaba""
<0x52>Demos lo mejor de nosotros!<0xFB>",57,2,59,pokemon,dialogue,"Le temps presse, <0xFD><0x06>...
Profitons-en au maximum !<0xFB>",
0x00A4E8EF,"<0xFD>ó"" <0xFD>ó!
Only you would dare""!<0xFB> ","<0xFD>ó"" <0xFD>ó""
<0x52>Ya me tienes harto""!<0xFB> ",31,2,33,pokemon,dialogue,"{B_PLAYER_NAME}... {B_PLAYER_NAME} !
Il n'y avait que toi pour oser... !<0xFB>",
0x00A4EA61,"This is it! This is where the real
battle begins, <0xFD>ó!","<0x52>Es todo! <0x52>Aquí comienza la verdadera
batalla!<0xFB>",53,3,56,pokemon,dialogue,"C'est là ! Le vrai combat
commence, {B_PLAYER_NAME} !",
0x00A50228, <0x43>         <0x80> <0x04>          <0x0D><0x0C>á<0x0E><0x0A><0x28><0x0A>ó<0x0A><0x1E><0x0A><0x19><0x0A><0x14><0x0A><0x0F><0x0A><0x0A><0x0F><0x0A><0x14><0x0A><0x19><0x0A><0x1E><0x0A>ó<0x0A><0x28><0x0A>!S<0x94> <0x25><0x08><0x30>t<0x3F><0x08><0x9C> <0x25><0x08><0x2A>t<0x3F><0x08>3 <0x25><0x08><0x3C>t<0x3F><0x08>? <0x25><0x08><0x37>t<0x3F><0x08><0x15>O3<0x08><0x15>O3<0x08>B <0x25><0x08><0x4A>t<0x3F><0x08>J <0x25><0x08><0x54>t<0x3F><0x08><0xF6>K3<0x08><0xF6>K3<0x08><0xFD>K3<0x08><0xFD>K3<0x08>iK3<0x08>iK3<0x08>qK3<0x08>qK3<0x08><0x15>w<0x9B><0x08><0x9D>v<0x9B><0x08><0x65><0x10><0x0D><0x08><0xF9><0x10><0x0D><0x08><0x9D><0x11><0x0D><0x08>Cu<0x9B><0x08>Yu<0x9B><0x08><0x94><0x93>?<0x08>:<0xFD>  <0x38><0x90>?<0x08> <0x08>:<0xFD><0x08>   , <0x43>         <0x80> <0x04>          <0x0D><0x0C>á<0x0E><0x0A><0x28><0x0A>ó<0x0A><0x1E><0x0A><0x19><0x0A><0x14><0x0A><0x0F><0x0A><0x0A><0x0F><0x0A><0x14><0x0A><0x19><0x0A><0x1E><0x0A>ó<0x0A><0x28><0x0A>!S<0x94> <0x25><0x08><0x30>t<0x3F><0x08><0x9C> <0x25><0x08><0x2A>t<0x3F><0x08>3 <0x25><0x08><0x3C>t<0x3F><0x08>? <0x25><0x08><0x37>t<0x3F><0x08>oc<0x6B><0x08>oc<0x6B><0x08>B <0x25><0x08><0x4A>t<0x3F><0x08>J <0x25><0x08><0x54>t<0x3F><0x08><0xF6>K3<0x08><0xF6>K3<0x08><0xFD>K3<0x08><0xFD>K3<0x08>iK3<0x08>iK3<0x08>qK3<0x08>qK3<0x08><0x15>w<0x9B><0x08><0x9D>v<0x9B><0x08><0x65><0x10><0x0D><0x08><0xF9><0x10><0x0D><0x08><0x9D><0x11><0x0D><0x08>Cu<0x9B><0x08>Yu<0x9B><0x08><0x94><0x93>?<0x08>:<0xFD>  <0x38><0x90>?<0x08> <0x08>:<0xFD><0x08>   ,192,4,196,pokemon,dialogue,,
0x00A50230,   <0x80> <0x04>          <0x0D><0x0C>á<0x0E><0x0A><0x28><0x0A>ó<0x0A><0x1E><0x0A><0x19><0x0A><0x14><0x0A><0x0F><0x0A><0x0A><0x0F><0x0A><0x14><0x0A><0x19><0x0A><0x1E><0x0A>ó<0x0A><0x28><0x0A>!S<0x94> <0x25><0x08><0x30>t<0x3F><0x08><0x9C> <0x25><0x08><0x2A>t<0x3F><0x08>3 <0x25><0x08><0x3C>t<0x3F><0x08>? <0x25><0x08><0x37>t<0x3F><0x08><0x15>O3<0x08><0x15>O3<0x08>B <0x25><0x08><0x4A>t<0x3F><0x08>J <0x25><0x08><0x54>t<0x3F><0x08><0xF6>K3<0x08><0xF6>K3<0x08><0xFD>K3<0x08><0xFD>K3<0x08>iK3<0x08>iK3<0x08>qK3<0x08>qK3<0x08><0x15>w<0x9B><0x08><0x9D>v<0x9B><0x08><0x65><0x10><0x0D><0x08><0xF9><0x10><0x0D><0x08><0x9D><0x11><0x0D><0x08>Cu<0x9B><0x08>Yu<0x9B><0x08><0x94><0x93>?<0x08>:<0xFD>  <0x38><0x90>?<0x08> <0x08>:<0xFD><0x08>   ,   <0x80> <0x04>          <0x0D><0x0C>á<0x0E><0x0A><0x28><0x0A>ó<0x0A><0x1E><0x0A><0x19><0x0A><0x14><0x0A><0x0F><0x0A><0x0A><0x0F><0x0A><0x14><0x0A><0x19><0x0A><0x1E><0x0A>ó<0x0A><0x28><0x0A>!S<0x94> <0x25><0x08><0x30>t<0x3F><0x08><0x9C> <0x25><0x08><0x2A>t<0x3F><0x08>3 <0x25><0x08><0x3C>t<0x3F><0x08>? <0x25><0x08><0x37>t<0x3F><0x08>oc<0x6B><0x08>oc<0x6B><0x08>B <0x25><0x08><0x4A>t<0x3F><0x08>J <0x25><0x08><0x54>t<0x3F><0x08><0xF6>K3<0x08><0xF6>K3<0x08><0xFD>K3<0x08><0xFD>K3<0x08>iK3<0x08>iK3<0x08>qK3<0x08>qK3<0x08><0x15>w<0x9B><0x08><0x9D>v<0x9B><0x08><0x65><0x10><0x0D><0x08><0xF9><0x10><0x0D><0x08><0x9D><0x11><0x0D><0x08>Cu<0x9B><0x08>Yu<0x9B><0x08><0x94><0x93>?<0x08>:<0xFD>  <0x38><0x90>?<0x08> <0x08>:<0xFD><0x08>   ,184,4,188,pokemon,dialogue,,
0x00A50238,        <0x0D><0x0C>á<0x0E><0x0A><0x28><0x0A>ó<0x0A><0x1E><0x0A><0x19><0x0A><0x14><0x0A><0x0F><0x0A><0x0A><0x0F><0x0A><0x14><0x0A><0x19><0x0A><0x1E><0x0A>ó<0x0A><0x28><0x0A>!S<0x94> <0x25><0x08><0x30>t<0x3F><0x08><0x9C> <0x25><0x08><0x2A>t<0x3F><0x08>3 <0x25><0x08><0x3C>t<0x3F><0x08>? <0x25><0x08><0x37>t<0x3F><0x08><0x15>O3<0x08><0x15>O3<0x08>B <0x25><0x08><0x4A>t<0x3F><0x08>J <0x25><0x08><0x54>t<0x3F><0x08><0xF6>K3<0x08><0xF6>K3<0x08><0xFD>K3<0x08><0xFD>K3<0x08>iK3<0x08>iK3<0x08>qK3<0x08>qK3<0x08><0x15>w<0x9B><0x08><0x9D>v<0x9B><0x08><0x65><0x10><0x0D><0x08><0xF9><0x10><0x0D><0x08><0x9D><0x11><0x0D><0x08>Cu<0x9B><0x08>Yu<0x9B><0x08><0x94><0x93>?<0x08>:<0xFD>  <0x38><0x90>?<0x08> <0x08>:<0xFD><0x08>   ,        <0x0D><0x0C>á<0x0E><0x0A><0x28><0x0A>ó<0x0A><0x1E><0x0A><0x19><0x0A><0x14><0x0A><0x0F><0x0A><0x0A><0x0F><0x0A><0x14><0x0A><0x19><0x0A><0x1E><0x0A>ó<0x0A><0x28><0x0A>!S<0x94> <0x25><0x08><0x30>t<0x3F><0x08><0x9C> <0x25><0x08><0x2A>t<0x3F><0x08>3 <0x25><0x08><0x3C>t<0x3F><0x08>? <0x25><0x08><0x37>t<0x3F><0x08>oc<0x6B><0x08>oc<0x6B><0x08>B <0x25><0x08><0x4A>t<0x3F><0x08>J <0x25><0x08><0x54>t<0x3F><0x08><0xF6>K3<0x08><0xF6>K3<0x08><0xFD>K3<0x08><0xFD>K3<0x08>iK3<0x08>iK3<0x08>qK3<0x08>qK3<0x08><0x15>w<0x9B><0x08><0x9D>v<0x9B><0x08><0x65><0x10><0x0D><0x08><0xF9><0x10><0x0D><0x08><0x9D><0x11><0x0D><0x08>Cu<0x9B><0x08>Yu<0x9B><0x08><0x94><0x93>?<0x08>:<0xFD>  <0x38><0x90>?<0x08> <0x08>:<0xFD><0x08>   ,176,4,180,pokemon,dialogue,,
0x00A50240,<0x0D><0x0C>á<0x0E><0x0A><0x28><0x0A>ó<0x0A><0x1E><0x0A><0x19><0x0A><0x14><0x0A><0x0F><0x0A><0x0A><0x0F><0x0A><0x14><0x0A><0x19><0x0A><0x1E><0x0A>ó<0x0A><0x28><0x0A>!S<0x94> <0x25><0x08><0x30>t<0x3F><0x08><0x9C> <0x25><0x08><0x2A>t<0x3F><0x08>3 <0x25><0x08><0x3C>t<0x3F><0x08>? <0x25><0x08><0x37>t<0x3F><0x08><0x15>O3<0x08><0x15>O3<0x08>B <0x25><0x08><0x4A>t<0x3F><0x08>J <0x25><0x08><0x54>t<0x3F><0x08><0xF6>K3<0x08><0xF6>K3<0x08><0xFD>K3<0x08><0xFD>K3<0x08>iK3<0x08>iK3<0x08>qK3<0x08>qK3<0x08><0x15>w<0x9B><0x08><0x9D>v<0x9B><0x08><0x65><0x10><0x0D><0x08><0xF9><0x10><0x0D><0x08><0x9D><0x11><0x0D><0x08>Cu<0x9B><0x08>Yu<0x9B><0x08><0x94><0x93>?<0x08>:<0xFD>  <0x38><0x90>?<0x08> <0x08>:<0xFD><0x08>   ,<0x0D><0x0C>á<0x0E><0x0A><0x28><0x0A>ó<0x0A><0x1E><0x0A><0x19><0x0A><0x14><0x0A><0x0F><0x0A><0x0A><0x0F><0x0A><0x14><0x0A><0x19><0x0A><0x1E><0x0A>ó<0x0A><0x28><0x0A>!S<0x94> <0x25><0x08><0x30>t<0x3F><0x08><0x9C> <0x25><0x08><0x2A>t<0x3F><0x08>3 <0x25><0x08><0x3C>t<0x3F><0x08>? <0x25><0x08><0x37>t<0x3F><0x08>oc<0x6B><0x08>oc<0x6B><0x08>B <0x25><0x08><0x4A>t<0x3F><0x08>J <0x25><0x08><0x54>t<0x3F><0x08><0xF6>K3<0x08><0xF6>K3<0x08><0xFD>K3<0x08><0xFD>K3<0x08>iK3<0x08>iK3<0x08>qK3<0x08>qK3<0x08><0x15>w<0x9B><0x08><0x9D>v<0x9B><0x08><0x65><0x10><0x0D><0x08><0xF9><0x10><0x0D><0x08><0x9D><0x11><0x0D><0x08>Cu<0x9B><0x08>Yu<0x9B><0x08><0x94><0x93>?<0x08>:<0xFD>  <0x38><0x90>?<0x08> <0x08>:<0xFD><0x08>   ,168,4,172,pokemon,dialogue,,
0x00A50244,<0x0A><0x28><0x0A>ó<0x0A><0x1E><0x0A><0x19><0x0A><0x14><0x0A><0x0F><0x0A><0x0A><0x0F><0x0A><0x14><0x0A><0x19><0x0A><0x1E><0x0A>ó<0x0A><0x28><0x0A>!S<0x94> <0x25><0x08><0x30>t<0x3F><0x08><0x9C> <0x25><0x08><0x2A>t<0x3F><0x08>3 <0x25><0x08><0x3C>t<0x3F><0x08>? <0x25><0x08><0x37>t<0x3F><0x08><0x15>O3<0x08><0x15>O3<0x08>B <0x25><0x08><0x4A>t<0x3F><0x08>J <0x25><0x08><0x54>t<0x3F><0x08><0xF6>K3<0x08><0xF6>K3<0x08><0xFD>K3<0x08><0xFD>K3<0x08>iK3<0x08>iK3<0x08>qK3<0x08>qK3<0x08><0x15>w<0x9B><0x08><0x9D>v<0x9B><0x08><0x65><0x10><0x0D><0x08><0xF9><0x10><0x0D><0x08><0x9D><0x11><0x0D><0x08>Cu<0x9B><0x08>Yu<0x9B><0x08><0x94><0x93>?<0x08>:<0xFD>  <0x38><0x90>?<0x08> <0x08>:<0xFD><0x08>   ,<0x0A><0x28><0x0A>ó<0x0A><0x1E><0x0A><0x19><0x0A><0x14><0x0A><0x0F><0x0A><0x0A><0x0F><0x0A><0x14><0x0A><0x19><0x0A><0x1E><0x0A>ó<0x0A><0x28><0x0A>!S<0x94> <0x25><0x08><0x30>t<0x3F><0x08><0x9C> <0x25><0x08><0x2A>t<0x3F><0x08>3 <0x25><0x08><0x3C>t<0x3F><0x08>? <0x25><0x08><0x37>t<0x3F><0x08>oc<0x6B><0x08>oc<0x6B><0x08>B <0x25><0x08><0x4A>t<0x3F><0x08>J <0x25><0x08><0x54>t<0x3F><0x08><0xF6>K3<0x08><0xF6>K3<0x08><0xFD>K3<0x08><0xFD>K3<0x08>iK3<0x08>iK3<0x08>qK3<0x08>qK3<0x08><0x15>w<0x9B><0x08><0x9D>v<0x9B><0x08><0x65><0x10><0x0D><0x08><0xF9><0x10><0x0D><0x08><0x9D><0x11><0x0D><0x08>Cu<0x9B><0x08>Yu<0x9B><0x08><0x94><0x93>?<0x08>:<0xFD>  <0x38><0x90>?<0x08> <0x08>:<0xFD><0x08>   ,164,4,168,pokemon,dialogue,,
0x00A50260,<0x94> <0x25><0x08><0x30>t<0x3F><0x08><0x9C> <0x25><0x08><0x2A>t<0x3F><0x08>3 <0x25><0x08><0x3C>t<0x3F><0x08>? <0x25><0x08><0x37>t<0x3F><0x08><0x15>O3<0x08><0x15>O3<0x08>B <0x25><0x08><0x4A>t<0x3F><0x08>J <0x25><0x08><0x54>t<0x3F><0x08><0xF6>K3<0x08><0xF6>K3<0x08><0xFD>K3<0x08><0xFD>K3<0x08>iK3<0x08>iK3<0x08>qK3<0x08>qK3<0x08><0x15>w<0x9B><0x08><0x9D>v<0x9B><0x08><0x65><0x10><0x0D><0x08><0xF9><0x10><0x0D><0x08><0x9D><0x11><0x0D><0x08>Cu<0x9B><0x08>Yu<0x9B><0x08><0x94><0x93>?<0x08>:<0xFD>  <0x38><0x90>?<0x08> <0x08>:<0xFD><0x08>   ,<0x94> <0x25><0x08><0x30>t<0x3F><0x08><0x9C> <0x25><0x08><0x2A>t<0x3F><0x08>3 <0x25><0x08><0x3C>t<0x3F><0x08>? <0x25><0x08><0x37>t<0x3F><0x08>oc<0x6B><0x08>oc<0x6B><0x08>B <0x25><0x08><0x4A>t<0x3F><0x08>J <0x25><0x08><0x54>t<0x3F><0x08><0xF6>K3<0x08><0xF6>K3<0x08><0xFD>K3<0x08><0xFD>K3<0x08>iK3<0x08>iK3<0x08>qK3<0x08>qK3<0x08><0x15>w<0x9B><0x08><0x9D>v<0x9B><0x08><0x65><0x10><0x0D><0x08><0xF9><0x10><0x0D><0x08><0x9D><0x11><0x0D><0x08>Cu<0x9B><0x08>Yu<0x9B><0x08><0x94><0x93>?<0x08>:<0xFD>  <0x38><0x90>?<0x08> <0x08>:<0xFD><0x08>   ,136,4,140,pokemon,dialogue,,
0x00B20010,"

z<0xEF><0xFD>
j<0xEF><0xFD>
","
z",10,1,11,pokemon,other,,
0x00B20112,"RR                
<0xEF>
TxzxTRRRRRRRR                <0xEF>
<0xEF>TzxzRRRRRRRRR                ii
<0xEF>iiyziiiiiiii                j<0xEF><0xFD>","<0x11><0x11>                
<0xEF>z",117,1,118,pokemon,dialogue,,
0x00B20130,"RRRR                <0xEF>
<0xEF>TzxzRRRRRRRRR                ii
<0xEF>iiyziiiiiiii                j<0xEF><0xFD>",<0x11>m<0x1E><0x11>                z,87,1,88,pokemon,dialogue,,
0x01E5ACA3,"<0x1D><0x1D><0x1D><0x1D><0x1D><0x1D><0x1D><0x1D>
ç<0x0F> <0x58>Yz<0x09><0x09><0x06><0x02>ç<0x0F> <0x48>Zz<0x09><0x09><0x06><0x02>ç<0x2B>8<0x09><0x06><0x01>Y?q<0x09><0x0F> wZz<0x09><0x09><0x06><0x02><0x0F> <0x90>bz<0x09><0x09><0x06><0x02>ç<0x21><0x10><0x50>  <0x06><0x05><0xF1>?q<0x09><0x0F> <0xF3>cz<0x09><0x09><0x06><0x02><0x80> <0x10><0x50><0x0F> <0x4F>dz<0x09><0x09><0x06><0x02>ç<0x0F> <0xF7>dz<0x09><0x09><0x05><0x21><0x0D><0x80><0x01> <0x06><0x01>é.q<0x09><0x0F> <0xFD>ez<0x09><0x09><0x06><0x02><0x0F> <0x72>ez<0x09><0x09><0x05><0x21><0x0D><0x80><0x01> <0x06><0x01><0x37>.q<0x09><0x0F> <0xFD>ez<0x09><0x09><0x06><0x02><0x0F> <0x20>fz<0x09><0x09><0x06><0x02><0x0F> <0x3F>fz<0x09><0x09><0x06><0x02><0x5A><0x0F> X<0x7E>z<0x09><0x09><0x05><0x21><0x0D><0x80>  <0x06><0x01><0x71>.q<0x09><0x68><0x2F><0x97> ñ<0x14><0x16><0x2A>J<0x16><0x3A><0x03><0x4E>","<0x1D><0x1D><0x1D><0x1D><0x1D><0x1D><0x1D><0x1D>
ç<0x0F> <0x58>Yz<0x09><0x09><0x06><0x02>ç<0x0F> <0x48>Zz<0x09><0x09><0x06><0x02>ç<0x2B>8<0x09><0x06><0x01>Y?q<0x09><0x0F> wZz<0x09><0x09><0x06><0x02><0x0F> <0x90>bz<0x09><0x09><0x06><0x02>ç<0x21><0x10><0x50>  <0x06><0x05><0xF1>?q<0x09><0x0F> <0xF3>cz<0x09><0x09><0x06><0x02><0x80> <0x10><0x50><0x0F> <0x4F>dz<0x09><0x09><0x06><0x02>ç<0x0F> <0xF7>dz<0x09><0x09><0x05><0x21><0x0D><0x80><0x01> <0x06><0x01>é.q<0x09><0x0F> <0xFD>ez<0x09><0x09><0x06><0x02><0x0F> <0x72>ez<0x09><0x09><0x05><0x21><0x0D><0x80><0x01> <0x06><0x01><0x37>.q<0x09><0x0F> <0xFD>ez<0x09><0x09><0x06><0x02><0x0F> <0x20>fz<0x09><0x09><0x06><0x02><0x0F> <0x3F>fz<0x09><0x09><0x06><0x02><0x5A><0x0F> <0x39><0x2D><0x1C><0x08><0x09><0x05><0x21><0x0D><0x80>  <0x06><0x01><0x71>.q<0x09><0x68><0x2F><0x97> ñ<0x14><0x16><0x2A>J<0x16><0x3A><0x03><0x4E>",199,3,202,pokemon,dialogue,,
0x01E5ACAC,ç<0x0F> <0x58>Yz<0x09><0x09><0x06><0x02>ç<0x0F> <0x48>Zz<0x09><0x09><0x06><0x02>ç<0x2B>8<0x09><0x06><0x01>Y?q<0x09><0x0F> wZz<0x09><0x09><0x06><0x02><0x0F> <0x90>bz<0x09><0x09><0x06><0x02>ç<0x21><0x10><0x50>  <0x06><0x05><0xF1>?q<0x09><0x0F> <0xF3>cz<0x09><0x09><0x06><0x02><0x80> <0x10><0x50><0x0F> <0x4F>dz<0x09><0x09><0x06><0x02>ç<0x0F> <0xF7>dz<0x09><0x09><0x05><0x21><0x0D><0x80><0x01> <0x06><0x01>é.q<0x09><0x0F> <0xFD>ez<0x09><0x09><0x06><0x02><0x0F> <0x72>ez<0x09><0x09><0x05><0x21><0x0D><0x80><0x01> <0x06><0x01><0x37>.q<0x09><0x0F> <0xFD>ez<0x09><0x09><0x06><0x02><0x0F> <0x20>fz<0x09><0x09><0x06><0x02><0x0F> <0x3F>fz<0x09><0x09><0x06><0x02><0x5A><0x0F> X<0x7E>z<0x09><0x09><0x05><0x21><0x0D><0x80>  <0x06><0x01><0x71>.q<0x09><0x68><0x2F><0x97> ñ<0x14><0x16><0x2A>J<0x16><0x3A><0x03><0x4E>,ç<0x0F> <0x58>Yz<0x09><0x09><0x06><0x02>ç<0x0F> <0x48>Zz<0x09><0x09><0x06><0x02>ç<0x2B>8<0x09><0x06><0x01>Y?q<0x09><0x0F> wZz<0x09><0x09><0x06><0x02><0x0F> <0x90>bz<0x09><0x09><0x06><0x02>ç<0x21><0x10><0x50>  <0x06><0x05><0xF1>?q<0x09><0x0F> <0xF3>cz<0x09><0x09><0x06><0x02><0x80> <0x10><0x50><0x0F> <0x4F>dz<0x09><0x09><0x06><0x02>ç<0x0F> <0xF7>dz<0x09><0x09><0x05><0x21><0x0D><0x80><0x01> <0x06><0x01>é.q<0x09><0x0F> <0xFD>ez<0x09><0x09><0x06><0x02><0x0F> <0x72>ez<0x09><0x09><0x05><0x21><0x0D><0x80><0x01> <0x06><0x01><0x37>.q<0x09><0x0F> <0xFD>ez<0x09><0x09><0x06><0x02><0x0F> <0x20>fz<0x09><0x09><0x06><0x02><0x0F> <0x3F>fz<0x09><0x09><0x06><0x02><0x5A><0x0F> <0x39><0x2D><0x1C><0x08><0x09><0x05><0x21><0x0D><0x80>  <0x06><0x01><0x71>.q<0x09><0x68><0x2F><0x97> ñ<0x14><0x16><0x2A>J<0x16><0x3A><0x03><0x4E>,190,3,193,pokemon,dialogue,,
0x01E5ACB6,ç<0x0F> <0x48>Zz<0x09><0x09><0x06><0x02>ç<0x2B>8<0x09><0x06><0x01>Y?q<0x09><0x0F> wZz<0x09><0x09><0x06><0x02><0x0F> <0x90>bz<0x09><0x09><0x06><0x02>ç<0x21><0x10><0x50>  <0x06><0x05><0xF1>?q<0x09><0x0F> <0xF3>cz<0x09><0x09><0x06><0x02><0x80> <0x10><0x50><0x0F> <0x4F>dz<0x09><0x09><0x06><0x02>ç<0x0F> <0xF7>dz<0x09><0x09><0x05><0x21><0x0D><0x80><0x01> <0x06><0x01>é.q<0x09><0x0F> <0xFD>ez<0x09><0x09><0x06><0x02><0x0F> <0x72>ez<0x09><0x09><0x05><0x21><0x0D><0x80><0x01> <0x06><0x01><0x37>.q<0x09><0x0F> <0xFD>ez<0x09><0x09><0x06><0x02><0x0F> <0x20>fz<0x09><0x09><0x06><0x02><0x0F> <0x3F>fz<0x09><0x09><0x06><0x02><0x5A><0x0F> X<0x7E>z<0x09><0x09><0x05><0x21><0x0D><0x80>  <0x06><0x01><0x71>.q<0x09><0x68><0x2F><0x97> ñ<0x14><0x16><0x2A>J<0x16><0x3A><0x03><0x4E>,ç<0x0F> <0x48>Zz<0x09><0x09><0x06><0x02>ç<0x2B>8<0x09><0x06><0x01>Y?q<0x09><0x0F> wZz<0x09><0x09><0x06><0x02><0x0F> <0x90>bz<0x09><0x09><0x06><0x02>ç<0x21><0x10><0x50>  <0x06><0x05><0xF1>?q<0x09><0x0F> <0xF3>cz<0x09><0x09><0x06><0x02><0x80> <0x10><0x50><0x0F> <0x4F>dz<0x09><0x09><0x06><0x02>ç<0x0F> <0xF7>dz<0x09><0x09><0x05><0x21><0x0D><0x80><0x01> <0x06><0x01>é.q<0x09><0x0F> <0xFD>ez<0x09><0x09><0x06><0x02><0x0F> <0x72>ez<0x09><0x09><0x05><0x21><0x0D><0x80><0x01> <0x06><0x01><0x37>.q<0x09><0x0F> <0xFD>ez<0x09><0x09><0x06><0x02><0x0F> <0x20>fz<0x09><0x09><0x06><0x02><0x0F> <0x3F>fz<0x09><0x09><0x06><0x02><0x5A><0x0F> <0x39><0x2D><0x1C><0x08><0x09><0x05><0x21><0x0D><0x80>  <0x06><0x01><0x71>.q<0x09><0x68><0x2F><0x97> ñ<0x14><0x16><0x2A>J<0x16><0x3A><0x03><0x4E>,180,3,183,pokemon,dialogue,,
0x01E5ACC0,ç<0x2B>8<0x09><0x06><0x01>Y?q<0x09><0x0F> wZz<0x09><0x09><0x06><0x02><0x0F> <0x90>bz<0x09><0x09><0x06><0x02>ç<0x21><0x10><0x50>  <0x06><0x05><0xF1>?q<0x09><0x0F> <0xF3>cz<0x09><0x09><0x06><0x02><0x80> <0x10><0x50><0x0F> <0x4F>dz<0x09><0x09><0x06><0x02>ç<0x0F> <0xF7>dz<0x09><0x09><0x05><0x21><0x0D><0x80><0x01> <0x06><0x01>é.q<0x09><0x0F> <0xFD>ez<0x09><0x09><0x06><0x02><0x0F> <0x72>ez<0x09><0x09><0x05><0x21><0x0D><0x80><0x01> <0x06><0x01><0x37>.q<0x09><0x0F> <0xFD>ez<0x09><0x09><0x06><0x02><0x0F> <0x20>fz<0x09><0x09><0x06><0x02><0x0F> <0x3F>fz<0x09><0x09><0x06><0x02><0x5A><0x0F> X<0x7E>z<0x09><0x09><0x05><0x21><0x0D><0x80>  <0x06><0x01><0x71>.q<0x09><0x68><0x2F><0x97> ñ<0x14><0x16><0x2A>J<0x16><0x3A><0x03><0x4E>,ç<0x2B>8<0x09><0x06><0x01>Y?q<0x09><0x0F> wZz<0x09><0x09><0x06><0x02><0x0F> <0x90>bz<0x09><0x09><0x06><0x02>ç<0x21><0x10><0x50>  <0x06><0x05><0xF1>?q<0x09><0x0F> <0xF3>cz<0x09><0x09><0x06><0x02><0x80> <0x10><0x50><0x0F> <0x4F>dz<0x09><0x09><0x06><0x02>ç<0x0F> <0xF7>dz<0x09><0x09><0x05><0x21><0x0D><0x80><0x01> <0x06><0x01>é.q<0x09><0x0F> <0xFD>ez<0x09><0x09><0x06><0x02><0x0F> <0x72>ez<0x09><0x09><0x05><0x21><0x0D><0x80><0x01> <0x06><0x01><0x37>.q<0x09><0x0F> <0xFD>ez<0x09><0x09><0x06><0x02><0x0F> <0x20>fz<0x09><0x09><0x06><0x02><0x0F> <0x3F>fz<0x09><0x09><0x06><0x02><0x5A><0x0F> <0x39><0x2D><0x1C><0x08><0x09><0x05><0x21><0x0D><0x80>  <0x06><0x01><0x71>.q<0x09><0x68><0x2F><0x97> ñ<0x14><0x16><0x2A>J<0x16><0x3A><0x03><0x4E>,170,3,173,pokemon,dialogue,,
0x01E5ACD3,<0x0F> <0x90>bz<0x09><0x09><0x06><0x02>ç<0x21><0x10><0x50>  <0x06><0x05><0xF1>?q<0x09><0x0F> <0xF3>cz<0x09><0x09><0x06><0x02><0x80> <0x10><0x50><0x0F> <0x4F>dz<0x09><0x09><0x06><0x02>ç<0x0F> <0xF7>dz<0x09><0x09><0x05><0x21><0x0D><0x80><0x01> <0x06><0x01>é.q<0x09><0x0F> <0xFD>ez<0x09><0x09><0x06><0x02><0x0F> <0x72>ez<0x09><0x09><0x05><0x21><0x0D><0x80><0x01> <0x06><0x01><0x37>.q<0x09><0x0F> <0xFD>ez<0x09><0x09><0x06><0x02><0x0F> <0x20>fz<0x09><0x09><0x06><0x02><0x0F> <0x3F>fz<0x09><0x09><0x06><0x02><0x5A><0x0F> X<0x7E>z<0x09><0x09><0x05><0x21><0x0D><0x80>  <0x06><0x01><0x71>.q<0x09><0x68><0x2F><0x97> ñ<0x14><0x16><0x2A>J<0x16><0x3A><0x03><0x4E>,<0x0F> <0x90>bz<0x09><0x09><0x06><0x02>ç<0x21><0x10><0x50>  <0x06><0x05><0xF1>?q<0x09><0x0F> <0xF3>cz<0x09><0x09><0x06><0x02><0x80> <0x10><0x50><0x0F> <0x4F>dz<0x09><0x09><0x06><0x02>ç<0x0F> <0xF7>dz<0x09><0x09><0x05><0x21><0x0D><0x80><0x01> <0x06><0x01>é.q<0x09><0x0F> <0xFD>ez<0x09><0x09><0x06><0x02><0x0F> <0x72>ez<0x09><0x09><0x05><0x21><0x0D><0x80><0x01> <0x06><0x01><0x37>.q<0x09><0x0F> <0xFD>ez<0x09><0x09><0x06><0x02><0x0F> <0x20>fz<0x09><0x09><0x06><0x02><0x0F> <0x3F>fz<0x09><0x09><0x06><0x02><0x5A><0x0F> <0x39><0x2D><0x1C><0x08><0x09><0x05><0x21><0x0D><0x80>  <0x06><0x01><0x71>.q<0x09><0x68><0x2F><0x97> ñ<0x14><0x16><0x2A>J<0x16><0x3A><0x03><0x4E>,151,3,154,pokemon,dialogue,,
0x01E5ACF1,<0x80> <0x10><0x50><0x0F> <0x4F>dz<0x09><0x09><0x06><0x02>ç<0x0F> <0xF7>dz<0x09><0x09><0x05><0x21><0x0D><0x80><0x01> <0x06><0x01>é.q<0x09><0x0F> <0xFD>ez<0x09><0x09><0x06><0x02><0x0F> <0x72>ez<0x09><0x09><0x05><0x21><0x0D><0x80><0x01> <0x06><0x01><0x37>.q<0x09><0x0F> <0xFD>ez<0x09><0x09><0x06><0x02><0x0F> <0x20>fz<0x09><0x09><0x06><0x02><0x0F> <0x3F>fz<0x09><0x09><0x06><0x02><0x5A><0x0F> X<0x7E>z<0x09><0x09><0x05><0x21><0x0D><0x80>  <0x06><0x01><0x71>.q<0x09><0x68><0x2F><0x97> ñ<0x14><0x16><0x2A>J<0x16><0x3A><0x03><0x4E>,<0x80> <0x10><0x50><0x0F> <0x4F>dz<0x09><0x09><0x06><0x02>ç<0x0F> <0xF7>dz<0x09><0x09><0x05><0x21><0x0D><0x80><0x01> <0x06><0x01>é.q<0x09><0x0F> <0xFD>ez<0x09><0x09><0x06><0x02><0x0F> <0x72>ez<0x09><0x09><0x05><0x21><0x0D><0x80><0x01> <0x06><0x01><0x37>.q<0x09><0x0F> <0xFD>ez<0x09><0x09><0x06><0x02><0x0F> <0x20>fz<0x09><0x09><0x06><0x02><0x0F> <0x3F>fz<0x09><0x09><0x06><0x02><0x5A><0x0F> <0x39><0x2D><0x1C><0x08><0x09><0x05><0x21><0x0D><0x80>  <0x06><0x01><0x71>.q<0x09><0x68><0x2F><0x97> ñ<0x14><0x16><0x2A>J<0x16><0x3A><0x03><0x4E>,121,3,124,pokemon,description,,
0x01E5AD1B,<0x0F> <0x72>ez<0x09><0x09><0x05><0x21><0x0D><0x80><0x01> <0x06><0x01><0x37>.q<0x09><0x0F> <0xFD>ez<0x09><0x09><0x06><0x02><0x0F> <0x20>fz<0x09><0x09><0x06><0x02><0x0F> <0x3F>fz<0x09><0x09><0x06><0x02><0x5A><0x0F> X<0x7E>z<0x09><0x09><0x05><0x21><0x0D><0x80>  <0x06><0x01><0x71>.q<0x09><0x68><0x2F><0x97> ñ<0x14><0x16><0x2A>J<0x16><0x3A><0x03><0x4E>,<0x0F> <0x72>ez<0x09><0x09><0x05><0x21><0x0D><0x80><0x01> <0x06><0x01><0x37>.q<0x09><0x0F> <0xFD>ez<0x09><0x09><0x06><0x02><0x0F> <0x20>fz<0x09><0x09><0x06><0x02><0x0F> <0x3F>fz<0x09><0x09><0x06><0x02><0x5A><0x0F> <0x39><0x2D><0x1C><0x08><0x09><0x05><0x21><0x0D><0x80>  <0x06><0x01><0x71>.q<0x09><0x68><0x2F><0x97> ñ<0x14><0x16><0x2A>J<0x16><0x3A><0x03><0x4E>,79,3,82,pokemon,description,,
0x01E5B245,<0x03><0x50><0xB2>q<0x09><0x05><0x14><0x76>t<0x09> <0x2B>/<0x15><0x07> <0x5A><0xB2>q<0x09><0x02><0x2A><0xB5><0x15><0x03><0x0F> <0x7E><0xF2>z<0x09><0x09><0x05><0x21><0x0D><0x80>  <0x06><0x01>S<0xB2>q<0x09><0x04><0x8B> u<0x09><0x6C><0x04><0x42>wr<0x09><0x16> <0x80><0x0F><0x80>ó<0x65><0x87>x<0x09><0x57><0x0F><0x80><0x05> <0x04> 0<0x99><0x01><0x02> <0x0F> <0x9D><0xF2>z<0x09><0x09><0x04>K<0x68><0x28><0x14> ñ<0x07><0x08>ñ<0xFD><0x02>ñL<0x16>ó<0x2D><0x88>x<0x09><0xB6><0x99><0x01><0x46><0x6D> ñ<0xF9><0x09><0x25><0x18><0x01>ú<0x2A><0x07><0x08><0x26><0x0D><0x80>' <0x21><0x0D><0x80><0x07> <0x06><0x01>U<0xB2>q<0x09><0x6C><0x02>ñ/<0x15><0x04><0x8B> u<0x09><0x6C><0x02><0x03>k<0xB2>q<0x09> <0x2B><0x2C><0x08><0x07><0x01> <0xB3>q<0x09><0x2B>p<0x16><0x06><0x01>,<0x03><0x50><0xB2>q<0x09><0x05><0x14><0x76>t<0x09> <0x2B>/<0x15><0x07> <0x5A><0xB2>q<0x09><0x02><0x2A><0xB5><0x15><0x03><0x0F> <0x67><0x9C><0x19><0x08><0x09><0x05><0x21><0x0D><0x80>  <0x06><0x01>S<0xB2>q<0x09><0x04><0x8B> u<0x09><0x6C><0x04><0x42>wr<0x09><0x16> <0x80><0x0F><0x80>ó<0x65><0x87>x<0x09><0x57><0x0F><0x80><0x05> <0x04> 0<0x99><0x01><0x02> <0x0F> <0x9D><0xF2>z<0x09><0x09><0x04>K<0x68><0x28><0x14> ñ<0x07><0x08>ñ<0xFD><0x02>ñL<0x16>ó<0x2D><0x88>x<0x09><0xB6><0x99><0x01><0x46><0x6D> ñ<0xF9><0x09><0x25><0x18><0x01>ú<0x2A><0x07><0x08><0x26><0x0D><0x80>' <0x21><0x0D><0x80><0x07> <0x06><0x01>U<0xB2>q<0x09><0x6C><0x02>ñ/<0x15><0x04><0x8B> u<0x09><0x6C><0x02><0x03>k<0xB2>q<0x09> <0x2B><0x2C><0x08><0x07><0x01> <0xB3>q<0x09><0x2B>p<0x16><0x06><0x01>,168,2,170,pokemon,description,,
0x01E5B250,<0x2B>/<0x15><0x07> <0x5A><0xB2>q<0x09><0x02><0x2A><0xB5><0x15><0x03><0x0F> <0x7E><0xF2>z<0x09><0x09><0x05><0x21><0x0D><0x80>  <0x06><0x01>S<0xB2>q<0x09><0x04><0x8B> u<0x09><0x6C><0x04><0x42>wr<0x09><0x16> <0x80><0x0F><0x80>ó<0x65><0x87>x<0x09><0x57><0x0F><0x80><0x05> <0x04> 0<0x99><0x01><0x02> <0x0F> <0x9D><0xF2>z<0x09><0x09><0x04>K<0x68><0x28><0x14> ñ<0x07><0x08>ñ<0xFD><0x02>ñL<0x16>ó<0x2D><0x88>x<0x09><0xB6><0x99><0x01><0x46><0x6D> ñ<0xF9><0x09><0x25><0x18><0x01>ú<0x2A><0x07><0x08><0x26><0x0D><0x80>' <0x21><0x0D><0x80><0x07> <0x06><0x01>U<0xB2>q<0x09><0x6C><0x02>ñ/<0x15><0x04><0x8B> u<0x09><0x6C><0x02><0x03>k<0xB2>q<0x09> <0x2B><0x2C><0x08><0x07><0x01> <0xB3>q<0x09><0x2B>p<0x16><0x06><0x01>,<0x2B>/<0x15><0x07> <0x5A><0xB2>q<0x09><0x02><0x2A><0xB5><0x15><0x03><0x0F> <0x67><0x9C><0x19><0x08><0x09><0x05><0x21><0x0D><0x80>  <0x06><0x01>S<0xB2>q<0x09><0x04><0x8B> u<0x09><0x6C><0x04><0x42>wr<0x09><0x16> <0x80><0x0F><0x80>ó<0x65><0x87>x<0x09><0x57><0x0F><0x80><0x05> <0x04> 0<0x99><0x01><0x02> <0x0F> <0x9D><0xF2>z<0x09><0x09><0x04>K<0x68><0x28><0x14> ñ<0x07><0x08>ñ<0xFD><0x02>ñL<0x16>ó<0x2D><0x88>x<0x09><0xB6><0x99><0x01><0x46><0x6D> ñ<0xF9><0x09><0x25><0x18><0x01>ú<0x2A><0x07><0x08><0x26><0x0D><0x80>' <0x21><0x0D><0x80><0x07> <0x06><0x01>U<0xB2>q<0x09><0x6C><0x02>ñ/<0x15><0x04><0x8B> u<0x09><0x6C><0x02><0x03>k<0xB2>q<0x09> <0x2B><0x2C><0x08><0x07><0x01> <0xB3>q<0x09><0x2B>p<0x16><0x06><0x01>,157,2,159,pokemon,description,,
0x01E5B25A,<0x2A><0xB5><0x15><0x03><0x0F> <0x7E><0xF2>z<0x09><0x09><0x05><0x21><0x0D><0x80>  <0x06><0x01>S<0xB2>q<0x09><0x04><0x8B> u<0x09><0x6C><0x04><0x42>wr<0x09><0x16> <0x80><0x0F><0x80>ó<0x65><0x87>x<0x09><0x57><0x0F><0x80><0x05> <0x04> 0<0x99><0x01><0x02> <0x0F> <0x9D><0xF2>z<0x09><0x09><0x04>K<0x68><0x28><0x14> ñ<0x07><0x08>ñ<0xFD><0x02>ñL<0x16>ó<0x2D><0x88>x<0x09><0xB6><0x99><0x01><0x46><0x6D> ñ<0xF9><0x09><0x25><0x18><0x01>ú<0x2A><0x07><0x08><0x26><0x0D><0x80>' <0x21><0x0D><0x80><0x07> <0x06><0x01>U<0xB2>q<0x09><0x6C><0x02>ñ/<0x15><0x04><0x8B> u<0x09><0x6C><0x02><0x03>k<0xB2>q<0x09> <0x2B><0x2C><0x08><0x07><0x01> <0xB3>q<0x09><0x2B>p<0x16><0x06><0x01>,<0x2A><0xB5><0x15><0x03><0x0F> <0x67><0x9C><0x19><0x08><0x09><0x05><0x21><0x0D><0x80>  <0x06><0x01>S<0xB2>q<0x09><0x04><0x8B> u<0x09><0x6C><0x04><0x42>wr<0x09><0x16> <0x80><0x0F><0x80>ó<0x65><0x87>x<0x09><0x57><0x0F><0x80><0x05> <0x04> 0<0x99><0x01><0x02> <0x0F> <0x9D><0xF2>z<0x09><0x09><0x04>K<0x68><0x28><0x14> ñ<0x07><0x08>ñ<0xFD><0x02>ñL<0x16>ó<0x2D><0x88>x<0x09><0xB6><0x99><0x01><0x46><0x6D> ñ<0xF9><0x09><0x25><0x18><0x01>ú<0x2A><0x07><0x08><0x26><0x0D><0x80>' <0x21><0x0D><0x80><0x07> <0x06><0x01>U<0xB2>q<0x09><0x6C><0x02>ñ/<0x15><0x04><0x8B> u<0x09><0x6C><0x02><0x03>k<0xB2>q<0x09> <0x2B><0x2C><0x08><0x07><0x01> <0xB3>q<0x09><0x2B>p<0x16><0x06><0x01>,147,2,149,pokemon,description,,
0x01E5B25E,<0x0F> <0x7E><0xF2>z<0x09><0x09><0x05><0x21><0x0D><0x80>  <0x06><0x01>S<0xB2>q<0x09><0x04><0x8B> u<0x09><0x6C><0x04><0x42>wr<0x09><0x16> <0x80><0x0F><0x80>ó<0x65><0x87>x<0x09><0x57><0x0F><0x80><0x05> <0x04> 0<0x99><0x01><0x02> <0x0F> <0x9D><0xF2>z<0x09><0x09><0x04>K<0x68><0x28><0x14> ñ<0x07><0x08>ñ<0xFD><0x02>ñL<0x16>ó<0x2D><0x88>x<0x09><0xB6><0x99><0x01><0x46><0x6D> ñ<0xF9><0x09><0x25><0x18><0x01>ú<0x2A><0x07><0x08><0x26><0x0D><0x80>' <0x21><0x0D><0x80><0x07> <0x06><0x01>U<0xB2>q<0x09><0x6C><0x02>ñ/<0x15><0x04><0x8B> u<0x09><0x6C><0x02><0x03>k<0xB2>q<0x09> <0x2B><0x2C><0x08><0x07><0x01> <0xB3>q<0x09><0x2B>p<0x16><0x06><0x01>,<0x0F> <0x67><0x9C><0x19><0x08><0x09><0x05><0x21><0x0D><0x80>  <0x06><0x01>S<0xB2>q<0x09><0x04><0x8B> u<0x09><0x6C><0x04><0x42>wr<0x09><0x16> <0x80><0x0F><0x80>ó<0x65><0x87>x<0x09><0x57><0x0F><0x80><0x05> <0x04> 0<0x99><0x01><0x02> <0x0F> <0x9D><0xF2>z<0x09><0x09><0x04>K<0x68><0x28><0x14> ñ<0x07><0x08>ñ<0xFD><0x02>ñL<0x16>ó<0x2D><0x88>x<0x09><0xB6><0x99><0x01><0x46><0x6D> ñ<0xF9><0x09><0x25><0x18><0x01>ú<0x2A><0x07><0x08><0x26><0x0D><0x80>' <0x21><0x0D><0x80><0x07> <0x06><0x01>U<0xB2>q<0x09><0x6C><0x02>ñ/<0x15><0x04><0x8B> u<0x09><0x6C><0x02><0x03>k<0xB2>q<0x09> <0x2B><0x2C><0x08><0x07><0x01> <0xB3>q<0x09><0x2B>p<0x16><0x06><0x01>,143,2,145,pokemon,description,,
0x01E64100,"<0x02><0x0B><0x41>r<0x09><0x01><0x25><0x2F>r<0x09> <0x08><0x50>  <0x15><0x41>r<0x09>  <0x4F><0x01> <0x94> <0x75><0x08><0x51>  M<0x01><0x0F> <0x69>e<0xEF><0x09><0x09><0x06><0x4F><0x01> <0xFD>8r<0x09><0x51>  <0x16><0x08><0x50><0x01> <0x02>ç<0x67><0x06><0x1F>:<0x09><0x66><0x16><0x06><0x80>  <0x0F> <0x56><0x71><0xF8><0x09><0x25><0x25> <0x16><0x06><0x80><0x01> <0x0F> <0x0F><0x41><0xF9><0x09><0x25><0x25> <0x16><0x06><0x80><0x02> <0x0F> <0x3E><0x6D><0xF9><0x09><0x25><0x25> í<0x15><0x06><0x21> <0x19> <0x80><0x0D><0x80><0x21> <0x80>  <0x06><0x01><0x97><0x41>r<0x09><0x21> <0x80><0x01> <0x06><0x01>""<0x41>r<0x09><0x0F> <0x08><0x20>:<0x09><0x09><0x06><0x05><0x5A>qr<0x09><0x68><0x97><0x01><0x25>  <0x2F><0x01> <0x30><0x97> <0x0F> <0x08><0x20>:<0x09><0x09><0x06><0x05><0x56><0x12>s<0x09><0x0F> <0x35>f<0xEF><0x09><0x09><0x06><0x05><0x5A>qr<0x09><0x5C><0x0E><0x1D>   jf<0xEF><0x09>","<0x02><0x0B><0x41>r<0x09><0x01><0x25><0x2F>r<0x09> <0x08><0x50>  <0x15><0x41>r<0x09>  <0x4F><0x01> <0x94> <0x75><0x08><0x51>  M<0x01><0x0F> <0x69>e<0xEF><0x09><0x09><0x06><0x4F><0x01> <0xFD>8r<0x09><0x51>  <0x16><0x08><0x50><0x01> <0x02>ç<0x67><0x06><0x1F>:<0x09><0x66><0x16><0x06><0x80>  <0x0F> <0x56><0x71><0xF8><0x09><0x25><0x25> <0x16><0x06><0x80><0x01> <0x0F> <0x1D><0x28><0x1C><0x08><0x25><0x25> <0x16><0x06><0x80><0x02> <0x0F> <0x3E><0x6D><0xF9><0x09><0x25><0x25> í<0x15><0x06><0x21> <0x19> <0x80><0x0D><0x80><0x21> <0x80>  <0x06><0x01><0x97><0x41>r<0x09><0x21> <0x80><0x01> <0x06><0x01>""<0x41>r<0x09><0x0F> <0x08><0x20>:<0x09><0x09><0x06><0x05><0x5A>qr<0x09><0x68><0x97><0x01><0x25>  <0x2F><0x01> <0x30><0x97> <0x0F> <0x08><0x20>:<0x09><0x09><0x06><0x05><0x56><0x12>s<0x09><0x0F> <0x35>f<0xEF><0x09><0x09><0x06><0x05><0x5A>qr<0x09><0x5C><0x0E><0x1D>   jf<0xEF><0x09>",199,2,201,pokemon,description,,
0x01E64404,"<0x2F><0x01><0x54><0x01>à<0x01><0x80><0x01>  ç<0x67><0x11><0x62><0x1A><0x08><0x66><0x86><0x28><0x44>r<0x09><0x0F> <0x90><0x51><0x1A><0x08><0x09><0x06><0x05><0x5A>qr<0x09> <0x4B> <0x4C> <0x4F> <0x52> <0x4D> <0x4E> <0x49> <0x4A>   ç<0x67><0x11><0x62><0x1A><0x08><0x66><0x86><0x54><0x44>r<0x09><0x0F> <0x90><0x51><0x1A><0x08><0x09><0x06><0x05><0x5A>qr<0x09> <0x3F> <0x40> <0x41> <0x43> <0x46> <0x42>   ç<0x67><0x11><0x62><0x1A><0x08><0x66><0x86>à<0x44>r<0x09><0x0F> <0x90><0x51><0x1A><0x08><0x09><0x06><0x05><0x5A>qr<0x09> <0x79> <0x7A> <0x7B> à è <0x7E> ù <0x80> ç À È É   ç<0x67><0x11><0x62><0x1A><0x08><0x66><0x86>""<0x44>r<0x09><0x0F> <0x90><0x51><0x1A><0x08><0x09><0x06><0x05><0x5A>qr<0x09> h i <0xFC> <0xFD> 
 ","<0x2F><0x01><0x54><0x01>à<0x01><0x80><0x01>  ç<0x67><0x59><0xAF><0x19><0x08><0x66><0x86><0x28><0x44>r<0x09><0x0F> <0xB6><0x4F><0x28><0x08><0x09><0x06><0x05><0x5A>qr<0x09> <0x4B> <0x4C> <0x4F> <0x52> <0x4D> <0x4E> <0x49> <0x4A>   ç<0x67><0x59><0xAF><0x19><0x08><0x66><0x86><0x54><0x44>r<0x09><0x0F> <0xB6><0x4F><0x28><0x08><0x09><0x06><0x05><0x5A>qr<0x09> <0x3F> <0x40> <0x41> <0x43> <0x46> <0x42>   ç<0x67><0x59><0xAF><0x19><0x08><0x66><0x86>à<0x44>r<0x09><0x0F> <0xB6><0x4F><0x28><0x08><0x09><0x06><0x05><0x5A>qr<0x09> <0x79> <0x7A> <0x7B> à è <0x7E> ù <0x80> ç À È É   ç<0x67><0x59><0xAF><0x19><0x08><0x66><0x86>""<0x44>r<0x09><0x0F> <0xB6><0x4F><0x28><0x08><0x09><0x06><0x05><0x5A>qr<0x09> h i <0xFC> <0xFD> 
 ",182,3,185,pokemon,dialogue,,
0x01E6440E,"ç<0x67><0x11><0x62><0x1A><0x08><0x66><0x86><0x28><0x44>r<0x09><0x0F> <0x90><0x51><0x1A><0x08><0x09><0x06><0x05><0x5A>qr<0x09> <0x4B> <0x4C> <0x4F> <0x52> <0x4D> <0x4E> <0x49> <0x4A>   ç<0x67><0x11><0x62><0x1A><0x08><0x66><0x86><0x54><0x44>r<0x09><0x0F> <0x90><0x51><0x1A><0x08><0x09><0x06><0x05><0x5A>qr<0x09> <0x3F> <0x40> <0x41> <0x43> <0x46> <0x42>   ç<0x67><0x11><0x62><0x1A><0x08><0x66><0x86>à<0x44>r<0x09><0x0F> <0x90><0x51><0x1A><0x08><0x09><0x06><0x05><0x5A>qr<0x09> <0x79> <0x7A> <0x7B> à è <0x7E> ù <0x80> ç À È É   ç<0x67><0x11><0x62><0x1A><0x08><0x66><0x86>""<0x44>r<0x09><0x0F> <0x90><0x51><0x1A><0x08><0x09><0x06><0x05><0x5A>qr<0x09> h i <0xFC> <0xFD> 
 ","ç<0x67><0x59><0xAF><0x19><0x08><0x66><0x86><0x28><0x44>r<0x09><0x0F> <0xB6><0x4F><0x28><0x08><0x09><0x06><0x05><0x5A>qr<0x09> <0x4B> <0x4C> <0x4F> <0x52> <0x4D> <0x4E> <0x49> <0x4A>   ç<0x67><0x59><0xAF><0x19><0x08><0x66><0x86><0x54><0x44>r<0x09><0x0F> <0xB6><0x4F><0x28><0x08><0x09><0x06><0x05><0x5A>qr<0x09> <0x3F> <0x40> <0x41> <0x43> <0x46> <0x42>   ç<0x67><0x59><0xAF><0x19><0x08><0x66><0x86>à<0x44>r<0x09><0x0F> <0xB6><0x4F><0x28><0x08><0x09><0x06><0x05><0x5A>qr<0x09> <0x79> <0x7A> <0x7B> à è <0x7E> ù <0x80> ç À È É   ç<0x67><0x59><0xAF><0x19><0x08><0x66><0x86>""<0x44>r<0x09><0x0F> <0xB6><0x4F><0x28><0x08><0x09><0x06><0x05><0x5A>qr<0x09> h i <0xFC> <0xFD> 
 ",172,3,175,pokemon,dialogue,,
0x01E6443A,"ç<0x67><0x11><0x62><0x1A><0x08><0x66><0x86><0x54><0x44>r<0x09><0x0F> <0x90><0x51><0x1A><0x08><0x09><0x06><0x05><0x5A>qr<0x09> <0x3F> <0x40> <0x41> <0x43> <0x46> <0x42>   ç<0x67><0x11><0x62><0x1A><0x08><0x66><0x86>à<0x44>r<0x09><0x0F> <0x90><0x51><0x1A><0x08><0x09><0x06><0x05><0x5A>qr<0x09> <0x79> <0x7A> <0x7B> à è <0x7E> ù <0x80> ç À È É   ç<0x67><0x11><0x62><0x1A><0x08><0x66><0x86>""<0x44>r<0x09><0x0F> <0x90><0x51><0x1A><0x08><0x09><0x06><0x05><0x5A>qr<0x09> h i <0xFC> <0xFD> 
 ","ç<0x67><0x59><0xAF><0x19><0x08><0x66><0x86><0x54><0x44>r<0x09><0x0F> <0xB6><0x4F><0x28><0x08><0x09><0x06><0x05><0x5A>qr<0x09> <0x3F> <0x40> <0x41> <0x43> <0x46> <0x42>   ç<0x67><0x59><0xAF><0x19><0x08><0x66><0x86>à<0x44>r<0x09><0x0F> <0xB6><0x4F><0x28><0x08><0x09><0x06><0x05><0x5A>qr<0x09> <0x79> <0x7A> <0x7B> à è <0x7E> ù <0x80> ç À È É   ç<0x67><0x59><0xAF><0x19><0x08><0x66><0x86>""<0x44>r<0x09><0x0F> <0xB6><0x4F><0x28><0x08><0x09><0x06><0x05><0x5A>qr<0x09> h i <0xFC> <0xFD> 
 ",128,3,131,pokemon,dialogue,,
0x01E64462,"ç<0x67><0x11><0x62><0x1A><0x08><0x66><0x86>à<0x44>r<0x09><0x0F> <0x90><0x51><0x1A><0x08><0x09><0x06><0x05><0x5A>qr<0x09> <0x79> <0x7A> <0x7B> à è <0x7E> ù <0x80> ç À È É   ç<0x67><0x11><0x62><0x1A><0x08><0x66><0x86>""<0x44>r<0x09><0x0F> <0x90><0x51><0x1A><0x08><0x09><0x06><0x05><0x5A>qr<0x09> h i <0xFC> <0xFD> 
 ","ç<0x67><0x59><0xAF><0x19><0x08><0x66><0x86>à<0x44>r<0x09><0x0F> <0xB6><0x4F><0x28><0x08><0x09><0x06><0x05><0x5A>qr<0x09> <0x79> <0x7A> <0x7B> à è <0x7E> ù <0x80> ç À È É   ç<0x67><0x59><0xAF><0x19><0x08><0x66><0x86>""<0x44>r<0x09><0x0F> <0xB6><0x4F><0x28><0x08><0x09><0x06><0x05><0x5A>qr<0x09> h i <0xFC> <0xFD> 
 ",88,3,91,pokemon,dialogue,,
0x01E64496,"ç<0x67><0x11><0x62><0x1A><0x08><0x66><0x86>""<0x44>r<0x09><0x0F> <0x90><0x51><0x1A><0x08><0x09><0x06><0x05><0x5A>qr<0x09> h i <0xFC> <0xFD> 
 ","ç<0x67><0x59><0xAF><0x19><0x08><0x66><0x86>""<0x44>r<0x09><0x0F> <0xB6><0x4F><0x28><0x08><0x09><0x06><0x05><0x5A>qr<0x09> h i <0xFC> <0xFD> 
 ",36,3,39,pokemon,dialogue,,
0x01E648AC,"<0x0F> <0x6E>u<0xEF><0x09><0x09><0x06><0x02><0x0F> <0x11>v<0xEF><0x09><0x09><0x06><0x02><0x0F> <0x80>v<0xEF><0x09><0x09><0x06><0x02><0x0F> ""v<0xEF><0x09><0x09><0x06><0x02><0x5A><0x0F> <0x34>w<0xEF><0x09><0x09><0x05><0x21><0x0D><0x80>  <0x06><0x01><0x3C><0x49>r<0x09><0x6C>0<0x3F>   <0x0F> <0x63>/<0xF7><0x09><0x09><0x04>K<0x6C><0x21><0x0C><0x50><0x1F> <0x06> <0x0F><0x49>r<0x09><0x21><0x0C><0x50><0x22> <0x06> <0x1E><0x49>r<0x09><0x05><0x2D><0x49>r<0x09><0x04><0x3C>7t<0x09><0x3D><0x01><0x72>","<0x0F> <0x6E>u<0xEF><0x09><0x09><0x06><0x02><0x0F> <0x11>v<0xEF><0x09><0x09><0x06><0x02><0x0F> <0x80>v<0xEF><0x09><0x09><0x06><0x02><0x0F> ""v<0xEF><0x09><0x09><0x06><0x02><0x5A><0x0F> <0xF2>e<0x6B><0x08><0x09><0x05><0x21><0x0D><0x80>  <0x06><0x01><0x3C><0x49>r<0x09><0x6C>0<0x3F>   <0x0F> <0x63>/<0xF7><0x09><0x09><0x04>K<0x6C><0x21><0x0C><0x50><0x1F> <0x06> <0x0F><0x49>r<0x09><0x21><0x0C><0x50><0x22> <0x06> <0x1E><0x49>r<0x09><0x05><0x2D><0x49>r<0x09><0x04><0x3C>7t<0x09><0x3D><0x01><0x72>",107,3,110,pokemon,description,,
0x01E648B5,"<0x0F> <0x11>v<0xEF><0x09><0x09><0x06><0x02><0x0F> <0x80>v<0xEF><0x09><0x09><0x06><0x02><0x0F> ""v<0xEF><0x09><0x09><0x06><0x02><0x5A><0x0F> <0x34>w<0xEF><0x09><0x09><0x05><0x21><0x0D><0x80>  <0x06><0x01><0x3C><0x49>r<0x09><0x6C>0<0x3F>   <0x0F> <0x63>/<0xF7><0x09><0x09><0x04>K<0x6C><0x21><0x0C><0x50><0x1F> <0x06> <0x0F><0x49>r<0x09><0x21><0x0C><0x50><0x22> <0x06> <0x1E><0x49>r<0x09><0x05><0x2D><0x49>r<0x09><0x04><0x3C>7t<0x09><0x3D><0x01><0x72>","<0x0F> <0x11>v<0xEF><0x09><0x09><0x06><0x02><0x0F> <0x80>v<0xEF><0x09><0x09><0x06><0x02><0x0F> ""v<0xEF><0x09><0x09><0x06><0x02><0x5A><0x0F> <0xF2>e<0x6B><0x08><0x09><0x05><0x21><0x0D><0x80>  <0x06><0x01><0x3C><0x49>r<0x09><0x6C>0<0x3F>   <0x0F> <0x63>/<0xF7><0x09><0x09><0x04>K<0x6C><0x21><0x0C><0x50><0x1F> <0x06> <0x0F><0x49>r<0x09><0x21><0x0C><0x50><0x22> <0x06> <0x1E><0x49>r<0x09><0x05><0x2D><0x49>r<0x09><0x04><0x3C>7t<0x09><0x3D><0x01><0x72>",98,3,101,pokemon,description,,
0x01E648BE,"<0x0F> <0x80>v<0xEF><0x09><0x09><0x06><0x02><0x0F> ""v<0xEF><0x09><0x09><0x06><0x02><0x5A><0x0F> <0x34>w<0xEF><0x09><0x09><0x05><0x21><0x0D><0x80>  <0x06><0x01><0x3C><0x49>r<0x09><0x6C>0<0x3F>   <0x0F> <0x63>/<0xF7><0x09><0x09><0x04>K<0x6C><0x21><0x0C><0x50><0x1F> <0x06> <0x0F><0x49>r<0x09><0x21><0x0C><0x50><0x22> <0x06> <0x1E><0x49>r<0x09><0x05><0x2D><0x49>r<0x09><0x04><0x3C>7t<0x09><0x3D><0x01><0x72>","<0x0F> <0x80>v<0xEF><0x09><0x09><0x06><0x02><0x0F> ""v<0xEF><0x09><0x09><0x06><0x02><0x5A><0x0F> <0xF2>e<0x6B><0x08><0x09><0x05><0x21><0x0D><0x80>  <0x06><0x01><0x3C><0x49>r<0x09><0x6C>0<0x3F>   <0x0F> <0x63>/<0xF7><0x09><0x09><0x04>K<0x6C><0x21><0x0C><0x50><0x1F> <0x06> <0x0F><0x49>r<0x09><0x21><0x0C><0x50><0x22> <0x06> <0x1E><0x49>r<0x09><0x05><0x2D><0x49>r<0x09><0x04><0x3C>7t<0x09><0x3D><0x01><0x72>",89,3,92,pokemon,description,,
0x01E648C7,"<0x0F> ""v<0xEF><0x09><0x09><0x06><0x02><0x5A><0x0F> <0x34>w<0xEF><0x09><0x09><0x05><0x21><0x0D><0x80>  <0x06><0x01><0x3C><0x49>r<0x09><0x6C>0<0x3F>   <0x0F> <0x63>/<0xF7><0x09><0x09><0x04>K<0x6C><0x21><0x0C><0x50><0x1F> <0x06> <0x0F><0x49>r<0x09><0x21><0x0C><0x50><0x22> <0x06> <0x1E><0x49>r<0x09><0x05><0x2D><0x49>r<0x09><0x04><0x3C>7t<0x09><0x3D><0x01><0x72>","<0x0F> ""v<0xEF><0x09><0x09><0x06><0x02><0x5A><0x0F> <0xF2>e<0x6B><0x08><0x09><0x05><0x21><0x0D><0x80>  <0x06><0x01><0x3C><0x49>r<0x09><0x6C>0<0x3F>   <0x0F> <0x63>/<0xF7><0x09><0x09><0x04>K<0x6C><0x21><0x0C><0x50><0x1F> <0x06> <0x0F><0x49>r<0x09><0x21><0x0C><0x50><0x22> <0x06> <0x1E><0x49>r<0x09><0x05><0x2D><0x49>r<0x09><0x04><0x3C>7t<0x09><0x3D><0x01><0x72>",80,3,83,pokemon,description,,
0x01E6B8A5,"<0x0F> <0x69><0x8D>:<0x09><0x09><0x06><0x05><0x5A>qr<0x09>F<0x46>r<0x8D>:<0x09><0x9A><0x50><0x01> <0x02><0x46><0x5E><0x02>J,r<0x09><0x0E>   <0x97>   <0xF7><0x8D>:<0x09><0x5A><0x21><0x9A><0x50><0x01> <0x06><0x01><0x20><0xB9>r<0x09><0x21><0x9A><0x50><0x02> <0x06><0x04><0x2E>/r<0x09><0x16><0x08><0x80><0x97> È <0x08><0x80><0x0F> <0x36><0x8E>:<0x09><0x09><0x05><0x21><0x0D><0x80>  <0x06><0x01><0x21>/r<0x09><0x0F> <0x28><0x8F>:<0x09><0x09><0x04><0x16><0x9A><0x50><0x01> <0x0F> r<0x8D>:<0x09><0x04>É<0xF5>v<0x09><0x05><0x5A>qr<0x09><0x16><0x04><0x80><0x0E> ó<0x05>gx<0x09><0x19><0x09><0x80><0x0D><0x80><0x16><0x08><0x80><0x97> È <0x08><0x80>È<0x01><0x09><0x80><0x22><0x09><0x80><0x08><0x80><0x06> m<0xB9>r<0x09><0x0F> <0x45><0x90>:<0x09><0x09><0x04><0x43><0x21><0x0D><0x80><0x06> <0x06><0x04><0x3B>/r<0x09>è <0x97> <0x16> <0x80>","<0x0F> <0x69><0x8D>:<0x09><0x09><0x06><0x05><0x5A>qr<0x09>F<0x46><0x99>-<0x19><0x08><0x9A><0x50><0x01> <0x02><0x46><0x5E><0x02>J,r<0x09><0x0E>   <0x97>   <0xF7><0x8D>:<0x09><0x5A><0x21><0x9A><0x50><0x01> <0x06><0x01><0x20><0xB9>r<0x09><0x21><0x9A><0x50><0x02> <0x06><0x04><0x2E>/r<0x09><0x16><0x08><0x80><0x97> È <0x08><0x80><0x0F> <0x36><0x8E>:<0x09><0x09><0x05><0x21><0x0D><0x80>  <0x06><0x01><0x21>/r<0x09><0x0F> <0x28><0x8F>:<0x09><0x09><0x04><0x16><0x9A><0x50><0x01> <0x0F> <0x99>-<0x19><0x08><0x04>É<0xF5>v<0x09><0x05><0x5A>qr<0x09><0x16><0x04><0x80><0x0E> ó<0x05>gx<0x09><0x19><0x09><0x80><0x0D><0x80><0x16><0x08><0x80><0x97> È <0x08><0x80>È<0x01><0x09><0x80><0x22><0x09><0x80><0x08><0x80><0x06> m<0xB9>r<0x09><0x0F> <0x45><0x90>:<0x09><0x09><0x04><0x43><0x21><0x0D><0x80><0x06> <0x06><0x04><0x3B>/r<0x09>è <0x97> <0x16> <0x80>",189,4,193,pokemon,description,,
0x01E6B8B4,"r<0x8D>:<0x09><0x9A><0x50><0x01> <0x02><0x46><0x5E><0x02>J,r<0x09><0x0E>   <0x97>   <0xF7><0x8D>:<0x09><0x5A><0x21><0x9A><0x50><0x01> <0x06><0x01><0x20><0xB9>r<0x09><0x21><0x9A><0x50><0x02> <0x06><0x04><0x2E>/r<0x09><0x16><0x08><0x80><0x97> È <0x08><0x80><0x0F> <0x36><0x8E>:<0x09><0x09><0x05><0x21><0x0D><0x80>  <0x06><0x01><0x21>/r<0x09><0x0F> <0x28><0x8F>:<0x09><0x09><0x04><0x16><0x9A><0x50><0x01> <0x0F> r<0x8D>:<0x09><0x04>É<0xF5>v<0x09><0x05><0x5A>qr<0x09><0x16><0x04><0x80><0x0E> ó<0x05>gx<0x09><0x19><0x09><0x80><0x0D><0x80><0x16><0x08><0x80><0x97> È <0x08><0x80>È<0x01><0x09><0x80><0x22><0x09><0x80><0x08><0x80><0x06> m<0xB9>r<0x09><0x0F> <0x45><0x90>:<0x09><0x09><0x04><0x43><0x21><0x0D><0x80><0x06> <0x06><0x04><0x3B>/r<0x09>è <0x97> <0x16> <0x80>","<0x99>-<0x19><0x08><0x9A><0x50><0x01> <0x02><0x46><0x5E><0x02>J,r<0x09><0x0E>   <0x97>   <0xF7><0x8D>:<0x09><0x5A><0x21><0x9A><0x50><0x01> <0x06><0x01><0x20><0xB9>r<0x09><0x21><0x9A><0x50><0x02> <0x06><0x04><0x2E>/r<0x09><0x16><0x08><0x80><0x97> È <0x08><0x80><0x0F> <0x36><0x8E>:<0x09><0x09><0x05><0x21><0x0D><0x80>  <0x06><0x01><0x21>/r<0x09><0x0F> <0x28><0x8F>:<0x09><0x09><0x04><0x16><0x9A><0x50><0x01> <0x0F> <0x99>-<0x19><0x08><0x04>É<0xF5>v<0x09><0x05><0x5A>qr<0x09><0x16><0x04><0x80><0x0E> ó<0x05>gx<0x09><0x19><0x09><0x80><0x0D><0x80><0x16><0x08><0x80><0x97> È <0x08><0x80>È<0x01><0x09><0x80><0x22><0x09><0x80><0x08><0x80><0x06> m<0xB9>r<0x09><0x0F> <0x45><0x90>:<0x09><0x09><0x04><0x43><0x21><0x0D><0x80><0x06> <0x06><0x04><0x3B>/r<0x09>è <0x97> <0x16> <0x80>",174,4,178,pokemon,description,,
0x01E6B8C4,<0x0E>   <0x97>   <0xF7><0x8D>:<0x09><0x5A><0x21><0x9A><0x50><0x01> <0x06><0x01><0x20><0xB9>r<0x09><0x21><0x9A><0x50><0x02> <0x06><0x04><0x2E>/r<0x09><0x16><0x08><0x80><0x97> È <0x08><0x80><0x0F> <0x36><0x8E>:<0x09><0x09><0x05><0x21><0x0D><0x80>  <0x06><0x01><0x21>/r<0x09><0x0F> <0x28><0x8F>:<0x09><0x09><0x04><0x16><0x9A><0x50><0x01> <0x0F> r<0x8D>:<0x09><0x04>É<0xF5>v<0x09><0x05><0x5A>qr<0x09><0x16><0x04><0x80><0x0E> ó<0x05>gx<0x09><0x19><0x09><0x80><0x0D><0x80><0x16><0x08><0x80><0x97> È <0x08><0x80>È<0x01><0x09><0x80><0x22><0x09><0x80><0x08><0x80><0x06> m<0xB9>r<0x09><0x0F> <0x45><0x90>:<0x09><0x09><0x04><0x43><0x21><0x0D><0x80><0x06> <0x06><0x04><0x3B>/r<0x09>è <0x97> <0x16> <0x80>,<0x0E>   <0x97>   <0xF7><0x8D>:<0x09><0x5A><0x21><0x9A><0x50><0x01> <0x06><0x01><0x20><0xB9>r<0x09><0x21><0x9A><0x50><0x02> <0x06><0x04><0x2E>/r<0x09><0x16><0x08><0x80><0x97> È <0x08><0x80><0x0F> <0x36><0x8E>:<0x09><0x09><0x05><0x21><0x0D><0x80>  <0x06><0x01><0x21>/r<0x09><0x0F> <0x28><0x8F>:<0x09><0x09><0x04><0x16><0x9A><0x50><0x01> <0x0F> <0x99>-<0x19><0x08><0x04>É<0xF5>v<0x09><0x05><0x5A>qr<0x09><0x16><0x04><0x80><0x0E> ó<0x05>gx<0x09><0x19><0x09><0x80><0x0D><0x80><0x16><0x08><0x80><0x97> È <0x08><0x80>È<0x01><0x09><0x80><0x22><0x09><0x80><0x08><0x80><0x06> m<0xB9>r<0x09><0x0F> <0x45><0x90>:<0x09><0x09><0x04><0x43><0x21><0x0D><0x80><0x06> <0x06><0x04><0x3B>/r<0x09>è <0x97> <0x16> <0x80>,158,4,162,pokemon,description,,
0x01E6FD96,"<0x0F> <0xB9> <0xF1><0x09><0x09><0x05><0x21><0x0D><0x80>  <0x06><0x01><0x2F><0xFD>r<0x09><0x16><0x0D><0x80><0x02> <0x05>J
r<0x09><0x67>ú
:<0x09><0x66><0x16><0x06><0x80>  <0x0F> <0x2B><0x06><0xF1><0x09><0x25><0x25> <0x16><0x06><0x80><0x01> <0x0F> <0x4B><0x06><0xF1><0x09><0x25><0x25> í<0x11><0x08><0x20><0x01><0x85> <0x4B><0x06><0xF1><0x09><0x21><0x0D><0x80>  <0x06><0x05><0xF6><0xFD>r<0x09><0x85> <0x2B><0x06><0xF1><0x09><0x04><0x99><0x01>s<0x09><0x0F> <0x8E>
:<0x09><0x09><0x04><0x2F><0x05> <0x67><0x35>","<0x0F> <0xB9> <0xF1><0x09><0x09><0x05><0x21><0x0D><0x80>  <0x06><0x01><0x2F><0xFD>r<0x09><0x16><0x0D><0x80><0x02> <0x05>J
r<0x09><0x67>ú
:<0x09><0x66><0x16><0x06><0x80>  <0x0F> ó<0x4F><0x28><0x08><0x25><0x25> <0x16><0x06><0x80><0x01> <0x0F> <0x4B><0x06><0xF1><0x09><0x25><0x25> í<0x11><0x08><0x20><0x01><0x85> <0x4B><0x06><0xF1><0x09><0x21><0x0D><0x80>  <0x06><0x05><0xF6><0xFD>r<0x09><0x85> ó<0x4F><0x28><0x08><0x04><0x99><0x01>s<0x09><0x0F> <0x8E>
:<0x09><0x09><0x04><0x2F><0x05> <0x67><0x35>",109,3,112,pokemon,description,,
0x01E8B426,<0x2B><0x52><0x15><0x06><0x01><0x54>'t<0x09><0x04><0x40><0x25>t<0x09><0x04>ù<0xB1>t<0x09><0x25><0x8E> ñ<0x52><0x15><0x53><0x03> <0x30><0x2F>à <0x30><0x97><0x01><0x53><0x0B> <0x53><0x0C> <0x53><0x14> <0x97> <0x03><0x5A><0x0F> <0x47><0x80><0xF6><0x09><0x09><0x05><0x21><0x0D><0x80>  <0x06><0x01>È't<0x09><0x6C>0<0x3F>   <0x0F> <0x63>/<0xF7><0x09><0x09><0x04>K<0x6C><0x3D><0x0A><0x0C>,<0x2B><0x52><0x15><0x06><0x01><0x54>'t<0x09><0x04><0x40><0x25>t<0x09><0x04>ù<0xB1>t<0x09><0x25><0x8E> ñ<0x52><0x15><0x53><0x03> <0x30><0x2F>à <0x30><0x97><0x01><0x53><0x0B> <0x53><0x0C> <0x53><0x14> <0x97> <0x03><0x5A><0x0F> Le<0x6B><0x08><0x09><0x05><0x21><0x0D><0x80>  <0x06><0x01>È't<0x09><0x6C>0<0x3F>   <0x0F> <0x63>/<0xF7><0x09><0x09><0x04>K<0x6C><0x3D><0x0A><0x0C>,86,3,89,pokemon,description,,
0x01E8B6FD,<0x16><0x04><0x80><0x03> <0x16><0x05><0x80><0x03> <0x16><0x06><0x80><0x06> <0x16><0x07><0x80><0x05> <0x25><0x36><0x01>ú<0x30><0x2F><0x08> <0x04><0x96><0xB6>t<0x09><0x25><0x8E> <0x30><0x16><0x0C><0x50><0x1C> <0x6B><0x02><0x2B>o<0x16><0x06><0x01><0x3B><0xB7>t<0x09><0x0F> <0xF7><0x80><0xF6><0x09><0x09><0x03><0x03><0x0F> <0x13>ç<0xF6><0x09><0x09><0x03><0x03><0x0F> úç<0xF6><0x09><0x09><0x03><0x02><0x02><0x5D><0xB7>t<0x09><0x03><0x8B><0xAF>t<0x09><0x01><0x67><0xB7>t<0x09> <0x0C><0x50><0x1C> !<0xB7>t<0x09>  <0x21><0x0C><0x50><0x1D> <0x07> <0x73><0xB7>t<0x09><0x02>1  <0x03> <0x96><0x02><0x01> 1  <0x04> <0x96><0x02><0x01> 1  <0x05> <0x96><0x02><0x01> <0x03>1  <0x03> <0x0D><0x03><0x01> 1  <0x04> <0x15><0x03>  1  <0x05> <0x1D><0x03><0x01> <0x03><0x97><0x01><0x25><0x13><0x01><0x16><0x02><0x80><0x01> <0x16><0x03><0x80><0x04> ó0<0x55>À<0x08><0x25><0x8E> <0x57>,<0x16><0x04><0x80><0x03> <0x16><0x05><0x80><0x03> <0x16><0x06><0x80><0x06> <0x16><0x07><0x80><0x05> <0x25><0x36><0x01>ú<0x30><0x2F><0x08> <0x04><0x96><0xB6>t<0x09><0x25><0x8E> <0x30><0x16><0x0C><0x50><0x1C> <0x6B><0x02><0x2B>o<0x16><0x06><0x01><0x3B><0xB7>t<0x09><0x0F> <0xF7><0x80><0xF6><0x09><0x09><0x03><0x03><0x0F> <0x69>f<0x6B><0x08><0x09><0x03><0x03><0x0F> úç<0xF6><0x09><0x09><0x03><0x02><0x02><0x5D><0xB7>t<0x09><0x03><0x8B><0xAF>t<0x09><0x01><0x67><0xB7>t<0x09> <0x0C><0x50><0x1C> !<0xB7>t<0x09>  <0x21><0x0C><0x50><0x1D> <0x07> <0x73><0xB7>t<0x09><0x02>1  <0x03> <0x96><0x02><0x01> 1  <0x04> <0x96><0x02><0x01> 1  <0x05> <0x96><0x02><0x01> <0x03>1  <0x03> <0x0D><0x03><0x01> 1  <0x04> <0x15><0x03>  1  <0x05> <0x1D><0x03><0x01> <0x03><0x97><0x01><0x25><0x13><0x01><0x16><0x02><0x80><0x01> <0x16><0x03><0x80><0x04> ó0<0x55>À<0x08><0x25><0x8E> <0x57>,198,5,203,pokemon,dialogue,,
0x01E8B729,<0x2B>o<0x16><0x06><0x01><0x3B><0xB7>t<0x09><0x0F> <0xF7><0x80><0xF6><0x09><0x09><0x03><0x03><0x0F> <0x13>ç<0xF6><0x09><0x09><0x03><0x03><0x0F> úç<0xF6><0x09><0x09><0x03><0x02><0x02><0x5D><0xB7>t<0x09><0x03><0x8B><0xAF>t<0x09><0x01><0x67><0xB7>t<0x09> <0x0C><0x50><0x1C> !<0xB7>t<0x09>  <0x21><0x0C><0x50><0x1D> <0x07> <0x73><0xB7>t<0x09><0x02>1  <0x03> <0x96><0x02><0x01> 1  <0x04> <0x96><0x02><0x01> 1  <0x05> <0x96><0x02><0x01> <0x03>1  <0x03> <0x0D><0x03><0x01> 1  <0x04> <0x15><0x03>  1  <0x05> <0x1D><0x03><0x01> <0x03><0x97><0x01><0x25><0x13><0x01><0x16><0x02><0x80><0x01> <0x16><0x03><0x80><0x04> ó0<0x55>À<0x08><0x25><0x8E> <0x57>,<0x2B>o<0x16><0x06><0x01><0x3B><0xB7>t<0x09><0x0F> <0xF7><0x80><0xF6><0x09><0x09><0x03><0x03><0x0F> <0x69>f<0x6B><0x08><0x09><0x03><0x03><0x0F> úç<0xF6><0x09><0x09><0x03><0x02><0x02><0x5D><0xB7>t<0x09><0x03><0x8B><0xAF>t<0x09><0x01><0x67><0xB7>t<0x09> <0x0C><0x50><0x1C> !<0xB7>t<0x09>  <0x21><0x0C><0x50><0x1D> <0x07> <0x73><0xB7>t<0x09><0x02>1  <0x03> <0x96><0x02><0x01> 1  <0x04> <0x96><0x02><0x01> 1  <0x05> <0x96><0x02><0x01> <0x03>1  <0x03> <0x0D><0x03><0x01> 1  <0x04> <0x15><0x03>  1  <0x05> <0x1D><0x03><0x01> <0x03><0x97><0x01><0x25><0x13><0x01><0x16><0x02><0x80><0x01> <0x16><0x03><0x80><0x04> ó0<0x55>À<0x08><0x25><0x8E> <0x57>,154,5,159,pokemon,dialogue,,
0x01E8DF26,<0x55><0x01><0x59><0x01><0x90><0x01>  ç<0x67><0x11><0x62><0x1A><0x08><0x66><0x86><0x48>kt<0x09><0x0F> <0x90><0x51><0x1A><0x08><0x09><0x06><0x05><0x5A>qr<0x09> <0x6E><0x02>í<0x02><0x70><0x02><0x71><0x02><0x72><0x02><0x73><0x02><0x74><0x02>  ç<0x67><0x86><0x9A><0xF6><0x09><0x66><0x86><0x74>kt<0x09><0x0F> <0x90><0x51><0x1A><0x08><0x09><0x06><0x05><0x5A>qr<0x09> F<0x46><0x94> <0x95> <0x96> <0x97> <0x98> <0x9F> <0xA0> 0 1 2 3 4 5 6   <0x5A><0x0F> <0x10><0x9D><0xF6><0x09><0x09><0x05><0x21><0x0D><0x80>  <0x06><0x01>vkt<0x09><0x0F> <0xFB><0x9D><0xF6><0x09><0x09><0x04><0x1A> <0x80><0x08><0x01><0x1A><0x01><0x80><0x01> <0x09> <0x0F> <0x0A><0x9E><0xF6><0x09><0x09><0x06><0x21><0x0C><0x80><0x04> <0x07><0x01>kkt<0x09><0x4F><0x0F><0x80><0xF7>kt<0x09><0x51>  <0x30><0x2F><0x09> <0x53><0x0F><0x80><0x02><0x4F>,<0x55><0x01><0x59><0x01><0x90><0x01>  ç<0x67><0x59><0xAF><0x19><0x08><0x66><0x86><0x48>kt<0x09><0x0F> <0xB6><0x4F><0x28><0x08><0x09><0x06><0x05><0x5A>qr<0x09> <0x6E><0x02>í<0x02><0x70><0x02><0x71><0x02><0x72><0x02><0x73><0x02><0x74><0x02>  ç<0x67><0x86><0x9A><0xF6><0x09><0x66><0x86><0x74>kt<0x09><0x0F> <0xB6><0x4F><0x28><0x08><0x09><0x06><0x05><0x5A>qr<0x09> F<0x46><0x94> <0x95> <0x96> <0x97> <0x98> <0x9F> <0xA0> 0 1 2 3 4 5 6   <0x5A><0x0F> <0x10><0x9D><0xF6><0x09><0x09><0x05><0x21><0x0D><0x80>  <0x06><0x01>vkt<0x09><0x0F> <0xFB><0x9D><0xF6><0x09><0x09><0x04><0x1A> <0x80><0x08><0x01><0x1A><0x01><0x80><0x01> <0x09> <0x0F> <0x0A><0x9E><0xF6><0x09><0x09><0x06><0x21><0x0C><0x80><0x04> <0x07><0x01>kkt<0x09><0x4F><0x0F><0x80><0xF7>kt<0x09><0x51>  <0x30><0x2F><0x09> <0x53><0x0F><0x80><0x02><0x4F>,186,4,190,pokemon,description,,
0x01E8DF2E,ç<0x67><0x11><0x62><0x1A><0x08><0x66><0x86><0x48>kt<0x09><0x0F> <0x90><0x51><0x1A><0x08><0x09><0x06><0x05><0x5A>qr<0x09> <0x6E><0x02>í<0x02><0x70><0x02><0x71><0x02><0x72><0x02><0x73><0x02><0x74><0x02>  ç<0x67><0x86><0x9A><0xF6><0x09><0x66><0x86><0x74>kt<0x09><0x0F> <0x90><0x51><0x1A><0x08><0x09><0x06><0x05><0x5A>qr<0x09> F<0x46><0x94> <0x95> <0x96> <0x97> <0x98> <0x9F> <0xA0> 0 1 2 3 4 5 6   <0x5A><0x0F> <0x10><0x9D><0xF6><0x09><0x09><0x05><0x21><0x0D><0x80>  <0x06><0x01>vkt<0x09><0x0F> <0xFB><0x9D><0xF6><0x09><0x09><0x04><0x1A> <0x80><0x08><0x01><0x1A><0x01><0x80><0x01> <0x09> <0x0F> <0x0A><0x9E><0xF6><0x09><0x09><0x06><0x21><0x0C><0x80><0x04> <0x07><0x01>kkt<0x09><0x4F><0x0F><0x80><0xF7>kt<0x09><0x51>  <0x30><0x2F><0x09> <0x53><0x0F><0x80><0x02><0x4F>,ç<0x67><0x59><0xAF><0x19><0x08><0x66><0x86><0x48>kt<0x09><0x0F> <0xB6><0x4F><0x28><0x08><0x09><0x06><0x05><0x5A>qr<0x09> <0x6E><0x02>í<0x02><0x70><0x02><0x71><0x02><0x72><0x02><0x73><0x02><0x74><0x02>  ç<0x67><0x86><0x9A><0xF6><0x09><0x66><0x86><0x74>kt<0x09><0x0F> <0xB6><0x4F><0x28><0x08><0x09><0x06><0x05><0x5A>qr<0x09> F<0x46><0x94> <0x95> <0x96> <0x97> <0x98> <0x9F> <0xA0> 0 1 2 3 4 5 6   <0x5A><0x0F> <0x10><0x9D><0xF6><0x09><0x09><0x05><0x21><0x0D><0x80>  <0x06><0x01>vkt<0x09><0x0F> <0xFB><0x9D><0xF6><0x09><0x09><0x04><0x1A> <0x80><0x08><0x01><0x1A><0x01><0x80><0x01> <0x09> <0x0F> <0x0A><0x9E><0xF6><0x09><0x09><0x06><0x21><0x0C><0x80><0x04> <0x07><0x01>kkt<0x09><0x4F><0x0F><0x80><0xF7>kt<0x09><0x51>  <0x30><0x2F><0x09> <0x53><0x0F><0x80><0x02><0x4F>,178,4,182,pokemon,description,,
0x01E8DF58,ç<0x67><0x86><0x9A><0xF6><0x09><0x66><0x86><0x74>kt<0x09><0x0F> <0x90><0x51><0x1A><0x08><0x09><0x06><0x05><0x5A>qr<0x09> F<0x46><0x94> <0x95> <0x96> <0x97> <0x98> <0x9F> <0xA0> 0 1 2 3 4 5 6   <0x5A><0x0F> <0x10><0x9D><0xF6><0x09><0x09><0x05><0x21><0x0D><0x80>  <0x06><0x01>vkt<0x09><0x0F> <0xFB><0x9D><0xF6><0x09><0x09><0x04><0x1A> <0x80><0x08><0x01><0x1A><0x01><0x80><0x01> <0x09> <0x0F> <0x0A><0x9E><0xF6><0x09><0x09><0x06><0x21><0x0C><0x80><0x04> <0x07><0x01>kkt<0x09><0x4F><0x0F><0x80><0xF7>kt<0x09><0x51>  <0x30><0x2F><0x09> <0x53><0x0F><0x80><0x02><0x4F>,ç<0x67><0x86><0x9A><0xF6><0x09><0x66><0x86><0x74>kt<0x09><0x0F> <0xB6><0x4F><0x28><0x08><0x09><0x06><0x05><0x5A>qr<0x09> F<0x46><0x94> <0x95> <0x96> <0x97> <0x98> <0x9F> <0xA0> 0 1 2 3 4 5 6   <0x5A><0x0F> <0x10><0x9D><0xF6><0x09><0x09><0x05><0x21><0x0D><0x80>  <0x06><0x01>vkt<0x09><0x0F> <0xFB><0x9D><0xF6><0x09><0x09><0x04><0x1A> <0x80><0x08><0x01><0x1A><0x01><0x80><0x01> <0x09> <0x0F> <0x0A><0x9E><0xF6><0x09><0x09><0x06><0x21><0x0C><0x80><0x04> <0x07><0x01>kkt<0x09><0x4F><0x0F><0x80><0xF7>kt<0x09><0x51>  <0x30><0x2F><0x09> <0x53><0x0F><0x80><0x02><0x4F>,136,4,140,pokemon,description,,
0x01E8EF46,<0x16><0x04><0x80><0x0D> ó<0x05>gx<0x09>È <0x0A> È<0x01><0x0D><0x80><0x21><0x0D><0x80><0x0A> <0x06> <0x50><0xF1>t<0x09><0x0F> èQ<0xF6><0x09><0x09><0x04><0x16><0x04><0x80><0x67><0x01><0x47><0x67><0x01><0x01> <0x21><0x0D><0x80>  <0x07><0x05><0x6A><0xF1>t<0x09><0x1A> <0x80><0x04><0x80><0x1A><0x01><0x80><0x01> <0x09> <0x16>y<0x50><0x02> <0x0F> EO<0xF6><0x09><0x04>9<0xF5>v<0x09><0x21><0x0C><0x80><0x04> <0x07><0x01><0x76><0xF1>t<0x09>M È <0x32> <0x0F> <0xFD>Q<0xF6><0x09><0x09><0x06><0x16>y<0x50><0x03> <0x0F> RO<0xF6><0x09><0x04>É<0xF5>v<0x09><0x05><0x5A>qr<0x09><0x16><0x04><0x80><0x0D> ó<0x05>gx<0x09>È <0x32> È<0x01><0x0D><0x80><0x21><0x0D><0x80><0x32> <0x06> <0x50><0xF1>t<0x09><0x0F> èQ<0xF6><0x09><0x09><0x06><0x43><0x21><0x0D><0x80><0x06> <0x06><0x04><0x5D><0xF1>t<0x09><0x04><0x8B> u<0x09><0x16> <0x80>,<0x16><0x04><0x80><0x0D> ó<0x05>gx<0x09>È <0x0A> È<0x01><0x0D><0x80><0x21><0x0D><0x80><0x0A> <0x06> <0x50><0xF1>t<0x09><0x0F> èQ<0xF6><0x09><0x09><0x04><0x16><0x04><0x80><0x67><0x01><0x47><0x67><0x01><0x01> <0x21><0x0D><0x80>  <0x07><0x05><0x6A><0xF1>t<0x09><0x1A> <0x80><0x04><0x80><0x1A><0x01><0x80><0x01> <0x09> <0x16>y<0x50><0x02> <0x0F> <0x80>!<0x19><0x08><0x04>9<0xF5>v<0x09><0x21><0x0C><0x80><0x04> <0x07><0x01><0x76><0xF1>t<0x09>M È <0x32> <0x0F> <0xFD>Q<0xF6><0x09><0x09><0x06><0x16>y<0x50><0x03> <0x0F> <0x91>!<0x19><0x08><0x04>É<0xF5>v<0x09><0x05><0x5A>qr<0x09><0x16><0x04><0x80><0x0D> ó<0x05>gx<0x09>È <0x32> È<0x01><0x0D><0x80><0x21><0x0D><0x80><0x32> <0x06> <0x50><0xF1>t<0x09><0x0F> èQ<0xF6><0x09><0x09><0x06><0x43><0x21><0x0D><0x80><0x06> <0x06><0x04><0x5D><0xF1>t<0x09><0x04><0x8B> u<0x09><0x16> <0x80>,189,4,193,pokemon,description,,
0x01E8EFA7,M È <0x32> <0x0F> <0xFD>Q<0xF6><0x09><0x09><0x06><0x16>y<0x50><0x03> <0x0F> RO<0xF6><0x09><0x04>É<0xF5>v<0x09><0x05><0x5A>qr<0x09><0x16><0x04><0x80><0x0D> ó<0x05>gx<0x09>È <0x32> È<0x01><0x0D><0x80><0x21><0x0D><0x80><0x32> <0x06> <0x50><0xF1>t<0x09><0x0F> èQ<0xF6><0x09><0x09><0x06><0x43><0x21><0x0D><0x80><0x06> <0x06><0x04><0x5D><0xF1>t<0x09><0x04><0x8B> u<0x09><0x16> <0x80>,M È <0x32> <0x0F> <0xFD>Q<0xF6><0x09><0x09><0x06><0x16>y<0x50><0x03> <0x0F> <0x91>!<0x19><0x08><0x04>É<0xF5>v<0x09><0x05><0x5A>qr<0x09><0x16><0x04><0x80><0x0D> ó<0x05>gx<0x09>È <0x32> È<0x01><0x0D><0x80><0x21><0x0D><0x80><0x32> <0x06> <0x50><0xF1>t<0x09><0x0F> èQ<0xF6><0x09><0x09><0x06><0x43><0x21><0x0D><0x80><0x06> <0x06><0x04><0x5D><0xF1>t<0x09><0x04><0x8B> u<0x09><0x16> <0x80>,92,4,96,pokemon,description,,
0x01E8F77F,<0x8A><0x67>fk<0xF6><0x09><0x66><0x16><0x06><0x80>  <0x0F> <0x0C>o<0xF6><0x09><0x25><0x25> <0x16><0x06><0x80><0x01> <0x0F> <0x0F><0x41><0xF9><0x09><0x25><0x25> <0x16><0x06><0x80><0x02> <0x0F> <0x33><0x42><0xF9><0x09><0x25><0x25> <0x16><0x06><0x80><0x03> <0x0F> <0x30><0x41><0xF9><0x09><0x25><0x25> í <0x05><0x22> <0x19> <0x80><0x0D><0x80><0x21> <0x80>  <0x06><0x01>w<0xF7>t<0x09><0x21> <0x80><0x01> <0x06><0x01><0x0B><0xF8>t<0x09><0x21> <0x80><0x02> <0x06><0x01><0x18><0xF8>t<0x09><0x6C><0x02><0x04><0x8B> u<0x09><0x16>v<0x50><0x01> <0x0F> Qm<0xF6><0x09><0x09><0x06><0x4F><0x0F><0x80>À<0xF8>t<0x09><0x51>  ñ<0x02><0x15><0x02><0x0F> ñl<0xF6><0x09><0x09><0x06><0x05>ù<0xF7>t<0x09>ó<0xB1><0x75>w<0x09><0x67><0x47>ó<0xF9><0x09><0x66><0x16> <0x80><0x04> <0x16><0x01><0x80><0x06> <0x16><0x04><0x80>  <0x25><0x58><0x01>úó<0x01><0x76>w<0x09><0x21><0x0D><0x80>,"<0x8A><0x67>fk<0xF6><0x09><0x66><0x16><0x06><0x80>  <0x0F> <0x4C>!<0x19><0x08><0x25><0x25> <0x16><0x06><0x80><0x01> <0x0F> <0x1D><0x28><0x1C><0x08><0x25><0x25> <0x16><0x06><0x80><0x02> <0x0F> 
<0x77><0x19><0x08><0x25><0x25> <0x16><0x06><0x80><0x03> <0x0F> p<0x5F><0x19><0x08><0x25><0x25> í <0x05><0x22> <0x19> <0x80><0x0D><0x80><0x21> <0x80>  <0x06><0x01>w<0xF7>t<0x09><0x21> <0x80><0x01> <0x06><0x01><0x0B><0xF8>t<0x09><0x21> <0x80><0x02> <0x06><0x01><0x18><0xF8>t<0x09><0x6C><0x02><0x04><0x8B> u<0x09><0x16>v<0x50><0x01> <0x0F> <0x53>!<0x19><0x08><0x09><0x06><0x4F><0x0F><0x80>À<0xF8>t<0x09><0x51>  ñ<0x02><0x15><0x02><0x0F> ñl<0xF6><0x09><0x09><0x06><0x05>ù<0xF7>t<0x09>ó<0xB1><0x75>w<0x09><0x67><0x47>ó<0xF9><0x09><0x66><0x16> <0x80><0x04> <0x16><0x01><0x80><0x06> <0x16><0x04><0x80>  <0x25><0x58><0x01>úó<0x01><0x76>w<0x09><0x21><0x0D><0x80>",191,2,193,pokemon,description,,
0x01E8F7EB,<0x04><0x8B> u<0x09><0x16>v<0x50><0x01> <0x0F> Qm<0xF6><0x09><0x09><0x06><0x4F><0x0F><0x80>À<0xF8>t<0x09><0x51>  ñ<0x02><0x15><0x02><0x0F> ñl<0xF6><0x09><0x09><0x06><0x05>ù<0xF7>t<0x09>ó<0xB1><0x75>w<0x09><0x67><0x47>ó<0xF9><0x09><0x66><0x16> <0x80><0x04> <0x16><0x01><0x80><0x06> <0x16><0x04><0x80>  <0x25><0x58><0x01>úó<0x01><0x76>w<0x09><0x21><0x0D><0x80>,<0x04><0x8B> u<0x09><0x16>v<0x50><0x01> <0x0F> <0x53>!<0x19><0x08><0x09><0x06><0x4F><0x0F><0x80>À<0xF8>t<0x09><0x51>  ñ<0x02><0x15><0x02><0x0F> ñl<0xF6><0x09><0x09><0x06><0x05>ù<0xF7>t<0x09>ó<0xB1><0x75>w<0x09><0x67><0x47>ó<0xF9><0x09><0x66><0x16> <0x80><0x04> <0x16><0x01><0x80><0x06> <0x16><0x04><0x80>  <0x25><0x58><0x01>úó<0x01><0x76>w<0x09><0x21><0x0D><0x80>,83,2,85,pokemon,description,,
0x01E91205,<0x16><0x8A><0x50><0x18> <0x03><0x25><0x8F> <0x21><0x05><0x80><0x14> <0x06><0x04>u<0x11>u<0x09><0x0F> <0xFD>u<0xF3><0x09><0x09><0x05><0x21><0x0D><0x80>  <0x06><0x01><0x6E><0x99>v<0x09>ó<0x09>qw<0x09><0x21><0x0C><0x50><0x2C> <0x06><0x04><0x4E><0x12>u<0x09><0x0F> qu<0xF3><0x09><0x09><0x06><0x3A><0x04><0x0B>,<0x16><0x8A><0x50><0x18> <0x03><0x25><0x8F> <0x21><0x05><0x80><0x14> <0x06><0x04>u<0x11>u<0x09><0x0F> <0x31>C<0x5F><0x09><0x09><0x05><0x21><0x0D><0x80>  <0x06><0x01><0x6E><0x99>v<0x09>ó<0x09>qw<0x09><0x21><0x0C><0x50><0x2C> <0x06><0x04><0x4E><0x12>u<0x09><0x0F> qu<0xF3><0x09><0x09><0x06><0x3A><0x04><0x0B>,66,3,69,pokemon,description,,
0x01E93119,<0x0F> <0x9B><0x0D><0xF7><0x09><0x09><0x03><0x02><0x0F> <0xB2><0x0D><0xF7><0x09><0x09><0x03><0x02><0x0F> <0x01><0x0E><0xF7><0x09><0x09><0x03><0x02><0x0F> <0x41><0x0E><0xF7><0x09><0x09><0x03><0x02><0x0F> <0x6C><0x0E><0xF7><0x09><0x09><0x03><0x02><0x0F> è<0x0E><0xF7><0x09><0x09><0x03><0x02><0x0F> g<0x0E><0xF7><0x09><0x09><0x03><0x02><0x0F> <0x0E><0x0F><0xF7><0x09><0x09><0x03><0x02><0x0F> <0x31><0x0F><0xF7><0x09><0x09><0x03><0x02><0x0F> <0x70><0x0F><0xF7><0x09><0x09><0x03><0x02><0x0F> <0x9D><0x0F><0xF7><0x09><0x09><0x03><0x02><0x0F> 8<0x0F><0xF7><0x09><0x09><0x03><0x02><0x0F> <0x04><0x10><0xF7><0x09><0x09><0x03><0x02><0x0F> <0x49><0x10><0xF7><0x09><0x09><0x03><0x02><0x0F> <0x8E><0x10><0xF7><0x09><0x09><0x03><0x02><0x0F> <0x9D><0x10><0xF7><0x09><0x09><0x03><0x02><0x0F> q<0x10><0xF7><0x09><0x09><0x03><0x02><0x0F> <0x0D><0x11><0xF7><0x09><0x09><0x03><0x02><0x0F> <0x4F><0x11><0xF7><0x09><0x09><0x03><0x02><0x0F> <0x8A><0x11><0xF7><0x09><0x09><0x03><0x02><0x0F> U<0x11><0xF7><0x09><0x09><0x03><0x02><0x0F> ,<0x0F> dM<0x5F><0x09><0x09><0x03><0x02><0x0F> pM<0x19><0x08><0x09><0x03><0x02><0x0F> <0x61>N<0x19><0x08><0x09><0x03><0x02><0x0F> <0x35>N<0x19><0x08><0x09><0x03><0x02><0x0F> <0x72><0x5D><0x19><0x08><0x09><0x03><0x02><0x0F> è<0x0E><0xF7><0x09><0x09><0x03><0x02><0x0F> g<0x0E><0xF7><0x09><0x09><0x03><0x02><0x0F> <0x0E><0x0F><0xF7><0x09><0x09><0x03><0x02><0x0F> <0x31><0x0F><0xF7><0x09><0x09><0x03><0x02><0x0F> <0xF9>N<0x5F><0x09><0x09><0x03><0x02><0x0F> ÀO<0x5F><0x09><0x09><0x03><0x02><0x0F> 8<0x0F><0xF7><0x09><0x09><0x03><0x02><0x0F> <0x04><0x10><0xF7><0x09><0x09><0x03><0x02><0x0F> <0x49><0x10><0xF7><0x09><0x09><0x03><0x02><0x0F> <0xAF>N<0x5F><0x09><0x09><0x03><0x02><0x0F> <0x9D><0x10><0xF7><0x09><0x09><0x03><0x02><0x0F> q<0x10><0xF7><0x09><0x09><0x03><0x02><0x0F> <0x0D><0x11><0xF7><0x09><0x09><0x03><0x02><0x0F> <0x4A><0x5E><0x19><0x08><0x09><0x03><0x02><0x0F> <0x45><0x31><0x1C><0x08><0x09><0x03><0x02><0x0F> NN<0x5F><0x09><0x09><0x03><0x02><0x0F> ,191,2,193,pokemon,description,,
0x01E93122,<0x0F> <0xB2><0x0D><0xF7><0x09><0x09><0x03><0x02><0x0F> <0x01><0x0E><0xF7><0x09><0x09><0x03><0x02><0x0F> <0x41><0x0E><0xF7><0x09><0x09><0x03><0x02><0x0F> <0x6C><0x0E><0xF7><0x09><0x09><0x03><0x02><0x0F> è<0x0E><0xF7><0x09><0x09><0x03><0x02><0x0F> g<0x0E><0xF7><0x09><0x09><0x03><0x02><0x0F> <0x0E><0x0F><0xF7><0x09><0x09><0x03><0x02><0x0F> <0x31><0x0F><0xF7><0x09><0x09><0x03><0x02><0x0F> <0x70><0x0F><0xF7><0x09><0x09><0x03><0x02><0x0F> <0x9D><0x0F><0xF7><0x09><0x09><0x03><0x02><0x0F> 8<0x0F><0xF7><0x09><0x09><0x03><0x02><0x0F> <0x04><0x10><0xF7><0x09><0x09><0x03><0x02><0x0F> <0x49><0x10><0xF7><0x09><0x09><0x03><0x02><0x0F> <0x8E><0x10><0xF7><0x09><0x09><0x03><0x02><0x0F> <0x9D><0x10><0xF7><0x09><0x09><0x03><0x02><0x0F> q<0x10><0xF7><0x09><0x09><0x03><0x02><0x0F> <0x0D><0x11><0xF7><0x09><0x09><0x03><0x02><0x0F> <0x4F><0x11><0xF7><0x09><0x09><0x03><0x02><0x0F> <0x8A><0x11><0xF7><0x09><0x09><0x03><0x02><0x0F> U<0x11><0xF7><0x09><0x09><0x03><0x02><0x0F> ,<0x0F> pM<0x19><0x08><0x09><0x03><0x02><0x0F> <0x61>N<0x19><0x08><0x09><0x03><0x02><0x0F> <0x35>N<0x19><0x08><0x09><0x03><0x02><0x0F> <0x72><0x5D><0x19><0x08><0x09><0x03><0x02><0x0F> è<0x0E><0xF7><0x09><0x09><0x03><0x02><0x0F> g<0x0E><0xF7><0x09><0x09><0x03><0x02><0x0F> <0x0E><0x0F><0xF7><0x09><0x09><0x03><0x02><0x0F> <0x31><0x0F><0xF7><0x09><0x09><0x03><0x02><0x0F> <0xF9>N<0x5F><0x09><0x09><0x03><0x02><0x0F> ÀO<0x5F><0x09><0x09><0x03><0x02><0x0F> 8<0x0F><0xF7><0x09><0x09><0x03><0x02><0x0F> <0x04><0x10><0xF7><0x09><0x09><0x03><0x02><0x0F> <0x49><0x10><0xF7><0x09><0x09><0x03><0x02><0x0F> <0xAF>N<0x5F><0x09><0x09><0x03><0x02><0x0F> <0x9D><0x10><0xF7><0x09><0x09><0x03><0x02><0x0F> q<0x10><0xF7><0x09><0x09><0x03><0x02><0x0F> <0x0D><0x11><0xF7><0x09><0x09><0x03><0x02><0x0F> <0x4A><0x5E><0x19><0x08><0x09><0x03><0x02><0x0F> <0x45><0x31><0x1C><0x08><0x09><0x03><0x02><0x0F> NN<0x5F><0x09><0x09><0x03><0x02><0x0F> ,182,2,184,pokemon,description,,
0x01E9312B,<0x0F> <0x01><0x0E><0xF7><0x09><0x09><0x03><0x02><0x0F> <0x41><0x0E><0xF7><0x09><0x09><0x03><0x02><0x0F> <0x6C><0x0E><0xF7><0x09><0x09><0x03><0x02><0x0F> è<0x0E><0xF7><0x09><0x09><0x03><0x02><0x0F> g<0x0E><0xF7><0x09><0x09><0x03><0x02><0x0F> <0x0E><0x0F><0xF7><0x09><0x09><0x03><0x02><0x0F> <0x31><0x0F><0xF7><0x09><0x09><0x03><0x02><0x0F> <0x70><0x0F><0xF7><0x09><0x09><0x03><0x02><0x0F> <0x9D><0x0F><0xF7><0x09><0x09><0x03><0x02><0x0F> 8<0x0F><0xF7><0x09><0x09><0x03><0x02><0x0F> <0x04><0x10><0xF7><0x09><0x09><0x03><0x02><0x0F> <0x49><0x10><0xF7><0x09><0x09><0x03><0x02><0x0F> <0x8E><0x10><0xF7><0x09><0x09><0x03><0x02><0x0F> <0x9D><0x10><0xF7><0x09><0x09><0x03><0x02><0x0F> q<0x10><0xF7><0x09><0x09><0x03><0x02><0x0F> <0x0D><0x11><0xF7><0x09><0x09><0x03><0x02><0x0F> <0x4F><0x11><0xF7><0x09><0x09><0x03><0x02><0x0F> <0x8A><0x11><0xF7><0x09><0x09><0x03><0x02><0x0F> U<0x11><0xF7><0x09><0x09><0x03><0x02><0x0F> ,<0x0F> <0x61>N<0x19><0x08><0x09><0x03><0x02><0x0F> <0x35>N<0x19><0x08><0x09><0x03><0x02><0x0F> <0x72><0x5D><0x19><0x08><0x09><0x03><0x02><0x0F> è<0x0E><0xF7><0x09><0x09><0x03><0x02><0x0F> g<0x0E><0xF7><0x09><0x09><0x03><0x02><0x0F> <0x0E><0x0F><0xF7><0x09><0x09><0x03><0x02><0x0F> <0x31><0x0F><0xF7><0x09><0x09><0x03><0x02><0x0F> <0xF9>N<0x5F><0x09><0x09><0x03><0x02><0x0F> ÀO<0x5F><0x09><0x09><0x03><0x02><0x0F> 8<0x0F><0xF7><0x09><0x09><0x03><0x02><0x0F> <0x04><0x10><0xF7><0x09><0x09><0x03><0x02><0x0F> <0x49><0x10><0xF7><0x09><0x09><0x03><0x02><0x0F> <0xAF>N<0x5F><0x09><0x09><0x03><0x02><0x0F> <0x9D><0x10><0xF7><0x09><0x09><0x03><0x02><0x0F> q<0x10><0xF7><0x09><0x09><0x03><0x02><0x0F> <0x0D><0x11><0xF7><0x09><0x09><0x03><0x02><0x0F> <0x4A><0x5E><0x19><0x08><0x09><0x03><0x02><0x0F> <0x45><0x31><0x1C><0x08><0x09><0x03><0x02><0x0F> NN<0x5F><0x09><0x09><0x03><0x02><0x0F> ,173,2,175,pokemon,description,,
0x01E93134,<0x0F> <0x41><0x0E><0xF7><0x09><0x09><0x03><0x02><0x0F> <0x6C><0x0E><0xF7><0x09><0x09><0x03><0x02><0x0F> è<0x0E><0xF7><0x09><0x09><0x03><0x02><0x0F> g<0x0E><0xF7><0x09><0x09><0x03><0x02><0x0F> <0x0E><0x0F><0xF7><0x09><0x09><0x03><0x02><0x0F> <0x31><0x0F><0xF7><0x09><0x09><0x03><0x02><0x0F> <0x70><0x0F><0xF7><0x09><0x09><0x03><0x02><0x0F> <0x9D><0x0F><0xF7><0x09><0x09><0x03><0x02><0x0F> 8<0x0F><0xF7><0x09><0x09><0x03><0x02><0x0F> <0x04><0x10><0xF7><0x09><0x09><0x03><0x02><0x0F> <0x49><0x10><0xF7><0x09><0x09><0x03><0x02><0x0F> <0x8E><0x10><0xF7><0x09><0x09><0x03><0x02><0x0F> <0x9D><0x10><0xF7><0x09><0x09><0x03><0x02><0x0F> q<0x10><0xF7><0x09><0x09><0x03><0x02><0x0F> <0x0D><0x11><0xF7><0x09><0x09><0x03><0x02><0x0F> <0x4F><0x11><0xF7><0x09><0x09><0x03><0x02><0x0F> <0x8A><0x11><0xF7><0x09><0x09><0x03><0x02><0x0F> U<0x11><0xF7><0x09><0x09><0x03><0x02><0x0F> ,<0x0F> <0x35>N<0x19><0x08><0x09><0x03><0x02><0x0F> <0x72><0x5D><0x19><0x08><0x09><0x03><0x02><0x0F> è<0x0E><0xF7><0x09><0x09><0x03><0x02><0x0F> g<0x0E><0xF7><0x09><0x09><0x03><0x02><0x0F> <0x0E><0x0F><0xF7><0x09><0x09><0x03><0x02><0x0F> <0x31><0x0F><0xF7><0x09><0x09><0x03><0x02><0x0F> <0xF9>N<0x5F><0x09><0x09><0x03><0x02><0x0F> ÀO<0x5F><0x09><0x09><0x03><0x02><0x0F> 8<0x0F><0xF7><0x09><0x09><0x03><0x02><0x0F> <0x04><0x10><0xF7><0x09><0x09><0x03><0x02><0x0F> <0x49><0x10><0xF7><0x09><0x09><0x03><0x02><0x0F> <0xAF>N<0x5F><0x09><0x09><0x03><0x02><0x0F> <0x9D><0x10><0xF7><0x09><0x09><0x03><0x02><0x0F> q<0x10><0xF7><0x09><0x09><0x03><0x02><0x0F> <0x0D><0x11><0xF7><0x09><0x09><0x03><0x02><0x0F> <0x4A><0x5E><0x19><0x08><0x09><0x03><0x02><0x0F> <0x45><0x31><0x1C><0x08><0x09><0x03><0x02><0x0F> NN<0x5F><0x09><0x09><0x03><0x02><0x0F> ,164,2,166,pokemon,description,,
0x01E9313D,<0x0F> <0x6C><0x0E><0xF7><0x09><0x09><0x03><0x02><0x0F> è<0x0E><0xF7><0x09><0x09><0x03><0x02><0x0F> g<0x0E><0xF7><0x09><0x09><0x03><0x02><0x0F> <0x0E><0x0F><0xF7><0x09><0x09><0x03><0x02><0x0F> <0x31><0x0F><0xF7><0x09><0x09><0x03><0x02><0x0F> <0x70><0x0F><0xF7><0x09><0x09><0x03><0x02><0x0F> <0x9D><0x0F><0xF7><0x09><0x09><0x03><0x02><0x0F> 8<0x0F><0xF7><0x09><0x09><0x03><0x02><0x0F> <0x04><0x10><0xF7><0x09><0x09><0x03><0x02><0x0F> <0x49><0x10><0xF7><0x09><0x09><0x03><0x02><0x0F> <0x8E><0x10><0xF7><0x09><0x09><0x03><0x02><0x0F> <0x9D><0x10><0xF7><0x09><0x09><0x03><0x02><0x0F> q<0x10><0xF7><0x09><0x09><0x03><0x02><0x0F> <0x0D><0x11><0xF7><0x09><0x09><0x03><0x02><0x0F> <0x4F><0x11><0xF7><0x09><0x09><0x03><0x02><0x0F> <0x8A><0x11><0xF7><0x09><0x09><0x03><0x02><0x0F> U<0x11><0xF7><0x09><0x09><0x03><0x02><0x0F> ,<0x0F> <0x72><0x5D><0x19><0x08><0x09><0x03><0x02><0x0F> è<0x0E><0xF7><0x09><0x09><0x03><0x02><0x0F> g<0x0E><0xF7><0x09><0x09><0x03><0x02><0x0F> <0x0E><0x0F><0xF7><0x09><0x09><0x03><0x02><0x0F> <0x31><0x0F><0xF7><0x09><0x09><0x03><0x02><0x0F> <0xF9>N<0x5F><0x09><0x09><0x03><0x02><0x0F> ÀO<0x5F><0x09><0x09><0x03><0x02><0x0F> 8<0x0F><0xF7><0x09><0x09><0x03><0x02><0x0F> <0x04><0x10><0xF7><0x09><0x09><0x03><0x02><0x0F> <0x49><0x10><0xF7><0x09><0x09><0x03><0x02><0x0F> <0xAF>N<0x5F><0x09><0x09><0x03><0x02><0x0F> <0x9D><0x10><0xF7><0x09><0x09><0x03><0x02><0x0F> q<0x10><0xF7><0x09><0x09><0x03><0x02><0x0F> <0x0D><0x11><0xF7><0x09><0x09><0x03><0x02><0x0F> <0x4A><0x5E><0x19><0x08><0x09><0x03><0x02><0x0F> <0x45><0x31><0x1C><0x08><0x09><0x03><0x02><0x0F> NN<0x5F><0x09><0x09><0x03><0x02><0x0F> ,155,2,157,pokemon,description,,
0x01E93146,<0x0F> è<0x0E><0xF7><0x09><0x09><0x03><0x02><0x0F> g<0x0E><0xF7><0x09><0x09><0x03><0x02><0x0F> <0x0E><0x0F><0xF7><0x09><0x09><0x03><0x02><0x0F> <0x31><0x0F><0xF7><0x09><0x09><0x03><0x02><0x0F> <0x70><0x0F><0xF7><0x09><0x09><0x03><0x02><0x0F> <0x9D><0x0F><0xF7><0x09><0x09><0x03><0x02><0x0F> 8<0x0F><0xF7><0x09><0x09><0x03><0x02><0x0F> <0x04><0x10><0xF7><0x09><0x09><0x03><0x02><0x0F> <0x49><0x10><0xF7><0x09><0x09><0x03><0x02><0x0F> <0x8E><0x10><0xF7><0x09><0x09><0x03><0x02><0x0F> <0x9D><0x10><0xF7><0x09><0x09><0x03><0x02><0x0F> q<0x10><0xF7><0x09><0x09><0x03><0x02><0x0F> <0x0D><0x11><0xF7><0x09><0x09><0x03><0x02><0x0F> <0x4F><0x11><0xF7><0x09><0x09><0x03><0x02><0x0F> <0x8A><0x11><0xF7><0x09><0x09><0x03><0x02><0x0F> U<0x11><0xF7><0x09><0x09><0x03><0x02><0x0F> ,<0x0F> è<0x0E><0xF7><0x09><0x09><0x03><0x02><0x0F> g<0x0E><0xF7><0x09><0x09><0x03><0x02><0x0F> <0x0E><0x0F><0xF7><0x09><0x09><0x03><0x02><0x0F> <0x31><0x0F><0xF7><0x09><0x09><0x03><0x02><0x0F> <0xF9>N<0x5F><0x09><0x09><0x03><0x02><0x0F> ÀO<0x5F><0x09><0x09><0x03><0x02><0x0F> 8<0x0F><0xF7><0x09><0x09><0x03><0x02><0x0F> <0x04><0x10><0xF7><0x09><0x09><0x03><0x02><0x0F> <0x49><0x10><0xF7><0x09><0x09><0x03><0x02><0x0F> <0xAF>N<0x5F><0x09><0x09><0x03><0x02><0x0F> <0x9D><0x10><0xF7><0x09><0x09><0x03><0x02><0x0F> q<0x10><0xF7><0x09><0x09><0x03><0x02><0x0F> <0x0D><0x11><0xF7><0x09><0x09><0x03><0x02><0x0F> <0x4A><0x5E><0x19><0x08><0x09><0x03><0x02><0x0F> <0x45><0x31><0x1C><0x08><0x09><0x03><0x02><0x0F> NN<0x5F><0x09><0x09><0x03><0x02><0x0F> ,146,2,148,pokemon,description,,
0x01E9314F,<0x0F> g<0x0E><0xF7><0x09><0x09><0x03><0x02><0x0F> <0x0E><0x0F><0xF7><0x09><0x09><0x03><0x02><0x0F> <0x31><0x0F><0xF7><0x09><0x09><0x03><0x02><0x0F> <0x70><0x0F><0xF7><0x09><0x09><0x03><0x02><0x0F> <0x9D><0x0F><0xF7><0x09><0x09><0x03><0x02><0x0F> 8<0x0F><0xF7><0x09><0x09><0x03><0x02><0x0F> <0x04><0x10><0xF7><0x09><0x09><0x03><0x02><0x0F> <0x49><0x10><0xF7><0x09><0x09><0x03><0x02><0x0F> <0x8E><0x10><0xF7><0x09><0x09><0x03><0x02><0x0F> <0x9D><0x10><0xF7><0x09><0x09><0x03><0x02><0x0F> q<0x10><0xF7><0x09><0x09><0x03><0x02><0x0F> <0x0D><0x11><0xF7><0x09><0x09><0x03><0x02><0x0F> <0x4F><0x11><0xF7><0x09><0x09><0x03><0x02><0x0F> <0x8A><0x11><0xF7><0x09><0x09><0x03><0x02><0x0F> U<0x11><0xF7><0x09><0x09><0x03><0x02><0x0F> ,<0x0F> g<0x0E><0xF7><0x09><0x09><0x03><0x02><0x0F> <0x0E><0x0F><0xF7><0x09><0x09><0x03><0x02><0x0F> <0x31><0x0F><0xF7><0x09><0x09><0x03><0x02><0x0F> <0xF9>N<0x5F><0x09><0x09><0x03><0x02><0x0F> ÀO<0x5F><0x09><0x09><0x03><0x02><0x0F> 8<0x0F><0xF7><0x09><0x09><0x03><0x02><0x0F> <0x04><0x10><0xF7><0x09><0x09><0x03><0x02><0x0F> <0x49><0x10><0xF7><0x09><0x09><0x03><0x02><0x0F> <0xAF>N<0x5F><0x09><0x09><0x03><0x02><0x0F> <0x9D><0x10><0xF7><0x09><0x09><0x03><0x02><0x0F> q<0x10><0xF7><0x09><0x09><0x03><0x02><0x0F> <0x0D><0x11><0xF7><0x09><0x09><0x03><0x02><0x0F> <0x4A><0x5E><0x19><0x08><0x09><0x03><0x02><0x0F> <0x45><0x31><0x1C><0x08><0x09><0x03><0x02><0x0F> NN<0x5F><0x09><0x09><0x03><0x02><0x0F> ,137,2,139,pokemon,description,,
0x01E93158,<0x0F> <0x0E><0x0F><0xF7><0x09><0x09><0x03><0x02><0x0F> <0x31><0x0F><0xF7><0x09><0x09><0x03><0x02><0x0F> <0x70><0x0F><0xF7><0x09><0x09><0x03><0x02><0x0F> <0x9D><0x0F><0xF7><0x09><0x09><0x03><0x02><0x0F> 8<0x0F><0xF7><0x09><0x09><0x03><0x02><0x0F> <0x04><0x10><0xF7><0x09><0x09><0x03><0x02><0x0F> <0x49><0x10><0xF7><0x09><0x09><0x03><0x02><0x0F> <0x8E><0x10><0xF7><0x09><0x09><0x03><0x02><0x0F> <0x9D><0x10><0xF7><0x09><0x09><0x03><0x02><0x0F> q<0x10><0xF7><0x09><0x09><0x03><0x02><0x0F> <0x0D><0x11><0xF7><0x09><0x09><0x03><0x02><0x0F> <0x4F><0x11><0xF7><0x09><0x09><0x03><0x02><0x0F> <0x8A><0x11><0xF7><0x09><0x09><0x03><0x02><0x0F> U<0x11><0xF7><0x09><0x09><0x03><0x02><0x0F> ,<0x0F> <0x0E><0x0F><0xF7><0x09><0x09><0x03><0x02><0x0F> <0x31><0x0F><0xF7><0x09><0x09><0x03><0x02><0x0F> <0xF9>N<0x5F><0x09><0x09><0x03><0x02><0x0F> ÀO<0x5F><0x09><0x09><0x03><0x02><0x0F> 8<0x0F><0xF7><0x09><0x09><0x03><0x02><0x0F> <0x04><0x10><0xF7><0x09><0x09><0x03><0x02><0x0F> <0x49><0x10><0xF7><0x09><0x09><0x03><0x02><0x0F> <0xAF>N<0x5F><0x09><0x09><0x03><0x02><0x0F> <0x9D><0x10><0xF7><0x09><0x09><0x03><0x02><0x0F> q<0x10><0xF7><0x09><0x09><0x03><0x02><0x0F> <0x0D><0x11><0xF7><0x09><0x09><0x03><0x02><0x0F> <0x4A><0x5E><0x19><0x08><0x09><0x03><0x02><0x0F> <0x45><0x31><0x1C><0x08><0x09><0x03><0x02><0x0F> NN<0x5F><0x09><0x09><0x03><0x02><0x0F> ,128,2,130,pokemon,description,,
0x01E93161,<0x0F> <0x31><0x0F><0xF7><0x09><0x09><0x03><0x02><0x0F> <0x70><0x0F><0xF7><0x09><0x09><0x03><0x02><0x0F> <0x9D><0x0F><0xF7><0x09><0x09><0x03><0x02><0x0F> 8<0x0F><0xF7><0x09><0x09><0x03><0x02><0x0F> <0x04><0x10><0xF7><0x09><0x09><0x03><0x02><0x0F> <0x49><0x10><0xF7><0x09><0x09><0x03><0x02><0x0F> <0x8E><0x10><0xF7><0x09><0x09><0x03><0x02><0x0F> <0x9D><0x10><0xF7><0x09><0x09><0x03><0x02><0x0F> q<0x10><0xF7><0x09><0x09><0x03><0x02><0x0F> <0x0D><0x11><0xF7><0x09><0x09><0x03><0x02><0x0F> <0x4F><0x11><0xF7><0x09><0x09><0x03><0x02><0x0F> <0x8A><0x11><0xF7><0x09><0x09><0x03><0x02><0x0F> U<0x11><0xF7><0x09><0x09><0x03><0x02><0x0F> ,<0x0F> <0x31><0x0F><0xF7><0x09><0x09><0x03><0x02><0x0F> <0xF9>N<0x5F><0x09><0x09><0x03><0x02><0x0F> ÀO<0x5F><0x09><0x09><0x03><0x02><0x0F> 8<0x0F><0xF7><0x09><0x09><0x03><0x02><0x0F> <0x04><0x10><0xF7><0x09><0x09><0x03><0x02><0x0F> <0x49><0x10><0xF7><0x09><0x09><0x03><0x02><0x0F> <0xAF>N<0x5F><0x09><0x09><0x03><0x02><0x0F> <0x9D><0x10><0xF7><0x09><0x09><0x03><0x02><0x0F> q<0x10><0xF7><0x09><0x09><0x03><0x02><0x0F> <0x0D><0x11><0xF7><0x09><0x09><0x03><0x02><0x0F> <0x4A><0x5E><0x19><0x08><0x09><0x03><0x02><0x0F> <0x45><0x31><0x1C><0x08><0x09><0x03><0x02><0x0F> NN<0x5F><0x09><0x09><0x03><0x02><0x0F> ,119,2,121,pokemon,description,,
0x01E9316A,<0x0F> <0x70><0x0F><0xF7><0x09><0x09><0x03><0x02><0x0F> <0x9D><0x0F><0xF7><0x09><0x09><0x03><0x02><0x0F> 8<0x0F><0xF7><0x09><0x09><0x03><0x02><0x0F> <0x04><0x10><0xF7><0x09><0x09><0x03><0x02><0x0F> <0x49><0x10><0xF7><0x09><0x09><0x03><0x02><0x0F> <0x8E><0x10><0xF7><0x09><0x09><0x03><0x02><0x0F> <0x9D><0x10><0xF7><0x09><0x09><0x03><0x02><0x0F> q<0x10><0xF7><0x09><0x09><0x03><0x02><0x0F> <0x0D><0x11><0xF7><0x09><0x09><0x03><0x02><0x0F> <0x4F><0x11><0xF7><0x09><0x09><0x03><0x02><0x0F> <0x8A><0x11><0xF7><0x09><0x09><0x03><0x02><0x0F> U<0x11><0xF7><0x09><0x09><0x03><0x02><0x0F> ,<0x0F> <0xF9>N<0x5F><0x09><0x09><0x03><0x02><0x0F> ÀO<0x5F><0x09><0x09><0x03><0x02><0x0F> 8<0x0F><0xF7><0x09><0x09><0x03><0x02><0x0F> <0x04><0x10><0xF7><0x09><0x09><0x03><0x02><0x0F> <0x49><0x10><0xF7><0x09><0x09><0x03><0x02><0x0F> <0xAF>N<0x5F><0x09><0x09><0x03><0x02><0x0F> <0x9D><0x10><0xF7><0x09><0x09><0x03><0x02><0x0F> q<0x10><0xF7><0x09><0x09><0x03><0x02><0x0F> <0x0D><0x11><0xF7><0x09><0x09><0x03><0x02><0x0F> <0x4A><0x5E><0x19><0x08><0x09><0x03><0x02><0x0F> <0x45><0x31><0x1C><0x08><0x09><0x03><0x02><0x0F> NN<0x5F><0x09><0x09><0x03><0x02><0x0F> ,110,2,112,pokemon,description,,
0x01E93173,<0x0F> <0x9D><0x0F><0xF7><0x09><0x09><0x03><0x02><0x0F> 8<0x0F><0xF7><0x09><0x09><0x03><0x02><0x0F> <0x04><0x10><0xF7><0x09><0x09><0x03><0x02><0x0F> <0x49><0x10><0xF7><0x09><0x09><0x03><0x02><0x0F> <0x8E><0x10><0xF7><0x09><0x09><0x03><0x02><0x0F> <0x9D><0x10><0xF7><0x09><0x09><0x03><0x02><0x0F> q<0x10><0xF7><0x09><0x09><0x03><0x02><0x0F> <0x0D><0x11><0xF7><0x09><0x09><0x03><0x02><0x0F> <0x4F><0x11><0xF7><0x09><0x09><0x03><0x02><0x0F> <0x8A><0x11><0xF7><0x09><0x09><0x03><0x02><0x0F> U<0x11><0xF7><0x09><0x09><0x03><0x02><0x0F> ,<0x0F> ÀO<0x5F><0x09><0x09><0x03><0x02><0x0F> 8<0x0F><0xF7><0x09><0x09><0x03><0x02><0x0F> <0x04><0x10><0xF7><0x09><0x09><0x03><0x02><0x0F> <0x49><0x10><0xF7><0x09><0x09><0x03><0x02><0x0F> <0xAF>N<0x5F><0x09><0x09><0x03><0x02><0x0F> <0x9D><0x10><0xF7><0x09><0x09><0x03><0x02><0x0F> q<0x10><0xF7><0x09><0x09><0x03><0x02><0x0F> <0x0D><0x11><0xF7><0x09><0x09><0x03><0x02><0x0F> <0x4A><0x5E><0x19><0x08><0x09><0x03><0x02><0x0F> <0x45><0x31><0x1C><0x08><0x09><0x03><0x02><0x0F> NN<0x5F><0x09><0x09><0x03><0x02><0x0F> ,101,2,103,pokemon,description,,
0x01E9317C,<0x0F> 8<0x0F><0xF7><0x09><0x09><0x03><0x02><0x0F> <0x04><0x10><0xF7><0x09><0x09><0x03><0x02><0x0F> <0x49><0x10><0xF7><0x09><0x09><0x03><0x02><0x0F> <0x8E><0x10><0xF7><0x09><0x09><0x03><0x02><0x0F> <0x9D><0x10><0xF7><0x09><0x09><0x03><0x02><0x0F> q<0x10><0xF7><0x09><0x09><0x03><0x02><0x0F> <0x0D><0x11><0xF7><0x09><0x09><0x03><0x02><0x0F> <0x4F><0x11><0xF7><0x09><0x09><0x03><0x02><0x0F> <0x8A><0x11><0xF7><0x09><0x09><0x03><0x02><0x0F> U<0x11><0xF7><0x09><0x09><0x03><0x02><0x0F> ,<0x0F> 8<0x0F><0xF7><0x09><0x09><0x03><0x02><0x0F> <0x04><0x10><0xF7><0x09><0x09><0x03><0x02><0x0F> <0x49><0x10><0xF7><0x09><0x09><0x03><0x02><0x0F> <0xAF>N<0x5F><0x09><0x09><0x03><0x02><0x0F> <0x9D><0x10><0xF7><0x09><0x09><0x03><0x02><0x0F> q<0x10><0xF7><0x09><0x09><0x03><0x02><0x0F> <0x0D><0x11><0xF7><0x09><0x09><0x03><0x02><0x0F> <0x4A><0x5E><0x19><0x08><0x09><0x03><0x02><0x0F> <0x45><0x31><0x1C><0x08><0x09><0x03><0x02><0x0F> NN<0x5F><0x09><0x09><0x03><0x02><0x0F> ,92,2,94,pokemon,description,,
0x01E93185,<0x0F> <0x04><0x10><0xF7><0x09><0x09><0x03><0x02><0x0F> <0x49><0x10><0xF7><0x09><0x09><0x03><0x02><0x0F> <0x8E><0x10><0xF7><0x09><0x09><0x03><0x02><0x0F> <0x9D><0x10><0xF7><0x09><0x09><0x03><0x02><0x0F> q<0x10><0xF7><0x09><0x09><0x03><0x02><0x0F> <0x0D><0x11><0xF7><0x09><0x09><0x03><0x02><0x0F> <0x4F><0x11><0xF7><0x09><0x09><0x03><0x02><0x0F> <0x8A><0x11><0xF7><0x09><0x09><0x03><0x02><0x0F> U<0x11><0xF7><0x09><0x09><0x03><0x02><0x0F> ,<0x0F> <0x04><0x10><0xF7><0x09><0x09><0x03><0x02><0x0F> <0x49><0x10><0xF7><0x09><0x09><0x03><0x02><0x0F> <0xAF>N<0x5F><0x09><0x09><0x03><0x02><0x0F> <0x9D><0x10><0xF7><0x09><0x09><0x03><0x02><0x0F> q<0x10><0xF7><0x09><0x09><0x03><0x02><0x0F> <0x0D><0x11><0xF7><0x09><0x09><0x03><0x02><0x0F> <0x4A><0x5E><0x19><0x08><0x09><0x03><0x02><0x0F> <0x45><0x31><0x1C><0x08><0x09><0x03><0x02><0x0F> NN<0x5F><0x09><0x09><0x03><0x02><0x0F> ,83,2,85,pokemon,description,,
0x01E9318E,<0x0F> <0x49><0x10><0xF7><0x09><0x09><0x03><0x02><0x0F> <0x8E><0x10><0xF7><0x09><0x09><0x03><0x02><0x0F> <0x9D><0x10><0xF7><0x09><0x09><0x03><0x02><0x0F> q<0x10><0xF7><0x09><0x09><0x03><0x02><0x0F> <0x0D><0x11><0xF7><0x09><0x09><0x03><0x02><0x0F> <0x4F><0x11><0xF7><0x09><0x09><0x03><0x02><0x0F> <0x8A><0x11><0xF7><0x09><0x09><0x03><0x02><0x0F> U<0x11><0xF7><0x09><0x09><0x03><0x02><0x0F> ,<0x0F> <0x49><0x10><0xF7><0x09><0x09><0x03><0x02><0x0F> <0xAF>N<0x5F><0x09><0x09><0x03><0x02><0x0F> <0x9D><0x10><0xF7><0x09><0x09><0x03><0x02><0x0F> q<0x10><0xF7><0x09><0x09><0x03><0x02><0x0F> <0x0D><0x11><0xF7><0x09><0x09><0x03><0x02><0x0F> <0x4A><0x5E><0x19><0x08><0x09><0x03><0x02><0x0F> <0x45><0x31><0x1C><0x08><0x09><0x03><0x02><0x0F> NN<0x5F><0x09><0x09><0x03><0x02><0x0F> ,74,2,76,pokemon,description,,
0x01E93197,<0x0F> <0x8E><0x10><0xF7><0x09><0x09><0x03><0x02><0x0F> <0x9D><0x10><0xF7><0x09><0x09><0x03><0x02><0x0F> q<0x10><0xF7><0x09><0x09><0x03><0x02><0x0F> <0x0D><0x11><0xF7><0x09><0x09><0x03><0x02><0x0F> <0x4F><0x11><0xF7><0x09><0x09><0x03><0x02><0x0F> <0x8A><0x11><0xF7><0x09><0x09><0x03><0x02><0x0F> U<0x11><0xF7><0x09><0x09><0x03><0x02><0x0F> ,<0x0F> <0xAF>N<0x5F><0x09><0x09><0x03><0x02><0x0F> <0x9D><0x10><0xF7><0x09><0x09><0x03><0x02><0x0F> q<0x10><0xF7><0x09><0x09><0x03><0x02><0x0F> <0x0D><0x11><0xF7><0x09><0x09><0x03><0x02><0x0F> <0x4A><0x5E><0x19><0x08><0x09><0x03><0x02><0x0F> <0x45><0x31><0x1C><0x08><0x09><0x03><0x02><0x0F> NN<0x5F><0x09><0x09><0x03><0x02><0x0F> ,65,2,67,pokemon,description,,
0x01E931A0,<0x0F> <0x9D><0x10><0xF7><0x09><0x09><0x03><0x02><0x0F> q<0x10><0xF7><0x09><0x09><0x03><0x02><0x0F> <0x0D><0x11><0xF7><0x09><0x09><0x03><0x02><0x0F> <0x4F><0x11><0xF7><0x09><0x09><0x03><0x02><0x0F> <0x8A><0x11><0xF7><0x09><0x09><0x03><0x02><0x0F> U<0x11><0xF7><0x09><0x09><0x03><0x02><0x0F> ,<0x0F> <0x9D><0x10><0xF7><0x09><0x09><0x03><0x02><0x0F> q<0x10><0xF7><0x09><0x09><0x03><0x02><0x0F> <0x0D><0x11><0xF7><0x09><0x09><0x03><0x02><0x0F> <0x4A><0x5E><0x19><0x08><0x09><0x03><0x02><0x0F> <0x45><0x31><0x1C><0x08><0x09><0x03><0x02><0x0F> NN<0x5F><0x09><0x09><0x03><0x02><0x0F> ,56,2,58,pokemon,description,,
0x01E931A9,<0x0F> q<0x10><0xF7><0x09><0x09><0x03><0x02><0x0F> <0x0D><0x11><0xF7><0x09><0x09><0x03><0x02><0x0F> <0x4F><0x11><0xF7><0x09><0x09><0x03><0x02><0x0F> <0x8A><0x11><0xF7><0x09><0x09><0x03><0x02><0x0F> U<0x11><0xF7><0x09><0x09><0x03><0x02><0x0F> ,<0x0F> q<0x10><0xF7><0x09><0x09><0x03><0x02><0x0F> <0x0D><0x11><0xF7><0x09><0x09><0x03><0x02><0x0F> <0x4A><0x5E><0x19><0x08><0x09><0x03><0x02><0x0F> <0x45><0x31><0x1C><0x08><0x09><0x03><0x02><0x0F> NN<0x5F><0x09><0x09><0x03><0x02><0x0F> ,47,2,49,pokemon,description,,
0x01E931B2,<0x0F> <0x0D><0x11><0xF7><0x09><0x09><0x03><0x02><0x0F> <0x4F><0x11><0xF7><0x09><0x09><0x03><0x02><0x0F> <0x8A><0x11><0xF7><0x09><0x09><0x03><0x02><0x0F> U<0x11><0xF7><0x09><0x09><0x03><0x02><0x0F> ,<0x0F> <0x0D><0x11><0xF7><0x09><0x09><0x03><0x02><0x0F> <0x4A><0x5E><0x19><0x08><0x09><0x03><0x02><0x0F> <0x45><0x31><0x1C><0x08><0x09><0x03><0x02><0x0F> NN<0x5F><0x09><0x09><0x03><0x02><0x0F> ,38,2,40,pokemon,description,,
0x01E931BB,<0x0F> <0x4F><0x11><0xF7><0x09><0x09><0x03><0x02><0x0F> <0x8A><0x11><0xF7><0x09><0x09><0x03><0x02><0x0F> U<0x11><0xF7><0x09><0x09><0x03><0x02><0x0F> ,<0x0F> <0x4A><0x5E><0x19><0x08><0x09><0x03><0x02><0x0F> <0x45><0x31><0x1C><0x08><0x09><0x03><0x02><0x0F> NN<0x5F><0x09><0x09><0x03><0x02><0x0F> ,29,2,31,pokemon,description,,
0x01E931C4,<0x0F> <0x8A><0x11><0xF7><0x09><0x09><0x03><0x02><0x0F> U<0x11><0xF7><0x09><0x09><0x03><0x02><0x0F> ,<0x0F> <0x45><0x31><0x1C><0x08><0x09><0x03><0x02><0x0F> NN<0x5F><0x09><0x09><0x03><0x02><0x0F> ,20,2,22,pokemon,description,,
0x01E931CD,<0x0F> U<0x11><0xF7><0x09><0x09><0x03><0x02><0x0F> ,<0x0F> NN<0x5F><0x09><0x09><0x03><0x02><0x0F> ,11,2,13,pokemon,description,,
0x01E931DF,<0x0F> <0x46><0x12><0xF7><0x09><0x09><0x03><0x02><0x0F> <0x8C><0x12><0xF7><0x09><0x09><0x03><0x02><0x0F> <0x9E><0x12><0xF7><0x09><0x09><0x03><0x02><0x0F> V<0x12><0xF7><0x09><0x09><0x03><0x02><0x0F> <0x01><0x13><0xF7><0x09><0x09><0x03><0x02><0x0F> <0x4A><0x13><0xF7><0x09><0x09><0x03><0x02><0x0F> <0x78><0x13><0xF7><0x09><0x09><0x03><0x02><0x0F> <0x9B><0x13><0xF7><0x09><0x09><0x03><0x02><0x0F> r<0x13><0xF7><0x09><0x09><0x03><0x02><0x0F> <0x14><0x14><0xF7><0x09><0x09><0x03><0x02><0x0F> <0x2B><0x14><0xF7><0x09><0x09><0x03><0x02><0x0F> j<0x14><0xF7><0x09><0x09><0x03><0x02><0x0F> <0x0B><0x15><0xF7><0x09><0x09><0x03><0x02><0x0F> <0x46><0x15><0xF7><0x09><0x09><0x03><0x02><0x0F> <0x7A><0x15><0xF7><0x09><0x09><0x03><0x02><0x0F> <0x85><0x16><0xF7><0x09><0x09><0x03><0x02><0x0F> U<0x16><0xF7><0x09><0x09><0x03><0x02><0x0F> ,<0x0F> <0x46><0x12><0xF7><0x09><0x09><0x03><0x02><0x0F> <0x8C><0x12><0xF7><0x09><0x09><0x03><0x02><0x0F> <0x9E><0x12><0xF7><0x09><0x09><0x03><0x02><0x0F> V<0x12><0xF7><0x09><0x09><0x03><0x02><0x0F> <0x01><0x13><0xF7><0x09><0x09><0x03><0x02><0x0F> <0x4A><0x13><0xF7><0x09><0x09><0x03><0x02><0x0F> <0x78><0x13><0xF7><0x09><0x09><0x03><0x02><0x0F> <0x88><0x5E><0x19><0x08><0x09><0x03><0x02><0x0F> r<0x13><0xF7><0x09><0x09><0x03><0x02><0x0F> <0x14><0x14><0xF7><0x09><0x09><0x03><0x02><0x0F> <0x2B><0x14><0xF7><0x09><0x09><0x03><0x02><0x0F> <0x5A>b<0x6B><0x08><0x09><0x03><0x02><0x0F> <0x0B><0x15><0xF7><0x09><0x09><0x03><0x02><0x0F> <0x46><0x15><0xF7><0x09><0x09><0x03><0x02><0x0F> <0x7A><0x15><0xF7><0x09><0x09><0x03><0x02><0x0F> <0x85><0x16><0xF7><0x09><0x09><0x03><0x02><0x0F> U<0x16><0xF7><0x09><0x09><0x03><0x02><0x0F> ,155,2,157,pokemon,description,,
0x01E931E8,<0x0F> <0x8C><0x12><0xF7><0x09><0x09><0x03><0x02><0x0F> <0x9E><0x12><0xF7><0x09><0x09><0x03><0x02><0x0F> V<0x12><0xF7><0x09><0x09><0x03><0x02><0x0F> <0x01><0x13><0xF7><0x09><0x09><0x03><0x02><0x0F> <0x4A><0x13><0xF7><0x09><0x09><0x03><0x02><0x0F> <0x78><0x13><0xF7><0x09><0x09><0x03><0x02><0x0F> <0x9B><0x13><0xF7><0x09><0x09><0x03><0x02><0x0F> r<0x13><0xF7><0x09><0x09><0x03><0x02><0x0F> <0x14><0x14><0xF7><0x09><0x09><0x03><0x02><0x0F> <0x2B><0x14><0xF7><0x09><0x09><0x03><0x02><0x0F> j<0x14><0xF7><0x09><0x09><0x03><0x02><0x0F> <0x0B><0x15><0xF7><0x09><0x09><0x03><0x02><0x0F> <0x46><0x15><0xF7><0x09><0x09><0x03><0x02><0x0F> <0x7A><0x15><0xF7><0x09><0x09><0x03><0x02><0x0F> <0x85><0x16><0xF7><0x09><0x09><0x03><0x02><0x0F> U<0x16><0xF7><0x09><0x09><0x03><0x02><0x0F> ,<0x0F> <0x8C><0x12><0xF7><0x09><0x09><0x03><0x02><0x0F> <0x9E><0x12><0xF7><0x09><0x09><0x03><0x02><0x0F> V<0x12><0xF7><0x09><0x09><0x03><0x02><0x0F> <0x01><0x13><0xF7><0x09><0x09><0x03><0x02><0x0F> <0x4A><0x13><0xF7><0x09><0x09><0x03><0x02><0x0F> <0x78><0x13><0xF7><0x09><0x09><0x03><0x02><0x0F> <0x88><0x5E><0x19><0x08><0x09><0x03><0x02><0x0F> r<0x13><0xF7><0x09><0x09><0x03><0x02><0x0F> <0x14><0x14><0xF7><0x09><0x09><0x03><0x02><0x0F> <0x2B><0x14><0xF7><0x09><0x09><0x03><0x02><0x0F> <0x5A>b<0x6B><0x08><0x09><0x03><0x02><0x0F> <0x0B><0x15><0xF7><0x09><0x09><0x03><0x02><0x0F> <0x46><0x15><0xF7><0x09><0x09><0x03><0x02><0x0F> <0x7A><0x15><0xF7><0x09><0x09><0x03><0x02><0x0F> <0x85><0x16><0xF7><0x09><0x09><0x03><0x02><0x0F> U<0x16><0xF7><0x09><0x09><0x03><0x02><0x0F> ,146,2,148,pokemon,description,,
0x01E931F1,<0x0F> <0x9E><0x12><0xF7><0x09><0x09><0x03><0x02><0x0F> V<0x12><0xF7><0x09><0x09><0x03><0x02><0x0F> <0x01><0x13><0xF7><0x09><0x09><0x03><0x02><0x0F> <0x4A><0x13><0xF7><0x09><0x09><0x03><0x02><0x0F> <0x78><0x13><0xF7><0x09><0x09><0x03><0x02><0x0F> <0x9B><0x13><0xF7><0x09><0x09><0x03><0x02><0x0F> r<0x13><0xF7><0x09><0x09><0x03><0x02><0x0F> <0x14><0x14><0xF7><0x09><0x09><0x03><0x02><0x0F> <0x2B><0x14><0xF7><0x09><0x09><0x03><0x02><0x0F> j<0x14><0xF7><0x09><0x09><0x03><0x02><0x0F> <0x0B><0x15><0xF7><0x09><0x09><0x03><0x02><0x0F> <0x46><0x15><0xF7><0x09><0x09><0x03><0x02><0x0F> <0x7A><0x15><0xF7><0x09><0x09><0x03><0x02><0x0F> <0x85><0x16><0xF7><0x09><0x09><0x03><0x02><0x0F> U<0x16><0xF7><0x09><0x09><0x03><0x02><0x0F> ,<0x0F> <0x9E><0x12><0xF7><0x09><0x09><0x03><0x02><0x0F> V<0x12><0xF7><0x09><0x09><0x03><0x02><0x0F> <0x01><0x13><0xF7><0x09><0x09><0x03><0x02><0x0F> <0x4A><0x13><0xF7><0x09><0x09><0x03><0x02><0x0F> <0x78><0x13><0xF7><0x09><0x09><0x03><0x02><0x0F> <0x88><0x5E><0x19><0x08><0x09><0x03><0x02><0x0F> r<0x13><0xF7><0x09><0x09><0x03><0x02><0x0F> <0x14><0x14><0xF7><0x09><0x09><0x03><0x02><0x0F> <0x2B><0x14><0xF7><0x09><0x09><0x03><0x02><0x0F> <0x5A>b<0x6B><0x08><0x09><0x03><0x02><0x0F> <0x0B><0x15><0xF7><0x09><0x09><0x03><0x02><0x0F> <0x46><0x15><0xF7><0x09><0x09><0x03><0x02><0x0F> <0x7A><0x15><0xF7><0x09><0x09><0x03><0x02><0x0F> <0x85><0x16><0xF7><0x09><0x09><0x03><0x02><0x0F> U<0x16><0xF7><0x09><0x09><0x03><0x02><0x0F> ,137,2,139,pokemon,description,,
0x01E931FA,<0x0F> V<0x12><0xF7><0x09><0x09><0x03><0x02><0x0F> <0x01><0x13><0xF7><0x09><0x09><0x03><0x02><0x0F> <0x4A><0x13><0xF7><0x09><0x09><0x03><0x02><0x0F> <0x78><0x13><0xF7><0x09><0x09><0x03><0x02><0x0F> <0x9B><0x13><0xF7><0x09><0x09><0x03><0x02><0x0F> r<0x13><0xF7><0x09><0x09><0x03><0x02><0x0F> <0x14><0x14><0xF7><0x09><0x09><0x03><0x02><0x0F> <0x2B><0x14><0xF7><0x09><0x09><0x03><0x02><0x0F> j<0x14><0xF7><0x09><0x09><0x03><0x02><0x0F> <0x0B><0x15><0xF7><0x09><0x09><0x03><0x02><0x0F> <0x46><0x15><0xF7><0x09><0x09><0x03><0x02><0x0F> <0x7A><0x15><0xF7><0x09><0x09><0x03><0x02><0x0F> <0x85><0x16><0xF7><0x09><0x09><0x03><0x02><0x0F> U<0x16><0xF7><0x09><0x09><0x03><0x02><0x0F> ,<0x0F> V<0x12><0xF7><0x09><0x09><0x03><0x02><0x0F> <0x01><0x13><0xF7><0x09><0x09><0x03><0x02><0x0F> <0x4A><0x13><0xF7><0x09><0x09><0x03><0x02><0x0F> <0x78><0x13><0xF7><0x09><0x09><0x03><0x02><0x0F> <0x88><0x5E><0x19><0x08><0x09><0x03><0x02><0x0F> r<0x13><0xF7><0x09><0x09><0x03><0x02><0x0F> <0x14><0x14><0xF7><0x09><0x09><0x03><0x02><0x0F> <0x2B><0x14><0xF7><0x09><0x09><0x03><0x02><0x0F> <0x5A>b<0x6B><0x08><0x09><0x03><0x02><0x0F> <0x0B><0x15><0xF7><0x09><0x09><0x03><0x02><0x0F> <0x46><0x15><0xF7><0x09><0x09><0x03><0x02><0x0F> <0x7A><0x15><0xF7><0x09><0x09><0x03><0x02><0x0F> <0x85><0x16><0xF7><0x09><0x09><0x03><0x02><0x0F> U<0x16><0xF7><0x09><0x09><0x03><0x02><0x0F> ,128,2,130,pokemon,description,,
0x01E93203,<0x0F> <0x01><0x13><0xF7><0x09><0x09><0x03><0x02><0x0F> <0x4A><0x13><0xF7><0x09><0x09><0x03><0x02><0x0F> <0x78><0x13><0xF7><0x09><0x09><0x03><0x02><0x0F> <0x9B><0x13><0xF7><0x09><0x09><0x03><0x02><0x0F> r<0x13><0xF7><0x09><0x09><0x03><0x02><0x0F> <0x14><0x14><0xF7><0x09><0x09><0x03><0x02><0x0F> <0x2B><0x14><0xF7><0x09><0x09><0x03><0x02><0x0F> j<0x14><0xF7><0x09><0x09><0x03><0x02><0x0F> <0x0B><0x15><0xF7><0x09><0x09><0x03><0x02><0x0F> <0x46><0x15><0xF7><0x09><0x09><0x03><0x02><0x0F> <0x7A><0x15><0xF7><0x09><0x09><0x03><0x02><0x0F> <0x85><0x16><0xF7><0x09><0x09><0x03><0x02><0x0F> U<0x16><0xF7><0x09><0x09><0x03><0x02><0x0F> ,<0x0F> <0x01><0x13><0xF7><0x09><0x09><0x03><0x02><0x0F> <0x4A><0x13><0xF7><0x09><0x09><0x03><0x02><0x0F> <0x78><0x13><0xF7><0x09><0x09><0x03><0x02><0x0F> <0x88><0x5E><0x19><0x08><0x09><0x03><0x02><0x0F> r<0x13><0xF7><0x09><0x09><0x03><0x02><0x0F> <0x14><0x14><0xF7><0x09><0x09><0x03><0x02><0x0F> <0x2B><0x14><0xF7><0x09><0x09><0x03><0x02><0x0F> <0x5A>b<0x6B><0x08><0x09><0x03><0x02><0x0F> <0x0B><0x15><0xF7><0x09><0x09><0x03><0x02><0x0F> <0x46><0x15><0xF7><0x09><0x09><0x03><0x02><0x0F> <0x7A><0x15><0xF7><0x09><0x09><0x03><0x02><0x0F> <0x85><0x16><0xF7><0x09><0x09><0x03><0x02><0x0F> U<0x16><0xF7><0x09><0x09><0x03><0x02><0x0F> ,119,2,121,pokemon,description,,
0x01E9320C,<0x0F> <0x4A><0x13><0xF7><0x09><0x09><0x03><0x02><0x0F> <0x78><0x13><0xF7><0x09><0x09><0x03><0x02><0x0F> <0x9B><0x13><0xF7><0x09><0x09><0x03><0x02><0x0F> r<0x13><0xF7><0x09><0x09><0x03><0x02><0x0F> <0x14><0x14><0xF7><0x09><0x09><0x03><0x02><0x0F> <0x2B><0x14><0xF7><0x09><0x09><0x03><0x02><0x0F> j<0x14><0xF7><0x09><0x09><0x03><0x02><0x0F> <0x0B><0x15><0xF7><0x09><0x09><0x03><0x02><0x0F> <0x46><0x15><0xF7><0x09><0x09><0x03><0x02><0x0F> <0x7A><0x15><0xF7><0x09><0x09><0x03><0x02><0x0F> <0x85><0x16><0xF7><0x09><0x09><0x03><0x02><0x0F> U<0x16><0xF7><0x09><0x09><0x03><0x02><0x0F> ,<0x0F> <0x4A><0x13><0xF7><0x09><0x09><0x03><0x02><0x0F> <0x78><0x13><0xF7><0x09><0x09><0x03><0x02><0x0F> <0x88><0x5E><0x19><0x08><0x09><0x03><0x02><0x0F> r<0x13><0xF7><0x09><0x09><0x03><0x02><0x0F> <0x14><0x14><0xF7><0x09><0x09><0x03><0x02><0x0F> <0x2B><0x14><0xF7><0x09><0x09><0x03><0x02><0x0F> <0x5A>b<0x6B><0x08><0x09><0x03><0x02><0x0F> <0x0B><0x15><0xF7><0x09><0x09><0x03><0x02><0x0F> <0x46><0x15><0xF7><0x09><0x09><0x03><0x02><0x0F> <0x7A><0x15><0xF7><0x09><0x09><0x03><0x02><0x0F> <0x85><0x16><0xF7><0x09><0x09><0x03><0x02><0x0F> U<0x16><0xF7><0x09><0x09><0x03><0x02><0x0F> ,110,2,112,pokemon,description,,
0x01E93215,<0x0F> <0x78><0x13><0xF7><0x09><0x09><0x03><0x02><0x0F> <0x9B><0x13><0xF7><0x09><0x09><0x03><0x02><0x0F> r<0x13><0xF7><0x09><0x09><0x03><0x02><0x0F> <0x14><0x14><0xF7><0x09><0x09><0x03><0x02><0x0F> <0x2B><0x14><0xF7><0x09><0x09><0x03><0x02><0x0F> j<0x14><0xF7><0x09><0x09><0x03><0x02><0x0F> <0x0B><0x15><0xF7><0x09><0x09><0x03><0x02><0x0F> <0x46><0x15><0xF7><0x09><0x09><0x03><0x02><0x0F> <0x7A><0x15><0xF7><0x09><0x09><0x03><0x02><0x0F> <0x85><0x16><0xF7><0x09><0x09><0x03><0x02><0x0F> U<0x16><0xF7><0x09><0x09><0x03><0x02><0x0F> ,<0x0F> <0x78><0x13><0xF7><0x09><0x09><0x03><0x02><0x0F> <0x88><0x5E><0x19><0x08><0x09><0x03><0x02><0x0F> r<0x13><0xF7><0x09><0x09><0x03><0x02><0x0F> <0x14><0x14><0xF7><0x09><0x09><0x03><0x02><0x0F> <0x2B><0x14><0xF7><0x09><0x09><0x03><0x02><0x0F> <0x5A>b<0x6B><0x08><0x09><0x03><0x02><0x0F> <0x0B><0x15><0xF7><0x09><0x09><0x03><0x02><0x0F> <0x46><0x15><0xF7><0x09><0x09><0x03><0x02><0x0F> <0x7A><0x15><0xF7><0x09><0x09><0x03><0x02><0x0F> <0x85><0x16><0xF7><0x09><0x09><0x03><0x02><0x0F> U<0x16><0xF7><0x09><0x09><0x03><0x02><0x0F> ,101,2,103,pokemon,description,,
0x01E9321E,<0x0F> <0x9B><0x13><0xF7><0x09><0x09><0x03><0x02><0x0F> r<0x13><0xF7><0x09><0x09><0x03><0x02><0x0F> <0x14><0x14><0xF7><0x09><0x09><0x03><0x02><0x0F> <0x2B><0x14><0xF7><0x09><0x09><0x03><0x02><0x0F> j<0x14><0xF7><0x09><0x09><0x03><0x02><0x0F> <0x0B><0x15><0xF7><0x09><0x09><0x03><0x02><0x0F> <0x46><0x15><0xF7><0x09><0x09><0x03><0x02><0x0F> <0x7A><0x15><0xF7><0x09><0x09><0x03><0x02><0x0F> <0x85><0x16><0xF7><0x09><0x09><0x03><0x02><0x0F> U<0x16><0xF7><0x09><0x09><0x03><0x02><0x0F> ,<0x0F> <0x88><0x5E><0x19><0x08><0x09><0x03><0x02><0x0F> r<0x13><0xF7><0x09><0x09><0x03><0x02><0x0F> <0x14><0x14><0xF7><0x09><0x09><0x03><0x02><0x0F> <0x2B><0x14><0xF7><0x09><0x09><0x03><0x02><0x0F> <0x5A>b<0x6B><0x08><0x09><0x03><0x02><0x0F> <0x0B><0x15><0xF7><0x09><0x09><0x03><0x02><0x0F> <0x46><0x15><0xF7><0x09><0x09><0x03><0x02><0x0F> <0x7A><0x15><0xF7><0x09><0x09><0x03><0x02><0x0F> <0x85><0x16><0xF7><0x09><0x09><0x03><0x02><0x0F> U<0x16><0xF7><0x09><0x09><0x03><0x02><0x0F> ,92,2,94,pokemon,description,,
0x01E93227,<0x0F> r<0x13><0xF7><0x09><0x09><0x03><0x02><0x0F> <0x14><0x14><0xF7><0x09><0x09><0x03><0x02><0x0F> <0x2B><0x14><0xF7><0x09><0x09><0x03><0x02><0x0F> j<0x14><0xF7><0x09><0x09><0x03><0x02><0x0F> <0x0B><0x15><0xF7><0x09><0x09><0x03><0x02><0x0F> <0x46><0x15><0xF7><0x09><0x09><0x03><0x02><0x0F> <0x7A><0x15><0xF7><0x09><0x09><0x03><0x02><0x0F> <0x85><0x16><0xF7><0x09><0x09><0x03><0x02><0x0F> U<0x16><0xF7><0x09><0x09><0x03><0x02><0x0F> ,<0x0F> r<0x13><0xF7><0x09><0x09><0x03><0x02><0x0F> <0x14><0x14><0xF7><0x09><0x09><0x03><0x02><0x0F> <0x2B><0x14><0xF7><0x09><0x09><0x03><0x02><0x0F> <0x5A>b<0x6B><0x08><0x09><0x03><0x02><0x0F> <0x0B><0x15><0xF7><0x09><0x09><0x03><0x02><0x0F> <0x46><0x15><0xF7><0x09><0x09><0x03><0x02><0x0F> <0x7A><0x15><0xF7><0x09><0x09><0x03><0x02><0x0F> <0x85><0x16><0xF7><0x09><0x09><0x03><0x02><0x0F> U<0x16><0xF7><0x09><0x09><0x03><0x02><0x0F> ,83,2,85,pokemon,description,,
0x01E93230,<0x0F> <0x14><0x14><0xF7><0x09><0x09><0x03><0x02><0x0F> <0x2B><0x14><0xF7><0x09><0x09><0x03><0x02><0x0F> j<0x14><0xF7><0x09><0x09><0x03><0x02><0x0F> <0x0B><0x15><0xF7><0x09><0x09><0x03><0x02><0x0F> <0x46><0x15><0xF7><0x09><0x09><0x03><0x02><0x0F> <0x7A><0x15><0xF7><0x09><0x09><0x03><0x02><0x0F> <0x85><0x16><0xF7><0x09><0x09><0x03><0x02><0x0F> U<0x16><0xF7><0x09><0x09><0x03><0x02><0x0F> ,<0x0F> <0x14><0x14><0xF7><0x09><0x09><0x03><0x02><0x0F> <0x2B><0x14><0xF7><0x09><0x09><0x03><0x02><0x0F> <0x5A>b<0x6B><0x08><0x09><0x03><0x02><0x0F> <0x0B><0x15><0xF7><0x09><0x09><0x03><0x02><0x0F> <0x46><0x15><0xF7><0x09><0x09><0x03><0x02><0x0F> <0x7A><0x15><0xF7><0x09><0x09><0x03><0x02><0x0F> <0x85><0x16><0xF7><0x09><0x09><0x03><0x02><0x0F> U<0x16><0xF7><0x09><0x09><0x03><0x02><0x0F> ,74,2,76,pokemon,description,,
0x01E93239,<0x0F> <0x2B><0x14><0xF7><0x09><0x09><0x03><0x02><0x0F> j<0x14><0xF7><0x09><0x09><0x03><0x02><0x0F> <0x0B><0x15><0xF7><0x09><0x09><0x03><0x02><0x0F> <0x46><0x15><0xF7><0x09><0x09><0x03><0x02><0x0F> <0x7A><0x15><0xF7><0x09><0x09><0x03><0x02><0x0F> <0x85><0x16><0xF7><0x09><0x09><0x03><0x02><0x0F> U<0x16><0xF7><0x09><0x09><0x03><0x02><0x0F> ,<0x0F> <0x2B><0x14><0xF7><0x09><0x09><0x03><0x02><0x0F> <0x5A>b<0x6B><0x08><0x09><0x03><0x02><0x0F> <0x0B><0x15><0xF7><0x09><0x09><0x03><0x02><0x0F> <0x46><0x15><0xF7><0x09><0x09><0x03><0x02><0x0F> <0x7A><0x15><0xF7><0x09><0x09><0x03><0x02><0x0F> <0x85><0x16><0xF7><0x09><0x09><0x03><0x02><0x0F> U<0x16><0xF7><0x09><0x09><0x03><0x02><0x0F> ,65,2,67,pokemon,description,,
0x01E93242,<0x0F> j<0x14><0xF7><0x09><0x09><0x03><0x02><0x0F> <0x0B><0x15><0xF7><0x09><0x09><0x03><0x02><0x0F> <0x46><0x15><0xF7><0x09><0x09><0x03><0x02><0x0F> <0x7A><0x15><0xF7><0x09><0x09><0x03><0x02><0x0F> <0x85><0x16><0xF7><0x09><0x09><0x03><0x02><0x0F> U<0x16><0xF7><0x09><0x09><0x03><0x02><0x0F> ,<0x0F> <0x5A>b<0x6B><0x08><0x09><0x03><0x02><0x0F> <0x0B><0x15><0xF7><0x09><0x09><0x03><0x02><0x0F> <0x46><0x15><0xF7><0x09><0x09><0x03><0x02><0x0F> <0x7A><0x15><0xF7><0x09><0x09><0x03><0x02><0x0F> <0x85><0x16><0xF7><0x09><0x09><0x03><0x02><0x0F> U<0x16><0xF7><0x09><0x09><0x03><0x02><0x0F> ,56,2,58,pokemon,description,,
0x01E9483F,<0x0F> <0xF7><0x9B><0xF7><0x09><0x09><0x06><0x05><0x5A>qr<0x09><0x0F> c<0x94><0xF7><0x09><0x09><0x06><0x05><0x5A>qr<0x09><0x0F> F<0x99><0xF7><0x09><0x09><0x06><0x05><0x5A>qr<0x09><0x5A><0x0F> <0x1D>Q<0xF2><0x09>óW<0x59>w<0x09><0x0F> ,<0x0F> <0xF7><0x9B><0xF7><0x09><0x09><0x06><0x05><0x5A>qr<0x09><0x0F> c<0x94><0xF7><0x09><0x09><0x06><0x05><0x5A>qr<0x09><0x0F> F<0x99><0xF7><0x09><0x09><0x06><0x05><0x5A>qr<0x09><0x5A><0x0F> <0xB9><0x4B><0x28><0x08>óW<0x59>w<0x09><0x0F> ,53,1,54,pokemon,description,,
0x01E9484C,<0x0F> c<0x94><0xF7><0x09><0x09><0x06><0x05><0x5A>qr<0x09><0x0F> F<0x99><0xF7><0x09><0x09><0x06><0x05><0x5A>qr<0x09><0x5A><0x0F> <0x1D>Q<0xF2><0x09>óW<0x59>w<0x09><0x0F> ,<0x0F> c<0x94><0xF7><0x09><0x09><0x06><0x05><0x5A>qr<0x09><0x0F> F<0x99><0xF7><0x09><0x09><0x06><0x05><0x5A>qr<0x09><0x5A><0x0F> <0xB9><0x4B><0x28><0x08>óW<0x59>w<0x09><0x0F> ,40,1,41,pokemon,description,,
0x01E94859,<0x0F> F<0x99><0xF7><0x09><0x09><0x06><0x05><0x5A>qr<0x09><0x5A><0x0F> <0x1D>Q<0xF2><0x09>óW<0x59>w<0x09><0x0F> ,<0x0F> F<0x99><0xF7><0x09><0x09><0x06><0x05><0x5A>qr<0x09><0x5A><0x0F> <0xB9><0x4B><0x28><0x08>óW<0x59>w<0x09><0x0F> ,27,1,28,pokemon,description,,
0x01E948BF,<0x0F> <0x1D>Q<0xF2><0x09>óW<0x59>w<0x09><0x0F> <0x35><0x9B><0xF7><0x09><0x09><0x06>G<0x01><0x0B><0x02><0x21><0x18><0x50><0x06> <0x06><0x01><0xF8><0x48>u<0x09><0x21><0x18><0x50><0x07> <0x06><0x01><0x01><0x49>u<0x09><0x21><0x18><0x50><0x08> <0x06><0x01><0x0A><0x49>u<0x09><0x02><0x5B>,<0x0F> <0xB9><0x4B><0x28><0x08>óW<0x59>w<0x09><0x0F> <0x35><0x9B><0xF7><0x09><0x09><0x06>G<0x01><0x0B><0x02><0x21><0x18><0x50><0x06> <0x06><0x01><0xF8><0x48>u<0x09><0x21><0x18><0x50><0x07> <0x06><0x01><0x01><0x49>u<0x09><0x21><0x18><0x50><0x08> <0x06><0x01><0x0A><0x49>u<0x09><0x02><0x5B>,58,4,62,pokemon,description,,
0x01E94CC8,"<0x66><0x16><0x06><0x80>  <0x0F> <0x47><0xB6><0xF7><0x09><0x25><0x25> <0x16><0x06><0x80><0x01> <0x0F> <0x51><0xB6><0xF7><0x09><0x25><0x25> <0x16><0x06><0x80><0x02> <0x0F> <0x5F><0xB6><0xF7><0x09><0x25><0x25> <0x16><0x06><0x80><0x03> <0x0F> <0x69><0xB6><0xF7><0x09><0x25><0x25> í<0x11><0x05><0x22><0x01>ó<0x69>Ix<0x09>ó0Ix<0x09><0x80> <0x10><0x50><0x0F> <0x73>""<0xF7><0x09><0x09><0x05><0x21><0x0D><0x80>  <0x06><0x01>B<0x4E>u<0x09>G<0x01><0x0B>ó<0x09>Jx<0x09><0x28><0x01> <0x1A> <0x80><0x10><0x50><0x1A><0x01><0x80><0x01> <0x09> <0x80> <0x10><0x50><0x0F> <0x06>3<0xF7><0x09>óW<0x59>w<0x09><0x0F> <0x90>""<0xF7><0x09><0x09><0x06>G<0x01><0x0B><0x16><0x0C><0x50><0x10> <0x46>j<0x01><0x01> <0x21><0x0D><0x80>  <0x06><0x01>E<0x4D>u<0x09><0x4F><0x01> <0x9A> <0x75><0x08><0x51>  <0x25><0x9A> <0x2F><0x15> <0x4F><0x01> <0x59>","<0x66><0x16><0x06><0x80>  <0x0F> <0x47><0xB6><0xF7><0x09><0x25><0x25> <0x16><0x06><0x80><0x01> <0x0F> <0x51><0xB6><0xF7><0x09><0x25><0x25> <0x16><0x06><0x80><0x02> <0x0F> <0x2A>c<0x6B><0x08><0x25><0x25> <0x16><0x06><0x80><0x03> <0x0F> <0x39>c<0x6B><0x08><0x25><0x25> í<0x11><0x05><0x22><0x01>ó<0x69>Ix<0x09>ó0Ix<0x09><0x80> <0x10><0x50><0x0F> <0x73>""<0xF7><0x09><0x09><0x05><0x21><0x0D><0x80>  <0x06><0x01>B<0x4E>u<0x09>G<0x01><0x0B>ó<0x09>Jx<0x09><0x28><0x01> <0x1A> <0x80><0x10><0x50><0x1A><0x01><0x80><0x01> <0x09> <0x80> <0x10><0x50><0x0F> <0x06>3<0xF7><0x09>óW<0x59>w<0x09><0x0F> <0x90>""<0xF7><0x09><0x09><0x06>G<0x01><0x0B><0x16><0x0C><0x50><0x10> <0x46>j<0x01><0x01> <0x21><0x0D><0x80>  <0x06><0x01>E<0x4D>u<0x09><0x4F><0x01> <0x9A> <0x75><0x08><0x51>  <0x25><0x9A> <0x2F><0x15> <0x4F><0x01> <0x59>",185,4,189,pokemon,description,,
0x01E965FB,1<0x13> <0x01> <0x3C><0x03><0x01> 1<0x14> <0x01> <0x3D><0x03><0x01> 1<0x15> <0x01> <0x3E><0x03><0x01> 1<0x13> <0x03> <0x4C><0x03>  1<0x14> <0x03> <0x4D><0x03>  1<0x15> <0x03> <0x4E><0x03>  <0x03><0x69>M<0x03><0x2B><0x51><0x15><0x06><0x01><0x3F><0x6C>s<0x09><0x78>Mu<0xF7><0x09><0x6D>Y<0x47><0x0D><0x01><0x01> <0x21><0x0D><0x80>  <0x06><0x01><0x6E><0x99>v<0x09><0x0F> <0x06>á<0xF2><0x09><0x09><0x05><0x21><0x0D><0x80>  <0x06><0x01><0x6E><0x99>v<0x09><0x25><0x9A> <0x2F><0x67> <0x67><0x1A>á<0xF2><0x09><0x66><0x0F> xu<0xF7><0x09>ó<0x5D><0x28>x<0x09><0x0F> <0x32>á<0xF2><0x09><0x09><0x03><0x6B><0x02><0x5A>M<0x01><0x0F> bl<0xF7><0x09><0x09><0x02><0x16><0x5A><0x40><0x35><0x05><0x16><0x5B><0x40><0x0B> <0x16><0x5C><0x40><0x15> <0x9F><0x01> <0x97><0x01><0x25>  <0x2F><0x01> <0x30><0x97> <0x0F> <0x40>m<0xF7><0x09><0x09><0x02><0x05><0x5C><0x7E>t<0x09><0x6A><0x5B>,1<0x13> <0x01> <0x3C><0x03><0x01> 1<0x14> <0x01> <0x3D><0x03><0x01> 1<0x15> <0x01> <0x3E><0x03><0x01> 1<0x13> <0x03> <0x4C><0x03>  1<0x14> <0x03> <0x4D><0x03>  1<0x15> <0x03> <0x4E><0x03>  <0x03><0x69>M<0x03><0x2B><0x51><0x15><0x06><0x01><0x3F><0x6C>s<0x09><0x78>Mu<0xF7><0x09><0x6D>Y<0x47><0x0D><0x01><0x01> <0x21><0x0D><0x80>  <0x06><0x01><0x6E><0x99>v<0x09><0x0F> <0x4D>f<0x6B><0x08><0x09><0x05><0x21><0x0D><0x80>  <0x06><0x01><0x6E><0x99>v<0x09><0x25><0x9A> <0x2F><0x67> <0x67><0x1A>á<0xF2><0x09><0x66><0x0F> é<0xA0><0x19><0x08>ó<0x5D><0x28>x<0x09><0x0F> <0x32>á<0xF2><0x09><0x09><0x03><0x6B><0x02><0x5A>M<0x01><0x0F> bl<0xF7><0x09><0x09><0x02><0x16><0x5A><0x40><0x35><0x05><0x16><0x5B><0x40><0x0B> <0x16><0x5C><0x40><0x15> <0x9F><0x01> <0x97><0x01><0x25>  <0x2F><0x01> <0x30><0x97> <0x0F> <0x40>m<0xF7><0x09><0x09><0x02><0x05><0x5C><0x7E>t<0x09><0x6A><0x5B>,197,3,200,pokemon,description,,
0x01E96E8A,<0x0F> <0x9D>u<0xF7><0x09><0x09><0x03><0x02><0x21><0x8B><0x50><0x02> <0x06><0x04>6<0x6E>u<0x09><0x0F> <0x34>u<0xF7><0x09><0x09><0x06><0x02><0x1A> <0x80>g<0x01><0x1A><0x01><0x80><0x01> <0x09><0x01><0x02><0x69><0x21><0x64><0x40><0x64> <0x06><0x01>k<0x6E>u<0x09>1<0x1D> <0x08> j<0x02>  <0x2B><0x51><0x15><0x07> m<0x6E>u<0x09><0x30><0x2F>à <0x25><0x8E> <0x30><0x16><0x64><0x40><0x64> <0x6B><0x02><0x04><0x40><0x25>t<0x09>ñ<0x51><0x15><0x03><0x02><0xF5><0x6E>u<0x09><0x03><0x9B><0x63>u<0x09> <0x94><0x50>  ,"<0x0F> <0x9D>u<0xF7><0x09><0x09><0x03><0x02><0x21><0x8B><0x50><0x02> <0x06><0x04>6<0x6E>u<0x09><0x0F> ""<0x65><0x19><0x08><0x09><0x06><0x02><0x1A> <0x80>g<0x01><0x1A><0x01><0x80><0x01> <0x09><0x01><0x02><0x69><0x21><0x64><0x40><0x64> <0x06><0x01>k<0x6E>u<0x09>1<0x1D> <0x08> j<0x02>  <0x2B><0x51><0x15><0x07> m<0x6E>u<0x09><0x30><0x2F>à <0x25><0x8E> <0x30><0x16><0x64><0x40><0x64> <0x6B><0x02><0x04><0x40><0x25>t<0x09>ñ<0x51><0x15><0x03><0x02><0xF5><0x6E>u<0x09><0x03><0x9B><0x63>u<0x09> <0x94><0x50>  ",111,3,114,pokemon,description,,
0x01E9A737,<0x02><0x03><0x13>6u<0x09><0x05><0x43>6u<0x09> <0x04><0x91>5u<0x09><0x02><0x69><0x2B><0x8D><0x15><0x06><0x01>k<0x6E>u<0x09><0x21><0x64><0x40><0x64> <0x06><0x01>k<0x6E>u<0x09>ñ<0x8D><0x15><0x2F>à <0x30><0x64><0x06> <0x16><0x64><0x40><0x64> <0x6B><0x02><0x69>M<0x03><0x2B><0x8E><0x15><0x06><0x01><0x3F><0x6C>s<0x09><0x78><0x48><0x4F><0xF8><0x09><0x6D>Y<0x47><0x0D><0x01><0x01> <0x21><0x0D><0x80>  <0x06><0x01><0x6E><0x99>v<0x09><0x0F> <0x06>á<0xF2><0x09><0x09><0x05><0x21><0x0D><0x80>  <0x06><0x01><0x6E><0x99>v<0x09><0x25><0x9A> <0x2F><0x67> <0x67><0x1A>á<0xF2><0x09><0x66><0x0F> <0x77><0x4F><0xF8><0x09>ó<0x5D><0x28>x<0x09><0x0F> <0x32>á<0xF2><0x09><0x09><0x03><0x6B><0x02><0x69><0x2B><0x8E><0x15><0x06><0x01>k<0x6E>u<0x09><0x21><0x64><0x40><0x64> <0x06><0x01>u6u<0x09><0x2F><0x19> <0x30><0x16><0x64><0x40><0x64> <0x05><0xFD>6u<0x09><0x30><0x2F><0x1A> <0x30><0x04><0x0B>4u<0x09><0x3D><0x37><0x02>,<0x02><0x03><0x13>6u<0x09><0x05><0x43>6u<0x09> <0x04><0x91>5u<0x09><0x02><0x69><0x2B><0x8D><0x15><0x06><0x01>k<0x6E>u<0x09><0x21><0x64><0x40><0x64> <0x06><0x01>k<0x6E>u<0x09>ñ<0x8D><0x15><0x2F>à <0x30><0x64><0x06> <0x16><0x64><0x40><0x64> <0x6B><0x02><0x69>M<0x03><0x2B><0x8E><0x15><0x06><0x01><0x3F><0x6C>s<0x09><0x78><0x48><0x4F><0xF8><0x09><0x6D>Y<0x47><0x0D><0x01><0x01> <0x21><0x0D><0x80>  <0x06><0x01><0x6E><0x99>v<0x09><0x0F> <0x4D>f<0x6B><0x08><0x09><0x05><0x21><0x0D><0x80>  <0x06><0x01><0x6E><0x99>v<0x09><0x25><0x9A> <0x2F><0x67> <0x67><0x1A>á<0xF2><0x09><0x66><0x0F> <0x77><0x4F><0xF8><0x09>ó<0x5D><0x28>x<0x09><0x0F> <0x32>á<0xF2><0x09><0x09><0x03><0x6B><0x02><0x69><0x2B><0x8E><0x15><0x06><0x01>k<0x6E>u<0x09><0x21><0x64><0x40><0x64> <0x06><0x01>u6u<0x09><0x2F><0x19> <0x30><0x16><0x64><0x40><0x64> <0x05><0xFD>6u<0x09><0x30><0x2F><0x1A> <0x30><0x04><0x0B>4u<0x09><0x3D><0x37><0x02>,191,3,194,pokemon,description,,
0x01E9A738,<0x03><0x13>6u<0x09><0x05><0x43>6u<0x09> <0x04><0x91>5u<0x09><0x02><0x69><0x2B><0x8D><0x15><0x06><0x01>k<0x6E>u<0x09><0x21><0x64><0x40><0x64> <0x06><0x01>k<0x6E>u<0x09>ñ<0x8D><0x15><0x2F>à <0x30><0x64><0x06> <0x16><0x64><0x40><0x64> <0x6B><0x02><0x69>M<0x03><0x2B><0x8E><0x15><0x06><0x01><0x3F><0x6C>s<0x09><0x78><0x48><0x4F><0xF8><0x09><0x6D>Y<0x47><0x0D><0x01><0x01> <0x21><0x0D><0x80>  <0x06><0x01><0x6E><0x99>v<0x09><0x0F> <0x06>á<0xF2><0x09><0x09><0x05><0x21><0x0D><0x80>  <0x06><0x01><0x6E><0x99>v<0x09><0x25><0x9A> <0x2F><0x67> <0x67><0x1A>á<0xF2><0x09><0x66><0x0F> <0x77><0x4F><0xF8><0x09>ó<0x5D><0x28>x<0x09><0x0F> <0x32>á<0xF2><0x09><0x09><0x03><0x6B><0x02><0x69><0x2B><0x8E><0x15><0x06><0x01>k<0x6E>u<0x09><0x21><0x64><0x40><0x64> <0x06><0x01>u6u<0x09><0x2F><0x19> <0x30><0x16><0x64><0x40><0x64> <0x05><0xFD>6u<0x09><0x30><0x2F><0x1A> <0x30><0x04><0x0B>4u<0x09><0x3D><0x37><0x02>,<0x03><0x13>6u<0x09><0x05><0x43>6u<0x09> <0x04><0x91>5u<0x09><0x02><0x69><0x2B><0x8D><0x15><0x06><0x01>k<0x6E>u<0x09><0x21><0x64><0x40><0x64> <0x06><0x01>k<0x6E>u<0x09>ñ<0x8D><0x15><0x2F>à <0x30><0x64><0x06> <0x16><0x64><0x40><0x64> <0x6B><0x02><0x69>M<0x03><0x2B><0x8E><0x15><0x06><0x01><0x3F><0x6C>s<0x09><0x78><0x48><0x4F><0xF8><0x09><0x6D>Y<0x47><0x0D><0x01><0x01> <0x21><0x0D><0x80>  <0x06><0x01><0x6E><0x99>v<0x09><0x0F> <0x4D>f<0x6B><0x08><0x09><0x05><0x21><0x0D><0x80>  <0x06><0x01><0x6E><0x99>v<0x09><0x25><0x9A> <0x2F><0x67> <0x67><0x1A>á<0xF2><0x09><0x66><0x0F> <0x77><0x4F><0xF8><0x09>ó<0x5D><0x28>x<0x09><0x0F> <0x32>á<0xF2><0x09><0x09><0x03><0x6B><0x02><0x69><0x2B><0x8E><0x15><0x06><0x01>k<0x6E>u<0x09><0x21><0x64><0x40><0x64> <0x06><0x01>u6u<0x09><0x2F><0x19> <0x30><0x16><0x64><0x40><0x64> <0x05><0xFD>6u<0x09><0x30><0x2F><0x1A> <0x30><0x04><0x0B>4u<0x09><0x3D><0x37><0x02>,190,3,193,pokemon,description,,
0x01EA9C43,<0x0F> <0x0A><0x3E><0xFA><0x09>óW<0x59>w<0x09><0x0F> <0xF7><0x40><0xFA><0x09><0x09><0x06>G<0x01><0x0B><0x5B><0x0F><0x80><0x01><0x28><0x10> <0x53><0x0F><0x80><0x2F><0x09> <0x30><0x4F>,<0x0F> <0x0A><0x3E><0xFA><0x09>óW<0x59>w<0x09><0x0F> <0xFD>2<0x19><0x08><0x09><0x06>G<0x01><0x0B><0x5B><0x0F><0x80><0x01><0x28><0x10> <0x53><0x0F><0x80><0x2F><0x09> <0x30><0x4F>,37,5,42,pokemon,description,,
0x01EA9C9E,<0x0F> <0x0A><0x3E><0xFA><0x09>óW<0x59>w<0x09><0x0F> h<0x41><0xFA><0x09><0x09><0x05>G<0x01><0x0B><0x21><0x0D><0x80>  <0x06><0x01><0x6E><0x99>v<0x09><0x0F> <0x0A><0x3E><0xFA><0x09>óW<0x59>w<0x09><0x0F> <0xF7><0x40><0xFA><0x09><0x09><0x06>G<0x01><0x0B><0x4F><0x0F><0x80><0x3A><0x9D>v<0x09><0x51>  <0x28><0x10> <0x53><0x0F><0x80><0x63><0x0F><0x80>,<0x0F> <0x0A><0x3E><0xFA><0x09>óW<0x59>w<0x09><0x0F> <0x13>3<0x19><0x08><0x09><0x05>G<0x01><0x0B><0x21><0x0D><0x80>  <0x06><0x01><0x6E><0x99>v<0x09><0x0F> <0x0A><0x3E><0xFA><0x09>óW<0x59>w<0x09><0x0F> <0xFD>2<0x19><0x08><0x09><0x06>G<0x01><0x0B><0x4F><0x0F><0x80><0x3A><0x9D>v<0x09><0x51>  <0x28><0x10> <0x53><0x0F><0x80><0x63><0x0F><0x80>,74,4,78,pokemon,description,,
0x01EA9D1A,"<0x0F> <0x0A><0x3E><0xFA><0x09>óW<0x59>w<0x09><0x0F> <0x07><0x41><0xFA><0x09><0x09><0x06>G<0x01><0x0B><0x16><0x13><0x50><0x05> <0x05>a<0x9C>v<0x09>K
<0x13>K
<0x5A><0x0F> <0x0A><0x3E><0xFA><0x09>óW<0x59>w<0x09><0x0F> h<0x41><0xFA><0x09><0x09><0x05>G<0x01><0x0B><0x21><0x0D><0x80>  <0x06><0x01><0x6E><0x99>v<0x09><0x0F> <0x0A><0x3E><0xFA><0x09>óW<0x59>w<0x09><0x0F> <0xF7><0x40><0xFA><0x09><0x09><0x06>G<0x01><0x0B><0x4F><0x0F><0x80>B<0x9D>v<0x09><0x51>  <0x28><0x10> <0x53><0x0F><0x80><0x63><0x0F><0x80>","<0x0F> <0x0A><0x3E><0xFA><0x09>óW<0x59>w<0x09><0x0F> <0x07><0x41><0xFA><0x09><0x09><0x06>G<0x01><0x0B><0x16><0x13><0x50><0x05> <0x05>a<0x9C>v<0x09>K
<0x13>K
<0x5A><0x0F> <0x0A><0x3E><0xFA><0x09>óW<0x59>w<0x09><0x0F> <0x13>3<0x19><0x08><0x09><0x05>G<0x01><0x0B><0x21><0x0D><0x80>  <0x06><0x01><0x6E><0x99>v<0x09><0x0F> <0x0A><0x3E><0xFA><0x09>óW<0x59>w<0x09><0x0F> <0xFD>2<0x19><0x08><0x09><0x06>G<0x01><0x0B><0x4F><0x0F><0x80>B<0x9D>v<0x09><0x51>  <0x28><0x10> <0x53><0x0F><0x80><0x63><0x0F><0x80>",112,4,116,pokemon,description,,
0x01EA9D3A,"K
<0x13>K
<0x5A><0x0F> <0x0A><0x3E><0xFA><0x09>óW<0x59>w<0x09><0x0F> h<0x41><0xFA><0x09><0x09><0x05>G<0x01><0x0B><0x21><0x0D><0x80>  <0x06><0x01><0x6E><0x99>v<0x09><0x0F> <0x0A><0x3E><0xFA><0x09>óW<0x59>w<0x09><0x0F> <0xF7><0x40><0xFA><0x09><0x09><0x06>G<0x01><0x0B><0x4F><0x0F><0x80>B<0x9D>v<0x09><0x51>  <0x28><0x10> <0x53><0x0F><0x80><0x63><0x0F><0x80>","K
<0x13>K
<0x5A><0x0F> <0x0A><0x3E><0xFA><0x09>óW<0x59>w<0x09><0x0F> <0x13>3<0x19><0x08><0x09><0x05>G<0x01><0x0B><0x21><0x0D><0x80>  <0x06><0x01><0x6E><0x99>v<0x09><0x0F> <0x0A><0x3E><0xFA><0x09>óW<0x59>w<0x09><0x0F> <0xFD>2<0x19><0x08><0x09><0x06>G<0x01><0x0B><0x4F><0x0F><0x80>B<0x9D>v<0x09><0x51>  <0x28><0x10> <0x53><0x0F><0x80><0x63><0x0F><0x80>",80,4,84,pokemon,description,,
0x01EA9D3C,"<0x13>K
<0x5A><0x0F> <0x0A><0x3E><0xFA><0x09>óW<0x59>w<0x09><0x0F> h<0x41><0xFA><0x09><0x09><0x05>G<0x01><0x0B><0x21><0x0D><0x80>  <0x06><0x01><0x6E><0x99>v<0x09><0x0F> <0x0A><0x3E><0xFA><0x09>óW<0x59>w<0x09><0x0F> <0xF7><0x40><0xFA><0x09><0x09><0x06>G<0x01><0x0B><0x4F><0x0F><0x80>B<0x9D>v<0x09><0x51>  <0x28><0x10> <0x53><0x0F><0x80><0x63><0x0F><0x80>","<0x13>K
<0x5A><0x0F> <0x0A><0x3E><0xFA><0x09>óW<0x59>w<0x09><0x0F> <0x13>3<0x19><0x08><0x09><0x05>G<0x01><0x0B><0x21><0x0D><0x80>  <0x06><0x01><0x6E><0x99>v<0x09><0x0F> <0x0A><0x3E><0xFA><0x09>óW<0x59>w<0x09><0x0F> <0xFD>2<0x19><0x08><0x09><0x06>G<0x01><0x0B><0x4F><0x0F><0x80>B<0x9D>v<0x09><0x51>  <0x28><0x10> <0x53><0x0F><0x80><0x63><0x0F><0x80>",78,4,82,pokemon,description,,
0x01EAF500,"<0xA0><0xFC><0xFA><0x09><0x06><0xFD><0xFA><0x09><0x5F><0xFD><0xFA><0x09>7<0xFD><0xFA><0x09><0xF1><0xFD><0xFA><0x09><0x3A>
<0xFA><0x09>È
<0xFA><0x09><0x90><0x90><0x60><0x60><0x60><0x60><0x60><0x90><0x1E> <0x1E> <0x37> <0x37> <0x37> <0x37> <0x37> <0x1E> <0x9C><0x5D>z<0x09>s
<0xFA><0x09><0x48><0x15><0x10> <0x59>   <0x30>Yz<0x09><0x3D>","<0xA0><0xFC><0xFA><0x09><0x06><0xFD><0xFA><0x09><0x5F><0xFD><0xFA><0x09>7<0xFD><0xFA><0x09><0xF1><0xFD><0xFA><0x09><0x3A>
<0xFA><0x09>È
<0xFA><0x09><0x90><0x90><0x60><0x60><0x60><0x60><0x60><0x90><0x1E> <0x1E> <0x37> <0x37> <0x37> <0x37> <0x37> <0x1E> <0x40><0x51><0x28><0x08>s
<0xFA><0x09><0x48><0x15><0x10> <0x59>   O<0x2A><0x1C><0x08><0x3D>",73,4,77,pokemon,description,,
0x01ED5603,"ó<0x03><0x99><0x3B>ç<0x05><0x98><0x1C><0x4B><0x01>:/<0xFA>é<0x4B><0x98><0x42><0x0F>V
<0xF7>4
ó<0x68><0x97><0x33><0x18><0x78><0x18><0x4B><0x01>:<0xAF><0xFA><0x01>ó<0x3B>çá<0x4B>!<0x51><0xF3>q<0x30> 
<0xF7>U<0xFA><0x28>ó<0x02><0x9A><0x5A><0x43><0x13> <0x13><0x4A>v<0x50>uq<0xFD><0xF7>X<0xFA> <0x28><0xB6>W<0xFD><0xF7>1<0xFA><0x0F><0x4C><0x9C>r<0x72><0x21>  <0x8C><0x5A><0x12><0x08>S<0x22><0x07><0x08>p<0x16>  Wr<0x06><0x08><0x52>è<0xF7><0x09><0x90><0x50> <0x03><0x70><0x21>  <0x43><0x7E><0xF7><0x09>à<0x7E><0xF7><0x09><0x9D>t<0x03><0x08>","ó<0x03><0x99><0x3B>ç<0x05><0x98><0x1C><0x4B><0x01>:/<0xFA>é<0x4B><0x98><0x42><0x0F>V
<0xF7>4
ó<0x68><0x97><0x33><0x18><0x78><0x18><0x4B><0x01>:<0xAF><0xFA><0x01>ó<0x3B>çá<0x4B>!<0x51><0xF3>q<0x30> 
<0xF7>U<0xFA><0x28>ó<0x02><0x9A><0x5A><0x43><0x13> <0x13><0x4A>v<0x50>uq<0xFD><0xF7>X<0xFA> <0x28><0xB6>W<0xFD><0xF7>1<0xFA><0x0F><0x4C><0x9C>r<0x72><0x21>  <0x8C><0x5A><0x12><0x08>S<0x22><0x07><0x08>p<0x16>  Wr<0x06><0x08><0x52>è<0xF7><0x09><0x90><0x50> <0x03><0x70><0x21>  s5<0x19><0x08><0x3E>6<0x19><0x08><0x9D>t<0x03><0x08>",125,4,129,pokemon,dialogue,,
0x01EDCDF8,"The Black Ferrothorn was the
roughest and toughest gang in town<0xFA>until we showed up!<0xFB>The Black <0xFD><0x01>!","<0x52>El Ferrothorn Negro era la pandilla
más ruda de la ciudad hasta que<0xFA>llegamos nosotros!",97,2,99,pokemon,dialogue,"Les Black Ferrothorn étaient
le gang le plus dur de la ville<0xFA>jusqu'à notre arrivée !<0xFB>Les Black <0xFD><0x01> !",
0x01EDD048,"Do you know who we are?
We're the Black <0xFD><0x01>!","<0x51>Sabes quiénes somos?
<0x52>Somos los <0xFD><0x01> Negros!",43,2,45,pokemon,dialogue,"Tu sais qui on est ? On est les
Black <0xFD><0x01> !",
0x01EDD084,"I can't believe it""<0xFB>The legend""<0xFC><0x08><0x20> the conquerer""<0xFC><0x08><0x20>
<0xFD><0x01>!","<0x52>No lo puedo creer!
<0x52>Eres <0xFD><0x01>, la leyenda!",56,2,58,pokemon,dialogue,"J'y crois pas... La<0xFB>légende...{PAUSE}î le
conquérant...{PAUSE}î {PLAYER} !",
0x01EDD0B0,"erer""<0xFC><0x08><0x20>
<0xFD><0x01>!",            ,12,2,14,pokemon,dialogue,,
0x01EDD174,"Those Black <0xFD><0x01> always gettin'
in the way""<0xFB>Hey!
Quit starin'!","<0x52>Esos <0xFD><0x01> Negros son tan
molestosos!<0xFB><0x52>Oye!
<0x52>Deja de mirarme!",60,2,62,pokemon,dialogue,"Ces Black <0xFD><0x01> se mettent
toujours en travers...<0xFB>Hé ! Arrête de mater !",
0x01EDD25A,"One day, we're gonna boot those
Black <0xFD><0x01> right outta town""<0xFB>Hey!
Quit starin'!","Un día expulsaremos a esos
<0xFD><0x01> Negros de la ciudad""<0xFB><0x52>Ey!
<0x52>Deja de mirarme!",77,3,80,pokemon,dialogue,"Un jour, on va dégager ces Black
<0xFD><0x01> hors de la ville...<0xFB>Hé ! Arrête de mater !",
0x01EDD2A8,"We just booted the new gang around
here outta town!<0xFB>The Black <0xFD><0x01> is gone forever!
We're the Black Ferrothorn!","<0x52>Acabamos de echar a la nueva
pandilla de la ciudad!<0xFB><0x52>A esos tal <0xFD><0x01> Negros!
<0x52>Vivan los Ferrothorn Negros!",109,2,111,pokemon,dialogue,"On a chassé le nouveau gang
d'ici !<0xFB>Les Black <0xFD><0x01> sont partis !
On est les Black Ferrothorn !",
0x01EDD2BC,"ew gang around
here outta town!<0xFB>The Black <0xFD><0x01> is gone forever!
We're the Black Ferrothorn!"," la nueva
pandilla de la ciudad!<0xFB><0x52>A esos tal <0xFD><0x01> Negros!
<0x52>Vivan los Ferrothorn Negros!",89,2,91,pokemon,dialogue,,
0x01EDD2C3," around
here outta town!<0xFB>The Black <0xFD><0x01> is gone forever!
We're the Black Ferrothorn!","va
pandilla de la ciudad!<0xFB><0x52>A esos tal <0xFD><0x01> Negros!
<0x52>Vivan los Ferrothorn Negros!",82,2,84,pokemon,dialogue,,
0x01EDD3D5,"Some words are crossed out.<0xFB>It appears to read now:
Black <0xFD><0x01> HQ","Cuartel general de los <0xFD><0x01>
Negros                               ",63,2,65,pokemon,description,"Certains mots sont barrés.<0xFB>On dirait que ça lit maintenant :
QG des Black <0xFD><0x01>",
0x01EDD415,"The words are faded.<0xFB>It appears to read:
Black <0xFD><0x01> HQ","Las palabras no se ven bien.<0xFB>Dice: Base <0xFD><0x01> Negr""",52,2,54,pokemon,description,"Les mots sont effacés.<0xFB>On dirait que c'est marqué :
QG des Black <0xFD><0x01>",
0x01EDE068,"You wanna prove you're tough?
Huh, <0xFD><0x02>?<0xFB>You're gonna wanna take on Big Mo.<0xFB>He's the biggest, toughest guy in
all of Antisis City.","<0x51>Quieres demostrar que eres fuerte,
eh?<0xFB>Puedes enfrentarte al Gran Mo.<0xFB>Es el tipo más grande y rudo de toda
Ciudad Antisis.",128,2,130,pokemon,dialogue,"Tu veux prouver que t'es balèze ?
Hein, <0xFD><0x02> ?<0xFB>Tu vas vouloir affronter Big Mo.<0xFB>C'est le plus grand et le plus dur
type de toute la Ville d'Antisis.",
0x01EDE32C,"Hi, <0xFD><0x01>!<0xFB>Feel free to come and go as
you please.<0xFB>With a Trainer Card like yours,
you have more than proved your<0xFA>trustworthiness.","<0x52>Hola! <0x52>Puedes entrar y salir cuando
quieras!<0xFB>Con una Tarjeta de Entrenador como
la tuya, has demostrado<0xFA>confiabilidad.",127,1,128,pokemon,dialogue,"Salut, <0xFD><0x01> !<0xFB>Entre et sors quand
tu veux.<0xFB>Avec une Carte Dresseur comme la
tienne, tu as prouvé ta<0xFA>fiabilité.",
0x01EDE7E9,"Feed the <0xFC><0x01><0x06><0xFD><0x02><0xFC><0x01><0x08> to a
Pokémon with a status condition.<0xFB>It'll get all better, just
like that!","Dale <0xFC><0x01><0x06><0xFD><0x02><0xFC><0x01><0x08> a un Pokémon con una
condición de estado.<0xFB><0x52>Todo mejorará, así de simple!",93,2,95,pokemon,dialogue,"Donne le {COLOR}É{STR_VAR_1}{COLOR}Ë à un
Pokémon avec un statut.<0xFB>Il ira mieux, tout
simplement !",
0x01EDF2CF,"Wow! Today's experiment was super
successful!<0xFB>Here! Please accept
the <0xFD><0x02> I made!","<0x52>Bien! <0x52>El expermiento de hoy fue
un éxito!<0xFB><0x52>Por favor, acepta la <0xFD><0x02>
que hice!",80,2,82,pokemon,dialogue,"Waouh ! L'expérience du jour a
très bien marché !<0xFB>Tiens ! Accepte
le <0xFD><0x02> que j'ai créé !",
0x01EDF307,"se accept
the <0xFD><0x02> I made!","acepta la <0xFD><0x02>
que hice!",24,2,26,pokemon,dialogue,,
0x01EDF30E,"pt
the <0xFD><0x02> I made!","la <0xFD><0x02>
que hice!",17,2,19,pokemon,dialogue,,
0x01EDF315,<0xFD><0x02> I made!,ue hice!,10,2,12,pokemon,dialogue,,
0x01EDFCC5,"<0xFC><0x01><0x02>Stand and face <0xFD><0x02> on the other
side of the field to begin battling.","<0xFC><0x01><0x02>Ponte al otro lado para comenzar
tu batalla contra <0xFD><0x02>.",70,3,73,pokemon,description,"{COLOR}ÁPlace-toi face à {STR_VAR_1} de l'autre
côté du terrain pour combattre.",
0x01EE04F0,"You want to start a Classic Leaders
Gauntlet on the <0xFC><0x01><0x06><0xFD><0x02><0xFC><0x01><0x08> Difficulty?","<0x51>Quieres iniciar un Clásico Líderes
Borrianos en la Dificultad <0xFC><0x01><0x06><0xFD><0x02><0xFC><0x01><0x08>?",72,2,74,pokemon,dialogue,"Tu veux lancer le Défi Classique
en mode {COLOR}É{STR_VAR_1}{COLOR}Ë ?",
0x01EE06AB,"Your next battle will be against the
Gym Leader, <0xFC><0x01><0x06><0xFD><0x02><0xFC><0x01><0x08>.<0xFB>Take some time now to prepare
your team for the upcoming fight.<0xFB>When you're ready to battle,
take a step in any direction.","Tu otro combate será contra el
Líder de Gimnasio, <0xFC><0x01><0x06><0xFD><0x02><0xFC><0x01><0x08>.<0xFB>Tómate un tiempo para preparar a tu
equipo antes del combate.<0xFB>Cuando esté todo hecho, da un paso
en cualquier dirección.",181,2,183,pokemon,dialogue,"Ton prochain combat sera contre
{COLOR}É{STR_VAR_1}{COLOR}Ë, Champion d'Arène.<0xFB>Prends le temps de préparer
ton équipe pour le combat.<0xFB>Quand tu es prêt à combattre,
fais un pas dans une direction.",
0x01EE08B4,"Are you ready to begin the battle
against the Gym Leader, <0xFC><0x01><0x06><0xFD><0x02><0xFC><0x01><0x08>?","<0x51>Quieres comenzar el combate contra
el Líder de Gimnasio, <0xFC><0x01><0x06><0xFD><0x02><0xFC><0x01><0x08>?",67,3,70,pokemon,dialogue,"Prêt à commencer le combat
contre le Champion d'Arène {COLOR}É{STR_VAR_1}{COLOR}Ë ?",
0x01EE0DC0,"<0xFC><0x01><0x08>I'm bringing all the flower power!
Let's get funky, <0xFD><0x04>!","<0xFC><0x01><0x08><0x52>Traigo todo el poder de las
flores!<0xFB><0x52>Prepárate!",58,2,60,pokemon,dialogue,"{COLOR}ËJe ramène le pouvoir des fleurs !
On se lâche, {STR_VAR_3} !",
0x01EE5DC4,"Hello, there.<0xFB>By any chance, would you like to
have a <0xFC><0x01><0x06><0xFD><0x02><0xFC><0x01><0x08>?<0xFB>I hatched it from an Egg and have
no way to train it.","Hola, por casualidad, <0x51>te gustaría
tener un <0xFC><0x01><0x06><0xFD><0x02><0xFC><0x01><0x08>?<0xFB>Lo nací de un Huevo y no tengo
forma de entrenarlo.",117,3,120,pokemon,dialogue,"Bonjour.<0xFB>Par hasard, voudrais-tu
un {COLOR}É{STR_VAR_1}{COLOR}Ë ?<0xFB>Je l'ai fait éclore d'un OEuf et je
ne peux pas l'entraîner.",
0x01EE5FB4,"It is new to the world, so please
take good care of this <0xFD><0x02>.","Es nuevo en el mundo, así que
cuida bien de <0xFD><0x02>.",60,3,63,pokemon,description,"Il est nouveau dans ce monde, alors
prends bien soin de ce <0xFD><0x02>.",
0x01EE6051,"<0xFC><0x01><0x02><0xFD><0x01> received a <0xFD><0x02>!
It has the <0xFC><0x01><0x06><0xFD><0x03><0xFC><0x01><0x02> nature.",Has recibido a <0xFD><0x02>.,48,2,50,pokemon,dialogue,"{COLOR}Á{PLAYER} reçoit un {STR_VAR_1} !
Il a la nature {COLOR}É{STR_VAR_2}{COLOR}Á.",
0x01EE6B13,"Okay, so your birthday is on
<0xFD><0x02>/<0xFD><0x03>/<0xFD><0x04>.<0xFB>That means you're <0xFD><0x07> years old!","Bien, tu cumpleaños es el
<0xFD><0x02>/<0xFD><0x03>/<0xFD><0x04>.<0xFB><0x52>Eso significa que tienes <0xFD><0x07> años!",70,3,73,pokemon,dialogue,"D'accord, ton anniversaire est le
<0xFD><0x02>/<0xFD><0x03>/<0xFD><0x04>.<0xFB>Ça veut dire que tu as <0xFD><0x07> ans !",
0x01EE788B,"ngs<0xFC><0x01><0x04> from wild<0xFA><0xFC><0x01><0x06>Wingull<0xFC><0x01><0x04> and <0xFC><0x01><0x06>Pelipper<0xFC><0x01><0x04>.<0xFB>I'm counting on you, <0xFD><0x02>, let's
see if we have what it takes!"," <0xFC><0x01><0x06>Wingull<0xFC><0x01><0x04> y <0xFC><0x01><0x06>Pelipper<0xFC><0x01><0x04>.<0xFB>Cuento contigo, <0xFD><0x01>.
<0x52>No me falles!",111,2,113,pokemon,dialogue,,
0x01EE794D,"Finished!<0xFB>Alright <0xFD><0x01>, clear a space,
and stand back!<0xFB>Are you ready, <0xFD><0x01>?<0xFB>Behold, history in the making!","<0x52>Finalmente!<0xFB><0x52>Muy bien <0xFD><0x01>!
<0x52>Despeja el lugar un poco!<0xFB><0x52>He aquí la historia en ciernes!",102,2,104,pokemon,dialogue,"Terminé !<0xFB>Très bien <0xFD><0x01>, fais de la place,
et recule !<0xFB>Prêt, <0xFD><0x01> ?<0xFB>Voici l'histoire en marche !",
0x01EE7B08,"It's okay, <0xFD><0x02>.<0xFB>If you end up changing your mind,
I'll be here.","Está bien, <0xFD><0x01>.<0xFB>Si cambias de idea, aquí estaré.",62,3,65,pokemon,dialogue,"Ce n'est pas grave, <0xFD><0x02>.<0xFB>Si tu changes d'avis,
je serai là.",
0x01EE7B47,"I need to go back to the Gym now,
so take care, <0xFD><0x02>!","<0x52>Necesito volver al Gimnasio!
<0x52>Nos vemos, <0xFD><0x01>!",51,1,52,pokemon,dialogue,"Je dois retourner à l'Arène,
prends soin de toi, <0xFD><0x02> !",
0x01EE7B77,<0xFD><0x02>!,   ,3,1,4,pokemon,dialogue,,
0x01EE7F15,"Each day, I try to cook delicious
meals for my family.<0xFB>I need some inspiration, though.<0xFB>Do you think you could show me a
Pokémon that's the <0xFC><0x01><0x06><0xFD><0x02><0xFC><0x01><0x04>-type?","Todos los días trato de cocinar
comida deliciosa para mi familia.<0xFB>Pero quiero algo de inspiración.<0xFB><0x51>Me mostrarías un Pokémon de tipo
<0xFC><0x01><0x06><0xFD><0x02><0xFC><0x01><0x04>?",154,3,157,pokemon,dialogue,"Chaque jour, je cuisine de bons
plats pour ma famille.<0xFB>Mais il me faut de l'inspiration.<0xFB>Tu pourrais me montrer un
Pokémon de type {COLOR}É{STR_VAR_1}{COLOR}Ç ?",
0x01EE7FB0,"If you catch a Pokémon that's the
<0xFD><0x02>-type, please show it<0xFA>to me!<0xFB>I'll give you a little something.","Si atrapas un Pokémon de tipo <0xFD><0x02>,
<0x52>muéstramelo!<0xFB><0x52>Te daré un regalo si lo haces!",98,2,100,pokemon,dialogue,"Si tu attrapes un Pokémon
de type <0xFD><0x02>, montre-le<0xFA>moi !<0xFB>Je te donnerai un petit cadeau.",
0x01EE8013,"Please show me a Pokémon that's
the <0xFC><0x01><0x06><0xFD><0x02><0xFC><0x01><0x04>-type!","<0x52>Quiero ver un Pokémon de tipo
<0xFC><0x01><0x06><0xFD><0x02><0xFC><0x01><0x04>!",50,2,52,pokemon,dialogue,"Montre-moi un Pokémon
de type {COLOR}É{STR_VAR_1}{COLOR}Ç !",
0x01EE8046,"The Pokémon you chose is not the
one I requested.<0xFB>What I want to see is a Pokémon
that's the <0xFD><0x02>-type!","<0x52>Ese no es un Pokémon de tipo
<0xFD><0x02>!",101,3,104,pokemon,dialogue,"Le Pokémon choisi n'est pas celui
que je voulais.<0xFB>Je veux voir un Pokémon
de type <0xFD><0x02> !",
0x01EE8080,"ant to see is a Pokémon
that's the <0xFD><0x02>-type!",                                           ,43,3,46,pokemon,dialogue,,
0x01EE8184,"One <0xFD><0x02>!
It's all yours now!",<0x52><0xFD><0x02>! <0x52>Ahora son tuyas!,27,2,29,pokemon,dialogue,"Un <0xFD><0x02> !
Il est à toi !",
0x01EE81A0,"<0xFD><0x03> <0xFD><0x02>!
They're all yours now!","<0x52><0xFD><0x03> <0xFD><0x02>!
<0x52>Son todas tuyas!",29,3,32,pokemon,dialogue,"<0xFD><0x03> <0xFD><0x02> !
Ils sont à toi !",
0x01EE8761,"Where the wind is ice cold, so are
my hands.<0xFB>Would you like me to teach one of
your Pokémon <0xFC><0x01><0x06>Ice Punch<0xFC><0x01><0x08>?<0xFB>I require <0xFC><0x01><0x06><0xFD><0x03> <0xFD><0x02>s<0xFC><0x01><0x08> to share
my frosty hands.","Donde el viento es helado, también
lo son mis manos.<0xFB><0x51>Quieres que un Pokémon aprenda
<0xFC><0x01><0x06>Puño Hielo<0xFC><0x01><0x08>?<0xFB>Necesito <0xFC><0x01><0x06><0xFD><0x03> <0xFD><0x02> <0xFC><0x01><0x08>para poder
hacerlo.",157,2,159,pokemon,dialogue,"Là où le vent est glacé,
mes mains le sont aussi.<0xFB>Veux-tu que j'apprenne
{COLOR}ÉPoing-Glace{COLOR}Ë à un Pokémon ?<0xFB>Il me faut {COLOR}É{STR_VAR_2} {STR_VAR_1}s{COLOR}Ë pour
partager mes mains glacées.",
0x01EE8876,"You do not have enough
<0xFD><0x02>s.<0xFB>I cannot share my frosty hands with
you for nothing""","No tienes suficientes <0xFD><0x02>.<0xFB>No puedo compartir mis manos heladas
contigo""",80,2,82,pokemon,dialogue,"Tu n'as pas assez de
<0xFD><0x02>s.<0xFB>Je ne peux pas partager mes mains
froides pour rien...",
0x01EE8886,"enough
<0xFD><0x02>s.<0xFB>I cannot share my frosty hands with
you for nothing""","entes <0xFD><0x02>.<0xFB>No puedo compartir mis manos heladas
contigo""",64,2,66,pokemon,dialogue,,
0x01EE8A66,"<0xFC><0x01><0x04>Hi!
Do you have an <0xFC><0x01><0x06><0xFD><0x02><0xFC><0x01><0x04>?<0xFB>Wanna trade it for my
<0xFC><0x01><0x06><0xFD><0x03><0xFC><0x01><0x04>?<0xFB>It's great for if you want to
battle my mommy!","<0xFC><0x01><0x04>Hola, <0x51>tienes un <0xFC><0x01><0x06><0xFD><0x02><0xFC><0x01><0x04>? <0x51>Quieres
cambiarlo por mi <0xFC><0x01><0x06><0xFD><0x03><0xFC><0x01><0x04>?<0xFB><0x52>Es genial si quieres luchar contra
mi mami!",110,2,112,pokemon,dialogue,"{COLOR}ÇSalut !
Tu as un {COLOR}É{STR_VAR_1}{COLOR}Ç ?<0xFB>Tu veux l'échanger contre mon
{COLOR}É{STR_VAR_2}{COLOR}Ç ?<0xFB>C'est super pour
combattre ma maman !",
0x01EE8B0C,"<0xFC><0x01><0x04>How is my old <0xFD><0x03>?<0xFB>My <0xFD><0x02> is doing amazing!<0xFB>It almost made a hole in the
ceiling when I let it out!","<0xFC><0x01><0x04><0x51>Cómo está <0xFD><0x03>?
<0x52>Mi <0xFD><0x02> está increíble!<0xFB><0x52>Casi hizo un agujero en el techo
cuando lo solté!",100,1,101,pokemon,dialogue,"{COLOR}ÇComment va mon ancien {STR_VAR_2} ?<0xFB>Mon {STR_VAR_1} va super bien !<0xFB>Il a presque fait un trou au
plafond quand je l'ai sorti !",
0x01EE8BB3,"<0xFC><0x01><0x04>I'm little, not stupid.
That's not an <0xFC><0x01><0x06><0xFD><0x02><0xFC><0x01><0x04>!","<0xFC><0x01><0x04><0x52>Ese no es <0xFC><0x01><0x06><0xFD><0x02><0xFC><0x01><0x04>!
<0x52>Soy pequeña, no estúpida!",50,3,53,pokemon,dialogue,"{COLOR}ÇJe suis petit, pas idiot.
Ce n'est pas un {COLOR}É{STR_VAR_1}{COLOR}Ç !",
0x01EE8F94,"Hmm""<0xFB>You've only caught <0xFD><0x03> species
so far.<0xFB>Get to <0xFC><0x01><0x06><0xFD><0x02><0xFC><0x01><0x04> and I'll upgrade your
Pokédex!","Hmm""<0xFB>Sólo has capturado <0xFD><0x03> especies.<0xFB><0x52>Captura <0xFC><0x01><0x06><0xFD><0x02><0xFC><0x01><0x04> especies y ven
aquí!",89,2,91,pokemon,dialogue,"Hmm...<0xFB>Tu n'as attrapé que {STR_VAR_2} espèces
pour l'instant.<0xFB>Atteins {COLOR}É{STR_VAR_1}{COLOR}Ç et j'améliorerai ton
Pokédex !",
0x01EE8FEE,"<0xFC><0x01><0x02><0xFD><0x01>'s Pokédex was upgraded
with the <0xFC><0x01><0x06>DexNav<0xFC><0x01><0x02>!",<0xFC><0x01><0x02>Has obtenido <0xFC><0x01><0x06>DexNav<0xFC><0x01><0x02>.,51,3,54,pokemon,dialogue,"{COLOR}ÁLe Pokédex de {PLAYER} est amélioré
avec le {COLOR}ÉDexNav{COLOR}Á !",
0x01EEAB6E,"Oh, thank you again!<0xFB>My son's anniversary is coming up,
and I want to bake him a pie, too.<0xFB>This time I need:
<0xFC><0x01><0x06><0xFD><0x07><0xFC><0x01><0x04><0xFB>Bring them to me with haste, young
Trainer!","<0x52>Gracias!<0xFB>Se acerca el aniversario de mi hijo
y también quiero hacerle un<0xFA>pastel.<0xFB>Sólo necesito: <0xFC><0x01><0x06><0xFD><0x07><0xFC><0x01><0x04><0xFB>Si pudieras traérmelos, te lo
agradecería mucho.",161,2,163,pokemon,dialogue,"Oh, merci encore !<0xFB>L'anniversaire de mon fils approche,
et je veux lui faire une tarte.<0xFB>Cette fois, il me faut :
{COLOR}É{VERSION}{COLOR}Ç<0xFB>Apporte-les vite, jeune
Dresseur !",
0x01EEABD3,"I need:
<0xFC><0x01><0x06><0xFD><0x07><0xFC><0x01><0x04><0xFB>Bring them to me with haste, young
Trainer!","<0x07><0xFC><0x01><0x04><0xFB>Si pudieras traérmelos, te lo
agradecería mucho.",60,2,62,pokemon,dialogue,,
0x01EEAC10,"Oh, thank you again!<0xFB>My ex-husband has found love with
another woman, and I want to bake<0xFA>a pie to smash in his face!<0xFB>This time I need:
<0xFC><0x01><0x06><0xFD><0x07>","<0x52>Gracias de nuevo!<0xFB><0x52>Mi ex esposo ha encontrado el amor
en otra mujer y quiero hornear<0xFA>un pastel y lanzarlo en su cara!<0xFB>Sólo necesito: <0xFC><0x01><0x06><0xFD><0x07>.",140,3,143,pokemon,dialogue,"Oh, merci encore !<0xFB>Mon ex-mari a trouvé l'amour avec
une autre femme, et je veux lui<0xFA>coller une tarte en plein visage !<0xFB>Cette fois, il me faut :
{COLOR}É{VERSION}",
0x01EEAC9D,"I still need:
<0xFC><0x01><0x06><0xFD><0x07><0xFC><0x01><0x04><0xFB>Please bring them as soon
as you can.",Aún necesito: <0xFC><0x01><0x06><0xFD><0x07><0xFC><0x01><0x04>.<0xFB><0x52>Ayúdame con esos ingredientes!,60,3,63,pokemon,dialogue,"Il me faut encore :
{COLOR}É{VERSION}{COLOR}Ç<0xFB>Apporte-les dès que
possible.",
0x01EEAD21,"<0xFC><0x01><0x02>The Old Lady took:
<0xFC><0x01><0x06><0xFD><0x07>",<0xFC><0x01><0x02>Has entregado <0xFD><0x07>.,27,3,30,pokemon,description,,
0x01EEAD3D,"I'm sure my <0xFD><0x03> will love
this pie.<0xFB>Please, take these in exchange for
your hard work, young Trainer.","Estoy segura de que a mi nieto le
encantará este pastel.<0xFB>Por favor, toma este premio por tu
trabajo.",100,3,103,pokemon,dialogue,"Je suis sûre que mon <0xFD><0x03> va
adorer cette tarte.<0xFB>Prends ceci en échange de ton dur
travail, jeune Dresseur.",
0x01EEB420,"You are correct.<0xFB>Your <0xFD><0x02> can indeed still
evolve.<0xFB>So, as promised""","<0x52>Correcto!<0xFB>De hecho, tu <0xFD><0x02> aún puede
evolucionar.<0xFB>Bien, tómalo""",66,3,69,pokemon,dialogue,"Exact.<0xFB>Ton <0xFD><0x02> peut encore
évoluer.<0xFB>Alors, comme promis...",
0x01EED84F,"I heard there's someone in
<0xFC><0x01><0x06>Tarmigan Town<0xFC><0x01><0x04> who teaches<0xFA>the art of <0xFC><0x01><0x06>Mega Evolution<0xFC><0x01><0x04>!<0xFB>But you already knew that,
didn't you?<0xFB>That <0xFD><0x02> you're wearing
gave it away.","<0x52>Escuché que alguien en <0xFC><0x01><0x06>Ciudad
Tarmi<0xFC><0x01><0x04> te enseña el poder de la<0xFA><0xFC><0x01><0x06>Megaevolución<0xFC><0x01><0x04>!<0xFB>Pero eso ya lo sabías, <0x51>verdad?<0xFB>La <0xFD><0x02> que llevas puesta
te delata.",167,2,169,pokemon,dialogue,"J'ai entendu qu'à
{COLOR}ÉTarmiganville{COLOR}Ç,<0xFA>quelqu'un enseigne la {COLOR}ÉMéga-<0xFB>Évolution{COLOR}Ç !
Mais tu le savais déjà, non ?<0xFB>Le {STR_VAR_1} que tu portes te
trahit.",
0x01EEDAA2,"Use the ADM to dig through the
collapsed doorways in the KBT
Expressway, and capture <0xFD><0x02> Carbink.","Usa el ADM para excavar a través
de las paredes en la Autopista
RBT y captura a <0xFD><0x02> Carbink.",96,2,98,pokemon,description,"Utilise l'ADM pour percer les
portes effondrées de l'Autoroute KBT
et capture <0xFD><0x02> Strassie.",
0x01EEDAC7,"sed doorways in the KBT
Expressway, and capture <0xFD><0x02> Carbink.","as paredes en la Autopista
RBT y captura a <0xFD><0x02> Carbink.",59,2,61,pokemon,description,,
0x01EEDACF,"ways in the KBT
Expressway, and capture <0xFD><0x02> Carbink.","es en la Autopista
RBT y captura a <0xFD><0x02> Carbink.",51,2,53,pokemon,description,,
0x01EEE420,"You know what I saw on TV?<0xFB><0xFC><0x01><0x06><0xFD><0x02><0xFC><0x01><0x04>! They said there's
a whole bunch of <0xFC><0x01><0x06><0xFD><0x03><0xFC><0x01><0x04> there!","<0x51>Sabes que vi en la TV?<0xFB>En <0xFC><0x01><0x06><0xFD><0x02><0xFC><0x01><0x04>, han aparecido un montón
de <0xFC><0x01><0x06><0xFD><0x03><0xFC><0x01><0x04>.",87,3,90,pokemon,dialogue,"Tu sais ce que j'ai vu à la télé ?<0xFB>{COLOR}É{STR_VAR_1}{COLOR}Ç ! Ils ont
dit qu'il y avait plein de {COLOR}É{STR_VAR_2}{COLOR}Ç là-bas !",
0x01EEE478,"You know what it said on
the radio?<0xFB><0xFC><0x01><0x06><0xFD><0x02><0xFC><0x01><0x04>! They said there's
a whole bunch of <0xFC><0x01><0x06><0xFD><0x03><0xFC><0x01><0x04> there!","<0x51>Sabes que dijeron en la radio?<0xFB><0x52>En <0xFC><0x01><0x06><0xFD><0x02><0xFC><0x01><0x04> hay un montón de
<0xFC><0x01><0x06><0xFD><0x03><0xFC><0x01><0x04>, deberías ir!",96,2,98,pokemon,dialogue,"Tu sais ce qu'ils disaient
à la radio ?<0xFB>{COLOR}É{STR_VAR_1}{COLOR}Ç ! Ils ont
dit qu'il y avait plein de {COLOR}É{STR_VAR_2}{COLOR}Ç là-bas !",
0x01EEE521,"My daughter loves <0xFD><0x02>.<0xFB>I'd set a time limit, but if it
weren't for her, my son would never<0xFA>know when Pokémon <0xFC><0x01><0x06>Swarms<0xFC><0x01><0x04> appear!<0xFB>And it's not like those Pokémon
are easy to find any other time""","A mi hija le encanta <0xFD><0x02>.<0xFB>Había establecido un límite de
tiempo, pero si no fuera por<0xFA>ella, <0x52>mi hija nunca sabría cuándo<0xFA>aparecen los <0xFC><0x01><0x06>Enjambres Pokémon<0xFC><0x01><0x04>!",193,2,195,pokemon,dialogue,"Ma fille adore {STR_VAR_1}.<0xFB>Je pourrais fixer une limite, mais
sans elle, mon fils ignorerait<0xFA>quand les Pokémon {COLOR}Éessaims{COLOR}Ç arrivent !<0xFB>Et ces Pokémon sont durs à trouver
le reste du temps...",
0x01EEEE57,"ome, we locked up this Pokémon.<0xFB>But now that the <0xFD><0x03> of Aros
has become Champion, I feel that it<0xFA>is fitting we bestow this Pokémon<0xFA>unto you.<0xFB>Would you care to give this
Pokémon a loving home?","lo pase y
encerramos a ese Pokémon.<0xFB>Pero ahora que <0xFD><0x01> se ha
convertido en Campeón, siento que<0xFA>tengo que darte este Pokémon.<0xFB><0x51>Quieres recibir a este poderoso
Pokémon?",190,2,192,pokemon,dialogue,,
0x01EEEE77,"But now that the <0xFD><0x03> of Aros
has become Champion, I feel that it<0xFA>is fitting we bestow this Pokémon<0xFA>unto you.<0xFB>Would you care to give this
Pokémon a loving home?","on.<0xFB>Pero ahora que <0xFD><0x01> se ha
convertido en Campeón, siento que<0xFA>tengo que darte este Pokémon.<0xFB><0x51>Quieres recibir a este poderoso
Pokémon?",158,2,160,pokemon,dialogue,,
0x01EEEE7E," that the <0xFD><0x03> of Aros
has become Champion, I feel that it<0xFA>is fitting we bestow this Pokémon<0xFA>unto you.<0xFB>Would you care to give this
Pokémon a loving home?","o ahora que <0xFD><0x01> se ha
convertido en Campeón, siento que<0xFA>tengo que darte este Pokémon.<0xFB><0x51>Quieres recibir a este poderoso
Pokémon?",151,2,153,pokemon,dialogue,,
0x01EEF45B,"<0xFC><0x01><0x02><0xFD><0x01> handed over a
Heart Scale in exchange.",<0xFC><0x01><0x02>Has entregado Escama Corazón.,44,3,47,pokemon,description,"{COLOR}Á{PLAYER} a donné une
Écaille Coeur.",
0x01EEFCC9,"Yo! This is a good deal.<0xFB>Why don't you trade your <0xFC><0x01><0x06><0xFD><0x03><0xFC><0x01><0x08>
for my <0xFC><0x01><0x06><0xFD><0x02><0xFC><0x01><0x08>?","<0x52>Tengo un negocio para ti!<0xFB><0x51>Por qué no cambias tu <0xFC><0x01><0x06><0xFD><0x03><0xFC><0x01><0x08>
por mi <0xFC><0x01><0x06><0xFD><0x02><0xFC><0x01><0x08>?",75,2,77,pokemon,dialogue,"Yo ! Bonne affaire.<0xFB>Échange ton {COLOR}É{STR_VAR_2}{COLOR}Ë
contre mon {COLOR}É{STR_VAR_1}{COLOR}Ë ?",
0x01EEFCFB,"<0xFC><0x01><0x06><0xFD><0x03><0xFC><0x01><0x08>
for my <0xFC><0x01><0x06><0xFD><0x02><0xFC><0x01><0x08>?","<0xFC><0x01><0x06><0xFD><0x03><0xFC><0x01><0x08>
por mi <0xFC><0x01><0x06><0xFD><0x02><0xFC><0x01><0x08>?",25,2,27,pokemon,dialogue,,
0x01EEFD15,"Heh, thanks!
Enjoy the <0xFD><0x02>!","<0x52>Gracias!
<0x52>Ten tu <0xFD><0x02>!",26,2,28,pokemon,dialogue,"Hé, merci ! Profite bien de ce
<0xFD><0x02> !",
0x01EEFD30,<0xFC><0x01><0x02><0xFD><0x01> handed over the <0xFD><0x03>.,Has entregado la <0xFD><0x03>.,25,2,27,pokemon,description,{COLOR}Á{PLAYER} a donné le {STR_VAR_2}.,
0x01EF120B,"l<0xFA>Pokémon carried her away!<0xFB>I followed it out here, but I've
lost sight of it""<0xFB>Please, <0xFD><0x02>, search for her!","émon malvado se la llevó!<0xFB>Lo seguí hasta aquí, pero lo perdí
de vista""<0xFB><0x52>Por favor, búscala!",106,2,108,pokemon,dialogue,,
0x01EF1276,"<0xFC><0x01><0x04>Thank you, <0xFD><0x02>!<0xFB>She was taken by one of those evil
Pokémon"" <0xFC><0x01><0x06>Drifloon<0xFC><0x01><0x04>!<0xFB>If you find the Drifloon, you will
find my daughter!","<0xFC><0x01><0x04><0x52>Gracias!<0xFB>Ella fue capturada por ese Pokémon
malvado <0xFC><0x01><0x06>Drifloon<0xFC><0x01><0x04>.<0xFB><0x52>Si encuentras a Drifloon, encontrarás
a mi hija!",130,2,132,pokemon,dialogue,"{COLOR}ÇMerci, {STR_VAR_1}!<0xFB>Elle a été prise
par un de ces Pokémon malfaisants...<0xFB>{COLOR}ÉBaudrive{COLOR}Ç ! Si tu
le trouves, tu trouveras ma fille !",
0x01EF165A,"Heeyo!<0xFB>My emeralds were all on fiya!<0xFB>Now dem no longer on fiya, but
crystals everywhere!<0xFB>Hide the crystals and find dem <0xFC><0x01><0x06><0xFD><0x02>
emeralds<0xFC><0x01><0x08>, pretty please!","<0x52>Todas mis Esmeraldas estan debajo
de los cristales!<0xFB>Encuentra todas mis Esmeraldas,
<0x52>por favor!",153,1,154,pokemon,dialogue,"Heeyo !<0xFB>Mes émeraudes étaient en fiya !<0xFB>Maintenant plus
de fiya, mais des cristaux partout !<0xFB>Cache les
cristaux et trouve les {COLOR}É{STR_VAR_1}{COLOR}Ë, steuplé !",
0x01EF1738,"<0xFC><0x01><0x02><0xFD><0x01> handed over <0xFD><0x02> emeralds
to the strange guy.",<0xFC><0x01><0x02>Has entregado <0xFD><0x02> Esmeraldas.,49,1,50,pokemon,description,"{COLOR}Á{PLAYER} a remis {STR_VAR_1}
émeraudes à l'étrange type.",
0x01EF17BF,Heeyo!<0xFB>Dem emeralds you don't got all!<0xFB>You only gotta <0xFC><0x01><0x06><0xFD><0x03><0xFC><0x01><0x08> emerald<0xFD><0x07>!<0xFB>Dem rest are still on fiya!<0xFB>Ahhhhhhhhhhhhhhhhhhh!<0xFB>Bring me all <0xFC><0x01><0x06><0xFD><0x02><0xFC><0x01><0x08> of dem emeralds!,"<0x52>Oye! <0x52>No tienes todas mis
Esmeraldas!<0xFB><0x52>Solo tienes <0xFC><0x01><0x06><0xFD><0x03><0xFC><0x01><0x08> Esmeraldas!<0xFB><0x52>El resto sigue enterradas!
<0x52>Ahhhhhhhhhhhhhhhhhh!<0xFB><0x52>Tráeme mis <0xFC><0x01><0x06><0xFD><0x02><0xFC><0x01><0x08> Esmeraldas!",162,1,163,pokemon,dialogue,Heeyo !<0xFB>T'as pas toutes les émeraudes !<0xFB>T'en as que {COLOR}É{STR_VAR_2}{COLOR}Ë émeraude{VERSION} !<0xFB>Le reste est encore sur fiya !<0xFB>Ahhhhhhhhhhhhhhhhhhh !<0xFB>Apporte-moi les {COLOR}É{STR_VAR_1}{COLOR}Ë émeraudes !,
0x01EF17EF,gotta <0xFC><0x01><0x06><0xFD><0x03><0xFC><0x01><0x08> emerald<0xFD><0x07>!<0xFB>Dem rest are still on fiya!<0xFB>Ahhhhhhhhhhhhhhhhhhh!<0xFB>Bring me all <0xFC><0x01><0x06><0xFD><0x02><0xFC><0x01><0x08> of dem emeralds!,"nes <0xFC><0x01><0x06><0xFD><0x03><0xFC><0x01><0x08> Esmeraldas!<0xFB><0x52>El resto sigue enterradas!
<0x52>Ahhhhhhhhhhhhhhhhhh!<0xFB><0x52>Tráeme mis <0xFC><0x01><0x06><0xFD><0x02><0xFC><0x01><0x08> Esmeraldas!",114,1,115,pokemon,dialogue,,
0x01EF2D1D,<0xFC><0x01><0x08>Roserade! Counter with <0xFD><0x02>!,"<0xFC><0x01><0x08><0x52>Roserade, ataca con <0xFD><0x02>!",29,2,31,pokemon,dialogue,{COLOR}ËRoserade ! Riposte avec {STR_VAR_1} !,
0x01EF2D3B,<0xFD><0x02>! Protect yourself!,"<0x52><0xFD><0x02>, protégete!",21,1,22,pokemon,dialogue,<0xFD><0x02> ! Protège-toi !,
0x01EF2DFC,"<0xFC><0x01><0x02><0xFD><0x02> happily joined your side!
It has a <0xFC><0x01><0x06><0xFD><0x03><0xFC><0x01><0x02> nature.",<0xFC><0x01><0x02><0xFD><0x02> se ha unido al equipo.,57,2,59,pokemon,dialogue,"{COLOR}Á{STR_VAR_1} a rejoint ton équipe !
Il a la nature {COLOR}É{STR_VAR_2}{COLOR}Á.",
0x01EF42B5,"I'm still knees-deep in Balls!<0xFB>Bring another <0xFC><0x01><0x06><0xFD><0x03><0xFC><0x01><0x08> Gems and I'll trade
you some more Master Balls.","<0x52>Todavía tengo más Master Ball!<0xFB>Trae otras <0xFC><0x01><0x06><0xFD><0x03><0xFC><0x01><0x08> Gemas y te cambiaré
por más Master Ball.",101,3,104,pokemon,dialogue,"Jusqu'aux genoux en Balls !<0xFB>Apporte encore {COLOR}É{STR_VAR_2}{COLOR}Ë Gemmes et je
te donnerai d'autres Master Balls.",
0x01EF4373,"Come on, now""<0xFB>You don't have at least <0xFC><0x01><0x06><0xFD><0x03><0xFC><0x01><0x08>
<0xFC><0x01><0x06><0xFD><0x02>s<0xFC><0x01><0x08>!","Veamos""<0xFB>""<0xFB>""<0xFB><0x52>Debes tener al menos <0xFC><0x01><0x06><0xFD><0x03><0xFC><0x01><0x08>
<0xFC><0x01><0x06><0xFD><0x02>s<0xFC><0x01><0x08>!",57,1,58,pokemon,dialogue,,
0x01EF466F,"You'll part with <0xFD><0x02> of the
Iron Balls?",<0x51>Quieres darme <0xFD><0x02> Bola Férrea?,38,1,39,pokemon,dialogue,"Tu vas céder <0xFD><0x02> des
Balles Fer ?",
0x01EF4962,"Then, you want me to turn your
Everstones into a <0xFC><0x01><0x06><0xFD><0x02><0xFC><0x01><0x08>?","<0x51>Quieres que convierta tus
Piedraeterna en <0xFC><0x01><0x06><0xFD><0x02><0xFC><0x01><0x08>?",58,3,61,pokemon,dialogue,"Donc, tu veux que je transforme tes
Pierres Stase en {COLOR}É{STR_VAR_1}{COLOR}Ë ?",
0x01EF4CFC,"So, you're willing to part with your
<0xFC><0x01><0x06><0xFD><0x03> <0xFD><0x02>s<0xFC><0x01><0x08>, in exchange for<0xFA><0xFC><0x01><0x06><0xFD><0x04><0xFC><0x01><0x08> of my <0xFC><0x01><0x06>PP Ups<0xFC><0x01><0x08>?","Entonces, <0x51>quieres cambiar <0xFC><0x01><0x06><0xFD><0x03>
<0xFD><0x02>s<0xFC><0x01><0x08> por <0xFC><0x01><0x06><0xFD><0x04><0xFC><0x01><0x08> de mis <0xFC><0x01><0x06>Máx PP<0xFC><0x01><0x08>?",95,1,96,pokemon,dialogue,"Donc, tu veux céder tes
{COLOR}É{STR_VAR_2} {STR_VAR_1}s{COLOR}Ë contre<0xFA>{COLOR}É{STR_VAR_3}{COLOR}Ë de mes {COLOR}ÉPP Plus{COLOR}Ë ?",
0x01EF4EEA,"Nice try.<0xFB>I know perfectly well you haven't
enough <0xFD><0x02>s to trade.","<0x52>Sé perfectamente bien que no tienes
suficientes <0xFD><0x02>!",64,2,66,pokemon,dialogue,"Bien essayé.<0xFB>Je sais très bien que tu n'as pas
assez de <0xFD><0x02> à échanger.",
0x01EF4F91,"So, you're willing to part with <0xFC><0x01><0x06><0xFD><0x02><0xFC><0x01><0x08>
of your <0xFC><0x01><0x06>Comet Shards<0xFC><0x01><0x08>, in exchange<0xFA>for <0xFC><0x01><0x06><0xFD><0x02><0xFC><0x01><0x08> of my <0xFC><0x01><0x06>PP Maxes<0xFC><0x01><0x08>?","Entonces, <0x51>quieres cambiar <0xFC><0x01><0x06><0xFD><0x02><0xFC><0x01><0x08>
<0xFC><0x01><0x06>Fragmento Cometa<0xFC><0x01><0x08> por <0xFC><0x01><0x06><0xFD><0x02><0xFC><0x01><0x08> de mis <0xFC><0x01><0x06>PP<0xFA>Máximos<0xFC><0x01><0x08>?",115,3,118,pokemon,dialogue,"Donc, tu veux céder {COLOR}É{STR_VAR_1}{COLOR}Ë
{COLOR}ÉÉclats Comète{COLOR}Ë contre<0xFA>{COLOR}É{STR_VAR_1}{COLOR}Ë de mes {COLOR}ÉPP Max{COLOR}Ë ?",
0x01EF4FB7,"<0x01><0x08>
of your <0xFC><0x01><0x06>Comet Shards<0xFC><0x01><0x08>, in exchange<0xFA>for <0xFC><0x01><0x06><0xFD><0x02><0xFC><0x01><0x08> of my <0xFC><0x01><0x06>PP Maxes<0xFC><0x01><0x08>?",<0x06>Fragmento Cometa<0xFC><0x01><0x08> por <0xFC><0x01><0x06><0xFD><0x02><0xFC><0x01><0x08> de mis <0xFC><0x01><0x06>PP<0xFA>Máximos<0xFC><0x01><0x08>?,77,3,80,pokemon,dialogue,,
0x01EF5B95,"Ya ain't got enough <0xFD><0x02>s for
the MSM to do it's thing, sorry.","<0x52>No tienes suficientes <0xFD><0x02>
para esta Megapiedra!",60,3,63,pokemon,description,"T'as pas assez de <0xFD><0x02>s pour
que le MSM fasse son boulot, désolé.",
0x01EF5F0E,"I'm tasking you to find all of
the <0xFC><0x01><0x06><0xFD><0x02><0xFC><0x01><0x08> Raid Dens hidden<0xFA>around Borrius, and clear them out.<0xFB>There are still <0xFC><0x01><0x06><0xFD><0x04><0xFC><0x01><0x08> remaining, so
hurry before they're populated<0xFA>again at the end of the day!","<0x52>Todavían quedan <0xFC><0x01><0x06><0xFD><0x02><0xFC><0x01><0x08>, así que date
prisa antes de que se vuelvan a<0xFA>llenar al final del día!",195,4,199,pokemon,dialogue,"Je te charge de trouver tous les
Antres de Raid {COLOR}É{STR_VAR_1}{COLOR}Ë cachés<0xFA>à Borrius, et de les vider.<0xFB>Il en reste encore {COLOR}É{STR_VAR_3}{COLOR}Ë, alors
dépêche-toi avant qu'ils ne<0xFA>se remplissent à la fin du jour !",
0x01EF763C,"<0xFC><0x01><0x02><0xFD><0x01> received the Egg from
the Day-Care Man!",<0xFC><0x01><0x02>Has recibido un Huevo.,45,2,47,pokemon,dialogue,"{COLOR}Á{PLAYER} a reçu l'OEuf du
Gardien de la Pension !",
0x01EF766A,Would you like another Egg?<0xFB>I'm holding on to <0xFC><0x01><0x06><0xFD><0x02><0xFC><0x01><0x08> in total.,"<0x51>Quieres otro Huevo?
En total <0xFC><0x01><0x06><0xFD><0x02><0xFC><0x01><0x08> Huevos.",64,2,66,pokemon,dialogue,Veux-tu un autre OEuf ?<0xFB>J'en ai {COLOR}É{STR_VAR_1}{COLOR}Ë en tout.,
0x01EF7686,I'm holding on to <0xFC><0x01><0x06><0xFD><0x02><0xFC><0x01><0x08> in total.,l <0xFC><0x01><0x06><0xFD><0x02><0xFC><0x01><0x08> Huevos.,36,2,38,pokemon,description,,
0x01EF76E2,"Would you also like me to keep the
rest of your Eggs?<0xFB>I'm holding on to <0xFC><0x01><0x06><0xFD><0x02><0xFC><0x01><0x08> in total.","<0x51>También te gustaría que me quedara
con el resto de los Huevos?<0xFB>En total <0xFC><0x01><0x06><0xFD><0x02><0xFC><0x01><0x08> Huevos.",90,2,92,pokemon,dialogue,"Veux-tu que je garde aussi
tes autres OEufs ?<0xFB>J'en ai {COLOR}É{STR_VAR_1}{COLOR}Ë en tout.",
0x01EF779A,"You have no room for it""<0xFB>May I send it to the PC instead?
The current box is Box <0xB1><0xFC><0x01><0x06><0xFD><0x02><0xFC><0x01><0x08><0xB2>.","No tienes lugar para ello""<0xFB><0x51>Quieres enviarlo al PC?<0xFB>La Caja actual es <0xB1><0xFC><0x01><0x06><0xFD><0x02><0xFC><0x01><0x08><0xB2>.",92,3,95,pokemon,dialogue,"Tu n'as plus de place...<0xFB>Puis-je l'envoyer au PC ?
La boîte actuelle est "" {COLOR}É{STR_VAR_1}{COLOR}Ë "".",
0x01EF77F7,"You have no room for it""<0xFB>May I send the Eggs I'm holding to
the PC instead?<0xFB>I'm holding on to <0xFC><0x01><0x06><0xFD><0x03><0xFC><0x01><0x08> in total, and
the current box is Box <0xB1><0xFC><0x01><0x06><0xFD><0x02><0xFC><0x01><0x08><0xB2>.","No tienes espacio""<0xFB><0x51>Puedo enviar el Huevo que tengo
a tu PC?<0xFB>Tengo <0xFC><0x01><0x06><0xFD><0x03><0xFC><0x01><0x08> Huevos en total, y tu cuadro
actual es <0xB1><0xFC><0x01><0x06><0xFD><0x02><0xFC><0x01><0x08><0xB2>.",151,2,153,pokemon,dialogue,"Tu n'as plus de place...<0xFB>Puis-je envoyer les OEufs que j'ai
au PC ?<0xFB>J'en ai {COLOR}É{STR_VAR_2}{COLOR}Ë en tout, et
la boîte actuelle est "" {COLOR}É{STR_VAR_1}{COLOR}Ë "".",
0x01EF7A65,"Ah, it's you! Good to see you.
Your <0xFD><0x02>'s doing fine.","<0x52>Ah, eres tú! Es bueno verte.
Tu <0xFD><0x02> está muy bien.",52,3,55,pokemon,dialogue,"Ah, c'est toi ! Content de te voir.
Ton <0xFD><0x02> va très bien.",
0x01EF7A9A,"Ah, it's you! Your <0xFD><0x02> and
<0xFD><0x03> are doing fine.","<0x52>Ah, eres tú!<0xFB><0x52>Tu <0xFD><0x02> y <0xFD><0x03> están
muy bien!",44,3,47,pokemon,dialogue,"Ah, c'est toi ! Ton <0xFD><0x02> et
<0xFD><0x03> vont très bien.",
0x01EF7B43,"Fine, we'll raise your <0xFD><0x02>
for a while.<0xFB>Come back for it later.","Está bien, me encargaré de
<0xFD><0x02> por un tiempo.<0xFB><0x52>Vuelve después!",62,3,65,pokemon,dialogue,"Très bien, nous élèverons ton <0xFD><0x02>
pendant un moment.<0xFB>Reviens plus tard.",
0x01EF7CBB,"By level, your <0xFD><0x02> has
grown by <0xFD><0x03>.",<0x52>Tú <0xFD><0x02> ha subido al nivel <0xFD><0x03>!,34,2,36,pokemon,dialogue,"En niveaux, ton <0xFD><0x02> a
gagné <0xFD><0x03>.",
0x01EF7D17,"If you want your <0xFD><0x02> back,
it will cost <0xB7><0xFC><0x01><0x06><0xFD><0x03><0xFC><0x01><0x04>.","Si quieres de vuelta a <0xFD><0x02>,
te costará <0xFC><0x01><0x06><0xB7><0xFD><0x03><0xFC><0x01><0x04>.",49,1,50,pokemon,dialogue,"Si tu veux récupérer ton {STR_VAR_1},
ça fera ¥{COLOR}É{STR_VAR_2}{COLOR}Ç.",
0x01EF7D67,"<0xFC><0x01><0x02><0xFD><0x01> took back <0xFD><0x02> from
the Day-Care Lady.",Has recibido a <0xFD><0x02>.,42,3,45,pokemon,description,"{COLOR}Á{PLAYER} a repris {STR_VAR_1} à
la Gardienne de la Pension.",
0x01EF81C9,"Great!<0xFB>To start off, please bring me a
<0xFC><0x01><0x06><0xFD><0x02><0xFC><0x01><0x08>.<0xFB>I've added limited data for
<0xFD><0x02> and <0xFD><0x03> to your<0xFA>Pokédex to help you start out.","<0x52>Genial! Para empezar, tráeme un
<0xFC><0x01><0x06><0xFD><0x02><0xFC><0x01><0x08>.<0xFB>Agregué datos limitados para
<0xFD><0x02> en tu Pokédex para<0xFA>ayudarte a comenzar.",125,3,128,pokemon,dialogue,"Super !<0xFB>Pour commencer, apporte-moi un
{COLOR}É{STR_VAR_1}{COLOR}Ë.<0xFB>J'ai ajouté des données limitées sur
{STR_VAR_1} et {STR_VAR_2} à ton<0xFA>Pokédex pour t'aider à débuter.",
0x01EF8247,"Have you brought me a <0xFC><0x01><0x06><0xFD><0x02>
<0xFC><0x01><0x08>to study?<0xFB><0xB9>Frisk<0xB9> <0xB9>Frisk<0xB9>","<0x51>Me has traído a <0xFC><0x01><0x06><0xFD><0x02><0xFC><0x01><0x08> para
estudiarlo?<0xFB>Registrando""",56,2,58,pokemon,dialogue,"Tu m'as apporté un {COLOR}É{STR_VAR_1}
{COLOR}Ëà étudier ?<0xFB>×Frisk× ×Frisk×",
0x01EF8280,"It doesn't look like it.<0xFB>Please help me with my research,
and bring me a <0xFC><0x01><0x06><0xFD><0x02><0xFC><0x01><0x08>!","No parece"" <0x52>Por favor, ayúdame con
mi investigación y tráeme a <0xFC><0x01><0x06><0xFD><0x02><0xFC><0x01><0x08>!",82,1,83,pokemon,dialogue,"On dirait que non.<0xFB>Aide-moi dans mes recherches,
et apporte-moi un {COLOR}É{STR_VAR_1}{COLOR}Ë !",
0x01EF82D3,"Mmm""<0xFB>Smells faintly of <0xFC><0x01><0x06><0xFD><0x04><0xFC><0x01><0x08>""","Mmm""<0xFB>Tiene un olor a <0xFC><0x01><0x06><0xFD><0x04><0xFC><0x01><0x08>""",32,2,34,pokemon,description,,
0x01EF82F4,"The scent has assailed my
nostrils!<0xFB>For that, you can have this
<0xFD><0x02>!","<0x52>El olo ha asaltado mis fosas
nasales!<0xFB>Por eso, puedes tener la
<0xFD><0x02>.",67,2,69,pokemon,dialogue,"Le parfum a envahi mes
narines !<0xFB>Pour ça, tu peux prendre ce
<0xFD><0x02> !",
0x01EF8338,"Please bring me a <0xFC><0x01><0x06><0xFD><0x02><0xFC><0x01><0x08> so I
can study it too!<0xFB>I've added limited data for
<0xFD><0x02> and <0xFD><0x03> to your<0xFA>Pokédex to help you continue on.","<0x52>Tráeme un <0xFC><0x01><0x06><0xFD><0x02><0xFC><0x01><0x08> para que pueda
estudiarlo!<0xFB>Agregué datos limitados para
<0xFD><0x02> a tu Pokédex para<0xFA>ayudarte a continuar.",128,2,130,pokemon,dialogue,"Apporte-moi un {COLOR}É{STR_VAR_1}{COLOR}Ë pour
que je l'étudie aussi !<0xFB>J'ai ajouté des données limitées sur
{STR_VAR_1} et {STR_VAR_2} à ton<0xFA>Pokédex pour t'aider à continuer.",
0x01EF8C46,"So to confirm, you want to leave
all Pokémon in Box <0xB1><0xFC><0x01><0x06><0xFD><0x02><0xFC><0x01><0x04><0xB2><0xFA>with me?","Entonces, deja a tus Pokémon en la
<0xB1><0xFC><0x01><0x06><0xFD><0x02><0xFC><0x01><0x04><0xB2> y yo los recibo.",71,3,74,pokemon,dialogue,"Alors, tu veux me laisser
les Pokémon de la Boîte "" {COLOR}É{STR_VAR_1}{COLOR}Ç ""<0xFA>avec moi ?",
0x01EF8C8E,"You will never see any of these
Pokémon again.<0xFB>Are you absolutely SURE you want
to leave all Pokémon in Box<0xFA><0xB1><0xFC><0x01><0x06><0xFD><0x02><0xFC><0x01><0x04><0xB2> with me?","Nunca más los volverás a ver.<0xFB><0x51>Estás absolutamente
CONSCIENTE de que quieres dejarme<0xFA>todos los Pokémon en la <0xB1><0xFC><0x01><0x06><0xFD><0x02><0xFC><0x01><0x04><0xB2>?",127,2,129,pokemon,dialogue,"Tu ne reverras jamais ces
Pokémon.<0xFB>Es-tu VRAIMENT sûr de vouloir
me laisser tous tes Pokémon de la<0xFA>Boîte "" {COLOR}É{STR_VAR_1}{COLOR}Ç "" avec moi ?",
0x01EF8D0E,"Okay, your Pokémon that were in
Box <0xB1><0xFC><0x01><0x06><0xFD><0x02><0xFC><0x01><0x04><0xB2> will now have a<0xFA>loving home in my care.<0xFB>You're a despicable Trainer and I
wish you would mend your ways.","Bien, tus Pokémon que estaban en
la <0xB1><0xFC><0x01><0x06><0xFD><0x02><0xFC><0x01><0x04><0xB2> ahora tendrán un mejor<0xFA>cuidado.<0xFB>Eres alguien despreciable y
desearía que mejoraras tu<0xFA>conducta.",151,3,154,pokemon,dialogue,"Très bien, les Pokémon de la Boîte
"" {COLOR}É{STR_VAR_1}{COLOR}Ç "" auront désormais un<0xFA>foyer aimant chez moi.<0xFB>Tu es un Dresseur abject et j'espère
que tu te repentiras.",
0x01EF8FED,"Would you like me to move Egg Moves
from one Pokémon to another in the<0xFA>same species family?<0xFB>It'll only cost you <0xB7><0xFC><0x01><0x06><0xFD><0x02><0xFC><0x01><0x08>.","<0x51>Quieres que mueva un Movimiento
Huevo de un Pokémon a otro de la<0xFA>misma familia de especies?<0xFB>Sólo te costará <0xFC><0x01><0x06><0xFD><0x02><0xFC><0x01><0x08>.",122,2,124,pokemon,dialogue,"Veux-tu transférer des cap. OEuf
d'un Pokémon à un autre de la même<0xFA>famille évolutive ?<0xFB>Ça ne coûte que ¥{COLOR}É{STR_VAR_1}{COLOR}Ë.",
0x01EF909F,"So you'll be transferring Egg Moves
from <0xFC><0x01><0x06><0xFD><0x02><0xFC><0x01><0x08>?<0xFB>Choose the Pokémon in the
<0xFC><0x01><0x06><0xFD><0x03><0xFC><0x01><0x08> family to transfer<0xFA>moves to.","<0x51>Quieres transferir un Movimiento
Huevo de <0xFC><0x01><0x06><0xFD><0x02><0xFC><0x01><0x08>?<0xFB>Elige al Pokémon <0xFC><0x01><0x06><0xFD><0x03><0xFC><0x01><0x08> al que
transferir movimientos.",114,2,116,pokemon,dialogue,"Donc tu vas transférer des cap. OEuf
de {COLOR}É{STR_VAR_1}{COLOR}Ë ?<0xFB>Choisis le Pokémon de la famille
{COLOR}É{STR_VAR_2}{COLOR}Ë auquel transférer<0xFA>ces capacités.",
0x01EF9112,"So you'll be transferring Egg Moves
from <0xFC><0x01><0x06><0xFD><0x02><0xFC><0x01><0x08> to <0xFC><0x01><0x06><0xFD><0x03><0xFC><0x01><0x08>.<0xFB>Should the new moves only fill the
remaining space <0xFD><0x03> has<0xFA>available in its moveset, or can<0xFA>moves be deleted if need be?","Transferencia de Movimientos Huevo
de <0xFC><0x01><0x06><0xFD><0x02><0xFC><0x01><0x08> a <0xFC><0x01><0x06><0xFD><0x03><0xFC><0x01><0x08>.<0xFB><0x51>Los nuevos movimientos llenarán el
espacio restante que <0xFD><0x03> tiene<0xFA>disponible, o se pueden eliminar<0xFA>si es necesario?",182,2,184,pokemon,dialogue,"Donc tu vas transférer des cap. OEuf
de {COLOR}É{STR_VAR_1}{COLOR}Ë vers {COLOR}É{STR_VAR_2}{COLOR}Ë.<0xFB>Les nouvelles cap. doivent-elles
remplir l'espace restant de {STR_VAR_2},<0xFA>ou peut-on en supprimer<0xFA>si besoin ?",
0x01EF92C6,"It doesn't look like <0xFD><0x02>
knows any Egg Moves.<0xFB>It won't be able to transfer any
moves unless it learns some.","No parece que <0xFD><0x02> conozca
un Movimiento Huevo.<0xFB>No podrá transferir ningún
movimiento a menos que sepa uno.",106,2,108,pokemon,description,"On dirait que <0xFD><0x02>
ne connaît aucune cap. OEuf.<0xFB>Il ne pourra rien transférer
sans en apprendre.",
0x01EF9331,"Whoops, looks like you already
chose that Pokémon.<0xFB>Could you choose a different
Pokémon in <0xFC><0x01><0x06><0xFD><0x02><0xFC><0x01><0x08>'s family?","Parece que ya elegiste a ese
Pokémon.<0xFB><0x51>Quieres elegir un Pokémon diferente
en la familia de <0xFC><0x01><0x06><0xFD><0x02><0xFC><0x01><0x08>?",109,3,112,pokemon,dialogue,"Oups, on dirait que tu as déjà
choisi ce Pokémon.<0xFB>Choisis-en un autre dans la famille
de {COLOR}É{STR_VAR_1}{COLOR}Ë.",
0x01EF9716,"Whooa, <0xFD><0x02>!<0xFB>If a Pokémon uses the move <0xFC><0x01><0x06>Surf<0xFC><0x01><0x08>,
it can catch a wave!<0xFB>And if a <0xFC><0x01><0x06>Fire<0xFC><0x01><0x08>-type Pokémon goes to
the volcano, it can ride on <0xFC><0x01><0x06>lava<0xFC><0x01><0x08>!","<0x52>Vaya""!<0xFB>Si un Pokémon usa el movimiento
<0xFC><0x01><0x06>Surf<0xFC><0x01><0x08> puede coger una ola.<0xFB><0x52>Y si un Pokémon tipo <0xFC><0x01><0x06>Fuego<0xFC><0x01><0x08> va al
volcán, puede montar en la <0xFC><0x01><0x06>lava<0xFC><0x01><0x08>!",151,2,153,pokemon,dialogue,"Wouah, {STR_VAR_1} !<0xFB>Si un Pokémon utilise {COLOR}ÉSurf{COLOR}Ë,
il peut surfer sur une vague !<0xFB>Et si un Pokémon de type {COLOR}ÉFeu{COLOR}Ë va au
volcan, il peut surfer sur la {COLOR}Élave{COLOR}Ë !",
0x01EFA64E,"<0xFC><0x01><0x02>The little boy played with
<0xFD><0x02>.","<0xFC><0x01><0x02><0x52>El niño está jugando con
<0xFD><0x02>!",33,2,35,pokemon,description,"{COLOR}ÁLe petit garçon a joué avec
{STR_VAR_1}.",
0x01EFAB05,"Get every last Pyukumuku on the
beach diving right back to the sea!<0xFB>Let's see""<0xFB>I can still see <0xFD><0x02> Pyukumuku left on
the sand and in need of chucking.","<0x52>Arroja hasta el último Pyukumuku
de la playa!<0xFB>Vamos a ver""<0xFB>Todavía puedo ver a <0xFD><0x02> Pyukumuku
abandonados en la arena y necesitan<0xFA>ser desechados.",149,2,151,pokemon,dialogue,"Renvoie chaque Concombaffe de la
plage droit dans la mer !<0xFB>Voyons...<0xFB>Je vois encore <0xFD><0x02> Concombaffe
sur le sable à renvoyer.",
0x01EFAFD3,"Oh, it smells so good!<0xFB>That <0xFC><0x01><0x06><0xFD><0x04><0xFC><0x01><0x04> of yours is a
very rare ingredient indeed!<0xFB>Would you take <0xB7><0xFC><0x01><0x06><0xFD><0x03><0xFC><0x01><0x04> for it?","<0x52>Oh, huele rico!<0xFB><0x52>Esa <0xFC><0x01><0x06><0xFD><0x04><0xFC><0x01><0x04> tuya es un
ingrediente muy raro!<0xFB><0x51>Te gustaría aceptar <0xB7><0xFC><0x01><0x06><0xFD><0x03><0xFC><0x01><0x04> por
ella?",112,2,114,pokemon,dialogue,"Oh, ça sent si bon !<0xFB>Ton {COLOR}É{STR_VAR_3}{COLOR}Ç est un
ingrédient très rare !<0xFB>Accepterais-tu ¥{COLOR}É{STR_VAR_2}{COLOR}Ç pour ça ?",
0x01EFB1F7,"Oh, I do adore the ores!<0xFB>That <0xFC><0x01><0x06><0xFD><0x04><0xFC><0x01><0x08>, it's shaking me!
Will you sell it for <0xB7><0xFC><0x01><0x06><0xFD><0x03><0xFC><0x01><0x08>?","<0x52>Oh, adoro los minerales!<0xFB><0x52><0xFC><0x01><0x06><0xFD><0x04><0xFC><0x01><0x08> me está llamando!<0xFB><0x51>Lo quieres vender por <0xB7><0xFC><0x01><0x06><0xFD><0x03><0xFC><0x01><0x08>?",88,1,89,pokemon,dialogue,"Oh, j'adore les minerais !<0xFB>Ton {COLOR}É{STR_VAR_3}{COLOR}Ë me fait vibrer !
Tu le vends pour ¥{COLOR}É{STR_VAR_2}{COLOR}Ë ?",
0x01EFB250,"<0xFC><0x01><0x02>Handed over <0xFC><0x01><0x06><0xFD><0x02><0xFC><0x01><0x02> of <0xFC><0x01><0x06><0xFD><0x04><0xFC><0x01><0x02>
and received <0xB7><0xFC><0x01><0x06><0xFD><0x03><0xFC><0x01><0x02>!",<0xFC><0x01><0x02>Has vendido <0xFC><0x01><0x06><0xFD><0x02> <0xFD><0x04><0xFC><0x01><0x02>.,59,3,62,pokemon,dialogue,,
0x01EFB59D,"Hoo ha! You've found <0xFD><0x02> or more!
Now we're talking! This is for you!","<0x52>Genial! <0x52>Has visto <0xFD><0x02> o más!
<0x52>Esto es para ti!",68,2,70,pokemon,dialogue,"Hoo ha ! <0xFD><0x02> ou plus !
Tiens, prends ça !",
0x01EFB878,"Please raise it well!<0xFB>If you come back when you have <0xFC><0x01><0x06><0xFD><0x02>
Badges<0xFC><0x01><0x04>, I'll give you another.","<0x52>Cuídalo bien!<0xFB>Cuando tengas más <0xFC><0x01><0x06>Medallas<0xFC><0x01><0x04>, te daré
otro Pokémon.",92,3,95,pokemon,dialogue,"Prends-en bien soin !<0xFB>Si tu reviens quand tu as {COLOR}É{STR_VAR_1}
Badges{COLOR}Ç, je t'en donnerai un autre.",
0x01EFDDB3,"I'll tell you exactly what I
told <0xFD><0x06>.<0xFB>The only way to get to the Ruins
of Void is by taking a boat or by<0xFA>surfing down <0xFC><0x01><0x06>Route 14<0xFC><0x01><0x08>.","Te diré exactamente lo que le
dije a <0xFD><0x06>.<0xFB>La única forma que conozco es
tomando un barco o surfeando por<0xFA><0xFC><0x01><0x06>Ruta 14<0xFC><0x01><0x08>.",133,3,136,pokemon,dialogue,"Je vais te dire exactement ce que
j'ai dit à {RIVAL}.<0xFB>Le seul moyen d'aller aux Ruines
du Néant est de prendre un bateau<0xFA>ou surfer sur {COLOR}ÉRoute 14{COLOR}Ë.",
0x01EFDDD4," <0xFD><0x06>.<0xFB>The only way to get to the Ruins
of Void is by taking a boat or by<0xFA>surfing down <0xFC><0x01><0x06>Route 14<0xFC><0x01><0x08>.","e a <0xFD><0x06>.<0xFB>La única forma que conozco es
tomando un barco o surfeando por<0xFA><0xFC><0x01><0x06>Ruta 14<0xFC><0x01><0x08>.",100,3,103,pokemon,description,,
0x01EFE69F,Blarf!<0xFB><0xFC><0x01><0x02>A can of <0xFD><0x02> popped out!,<0x52>Pla!<0xFB><0xFC><0x01><0x02>Ha caído una lata de <0xFD><0x02>.,33,2,35,pokemon,dialogue,Blarf !<0xFB>{COLOR}ÁUne canette de {STR_VAR_1} est sortie !,
0x01EFE77C,We have arrived at Floor <0xFD><0x02>.,Hemos llegado al Piso <0xFD><0x02>.,28,3,31,pokemon,description,Nous sommes arrivés à l'étage <0xFD><0x02>.,
0x01EFEA80,"Hey, lucky you!<0xFB><0xFD><0x02> is already in a
Luxury Ball!",<0x52>Qué suerte!<0xFB><0x52><0xFD><0x02> ya está en una Lujo Ball!,47,2,49,pokemon,dialogue,"Hé, tu as de la chance !<0xFB><0xFD><0x02> est déjà dans une
Luxe Ball !",
0x01EFEADD,"Ta daa!<0xFB><0xFD><0x02> is now in a
Luxury Ball!<0xFB>It'll grow more friendly with you
much faster now!","Bien""<0xFB><0x52><0xFD><0x02> ya está en una
Lujo Ball!<0xFB><0x52>Se volverá mucho más amigable
contigo!",86,1,87,pokemon,dialogue,"Ta daa !<0xFB><0xFD><0x02> est maintenant dans une
Luxe Ball !<0xFB>Il deviendra bien plus vite ami avec
toi !",
0x01EFED09,"<0xFC><0x01><0x02>The Pokémon is quietly eyeing
<0xFD><0x01>""","<0xFC><0x01><0x02>El Pokémon te está observando""<0xFC><0x09>",36,1,37,pokemon,description,"{COLOR}ÁLe Pokémon observe {PLAYER}
en silence...",
0x01EFED64,"<0xFC><0x01><0x02><0xFD><0x02> flew off into the
Distortion World.","<0xFC><0x01><0x02><0xFD><0x02> voló hacia el Mundo
Ditorsión.",41,2,43,pokemon,description,"{COLOR}Á{STR_VAR_1} s'est envolé vers le
Monde Distorsion.",
0x01EFF87D,"Cool, you'll need to read all <0xFC><0x01><0x06><0xFD><0x02><0xFC><0x01><0x08>
<0xFC><0x01><0x06>Trainer Tips<0xFC><0x01><0x08> signs completely, in<0xFA>order to properly demonstrate this<0xFA>power.<0xFB>If you walk away before finishing
a sign, I won't count it!","Bien, necesitarás leer los <0xFC><0x01><0x06><0xFD><0x02><0xFC><0x01><0x08>
letreros de <0xFC><0x01><0x06>Consejos<0xFC><0x01><0x08> por completo<0xFA>para usar un poder que te daré.<0xFB>Si te alejas antes de terminar un
letrero, <0x52>no lo contaré!",180,3,183,pokemon,dialogue,"Cool, tu dois lire {COLOR}É{STR_VAR_1}{COLOR}Ë
panneaux {COLOR}ÉConseils{COLOR}Ë au complet,<0xFA>pour bien montrer ce<0xFA>pouvoir.<0xFB>Si tu pars avant de finir
un panneau, ça ne compte pas !",
0x01EFF983,"You've only read <0xFC><0x01><0x06><0xFD><0x03><0xFC><0x01><0x08> Trainer Tips
sign<0xFD><0x07> completely.<0xFB>I still want to see <0xFC><0x01><0x06><0xFD><0x04><0xFC><0x01><0x08> more
example<0xFD><0x08> of this awesome power.","Solo has leído <0xFC><0x01><0x06><0xFD><0x03><0xFC><0x01><0x08> letreros de
Consejos por completo.<0xFB>Todavía te faltan <0xFC><0x01><0x06><0xFD><0x04><0xFC><0x01><0x08> letreros de
Consejos.",124,2,126,pokemon,dialogue,"Tu n'as lu que {COLOR}É{STR_VAR_2}{COLOR}Ë panneau{VERSION} Conseils
Dresseurs en entier.<0xFB>Je veux encore voir {COLOR}É{STR_VAR_3}{COLOR}Ë autre
exemple{EVIL_TEAM} de ce pouvoir.",
0x01F011E5,"<0xFD><0x01>, what a splendid outfit
you're wearing!<0xFB>It reminds me of the one I would don
when I was the Champion myself!<0xFB>Ah, the memories""","<0xFD><0x01>, <0x52>qué espléndido traje
llevas!<0xFB><0x52>Me recuerda al que solía ponerme
cuando era el Campeón de Borrius!<0xFB>Oh, tantos recuerdos""",129,2,131,pokemon,dialogue,"<0xFD><0x01>, quelle splendide tenue
tu portes !<0xFB>Elle me rappelle ce que je mettais
quand j'étais moi-même Champion !<0xFB>Ah, les souvenirs...",
0x01F01267,"Hello, Trainer.<0xFB>Wait""<0xFB>Can it be""<0xFB>Are you the <0xFD><0x03> of the
legendary Trainer, <0xFC><0x01><0x06>Aros<0xFC><0x01><0x08>?","Hola, Aspirante.<0xFB>De pronto""<0xFB><0x51>No eres el retoño el Legendario
Entrenador, <0xFC><0x01><0x06>Aros<0xFC><0x01><0x08>?",85,3,88,pokemon,dialogue,"Bonjour, Dresseur.<0xFB>Attends...<0xFB>Serait-ce...<0xFB>Es-tu le {STR_VAR_2} du légendaire
Dresseur {COLOR}ÉAros{COLOR}Ë ?",
0x01F016AD,"Hello, <0xFD><0x03> of Aros.
I hope your travels are going well.","<0x52>Hola de nuevo!<0xFB>Espero que te vaya bien en tus
viajes.",54,2,56,pokemon,dialogue,"Bonjour, <0xFD><0x03> d'Aros.
J'espère que ton voyage va bien.",
0x01F016FD,"Practice saving lives by saving the
game at least <0xFD><0x02> times.","Practica salvando vidas guardando
el juego por <0xFD><0x02> veces.",59,2,61,pokemon,description,"Entraîne-toi à sauver des vies en
sauvegardant au moins <0xFD><0x02> fois.",
0x01F01723,me at least <0xFD><0x02> times.,uego por <0xFD><0x02> veces.,21,2,23,pokemon,description,,
0x01F0172A,east <0xFD><0x02> times.,r <0xFD><0x02> veces.,14,2,16,pokemon,other,,
0x01F017D1,"use a parallel
dimension is created whenever you<0xFA>reload.<0xFB>Please commit to not destroying our
world anymore.<0xFB><0xFC><0x01><0x06><0xFD><0x02><0xFC><0x01><0x08> times will show your commitment."," crea
una dimensión paralela cada vez<0xFA>que reinicias.<0xFB>Por favor, comprométete a no
destruir nuestro mundo.<0xFB><0xFC><0x01><0x06><0xFD><0x02><0xFC><0x01><0x08> tiempos mostrarán tu compromiso.",149,2,151,pokemon,dialogue,,
0x01F017EB,"s created whenever you<0xFA>reload.<0xFB>Please commit to not destroying our
world anymore.<0xFB><0xFC><0x01><0x06><0xFD><0x02><0xFC><0x01><0x08> times will show your commitment.","la cada vez<0xFA>que reinicias.<0xFB>Por favor, comprométete a no
destruir nuestro mundo.<0xFB><0xFC><0x01><0x06><0xFD><0x02><0xFC><0x01><0x08> tiempos mostrarán tu compromiso.",123,2,125,pokemon,dialogue,,
0x01F01823,"roying our
world anymore.<0xFB><0xFC><0x01><0x06><0xFD><0x02><0xFC><0x01><0x08> times will show your commitment.",destruir nuestro mundo.<0xFB><0xFC><0x01><0x06><0xFD><0x02><0xFC><0x01><0x08> tiempos mostrarán tu compromiso.,67,2,69,pokemon,dialogue,,
0x01F01867,"Thank you for agreeing to not
start armageddon, again.<0xFB>I will reward you once I see your
commitment of <0xFC><0x01><0x06><0xFD><0x02><0xFC><0x01><0x08> manual saves.","Gracias por aceptar no destuir el
mundo.<0xFB>Te recompensaré una vez que vea tu
compromiso de guardar <0xFC><0x01><0x06><0xFD><0x02><0xFC><0x01><0x08><0xFA>manualmente.",125,2,127,pokemon,dialogue,"Merci d'avoir accepté de ne pas
relancer l'armageddon.<0xFB>Je te récompenserai quand tu auras
{COLOR}É{STR_VAR_1}{COLOR}Ë.",
0x01F01914,"You have managed to save <0xFC><0x01><0x06><0xFD><0x03><0xFC><0x01><0x08>
world<0xFD><0x07>.<0xFB>But I will only believe your
commitment to non-aggression if<0xFA>you save <0xFC><0x01><0x06><0xFD><0x04><0xFC><0x01><0x08> more world<0xFD><0x08>.","Has logrado salvar <0xFC><0x01><0x06><0xFD><0x03><0xFC><0x01><0x08> el mundo.<0xFB>Pero sólo creeré en tu compromiso de
no agresión si salvas <0xFC><0x01><0x06><0xFD><0x04><0xFC><0x01><0x08> más<0xFA>el mundo.",135,3,138,pokemon,dialogue,"Tu as réussi à sauver {COLOR}É{STR_VAR_2}{COLOR}Ë
monde{VERSION}.<0xFB>Mais je ne croirai à ton
engagement pacifique que si<0xFA>tu sauves encore {COLOR}É{STR_VAR_3}{COLOR}Ë monde{EVIL_TEAM}.",
0x01F01998,<0xFD><0x08>.,   ,3,3,6,pokemon,other,,
0x01F01BA6,"Hmmm?
This isn't an <0xFC><0x01><0x06>Ice<0xFC><0x01><0x08>-type <0xFC><0x01><0x06><0xFD><0x02><0xFC><0x01><0x08>.<0xFB>Think of me if you get one.","<0x51>Eh? <0x52>Este no es <0xFC><0x01><0x06><0xFD><0x02><0xFC><0x01><0x08> de
tipo <0xFC><0x01><0x06>Hielo<0xFC><0x01><0x08>!",72,2,74,pokemon,dialogue,"Hmmm ?
Ce n'est pas un {COLOR}É{STR_VAR_1}{COLOR}Ë de type {COLOR}ÉGlace{COLOR}Ë.<0xFB>Pense à moi si tu en as un.",
0x01F01C63,"The <0xFD><0x03> that I traded you,
has it helped you out?",<0x51>Cómo ha estado <0xFD><0x03>?,48,3,51,pokemon,dialogue,"Le <0xFD><0x03> que je t'ai échangé,
t'a-t-il aidé ?",
0x01F02BD3,"<0xFC><0x01><0x02><0xFD><0x01> handed over <0xFD><0x03>
<0xFD><0x02>.","<0xFC><0x01><0x02><0xFD><0x01> hsnded over <0xFD><0x03>
<0xFD><0x02>.",24,2,26,pokemon,description,,
0x01F039DA,"<0xFC><0x01><0x02>Too bad!<0xFB>There's no room in the Cube for
a <0xFD><0x03>!","<0xFC><0x01><0x02><0x52>Qué lastima!
<0x52>No tienes espacio para esto!",49,1,50,pokemon,dialogue,"{COLOR}ÁDommage !<0xFB>Il n'y a pas de place dans le Cube
pour un {STR_VAR_2} !",
0x01F03B59,"You know the Pokémon <0xFC><0x01><0x06><0xFD><0x02><0xFC><0x01><0x04>?
That big adorable pink blob?<0xFB>I've always wanted one, but they're
just so hard to catch!<0xFB>Would you be willing to trade one
for my <0xFC><0x01><0x06><0xFD><0x03><0xFC><0x01><0x04>?","<0x51>Conoces al Pokémon <0xFC><0x01><0x06><0xFD><0x02><0xFC><0x01><0x04>?
<0x52>El adorable mancha rosa!<0xFB><0x52>Siempre quise uno, pero son muy
difíciles de atrapar!<0xFB><0x51>Quieres cambiarlo por mi <0xFC><0x01><0x06><0xFD><0x03><0xFC><0x01><0x04>?",169,2,171,pokemon,dialogue,"Tu connais le Pokémon {COLOR}É{STR_VAR_1}{COLOR}Ç ?
Cette grosse boule rose adorable ?<0xFB>J'en ai toujours voulu, mais c'est
si difficile à attraper !<0xFB>Tu serais prêt à en échanger un
contre mon {COLOR}É{STR_VAR_2}{COLOR}Ç ?",
0x01F03B64,"e Pokémon <0xFC><0x01><0x06><0xFD><0x02><0xFC><0x01><0x04>?
That big adorable pink blob?<0xFB>I've always wanted one, but they're
just so hard to catch!<0xFB>Would you be willing to trade one
for my <0xFC><0x01><0x06><0xFD><0x03><0xFC><0x01><0x04>?"," Pokémon <0xFC><0x01><0x06><0xFD><0x02><0xFC><0x01><0x04>?
<0x52>El adorable mancha rosa!<0xFB><0x52>Siempre quise uno, pero son muy
difíciles de atrapar!<0xFB><0x51>Quieres cambiarlo por mi <0xFC><0x01><0x06><0xFD><0x03><0xFC><0x01><0x04>?",158,2,160,pokemon,dialogue,,
0x01F03C13,"In what universe is that a <0xFD><0x02>,
huh?<0xFB>If you get one, trade it with me.","<0x52>Ese no es un <0xFD><0x02>!
Si consigues uno, cámbialo conmigo.",69,2,71,pokemon,dialogue,"Dans quel monde est-ce un <0xFD><0x02>,
hein ?<0xFB>Si tu en as un, échange-le avec moi.",
0x01F03C8F,"My old <0xFD><0x03>, has it helped you
win any battles?","Si ha ganado batallas mi antiguo
<0xFD><0x03>, <0x51>eh?",45,3,48,pokemon,dialogue,"Mon <0xFD><0x03> d'avant t'a-t-il aidé
à gagner des combats ?",
0x01F03FB7,<0xFD><0x01> found one Master Ball!,Has obtenido Master Ball.,25,2,27,pokemon,dialogue,<0xFD><0x01> a trouvé une Master Ball !,
0x01F04244,"Hello there, <0xFD><0x01>!<0xFB>How are the fish biting?","Hola, <0xFD><0x01>.
<0x51>Cómo pican los peces?",41,3,44,pokemon,dialogue,"Salut, <0xFD><0x01> !<0xFB>Ça mord bien ?",
0x01F04454,"Hm! <0xFC><0x01><0x06><0xFD><0x02><0xFC><0x01><0x08>'s <0xFC><0x01><0x06><0xFD><0x03><0xFC><0x01><0x08>?
That move should be forgotten?","<0x51><0xFD><0x03> de <0xFD><0x02>?
<0x51>Quieres que lo olvide?",55,2,57,pokemon,dialogue,"Hmm ! {COLOR}É{STR_VAR_2}{COLOR}Ë de {COLOR}É{STR_VAR_1}{COLOR}Ë ?
Je dois lui faire oublier ça ?",
0x01F0448C,"It worked to perfection!<0xFB><0xFD><0x02> has forgotten
<0xFD><0x03> completely.","<0x52>Perfecto!<0xFB><0xFD><0x02> ha olvidado <0xFD><0x03>
por completo.",56,3,59,pokemon,dialogue,"Ça a marché à la perfection !<0xFB><0xFD><0x02> a complètement oublié
<0xFD><0x03>.",
0x01F0521F,"If <0xFC><0x01><0x06><0xFD><0x02><0xFC><0x01><0x08> were to learn
Hidden Power, the move's type<0xFA>would be <0xFC><0x01><0x06><0xFD><0x03><0xFC><0x01><0x08>!","Si <0xFC><0x01><0x06><0xFD><0x02><0xFC><0x01><0x08> aprendiera Poder
Oculto, el tipo de movimiento<0xFA>sería <0xFC><0x01><0x06><0xFD><0x03><0xFC><0x01><0x08>.",74,3,77,pokemon,dialogue,"Si {COLOR}É{STR_VAR_1}{COLOR}Ë apprenait
Puissance Cachée, le type<0xFA>serait {COLOR}É{STR_VAR_2}{COLOR}Ë !",
0x01F053D0,"<0xFC><0x01><0x02><0xFD><0x01> received an Egg from
the kindly old woman!",<0xFC><0x01><0x02>Has recibido un Huevo Pokémon.,48,3,51,pokemon,dialogue,"{COLOR}Á{PLAYER} a reçu un OEuf de la
gentille vieille dame !",
0x01F05E90,<0xFC><0x01><0x06><0xFD><0x02><0xFC><0x01><0x04>!<0xFC><0x01><0x04><0xFB>I wanna see a <0xFC><0x01><0x06><0xFD><0x02><0xFC><0x01><0x04>!,"<0xFC><0x01><0x06><0xFD><0x02><0xFC><0x01><0x04>""<0xFC><0x01><0x04><0xFB><0x52>Quiero ver a <0xFC><0x01><0x06><0xFD><0x02><0xFC><0x01><0x04>!",36,2,38,pokemon,dialogue,,
0x01F05F4D,"Waaaah!
I wanna see a <0xFC><0x01><0x06><0xFD><0x02><0xFC><0x01><0x04>!","<0x52>Noooo!
<0x52>Quiero ver a <0xFC><0x01><0x06><0xFD><0x02><0xFC><0x01><0x04>!",31,2,33,pokemon,dialogue,"Ouaaah !
Je veux voir un {COLOR}É{STR_VAR_1}{COLOR}Ç !",
0x01F05F6D,"That's not a <0xFC><0x01><0x06><0xFD><0x02><0xFC><0x01><0x04>!<0xFB>Waaaah!
I wanna see a <0xFC><0x01><0x06><0xFD><0x02><0xFC><0x01><0x04>!","<0x52>Este no es <0xFC><0x01><0x06><0xFD><0x02><0xFC><0x01><0x04>!<0xFB><0x52>Noooo!
<0x52>Quiero ver a <0xFC><0x01><0x06><0xFD><0x02><0xFC><0x01><0x04>!",54,2,56,pokemon,dialogue,"Ce n'est pas un {COLOR}É{STR_VAR_1}{COLOR}Ç !<0xFB>Ouaaah !
Je veux voir un {COLOR}É{STR_VAR_1}{COLOR}Ç !",
0x01F060A3,"<0xFD><0x02>""<0xFB>Doesn't evolve!","<0xFD><0x02>""
<0x52>No evoluciona!",19,3,22,pokemon,dialogue,<0xFD><0x02>...<0xFB>N'évolue pas !,
0x01F060B7,"<0xFD><0x02> can evolve one of
<0xFC><0x01><0x06><0xFD><0x03><0xFC><0x01><0x04> ways!<0xFB>So pick a number from 1 to <0xFD><0x03>.<0xFB>I'll tell you how it evolves based
on the number you choose!","<0x52><0xFD><0x02> evoluciona de <0xFC><0x01><0x06><0xFD><0x03><0xFC><0x01><0x04>
maneras!<0xFB><0x52>Elige la opción 1 o <0xFD><0x03>!<0xFB><0x52>Te contaré cómo evoluciona según el
número que elijas!",127,3,130,pokemon,dialogue,"{STR_VAR_1} peut évoluer de
{COLOR}É{STR_VAR_2}{COLOR}Ç façons !<0xFB>Choisis un nombre de 1 à {STR_VAR_2}.<0xFB>Je te dirai comment il évolue
selon le numéro choisi !",
0x01F06137,Pick a number from 1 to <0xFD><0x03>.,Elige la opción 1 o <0xFD><0x03>.,27,3,30,pokemon,description,Choisis un nombre de 1 à <0xFD><0x03>.,
0x01F0618A,"<0xFD><0x02> will evolve if""<0xFB><0xFD><0x0C>","<0xFD><0x02> evoluciona si""<0xFB><0xFD><0x0C>",21,2,23,pokemon,description,<0xFD><0x02> évoluera si...<0xFB><0xFD><0x0C>,
0x01F061A0,It levels up to <0x34> <0xFD><0x03>!,<0x52>Sube al Nv <0xFD><0x03>!,21,2,23,pokemon,dialogue,Il monte au niv. {LV} {STR_VAR_2} !,
0x01F0679C,"It levels up to <0x34> <0xFD><0x03>
while holding the <0xFD><0x04>!","<0x52>Si sube al Nv <0xFD><0x03> o equipado
con una <0xFD><0x04>!",42,3,45,pokemon,dialogue,"Il monte au niv. {LV} {STR_VAR_2}
en tenant le {STR_VAR_3} !",
0x01F06F5C,"So far, you've completed
<0xFC><0x01><0x06><0xFD><0x03><0xFC><0x01><0x08> Missions.<0xFB>Come see me when you've completed
at least <0xFC><0x01><0x06><0xFD><0x02><0xFC><0x01><0x08> Missions.","Hasta ahora has completado
<0xFC><0x01><0x06><0xFD><0x03><0xFC><0x01><0x08> Misiones.<0xFB>Ven a verme cuando hayas completado
unas <0xFC><0x01><0x06><0xFD><0x02><0xFC><0x01><0x08> Misiones.",105,2,107,pokemon,dialogue,"Pour l'instant, tu as accompli
{COLOR}É{STR_VAR_2}{COLOR}Ë Missions.<0xFB>Reviens me voir quand tu en auras
terminé au moins {COLOR}É{STR_VAR_1}{COLOR}Ë.",
0x01F06FC6,"Looks like you've completed at
least <0xFC><0x01><0x06><0xFD><0x02><0xFC><0x01><0x08> Missions!<0xFB>For that, you get""<0xFB><0xFD><0x03>!","<0x52>Parece que has completado al
menos <0xFC><0x01><0x06><0xFD><0x02><0xFC><0x01><0x08>!<0xFB><0x52>Toma esto!
<0x52>Un <0xFD><0x03>!",78,1,79,pokemon,dialogue,"On dirait que tu as accompli au
moins {COLOR}É{STR_VAR_1}{COLOR}Ë Missions !<0xFB>Pour ça, tu reçois...<0xFB>{STR_VAR_2} !",
0x01F075CB,"Wingderful!<0xFB>For today, I'd like to see the
beautiful wings of a <0xFC><0x01><0x06><0xFD><0x02><0xFC><0x01><0x08>.","<0x52>Genial!<0xFB>Hoy me gustaría ver las hermosas
alas de un <0xFC><0x01><0x06><0xFD><0x02><0xFC><0x01><0x08>.",73,2,75,pokemon,dialogue,"Ail-dorable !<0xFB>Aujourd'hui, je veux voir les
belles ailes d'un {COLOR}É{STR_VAR_1}{COLOR}Ë.",
0x01F07621,"Let's see those beautiful
<0xFC><0x01><0x06><0xFD><0x02><0xFC><0x01><0x08> wings!<0xFB><0xB9>Frisk<0xB9> <0xB9>Frisk<0xB9>","<0x52>Veamos esas hermosas alas de
<0xFC><0x01><0x06><0xFD><0x02><0xFC><0x01><0x08>!",57,2,59,pokemon,dialogue,"Voyons ces belles ailes de
{COLOR}É{STR_VAR_1}{COLOR}Ë !<0xFB>×Fouille× ×Fouille×",
0x01F0767D,"What""?<0xFB>I can't see those beautiful
<0xFC><0x01><0x06><0xFD><0x02><0xFC><0x01><0x08> wings anywhere""","<0x51>Qué""?<0xFB>No puedo ver esas hermosas
<0xFC>alas de <0xFC><0x01><0x06><0xFD><0x02><0xFC><0x01><0x08>.",59,2,61,pokemon,dialogue,"Quoi...?<0xFB>Je ne vois pas ces belles ailes de
{COLOR}É{STR_VAR_1}{COLOR}Ë...",
0x01F076B9,"Tomorrow I'd like to see some nice
<0xFC><0x01><0x06><0xFD><0x02><0xFC><0x01><0x08> wings.<0xFB>Just don't bring them today.
I'm all winged out.","Mañana quiero ver unas bonitas
alas de <0xFC><0x01><0x06><0xFD><0x02><0xFC><0x01><0x08>.<0xFB><0x52>Por hoy ya es suficiente!",99,2,101,pokemon,description,"Demain, j'aimerais voir de belles
ailes de {COLOR}É{STR_VAR_1}{COLOR}Ë.<0xFB>Mais pas aujourd'hui.
J'ai eu ma dose d'ailes.",
0x01F0771D,"Tomorrow I'd like to see some nice
<0xFC><0x01><0x06><0xFD><0x03><0xFC><0x01><0x08> wings.<0xFB>Just don't bring them today.
I'm all winged out.","Mañana quiero ver unas bonitas
alas de <0xFC><0x01><0x06><0xFD><0x03><0xFC><0x01><0x08>.<0xFB><0x52>Por hoy ya es suficiente!",99,1,100,pokemon,description,"Demain, j'aimerais voir de belles
ailes de {COLOR}É{STR_VAR_2}{COLOR}Ë.<0xFB>Mais pas aujourd'hui.
J'ai eu ma dose d'ailes.",
0x01F07B4F,"<0xFC><0x01><0x02><0xFD><0x02> was released.
Bye-bye, <0xFD><0x02>!","<0xFC><0x01><0x02><0xFD><0x02> es liberado.
<0x52>Adiós, <0xFD><0x02>!",32,1,33,pokemon,dialogue,"{COLOR}Á{STR_VAR_1} a été relâché.
Au revoir, {STR_VAR_1} !",
0x01F07E7E,"Rise up in the name of communism!
Heal at Pokémon Centers <0xFD><0x02> times.","<0x52>Por el comunismo! Cura a tus
Pokémon <0xFD><0x02> en los Centros Pokémon.",67,2,69,pokemon,dialogue,"Levez-vous au nom du communisme !
Soigne-toi <0xFD><0x02> fois aux Centres.",
0x01F08005,"Workers of the world unite!<0xFB>All you need to do is heal <0xFC><0x01><0x06><0xFD><0x02><0xFC><0x01><0x04>
times at any Pokémon Center.<0xFB>Other than the one in Antisis City,
they're all in on the revolution.","<0x52>Manos a la obra!<0xFB>Todo lo que necesitas hacer es
curarte <0xFC><0x01><0x06><0xFD><0x02><0xFC><0x01><0x04> en un Centro Pokémon.<0xFB>Aparte del de Ciudad Antisis, todos
están involucrados en la revolución.",162,2,164,pokemon,dialogue,"Ouvriers du monde, unissez-vous !<0xFB>Il suffit de te soigner {COLOR}É{STR_VAR_1}{COLOR}Ç
fois dans un Centre Pokémon.<0xFB>Sauf celui d'Antisis, ils sont tous
avec la révolution.",
0x01F080EE,"So far you have used our free
service <0xFC><0x01><0x06><0xFD><0x03><0xFC><0x01><0x04> time<0xFD><0x07>.<0xFB>In order to overthrow the
capitalist tyrants, you will<0xFA>need to heal another <0xFC><0x01><0x06><0xFD><0x04><0xFC><0x01><0x04> time<0xFD><0x08>.","Has usado nuestro servicio gratuito
<0xFC><0x01><0x06><0xFD><0x03><0xFC><0x01><0x04> veces.<0xFB>Para derrocar a los tiranos
capitalistas, necesitarás curarte<0xFA>otras <0xFC><0x01><0x06><0xFD><0x04><0xFC><0x01><0x04> veces.",147,2,149,pokemon,dialogue,"Pour l'instant, tu as utilisé notre
service gratuit {COLOR}É{STR_VAR_2}{COLOR}Ç fois{VERSION}.<0xFB>Pour renverser les tyrans
capitalistes, tu dois encore<0xFA>te soigner {COLOR}É{STR_VAR_3}{COLOR}Ç fois{EVIL_TEAM}.",
0x01F08182,"Great work!<0xFB>Now that the cogs of the capitalist
machine are broken, the workers of<0xFA>our world will unite in revolution<0xFA>against the bourgeoisie!<0xFB>Here is a token of our
appreciation, comrade <0xFD><0x01>.","<0x52>Bien hecho!<0xFB>Ahora que las máquinas capitalistas
están rotas, los trabajadores de<0xFA>nuestro mundo se unirán a una<0xFA>revolución contra la burguesía.<0xFB>Por tu gran trabajo, toma esto.",191,2,193,pokemon,dialogue,"Beau travail !<0xFB>Maintenant que les rouages de la
machine capitaliste sont brisés, les<0xFA>travailleurs de notre monde vont<0xFA>se lever contre la bourgeoisie !<0xFB>Voici un gage de notre
reconnaissance, camarade <0xFD><0x01>.",
0x01F08242,"The communist revolution will
always be thankful to you,<0xFA>comrade <0xFD><0x01>.","La revolución comunista siempre te
lo agradecerá.",68,2,70,pokemon,dialogue,"La révolution communiste te sera
toujours reconnaissante,<0xFA>camarade <0xFD><0x01>.",
0x01F082A1,"Rise up in the name of capitalism!
Make <0xFD><0x02> purchases from shops.","<0x52>Por el capitalismo! Compra <0xFD><0x02>
veces en las Tiendas Pokémon.",64,2,66,pokemon,dialogue,"Levez-vous au nom du capitalisme !
Fais <0xFD><0x02> achats en magasin.",
0x01F083F2,"Long live the revolution!<0xFB>If you make <0xFC><0x01><0x06><0xFD><0x02><0xFC><0x01><0x04> purchases from
Poké Marts, the communist system<0xFA>will collapse, and our capitalist<0xFA>revolution can begin.","<0x52>Viva la revolución!<0xFB>Compra <0xFC><0x01><0x06><0xFD><0x02><0xFC><0x01><0x04> en las Tiendas Pokémon,
el sistema comunista colapsará y<0xFA>nuestra revolución capitalista<0xFA>puede comenzar.",150,3,153,pokemon,dialogue,"Vive la révolution !<0xFB>Si tu fais {COLOR}É{STR_VAR_1}{COLOR}Ç achats dans les
Magasins, le système communiste<0xFA>s'effondrera, et notre révolution<0xFA>capitaliste pourra commencer.",
0x01F084BC,"Our records show that so far you
have made <0xFC><0x01><0x06><0xFD><0x03><0xFC><0x01><0x04> purchase<0xFD><0x07>.<0xFB>We need another <0xFC><0x01><0x06><0xFD><0x04><0xFC><0x01><0x04> before our
capitalist revolution can begin.","Nuestros registros muestran que has
realizado <0xFC><0x01><0x06><0xFD><0x03><0xFC><0x01><0x04> compras.<0xFB>Necesitamos <0xFC><0x01><0x06><0xFD><0x04><0xFC><0x01><0x04> compras para nuestra
revolución capitalista.",132,2,134,pokemon,dialogue,"Nos registres disent que tu as fait
{COLOR}É{STR_VAR_2}{COLOR}Ç achat{VERSION}.<0xFB>Il nous en faut encore {COLOR}É{STR_VAR_3}{COLOR}Ç avant que
notre révolution ne commence.",
0x01F08659,"Capture <0xFD><0x02> Pokémon in one day to
reduce overpopulation.","Captura <0xFD><0x02> Pokémon en un día y
reduce su población.",55,2,57,pokemon,description,"Capture <0xFD><0x02> Pokémon en un jour pour
réduire la surpopulation.",
0x01F08849,"You have caught <0xFC><0x01><0x06><0xFD><0x03><0xFC><0x01><0x08> Pokémon so far,
so you still need to capture <0xFC><0x01><0x06><0xFD><0x04><0xFC><0x01><0x08><0xFA>Pokémon today.<0xFB>Otherwise, there will be nothing
stopping the wild Pokémon from<0xFA>becoming the dominant life forms.","Has capturado <0xFC><0x01><0x06><0xFD><0x03><0xFC><0x01><0x08> Pokémon hasta
ahora, aún necesitas <0xFC><0x01><0x06><0xFD><0x04><0xFC><0x01><0x08> Pokémon.<0xFB>De lo contrario, nada impedirá que
los Pokémon salvajes se conviertan<0xFA>en formas de vida dominantes.",191,1,192,pokemon,dialogue,"Tu as capturé {COLOR}É{STR_VAR_2}{COLOR}Ë Pokémon,
il te reste {COLOR}É{STR_VAR_3}{COLOR}Ë à capturer<0xFA>aujourd'hui.<0xFB>Sinon, rien n'empêchera les Pokémon
sauvages de devenir<0xFA>les formes de vie dominantes.",
0x01F08A80,"Become part of the trash! Search
lucrative trash cans for <0xFD><0x02> items.","<0x52>Basura valiosa! Busca en botes
de basura <0xFD><0x02> objetos valiosos.",67,4,71,pokemon,dialogue,"Deviens un déchet ! Fouille des
poubelles lucratives pour <0xFD><0x02> objets.",
0x01F08C72,"My trash senses tell me that you
have found <0xFC><0x01><0x06><0xFD><0x03><0xFC><0x01><0x08> item<0xFD><0x07> in the trash<0xFA>so far.<0xFB>Go search more lucrative trash and
find at least <0xFC><0x01><0x06><0xFD><0x04><0xFC><0x01><0x08> more item<0xFD><0x08>!","Mis sentidos me dicen que has
encontrado <0xFC><0x01><0x06><0xFD><0x03><0xFC><0x01><0x08> objetos en los botes<0xFA>de basura.<0xFB><0x52>Busca basura lucrativa y encuentra
al menos <0xFC><0x01><0x06><0xFD><0x04><0xFC><0x01><0x08> objetos!",151,2,153,pokemon,dialogue,"Mes sens de déchet me disent que tu
as trouvé {COLOR}É{STR_VAR_2}{COLOR}Ë objet{VERSION} dans les poubelles<0xFA>pour l'instant.<0xFB>Va fouiller d'autres poubelles et
trouve au moins {COLOR}É{STR_VAR_3}{COLOR}Ë objet{EVIL_TEAM} de plus !",
0x01F08DF7,"The theory of evolution is a
theorem! Evolve <0xFD><0x02> Pokémon total.","<0x52>La teoría de la evolución!
Evoluciona a <0xFD><0x02> Pokémon en total.",62,2,64,pokemon,dialogue,"La théorie de l'évolution est un
théorème ! Fais évoluer <0xFD><0x02> Pokémon.",
0x01F08F28,"Excellent, I will need you to view
<0xFC><0x01><0x06><0xFD><0x02><0xFC><0x01><0x04> Pokémon evolutions, and report<0xFA>your unbiased opinion.","Bien, necesitaré que veas <0xFC><0x01><0x06><0xFD><0x02><0xFC><0x01><0x04>
evoluciones Pokémon, y me des tu<0xFA>opinión imparcial.",97,3,100,pokemon,dialogue,"Parfait, je veux que tu observes
{COLOR}É{STR_VAR_1}{COLOR}Ç évolutions de Pokémon et me<0xFA>donnes ton avis impartial.",
0x01F08FE2,"Your data is still not complete.<0xFB>You need to evolve <0xFC><0x01><0x06><0xFD><0x04><0xFC><0x01><0x04> more
Pokémon to complete the dataset.","Tus datos aún no están completos.<0xFB>Necesitas evolucionar <0xFC><0x01><0x06><0xFD><0x04><0xFC><0x01><0x04> más
para completar los datos.",98,2,100,pokemon,dialogue,"Tes données ne sont pas complètes.<0xFB>Tu dois encore faire évoluer {COLOR}É{STR_VAR_3}{COLOR}Ç
Pokémon pour compléter l'étude.",
0x01F09003,"You need to evolve <0xFC><0x01><0x06><0xFD><0x04><0xFC><0x01><0x04> more
Pokémon to complete the dataset.","<0xFB>Necesitas evolucionar <0xFC><0x01><0x06><0xFD><0x04><0xFC><0x01><0x04> más
para completar los datos.",65,2,67,pokemon,dialogue,,
0x01F0921E,"Exp. is like gold. Earn <0xFD><0x02>
in one day to become truly rich.","<0x52>Como el oro! Gana <0xFD><0x02>
Puntos de Experiencia.",59,3,62,pokemon,description,"L'Exp. est comme l'or. Gagne <0xFD><0x02>
en un jour pour être vraiment riche.",
0x01F0935A,"Then, demonstrate your hunger for
true wealth to me.<0xFB>To become truly wealthy, have your
Pokémon earn <0xFC><0x01><0x06><0xFD><0x02><0xFC><0x01><0x04> Exp. Points<0xFA>in total within a single day.","<0x52>Demuéstrame tu hambre de verdadera
riqueza!<0xFB>Para ser una persona rica, haz que
tus Pokémon ganen <0xFC><0x01><0x06><0xFD><0x02><0xFC><0x01><0x04> Puntos<0xFA>de Experiencia en un solo día.",151,3,154,pokemon,dialogue,"Alors, montre-moi ta soif de
vraie richesse.<0xFB>Pour être vraiment riche, fais
obtenir {COLOR}É{STR_VAR_1}{COLOR}Ç Points Exp.<0xFA>au total en une seule journée.",
0x01F09434,"So far, your Pokémon have earned
<0xFC><0x01><0x06><0xFD><0x03><0xFC><0x01><0x04> Exp. Point<0xFD><0x07> today.<0xFB>But you must still earn another
<0xFC><0x01><0x06><0xFD><0x04><0xFC><0x01><0x04> Exp. Point<0xFD><0x08>.<0xFB>Only then can you rise above the
status of <0xB1>moderately wealthy<0xB2>.","Hasta ahora, tus Pokémon han
obtenido <0xFC><0x01><0x06><0xFD><0x03><0xFC><0x01><0x04> Puntos de Exp.<0xFB>Pero aún debes obtener <0xFC><0x01><0x06><0xFD><0x04><0xFC><0x01><0x04>
Puntos de Exp.<0xFB>Sólo entonces podrás superar el
estatus de <0xB1>moderadamente rico<0xB2>.",181,1,182,pokemon,dialogue,"Actuellement, tes Pokémon ont gagné
{COLOR}É{STR_VAR_2}{COLOR}Ç Point{VERSION} Exp. aujourd'hui.<0xFB>Mais tu dois encore en gagner
{COLOR}É{STR_VAR_3}{COLOR}Ç Point{EVIL_TEAM} Exp.<0xFB>Alors seulement tu dépasseras le
statut de "" moyennement riche "".",
0x01F096D7,"<0xFC><0x01><0x02>The Lucky Egg level has been
increased to <0x34> <0xFD><0x03>!<0xFB>Pokémon will now gain <0xFC><0x01><0x06><0xFD><0x0C><0xFC><0x01><0x02><0xB9> the
amount of Exp. Points when held.","<0xFC><0x01><0x02><0x52>El Huevo Suerte ha aumentado al
nivel <0xFD><0x03>!<0xFB>Los Pokémon ahora ganarán <0xFC><0x01><0x06>X2<0xFC><0x01><0x02>
Puntos de Exp, cuando se sostenga.",119,3,122,pokemon,dialogue,"{COLOR}ÁLe niveau des OEufs Chance est passé
à {LV} {STR_VAR_2} !<0xFB>Les Pokémon gagneront maintenant {COLOR}É{EVIL_LEGENDARY}{COLOR}Á×
les Points Exp. en le tenant.",
0x01F09838,"Greetings, are you here to have
your <0xFC><0x01><0x06>Lucky Eggs<0xFC><0x01><0x04> upgraded?<0xFB>I'll need <0xFC><0x01><0x06><0xFD><0x04> <0xFD><0x02><0xFC><0x01><0x04> to raise
their luck further to <0xFC><0x01><0x06><0x34> <0xFD><0x03><0xFC><0x01><0x04>.","Dime, <0x51>quieres mejorar tus <0xFC><0x01><0x06>Huevo
Suerte<0xFC><0x01><0x04>?<0xFB>Necesito <0xFC><0x01><0x06><0xFD><0x04> <0xFD><0x02><0xFC><0x01><0x04> para
aumentar su suerte aún más al<0xFA><0xFC><0x01><0x06>nivel <0xFD><0x03><0xFC><0x01><0x04>.",128,3,131,pokemon,dialogue,"Bonjour, tu es là pour améliorer
tes {COLOR}ÉOEufs Chance{COLOR}Ç ?<0xFB>J'ai besoin de {COLOR}É{STR_VAR_3} {STR_VAR_1}{COLOR}Ç pour
porter leur chance à {COLOR}É{LV} {STR_VAR_2}{COLOR}Ç.",
0x01F098EF,"I'm afraid you don't have enough
<0xFC><0x01><0x06><0xFD><0x02><0xFC><0x01><0x04>.<0xFB>At least, not enough to keep me
fed for the week""","No tienes suficientes <0xFC><0x01><0x06><0xFD><0x02><0xFC><0x01><0x04>.<0xFB>Al menos, no lo suficiente para
alimentarme una semana""",92,3,95,pokemon,dialogue,"Je crains que tu n'aies pas assez
{COLOR}É{STR_VAR_1}{COLOR}Ç.<0xFB>Pas assez pour me nourrir
cette semaine...",
0x01F0B632,"Is it true?
You're leaving home, <0xFD><0x01>?<0xFB>Then don't forget to take any items
out of your PC before you go!","<0x51>Es verdad?
<0x51>Te vas de casa, <0xFD><0x01>?<0xFB><0x52>Te deseo mucha suerte!",102,2,104,pokemon,dialogue,"C'est vrai ?
Tu quittes la maison, <0xFD><0x01> ?<0xFB>N'oublie pas de prendre tes objets
du PC avant de partir !",
0x01F0B6EA,"Congrats on becoming the Champion,
<0xFD><0x01>!<0xFB>I bet those items in your PC really
helped you out, eh?","<0x52>Felicidades por convertirte en
Campeón, <0xFD><0x01>!",94,1,95,pokemon,dialogue,"Bravo pour être Champion,
<0xFD><0x01> !<0xFB>Je parie que les objets du PC
t'ont bien aidé, hein ?",
0x01F0BA23,"<0xFD><0x01>!
Where have you been?<0xFB>I was really worried about you!<0xFB>""<0xFB>Wow""<0xFB>That sounds awfully frightening!
I'm really glad you're safe now!<0xFB>Before you do anything else, you
should take a nice, long rest.","<0xFD><0x01>""
<0x51>Dónde has estado?<0xFB><0x52>Estaba realmente preocupada por
ti!<0xFB>""<0xFB><0x52>Vaya! <0x52>Eso suena muy aterrador!<0xFB><0x52>Me alegro mucho que estés a
salvo!<0xFB>Antes que nada, deberías tomarte un
descanso.",193,2,195,pokemon,dialogue,"<0xFD><0x01> !
Où étais-tu ?<0xFB>J'étais vraiment inquiète pour toi !<0xFB>...<0xFB>Wahou...<0xFB>Ça fait vraiment peur !
Je suis soulagée que tu sois sauf !<0xFB>Avant toute chose, tu devrais
prendre un long repos.",
0x01F0BC27,"<0xFC><0x01><0x02><0xFD><0x01> received the Super Cube's
Mission Log component from Mom!",Has recibido Misiones Súper Cubo.,63,3,66,pokemon,dialogue,"{COLOR}Á{PLAYER} a reçu le Journal des
Missions du Super Cube !",
0x01F0BE5E,"<0xFC><0x01><0x02><0xFD><0x01> received the Super Cube's
battle component from Mom!",<0x52>Has recibido el Súper Cubo Batalla!,58,3,61,pokemon,dialogue,"{COLOR}Á{PLAYER} a reçu le module de combat
du Super Cube de Maman !",
0x01F0C237,"<0xFD><0x01>!
You should take a quick rest.",<0x52><0xFD><0x01>!<0xFB>Deberías descansar un poco.,33,2,35,pokemon,dialogue,"<0xFD><0x01> !
Tu devrais te reposer un peu.",
0x01F0C259,"Happy birthday, <0xFD><0x01>!
You should take a quick rest.","<0x52>Feliz cumpleaños, <0xFD><0x01>!<0xFB>Descansa un poco""",49,2,51,pokemon,dialogue,"Joyeux anniversaire, <0xFD><0x01> !
Tu devrais te reposer un peu.",
0x01F0C2CC,"<0xFD><0x01>,

I have taken your mother into
the <0xFC><0x01><0x06>depths<0xFC><0x01><0x02> of the <0xFC><0x01><0x06>Ruins of Void<0xFC><0x01><0x02>.

Come alone if you ever want to
see her again.

-A","Para: <0xFD><0x01>.

He llevado a tu madre a las
profundidades de <0xFC><0x01><0x06>Ruinas Vacío<0xFC><0x01><0x02>.

Ven solo si alguna vez quieres
volver a verla.

-A.",130,3,133,pokemon,dialogue,"{PLAYER},

J'ai emmené ta mère dans les
{COLOR}Éprofondeurs{COLOR}Á des {COLOR}ÉRuines du Néant{COLOR}Á.

Viens seul si tu veux
la revoir.

-A",
0x01F0C663,"<0xFD><0x01>, it's good to see you
again.<0xFB>I'm just making up for lost time.<0xFB>Good luck with your endeavors!","<0xFD><0x01>, es bueno verte de
nuevo.<0xFB>Sólo estoy recuperando el tiempo
perdido.<0xFB><0x52>Te deseo buena suerte!",96,2,98,pokemon,dialogue,"<0xFD><0x01>, content
de te revoir.<0xFB>Je rattrape le temps perdu.<0xFB>Bonne chance pour la suite !",
0x01F0C779,"Are you looking for <0xFD><0x06>?<0xFB>He set out on a journey to find
out what happened to our parents.<0xFB>They ditched us when we were kids,
and we haven't seen them since.","<0x51>Estás buscando a <0xFD><0x06>?<0xFB>Emprendió un viaje para descubrir
qué pasó con sus padres.<0xFB>Nos abandonaron cuando éramos niños
y no los hemos visto desde entonces.",156,2,158,pokemon,dialogue,"Tu cherches <0xFD><0x06> ?<0xFB>Il est parti comprendre ce qui est
arrivé à nos parents.<0xFB>Ils nous ont laissés enfants,
et on ne les a pas revus depuis.",
0x01F0C886,"It's horrible!<0xFB>My dad asked me to watch over
Zeph's son while he and <0xFD><0x06><0xFA>are out, but that man from<0xFA>Crystal Peak came by and snatched<0xFA>him right up!<0xFB>I feel terrible""","<0x52>Es horrible!<0xFB>Mi papá me pidió que cuide al hijo
de Zeph mientras él y <0xFD><0x06><0xFA>estaban fuera, <0x52>pero ese hombre de<0xFA>Pico Cristal vino y se lo llevó!<0xFB><0x52>Estoy asustada!",163,3,166,pokemon,dialogue,"C'est horrible !<0xFB>Mon père m'a demandé de garder
le fils de Zeph pendant que <0xFD><0x06><0xFA>et lui sortaient, mais cet homme du<0xFA>Pic Cristal est venu et<0xFA>l'a enlevé !<0xFB>Je m'en veux...",
0x01F0C89E,"ked me to watch over
Zeph's son while he and <0xFD><0x06><0xFA>are out, but that man from<0xFA>Crystal Peak came by and snatched<0xFA>him right up!<0xFB>I feel terrible"""," pidió que cuide al hijo
de Zeph mientras él y <0xFD><0x06><0xFA>estaban fuera, <0x52>pero ese hombre de<0xFA>Pico Cristal vino y se lo llevó!<0xFB><0x52>Estoy asustada!",139,3,142,pokemon,dialogue,,
0x01F0CA0D,"Oh, by the way, <0xFD><0x06> left a
gift for you on the table.","Por cierto, <0xFD><0x06>, te dejó
un regalo en la mesa.",52,3,55,pokemon,dialogue,"Oh, au fait, <0xFD><0x06> a laissé un
cadeau pour toi sur la table.",
0x01F0CCF8,"Oh, that's unfortunate, <0xFD><0x01>.<0xFB>I'll have to suffer in silence, then.","Oh, eso es triste, <0xFD><0x01>.
Entonces tendré que sufrir en<0xFA>silencio""",65,1,66,pokemon,description,"Oh, c'est dommage, <0xFD><0x01>.<0xFB>Je vais devoir souffrir en silence.",
0x01F0CECE,"Wonderful, <0xFD><0x01>.<0xFB>I'll take that Antidote off your
hands now.","<0x52>Genial, <0xFD><0x01>!<0xFB>Te quitaré ese Antídoto de tus manos.",58,3,61,pokemon,dialogue,"Merveilleux, <0xFD><0x01>.<0xFB>Je prends cet
Antidote.",
0x01F0D316,"Oh, hello, <0xFD><0x01>!<0xFB>How is your journey going?","<0x52>Oh, hola, <0xFD><0x01>!
<0x51>Cómo va tu viaje?",41,3,44,pokemon,dialogue,"Oh, bonjour, <0xFD><0x01> !<0xFB>Comment se passe ton voyage ?",
0x01F0D340,"If it isn't our neighbour
the Champion!<0xFB>How are you today, <0xFD><0x01>?","<0x52>Vaya! <0x51>A quién tenemos aquí?
<0x52>Es nuestro Campeón, <0xFD><0x01>!",62,3,65,pokemon,dialogue,"Tiens, notre voisin
Champion !<0xFB>Comment vas-tu, <0xFD><0x01> ?",
0x01F0D37F,"Off on an adventure are we,
<0xFD><0x01>?<0xFB>In that case, let me impart a bit
of wisdom on you before you go!","<0x51>Estás en una aventura,
<0xFD><0x01>?<0xFB>En ese caso, <0x52>déjame impartirte un
poco de sabiduría antes de irte!",97,3,100,pokemon,dialogue,"En route pour l'aventure,
<0xFD><0x01> ?<0xFB>Alors, laisse-moi te donner un peu
de sagesse avant de partir !",
0x01F0D65B,"I'm sure you have a handle on
things, <0xFD><0x01>.<0xFB>Good luck on your journey!","Me imagino que ya sabes como son
las cosas, <0xFD><0x01>.<0xFB><0x52>Buena suerte!",68,2,70,pokemon,dialogue,"Je suis sûr que tu gères,
<0xFD><0x01>.<0xFB>Bonne chance pour la suite !",
0x01F0D6A0,"Good luck on your journey,
<0xFD><0x01>!<0xFB>Your father would be very proud
that you're finally leaving home!","<0x52>Buena suerte en tu viaje,
<0xFD><0x01>!<0xFB><0x52>Tu padre estaría muy orgulloso de
ti!",96,1,97,pokemon,dialogue,"Bonne chance,
<0xFD><0x01> !<0xFB>Ton père serait très fier que tu
quittes enfin la maison !",
0x01F0D701,"Congratulations on becoming
Champion, <0xFD><0x01>!<0xFB>I had faith you would become the
new Guardian of Borrius ever since<0xFA>you set off on your journey.<0xFB>Your father would be very proud
of what you've become.","<0x52>Felicidades por convertirte en
Campeón, <0xFD><0x01>!<0xFB>Sabía que te convertirías en el
nuevo Guardián de Borrius desde<0xFA>que empezaste tu viaje.<0xFB>Tu padre estaría muy orgulloso de
ti.",193,2,195,pokemon,dialogue,"Félicitations, Champion,
<0xFD><0x01> !<0xFB>J'avais foi en toi pour devenir
le nouveau Gardien de Borrius depuis<0xFA>ton départ.<0xFB>Ton père serait très fier
de ce que tu es devenu.",
0x01F0D7C3,"<0xFD><0x01>!<0xFB>My gramma told me you're leaving
Frozen Heights!<0xFB>It'll be so lonely around here with
no one to play with""<0xFB>I'll miss you!","<0xFD><0x01>""<0xFB><0x52>Mi abuela me dijo que te vas de
Pueblo Frío!<0xFB>Estaré tan solo por aquí sin nadie
con quien jugar.<0xFB><0x52>Te extrañaré!",124,2,126,pokemon,dialogue,"<0xFD><0x01> !<0xFB>Mamie m'a dit que tu quittes
les Hauteurs Gelées !<0xFB>Ce sera si triste sans toi...
plus personne pour jouer...<0xFB>Tu vas me manquer !",
0x01F0D840,"<0xFD><0x01>!<0xFB>My gramma told me you're the
strongest Trainer in Borrius!<0xFB>Does that mean you're coming home
forever?","<0x52><0xFD><0x01>!<0xFB><0x52>Mi abuela me dijo que eres el
Entrendor más fuerte de Borrius!<0xFB>Entonces, <0x51>vendrás a casa siempre?",105,2,107,pokemon,dialogue,"<0xFD><0x01> !<0xFB>Mamie m'a dit que tu es le
Dresseur le plus fort de Borrius !<0xFB>Ça veut dire que tu rentres pour
toujours ?",
0x01F0DBDC,Which <0xFD><0x02> would you like?,<0x51>Qué <0xFD><0x02> te gustaría?,24,2,26,pokemon,dialogue,Quel <0xFD><0x02> veux-tu ?,
0x01F0DBF5,"You'd like the <0xFC><0x01><0x06><0xFD><0x02><0xFC><0x01><0x04>?
How many would you like?","<0x51>Quieres <0xFC><0x01><0x06><0xFD><0x02><0xFC><0x01><0x04>?
<0x51>Cuántas quisieras?",49,2,51,pokemon,dialogue,"Tu veux {COLOR}É{STR_VAR_1}{COLOR}Ç ?
Combien en veux-tu ?",
0x01F0DC27,"You'd like <0xFC><0x01><0x06><0xFD><0x04> <0xFD><0x02><0xFC><0x01><0x04>?
That will be <0xFC><0x01><0x06><0xFD><0x03><0xFC><0x01><0x04> Coins.","<0x51>Quieres <0xFC><0x01><0x06><0xFD><0x04> <0xFD><0x02><0xFC><0x01><0x04>?
Serían <0xFC><0x01><0x06><0xFD><0x03><0xFC><0x01><0x04> Fichas.",52,2,54,pokemon,dialogue,,
0x01F0DC5C,"You'd like the <0xFC><0x01><0x06><0xFD><0x02><0xFC><0x01><0x04>?
That will be <0xFC><0x01><0x06><0xFD><0x03><0xFC><0x01><0x04> Coins.","<0x51>Quieres <0xFC><0x01><0x06><0xFD><0x02><0xFC><0x01><0x04>?
Serían <0xFC><0x01><0x06><0xFD><0x03><0xFC><0x01><0x04> Fichas.",53,2,55,pokemon,dialogue,"Vous voulez {COLOR}É{STR_VAR_1}{COLOR}Ç ?
Cela fera {COLOR}É{STR_VAR_2}{COLOR}Ç Jetons.",
0x01F0DC92,You'd like a TM of <0xFD><0x02>?,<0x51>Quieres la MT de <0xFD><0x02>?,22,2,24,pokemon,dialogue,Tu veux une CT de <0xFD><0x02> ?,
0x01F0E10C,<0xFC><0x01><0x02><0xFD><0x01> received <0xFC><0x01><0x06><0xFD><0x02><0xFC><0x01><0x02> Coins!,Has recibido <0xFD><0x02> Fichas.<0xFC><0x09>,30,3,33,pokemon,dialogue,,
0x01F0E111, received <0xFC><0x01><0x06><0xFD><0x02><0xFC><0x01><0x02> Coins!,ecibido <0xFD><0x02> Fichas.<0xFC><0x09>,25,3,28,pokemon,dialogue,,
0x01F0E744,"Get popping! Play Cloud Burst and
collect 3000 Coins in a single day.
Remaining: <0xFD><0x02>","<0x52>Nube Explosiva! Juega y recoge
3000 Fichas en un solo día.
Restantes: <0xFD><0x02>",83,2,85,pokemon,dialogue,"Fais-les éclater
! Joue à Cloud Burst et collecte
3000 Jetons en un jour. Restant : <0xFD><0x02>",
0x01F0E8EF," to
collect at least <0xFC><0x01><0x06><0xFD><0x02><0xFC><0x01><0x08> Coins in a<0xFA>single day by playing <0xFC><0x01><0x06>Cloud Burst<0xFC><0x01><0x08>.<0xFB>I would spot you some Coins to
play, but I still owe the Black<0xFA>Ferrothorn some money.","
al menos <0xFC><0x01><0x06><0xFD><0x02><0xFC><0x01><0x08> Monedas en un solo<0xFA>día jugando la <0xFC><0x01><0x06>Nube Explosiva<0xFC><0x01><0x08>.<0xFB>Te conseguiría algunas Fichas para
jugar, pero todavía le debo<0xFA>dinero al Ferrothorn Negro.",167,2,169,pokemon,dialogue,,
0x01F0E8F4,"ollect at least <0xFC><0x01><0x06><0xFD><0x02><0xFC><0x01><0x08> Coins in a<0xFA>single day by playing <0xFC><0x01><0x06>Cloud Burst<0xFC><0x01><0x08>.<0xFB>I would spot you some Coins to
play, but I still owe the Black<0xFA>Ferrothorn some money.","enos <0xFC><0x01><0x06><0xFD><0x02><0xFC><0x01><0x08> Monedas en un solo<0xFA>día jugando la <0xFC><0x01><0x06>Nube Explosiva<0xFC><0x01><0x08>.<0xFB>Te conseguiría algunas Fichas para
jugar, pero todavía le debo<0xFA>dinero al Ferrothorn Negro.",162,2,164,pokemon,dialogue,,
0x01F0E900,"ast <0xFC><0x01><0x06><0xFD><0x02><0xFC><0x01><0x08> Coins in a<0xFA>single day by playing <0xFC><0x01><0x06>Cloud Burst<0xFC><0x01><0x08>.<0xFB>I would spot you some Coins to
play, but I still owe the Black<0xFA>Ferrothorn some money.","<0x08> Monedas en un solo<0xFA>día jugando la <0xFC><0x01><0x06>Nube Explosiva<0xFC><0x01><0x08>.<0xFB>Te conseguiría algunas Fichas para
jugar, pero todavía le debo<0xFA>dinero al Ferrothorn Negro.",150,2,152,pokemon,dialogue,,
0x01F0E9EB,"Now is not the time to quit.<0xFB>Your earnings of <0xFD><0x02> today are
not so far off from <0xFC><0x01><0x06><0xFD><0x03><0xFC><0x01><0x08>!","No te puedes rendir.<0xFB>Has ganado <0xFD><0x02> hoy.
No estás lejos de las <0xFC><0x01><0x06><0xFD><0x03><0xFC><0x01><0x08> Monedas.",88,2,90,pokemon,dialogue,"Ce n'est pas le moment d'arrêter.<0xFB>Tes gains de {STR_VAR_1} aujourd'hui ne
sont pas loin des {COLOR}É{STR_VAR_2}{COLOR}Ë !",
0x01F0EDB9,"Only <0xFD><0x02> minutes of Happy Hour
are left!<0xFB>Get moving, whippersnapper!
Go, go, go!","<0x52>Solo quedan <0xFD><0x02> minutos de la
Hora Feliz!<0xFB><0x52>Muévete!
<0x52>Ve! <0x52>Ve! <0x52>Ve!",79,2,81,pokemon,dialogue,"Il ne reste que <0xFD><0x02> minutes de
Happy Hour !<0xFB>Allez, remue-toi !
Allez, allez !",
0x01F0EF76,"New Game <0x2E> has been activated.<0xFB>Please check Box <0xB1><0xFC><0x01><0x06><0xFD><0x02><0xFC><0x01><0x02><0xB2> for
Pokémon carried over.<0xFB><0xFC><0x01><0x07>DON'T FORGET TO BACK UP YOUR
SAVE FILE BEFORE SAVING!","Nuevo Juego<0x2E> ha sido activado.<0xFB>Marca la casilla <0xB1><0xFC><0x01><0x06><0xFD><0x02><0xFC><0x01><0x02><0xB2> para los
Pokémon transferidos.<0xFB><0xFC><0x01><0x07><0x52>NO OLVIDES DE TENER UNA COPIA
DE SEGURIDAD!",141,3,144,pokemon,dialogue,"New Game + a été activé.<0xFB>Vérifie la Boîte "" {COLOR}É{STR_VAR_1}{COLOR}Á "" pour les
Pokémon transférés.<0xFB>{COLOR}ÊN'OUBLIE PAS DE SAUVEGARDER
AVANT DE SAUVER !",
0x01F0F89C,Your name is <0xFD><0x01>?,<0x51>Te llamas <0xFD><0x01>?,16,2,18,pokemon,dialogue,Ton nom est <0xFD><0x01> ?,
0x01F0FC3F,"<0xFC><0x01><0x06><0xFD><0x02><0xFC><0x01><0x02> is the recommended
difficulty for you.<0xFB>While you are allowed to pick a
higher difficulty, doing so may<0xFA>harm your gameplay experience.<0xFB>Are you okay to continue with the
<0xFC><0x01><0x06><0xFD><0x02><0xFC><0x01><0x02> difficulty?","<0xFC><0x01><0x06><0xFD><0x02><0xFC><0x01><0x02> es la dificultad
recomendada para ti.<0xFB>Si bien puedes elegir una dificultad
más alta, hacerlo puede dañar tu<0xFA>experiencia de juego.<0xFB><0x51>Está bien continuar con la dificultad
<0xFC><0x01><0x06><0xFD><0x02><0xFC><0x01><0x02>?",197,1,198,pokemon,dialogue,"{COLOR}É{STR_VAR_1}{COLOR}Á est
la difficulté recommandée pour toi.<0xFB>Tu peux
choisir plus haut, mais cela peut<0xFA>nuire à ton expérience.<0xFB>Es-tu d'accord
pour continuer en difficulté {COLOR}É{STR_VAR_1}{COLOR}Á ?",
0x01F0FE8E,"The game's puzzle difficulty has
been set to <0xFC><0x01><0x06><0xFD><0x02><0xFC><0x01><0x02>.<0xFB>If you change it at any point using
the Options Menu, be sure to leave<0xFA>the area for the changes to take<0xFA>effect.","La dificultad del rompecabezas del
juego se estableció en <0xFC><0x01><0x06><0xFD><0x02><0xFC><0x01><0x02>.<0xFB>Si lo cambias en cualquier momento
usando el Menú de Opciones,<0xFA>asegúrate de guardar los cambios.",166,2,168,pokemon,dialogue,"La difficulté
des puzzles a été réglée sur {COLOR}É{STR_VAR_1}{COLOR}Á.<0xFB>Si tu la
changes via le menu Options, pense à<0xFA>quitter la zone pour<0xFA>appliquer les changements.",
0x01F10323,"The game's difficulty has been set
to <0xFC><0x01><0x06><0xFD><0x02><0xFC><0x01><0x02>.<0xFB>Feel free to switch between Vanilla
and Difficult at any point using<0xFA>the Options Menu.","La dificultad del juego se
estableció en <0xFC><0x01><0x06><0xFD><0x02><0xFC><0x01><0x02>.<0xFB>Siéntete libre de cambiar entre
Normal y Difícil en el Menú de<0xFA>Opciones.",134,2,136,pokemon,system,"La difficulté du jeu est réglée
sur {COLOR}É{STR_VAR_1}{COLOR}Á.<0xFB>Tu peux passer entre Vanilla
et Difficile via<0xFA>le Menu Options.",
0x01F103AA,"The game's difficulty has been set
to <0xFC><0x01><0x06><0xFD><0x02><0xFC><0x01><0x02>.<0xFB>Since New Game <0x2E> is activated, this
may be changed freely at any point<0xFA>using the <0xFC><0x01><0x06>Options<0xFC><0x01><0x02> Menu.","La dificultad del juego se
estableció en <0xFC><0x01><0x06><0xFD><0x02><0xFC><0x01><0x02>.<0xFB>Una vez que se haya activado el
Nuevo Juego<0x2E>, esto se podrá<0xFA>cambiar en el <0xFC><0x01><0x06>Menú de Opciones<0xFC><0x01><0x02>.",148,1,149,pokemon,system,"La difficulté du jeu est réglée
sur {COLOR}É{STR_VAR_1}{COLOR}Á.<0xFB>Comme New Game + est activé,
tu peux la changer à tout moment<0xFA>via le {COLOR}ÉMenu Options{COLOR}Á.",
0x01F11A95,"uld the wrong sort
try to force your true power free""<0xFB>Then trust <0xFD><0x02> to protect you.<0xFB>Farewell, my good friend.","u vez, si el tipo equivocado
intenta liberar tu poder""<0xFB>Entonces, busca a mi bebé para que
te proteja.<0xFB><0x52>Adiós!",109,2,111,pokemon,dialogue,,
0x01F11D25,"<0xFD><0x01> scurried to the nearest healer,
protecting the exhausted and fainted
Pokémon from further harm""<0xFB>","<0x52>Has corrido al Centro Pokémon más
cercano para poder restaurar la
salud de tu equipo Pokémon!<0xFB>    ",99,3,102,pokemon,description,"<0xFD><0x01> s'est rué vers un soigneur,
protégeant Pokémon épuisés et K.O.
de nouveaux dangers...<0xFB>",
0x01F11DD6,In Cube:<0xFC><0x06>  <0xFD><0x02>,En Cubo:<0xFC><0x06>  <0xFD><0x02>,14,3,17,pokemon,location,,
0x01F1206E,"Become one of the Undying Lucario!
Fight <0xFD><0x02> battles to be initiated.","<0x52>Sé parte de los Eterno Lucario!
Ten <0xFD><0x02> batallas para unirte.",68,4,72,pokemon,dialogue,"Deviens un Lucario Immortel !
Mène <0xFD><0x02> combats pour l'initiation.",
0x01F121E3,"In order to complete your initiation,
you must enjoy the thrill of battle<0xFA>at least <0xFC><0x01><0x06><0xFD><0x02><0xFC><0x01><0x08> times.","Para ser parte, debes disfrutar de
la emoción de las batallas al menos<0xFA><0xFC><0x01><0x06><0xFD><0x02><0xFC><0x01><0x08> veces.",98,3,101,pokemon,dialogue,"Pour finir ton initiation,
tu dois goûter au frisson du combat<0xFA>au moins {COLOR}É{STR_VAR_1}{COLOR}Ë fois.",
0x01F121F5,"te your initiation,
you must enjoy the thrill of battle<0xFA>at least <0xFC><0x01><0x06><0xFD><0x02><0xFC><0x01><0x08> times.","bes disfrutar de
la emoción de las batallas al menos<0xFA><0xFC><0x01><0x06><0xFD><0x02><0xFC><0x01><0x08> veces.",80,3,83,pokemon,dialogue,,
0x01F12282,"You have fought many battles.<0xFB>But in order to be a true member of
the Undying Lucario, you must wage<0xFA><0xFC><0x01><0x06><0xFD><0x04><0xFC><0x01><0x08> more.","Has liberado muchas batallas.<0xFB>Pero para ser parte de los Eterno
Lucario, debes ganar <0xFC><0x01><0x06><0xFD><0x04><0xFC><0x01><0x08> o más.",115,3,118,pokemon,dialogue,"Tu as livré beaucoup de combats.<0xFB>Mais pour être un vrai membre
des Lucario Immortels, tu dois en<0xFA>faire encore {COLOR}É{STR_VAR_3}{COLOR}Ë.",
0x01F13EED,"<0xFC><0x01><0x02><0xFD><0x01> handed over the
<0xFD><0x03>.",<0xFC><0x01><0x02>Has entregado <0xFD><0x03>.,25,3,28,pokemon,description,"{COLOR}Á{PLAYER} a remis
{STR_VAR_2}.",
0x01F13F3A,"Welcome back!<0xFB>I've successfully revived your
fossil into a healthy <0xFD><0x02>!<0xFB>But you'll need some space in your
party if you want to take it.","<0x52>Hola de nuevo!<0xFB><0x52>He revivido con éxito y se ha
convertido en <0xFD><0x02>!<0xFB>Pero para poder dártelo, necesitar
tener espacio en tu equipo.",135,2,137,pokemon,dialogue,"Re-bonjour !<0xFB>J'ai réussi à ranimer ton fossile
en un <0xFD><0x02> en pleine forme !<0xFB>Mais il faut de la place dans ton
équipe pour le prendre.",
0x01F13FC2,"Welcome back!<0xFB>I've successfully revived your
fossil into a healthy <0xFD><0x02>!","<0x52>Hola de nuevo!<0xFB><0x52>He revivido con éxito y se ha
convertido en <0xFD><0x02>!",70,3,73,pokemon,dialogue,"Re-bonjour !<0xFB>J'ai réussi à ranimer ton fossile
en un <0xFD><0x02> en pleine forme !",
0x01F14141,"That <0xFC><0x01><0x06><0xFD><0x04><0xFC><0x01><0x08>! Will you sell it
to me for <0xB7><0xFC><0x01><0x06><0xFD><0x03><0xFC><0x01><0x08>? Will you?","<0x52>Un <0xFC><0x01><0x06><0xFD><0x04><0xFC><0x01><0x08>! <0x51>Me lo venderías
por <0xB7><0xFC><0x01><0x06><0xFD><0x03><0xFC><0x01><0x08>?",62,4,66,pokemon,dialogue,"Ce {COLOR}É{STR_VAR_3}{COLOR}Ë ! Tu me le vends
pour ¥{COLOR}É{STR_VAR_2}{COLOR}Ë ? Tu veux ?",
0x01F14321," myself.<0xFB>But unlike my friend over there,
I'm not interested in buyin'<0xFA>anythin' off of ya.<0xFB>I just want ya to collect
<0xFC><0x01><0x06><0xFD><0x02> Hard Stones<0xFC><0x01><0x08> for me.<0xFB>Ya think ya can do it?","a de mi amigo de
allí, no estoy interesado en<0xFA>comprarte nada.<0xFB>Sólo quiero que recojas
<0xFC><0x01><0x06><0xFD><0x02> Piedras Dura<0xFC><0x01><0x08>.<0xFB><0x51>Crees que puedas hacerlo?",168,2,170,pokemon,dialogue,,
0x01F146F6,"<0xFC><0x01><0x02><0xFD><0x01> handed over
<0xFD><0x03> <0xFD><0x02>s.",<0xFC><0x01><0x02>Has entregado <0xFD><0x03> <0xFD><0x02>.,25,2,27,pokemon,description,,
0x01F14710,"<0xFC><0x01><0x02><0xFD><0x01> handed over the
<0xFD><0x02>.",<0xFC><0x01><0x02>Has entregado <0xFD><0x02>.,25,2,27,pokemon,description,"{COLOR}Á{PLAYER} a remis
{STR_VAR_1}.",
0x01F1472A,"Didja bring me some more
<0xFC><0x01><0x06>Hard Stones<0xFC><0x01><0x08>?<0xFB>I'll give ya some <0xFC><0x01><0x06>Gems<0xFC><0x01><0x08> if you don't
mind forkin' <0xFC><0x01><0x06><0xFD><0x02><0xFC><0x01><0x08> of 'em over.","<0x51>Me trajiste más <0xFC><0x01><0x06>Piedra Dura<0xFC><0x01><0x08>?<0xFB>Te daré algunas <0xFC><0x01><0x06>Gemas<0xFC><0x01><0x08> si no te
importa gastar <0xFC><0x01><0x06><0xFD><0x02><0xFC><0x01><0x08> de ellas.",120,2,122,pokemon,dialogue,"T'as encore des
{COLOR}ÉPierres Dures{COLOR}Ë ?<0xFB>Je te file des {COLOR}ÉGemmes{COLOR}Ë si tu veux
me filer {COLOR}É{STR_VAR_1}{COLOR}Ë.",
0x01F14825,"If you get another <0xFC><0x01><0x06><0xFD><0x02> Hard Stones<0xFC><0x01><0x08>,
come back and trade 'em, will ya?","Si consigues otras <0xFC><0x01><0x06><0xFD><0x02> Piedra
Dura<0xFC><0x01><0x08>, vuelve y cámbialas,<0xFA><0x51>quieres?",74,2,76,pokemon,dialogue,"Si tu obtiens {COLOR}É{STR_VAR_1} Pierres Dures{COLOR}Ë,
reviens échanger, d'accord ?",
0x01F1516B,"<0xFC><0x01><0x02><0xFD><0x01> received an Egg from
the Psychic!",<0xFC><0x01><0x02>Has recibido un Huevo Pokémon.,39,3,42,pokemon,dialogue,"{COLOR}Á{PLAYER} a reçu un OEuf du
Médium !",
0x01F15C6C,"Huh?
Oh""<0xFC><0x08><0x18> hey there, <0xFD><0x02>""<0xFB>How'z it hangin'?<0xFB>Your Pokémon wanna sniff on some
uh""<0xFC><0x08><0x18> Rose Incense?<0xFB>It's really good for the soul.
Makes it nice and mellow""","<0x51>Eh? Oh""<0xFC><0x08><0x18> <0x52>Hola! <0x51>Cómo te va""?<0xFB><0x51>Tus Pokémon quieren oler un poco de
eh""<0xFC><0x08><0x18> Incienso de Rosas?<0xFB>Es realmente bueno para el alma""
<0x52>La hace super suave!",155,2,157,pokemon,dialogue,"Hein ?
Oh...{PAUSE}ね salut, {STR_VAR_1}...<0xFB>Ça plane ?<0xFB>Tes Pokémon veulent renifler un peu
euh...{PAUSE}ね Encens Rose ?<0xFB>C'est super pour l'âme.
Ça te rend zen, tout doux...",
0x01F15D08,"<0xFC><0x01><0x02><0xFD><0x02> sniffed on the
strange plant""<0xFB>It's feeling tougher!","<0xFC><0x01><0x02><0xFD><0x02> olfateó la planta""
<0x52>Se siente más feliz!",57,2,59,pokemon,dialogue,"{COLOR}Á{STR_VAR_1} a reniflé la
plante étrange...<0xFB>Il se sent plus fort !",
0x01F15E32,"See, I'm the sort of guy who's
into flowers.<0xFB>You get me?<0xFB>Most beautiful part of nature,
<0xFD><0x02>""<0xFB>You'll be trippin' just watchin'
them all! Let's get funky!","Mira, soy el tipo de persona que
le gustan las flores.<0xFB>La parte más hermosa de la
naturaleza""<0xFB><0x52>Te volverás loco con olerlas a
todas!<0xFB><0x52>A divertirnos!",151,2,153,pokemon,dialogue,"Tu vois, je suis le genre de gars
qui aime les fleurs.<0xFB>Tu piges ?<0xFB>La plus belle part de la nature,
<0xFD><0x02>...<0xFB>Tu vas planer rien qu'en les
regardant ! On se lâche !",
0x01F15E68,"e?<0xFB>Most beautiful part of nature,
<0xFD><0x02>""<0xFB>You'll be trippin' just watchin'
them all! Let's get funky!","<0xFB>La parte más hermosa de la
naturaleza""<0xFB><0x52>Te volverás loco con olerlas a
todas!<0xFB><0x52>A divertirnos!",97,2,99,pokemon,dialogue,,
0x01F15EFF,"That's deep, <0xFD><0x02>.<0xFB>Dunno if that's the fog talkin'""<0xFB>""but I really felt it, man.
Body and soul.<0xFB>Here. Take this fine, fine Badge,
for beatin' Mirskle, Gym Leader<0xFA>of flowers.","Eso es profundo""<0xFB>No sé si es la niebla la que habla""
pero realmente lo sentí en cuerpo<0xFA>y alma.<0xFB>Llévate esta magnífica Medalla,
por vencerme.",170,2,172,pokemon,dialogue,"C'est profond, <0xFD><0x02>.<0xFB>J'sais pas si c'est le brouillard...<0xFB>...mais je l'ai vraiment senti, mec.
Corps et âme.<0xFB>Tiens. Prends ce super Badge,
pour battre Mirskle, Champion<0xFA>d'Arène des fleurs.",
0x01F15FAA,"<0xFC><0x01><0x02><0xFD><0x01> received the Leaf Badge
from Mirskle!",Has recibido la <0xFC><0x01><0x06>Medalla Hoja<0xFC><0x01><0x08>.,43,2,45,pokemon,dialogue,"{COLOR}Á{PLAYER} a reçu le Badge Feuille
de Mirskle !",
0x01F164BE,"Ah, I see a Trainer has passed
my test""<0xFB>Tell me, what is your name?<0xFB>""<0xFB><0xFD><0x01>?
I see"" so that's how it is""","Ah, veo que alguien ha pasado mi
prueba""<0xFB>Dime, <0x51>cómo te llamas?<0xFB>""<0xFB><0x51><0xFD><0x01>? Ya veo""
Así es como te llamas""",101,2,103,pokemon,dialogue,"Ah, je vois qu'un Dresseur a réussi
mon épreuve...<0xFB>Dis-moi, comment t'appelles-tu ?<0xFB>...<0xFB><0xFD><0x01> ?
Je vois... c'est donc ça...",
0x01F164CE,"ner has passed
my test""<0xFB>Tell me, what is your name?<0xFB>""<0xFB><0xFD><0x01>?
I see"" so that's how it is""","ien ha pasado mi
prueba""<0xFB>Dime, <0x51>cómo te llamas?<0xFB>""<0xFB><0x51><0xFD><0x01>? Ya veo""
Así es como te llamas""",85,2,87,pokemon,dialogue,,
0x01F16852,"<0xFC><0x01><0x02><0xFD><0x01> received the Vision Badge
from Véga!",Has recibido la <0xFC><0x01><0x06>Medalla Visión<0xFC><0x01><0x08>.,42,2,44,pokemon,dialogue,"{COLOR}Á{PLAYER} a reçu le Badge Vision
de Véga !",
0x01F171F2,"<0xFC><0x01><0x02><0xFD><0x01> received the Wings Badge
from Alice!",Has recibido la <0xFC><0x01><0x06>Medalla Ala<0xFC><0x01><0x04>.,42,2,44,pokemon,dialogue,"{COLOR}Á{PLAYER} a reçu le Badge Ailes
d'Alice !",
0x01F17835,"<0xFC><0x01><0x02><0xFD><0x01> received the Fall Badge
from Mel!",Has recibido la <0xFC><0x01><0x06>Medalla Otoño<0xFC><0x01><0x08>.,39,3,42,pokemon,dialogue,"{COLOR}Á{PLAYER} a reçu le Badge Chute
de Mel !",
0x01F17E86,"<0xFC><0x01><0x02><0xFD><0x01> received the Battery Badge
from Galavan!",Has recibido la <0xFC><0x01><0x06>Medalla Batería<0xFC><0x01><0x08>.,46,2,48,pokemon,dialogue,"{COLOR}Á{PLAYER} a reçu le Badge Zap
de Galavan !",
0x01F18085,"Don't let anythin' stand in your
way, <0xFD><0x01>!<0xFB>And never let any disadvantage hold
you back from realizin' your goals!","<0x52>No dejes que nadie se interponga
en tu camino, <0xFD><0x01>!<0xFB><0x52>No permitas que nada intervenga en
tus objetivos!",113,2,115,pokemon,dialogue,"Ne laisse rien se mettre sur ta
route, <0xFD><0x01> !<0xFB>Et ne laisse aucun désavantage
t'empêcher d'atteindre tes buts !",
0x01F18372,"Ha ha ha ha!<0xFB>They should start callin' you
Big <0xFD><0x01>!","<0x52>Ja, ja, ja! <0x52>Deberían llamarte Gran
<0xFD><0x01>!",50,3,53,pokemon,dialogue,"Ha ha ha ha !<0xFB>Ils devraient t'appeler
Big <0xFD><0x01> !",
0x01F184CD,"<0xFC><0x01><0x02><0xFD><0x01> received the Ring Badge
from Big Mo!",<0xFC><0x01><0x02>Has recibido la Medalla Anillo.,42,2,44,pokemon,dialogue,"{COLOR}Á{PLAYER} a reçu le Badge Combat
de Big Mo !",
0x01F18710,"If you ever come back to Antisis
City, <0xFD><0x01>, just know I've got my<0xFA>eye on you!<0xFB>Ha ha ha ha!<0xFB>I've got my eye on everyone here!
It's my job!","Si alguna vez regresas a Ciudad
Antisis.<0xFB>No olvides en visitarme,
<0x52><0xFD><0x01>!<0xFB><0x52>Tengo el ojo puesto en ti!
<0x52>Ja, ja, ja! <0x52>Es mi trabajo!",136,2,138,pokemon,dialogue,"Si tu reviens un jour à la Ville
d'Antisis, <0xFD><0x01>, sache que je te<0xFA>garde à l'oeil !<0xFB>Ha ha ha ha !<0xFB>J'ai un oeil sur tout le monde ici !
C'est mon boulot !",
0x01F18A6C,"<0xFC><0x01><0x02><0xFD><0x01> received the Swamp Badge
from Tessy!",<0xFC><0x01><0x02>Has recibido la Medalla Pantano.,42,2,44,pokemon,dialogue,"{COLOR}Á{PLAYER} a reçu le Badge Marais
de Tessy !",
0x01F1919E,"<0xFC><0x01><0x02><0xFD><0x01> received the Time Badge
from Benjamin!",Has recibido la <0xFC><0x01><0x06>Medalla Tiempo<0xFC><0x01><0x08>.,44,3,47,pokemon,dialogue,"{COLOR}Á{PLAYER} a reçu le Badge Temps
de Benjamin !",
0x01F1A3EE,"<0xFC><0x01><0x02>The <0xFD><0x02> dove back into
the pond.",<0xFC><0x01><0x02><0xFD><0x02> se ha sumergido de nuevo.,34,2,36,pokemon,description,"{COLOR}ÁLe {STR_VAR_1} a replongé dans
l'étang.",
0x01F1A99A,It's a bulb of some sort.<0xFB>Turn it <0xFC><0x01><0x06><0xFD><0x02><0xFC><0x01><0x02>?,"Es una bombilla.
<0x51>Quieres <0xFC><0x01><0x06><0xFD><0x02><0xFC><0x01><0x02>?",43,3,46,pokemon,dialogue,C'est une sorte d'ampoule.<0xFB>La mettre {COLOR}É{STR_VAR_1}{COLOR}Á ?,
0x01F1A9DA,<0xFC><0x01><0x02>The <0xFD><0x02> rolled off.,<0xFC><0x01><0x02><0xFD><0x02> se fue rodando.,21,3,24,pokemon,description,{COLOR}ÁLe {STR_VAR_1} a roulé.,
0x01F1B62C,"Do ya really think you can take
down Big Mo with no <0xFC><0x01><0x06><0xFD><0x02><0xFC><0x01><0x08>-type<0xFA>moves? Huh?","<0x51>Crees que puedes derrotar al Gran
Mo sin movimientos de tipo <0xFC><0x01><0x06><0xFD><0x02><0xFC><0x01><0x08>?<0xFA><0x51>Eh?",77,3,80,pokemon,dialogue,"Tu crois vraiment pouvoir battre
Big Mo sans capacités de type {COLOR}É{STR_VAR_1}{COLOR}Ë<0xFA>? Hein ?",
0x01F1D49E,"Remarkable, <0xFD><0x01>, remarkable!<0xFB>And even though this isn't an
official Gym, take this Gem!","Maravilloso, <0xFD><0x01>.<0xFB>Aunque no es un Gimnasio oficial,
<0x52>llévate esta Gema!",86,2,88,pokemon,dialogue,"Remarquable, <0xFD><0x01>, remarquable !<0xFB>Et même si ce n'est pas une Arène
officielle, prends cette Gemme !",
0x01F1EBCA,"Dresco Pokémon Gym
Leader: Mirskle<0xFB>Winning Trainers:
Jax, <0xFD><0x06>","<0x52>Gimnasio Pokémon!
Líder: Mirskle.<0xFB>Ganadores: Jax, <0xFD><0x06>.",60,2,62,pokemon,description,"Arène Pokémon de Bourg Dresco
Champion : Mirskle<0xFB>Dresseurs vainqueurs :
Jax, <0xFD><0x06>",
0x01F1EBF0,"ning Trainers:
Jax, <0xFD><0x06>","adores: Jax, <0xFD><0x06>.",22,2,24,pokemon,description,,
0x01F1EC07,"Dresco Pokémon Gym
Leader: Mirskle<0xFB>Winning Trainers:
Jax, <0xFD><0x06>, <0xFD><0x01>","<0x52>Gimnasio Pokémon!
Líder: Mirskle.<0xFB>Ganadores: Jax, <0xFD><0x06>, <0xFD><0x01>.",64,2,66,pokemon,description,"Arène Pokémon de Bourg Dresco
Champion : Mirskle<0xFB>Dresseurs vainqueurs :
Jax, <0xFD><0x06>, <0xFD><0x01>",
0x01F1EC14,"n Gym
Leader: Mirskle<0xFB>Winning Trainers:
Jax, <0xFD><0x06>, <0xFD><0x01>","émon!
Líder: Mirskle.<0xFB>Ganadores: Jax, <0xFD><0x06>, <0xFD><0x01>.",51,2,53,pokemon,description,,
0x01F1EC48,"Crater Pokémon Gym
Leader: Véga<0xFB>Winning Trainers:
Jax, <0xFD><0x06>","<0x52>Gimnasio Pokémon!
Líder: Vega.<0xFB>Ganadores: Jax, <0xFD><0x06>.",57,2,59,pokemon,description,"Arène Pokémon de Bourg Cratère
Champion : Véga<0xFB>Dresseurs vainqueurs :
Jax, <0xFD><0x06>",
0x01F1EC82,"Crater Pokémon Gym
Leader: Véga<0xFB>Winning Trainers:
Jax, <0xFD><0x06>, <0xFD><0x01>","<0x52>Gimnasio Pokémon!
Líder: Vega.<0xFB>Ganadores: Jax, <0xFD><0x06>, <0xFD><0x01>.",61,2,63,pokemon,description,"Arène Pokémon de Bourg Cratère
Champion : Véga<0xFB>Dresseurs vainqueurs :
Jax, <0xFD><0x06>, <0xFD><0x01>",
0x01F1ECC0,"Blizzard Pokémon Gym
Leader: Alice<0xFB>Winning Trainers:
Jax, <0xFD><0x06>","<0x52>Gimnasio Pokémon!
Líder: Alice.<0xFB>Ganadores: Jax, <0xFD><0x06>.",60,2,62,pokemon,description,"Arène Pokémon de Ville Blizzard
Champion : Alice<0xFB>Dresseurs vainqueurs :
Jax, <0xFD><0x06>",
0x01F1ECE7,"ing Trainers:
Jax, <0xFD><0x06>","res: Jax, <0xFD><0x06>.",21,2,23,pokemon,description,,
0x01F1ECFD,"Blizzard Pokémon Gym
Leader: Alice<0xFB>Winning Trainers:
Jax, <0xFD><0x06>, <0xFD><0x01>","<0x52>Gimnasio Pokémon!
Líder: Alice.<0xFB>Ganaores: Jax, <0xFD><0x06>, <0xFD><0x01>.",64,1,65,pokemon,description,"Arène Pokémon de Ville Blizzard
Champion : Alice<0xFB>Dresseurs vainqueurs :
Jax, <0xFD><0x06>, <0xFD><0x01>",
0x01F1ED02,"ard Pokémon Gym
Leader: Alice<0xFB>Winning Trainers:
Jax, <0xFD><0x06>, <0xFD><0x01>","asio Pokémon!
Líder: Alice.<0xFB>Ganaores: Jax, <0xFD><0x06>, <0xFD><0x01>.",59,1,60,pokemon,description,,
0x01F1ED0A,"mon Gym
Leader: Alice<0xFB>Winning Trainers:
Jax, <0xFD><0x06>, <0xFD><0x01>","émon!
Líder: Alice.<0xFB>Ganaores: Jax, <0xFD><0x06>, <0xFD><0x01>.",51,1,52,pokemon,description,,
0x01F1ED17,"r: Alice<0xFB>Winning Trainers:
Jax, <0xFD><0x06>, <0xFD><0x01>","Alice.<0xFB>Ganaores: Jax, <0xFD><0x06>, <0xFD><0x01>.",38,1,39,pokemon,description,,
0x01F1ED1D,"ce<0xFB>Winning Trainers:
Jax, <0xFD><0x06>, <0xFD><0x01>","<0xFB>Ganaores: Jax, <0xFD><0x06>, <0xFD><0x01>.",32,1,33,pokemon,description,,
0x01F1ED21,"inning Trainers:
Jax, <0xFD><0x06>, <0xFD><0x01>","aores: Jax, <0xFD><0x06>, <0xFD><0x01>.",28,1,29,pokemon,description,,
0x01F1ED3E,"Fallshore Pokémon Gym
Leader: Mel<0xFB>Winning Trainers:
Jax, <0xFD><0x06>","<0x52>Gimnasio Pokémon!
Líder: Mel.<0xFB>Ganadores: Jax, <0xFD><0x06>.",59,1,60,pokemon,description,"Arène Pokémon de Ville de Fallshore
Champion : Mel<0xFB>Dresseurs vainqueurs :
Jax, <0xFD><0x06>",
0x01F1ED7A,"Fallshore Pokémon Gym
Leader: Mel<0xFB>Winning Trainers:
Jax, <0xFD><0x06>, <0xFD><0x01>","<0x52>Gimnasio Pokémon!
Líder: Mel.<0xFB>Ganadores: Jax, <0xFD><0x06>, <0xFD><0x01>.",63,2,65,pokemon,description,"Arène Pokémon de Ville de Fallshore
Champion : Mel<0xFB>Dresseurs vainqueurs :
Jax, <0xFD><0x06>, <0xFD><0x01>",
0x01F1EDF3,"Tarmigan Mansion
Successor: Maxima<0xFB>Winning Trainers:
Jax, <0xFD><0x01>","<0x52>Mansión Tarmi!
Sucesora: Máxima.<0xFB>Ganadores: Jax, <0xFD><0x01>.",60,2,62,pokemon,description,"Manoir Tarmigan
Successeure : Maxima<0xFB>Dresseurs vainqueurs :
Jax, <0xFD><0x01>",
0x01F1EDFC,"Mansion
Successor: Maxima<0xFB>Winning Trainers:
Jax, <0xFD><0x01>","Tarmi!
Sucesora: Máxima.<0xFB>Ganadores: Jax, <0xFD><0x01>.",51,2,53,pokemon,description,,
0x01F1EDFF,"sion
Successor: Maxima<0xFB>Winning Trainers:
Jax, <0xFD><0x01>","mi!
Sucesora: Máxima.<0xFB>Ganadores: Jax, <0xFD><0x01>.",48,2,50,pokemon,description,,
0x01F1EE00,"ion
Successor: Maxima<0xFB>Winning Trainers:
Jax, <0xFD><0x01>","i!
Sucesora: Máxima.<0xFB>Ganadores: Jax, <0xFD><0x01>.",47,2,49,pokemon,description,,
0x01F1EE01,"on
Successor: Maxima<0xFB>Winning Trainers:
Jax, <0xFD><0x01>","!
Sucesora: Máxima.<0xFB>Ganadores: Jax, <0xFD><0x01>.",46,2,48,pokemon,description,,
0x01F1EE30,"Tarmigan Mansion
Successor: Maxima<0xFB>Winning Trainers:
Jax, <0xFD><0x01>, <0xFD><0x06>","<0x52>Mansión Tarmi!
Sucesora: Máxima.<0xFB>Ganadores: Jax, <0xFD><0x01>, <0xFD><0x06>.",64,2,66,pokemon,description,"Manoir Tarmigan
Successeure : Maxima<0xFB>Dresseurs vainqueurs :
Jax, <0xFD><0x01>, <0xFD><0x06>",
0x01F1EE71,"Dehara Pokémon Gym
Leader: Galavan<0xFB>Winning Trainers:
Jax, <0xFD><0x06>","<0x52>Gimnasio Pokémon!
Líder: Galavan.<0xFB>Ganadores: Jax, <0xFD><0x06>.",60,2,62,pokemon,description,"Arène Pokémon de Ville de Dehara
Champion : Galavan<0xFB>Dresseurs vainqueurs :
Jax, <0xFD><0x06>",
0x01F1EEEC,<0xFD><0x01>,<0xFD><0x01><0xFF>R<0xC1><0xDD><0xE1><0xE2><0xD5><0xE7><0xDD><0xE3>,2,2,4,pokemon,other,,
0x01F1EEEF,"Antisis Pokémon Gym
Leader: Big Mo<0xFB>Winning Trainers:
Jax, <0xFD><0x06>","<0x52>Gimnasio Pokémon!
Líder: Gran Mo.<0xFB>Ganadores: Jax, <0xFD><0x06>.",60,2,62,pokemon,description,"Arène Pokémon de Ville d'Antisis
Champion : Big Mo<0xFB>Dresseurs vainqueurs :
Jax, <0xFD><0x06>",
0x01F1EEF8,"okémon Gym
Leader: Big Mo<0xFB>Winning Trainers:
Jax, <0xFD><0x06>"," Pokémon!
Líder: Gran Mo.<0xFB>Ganadores: Jax, <0xFD><0x06>.",51,2,53,pokemon,description,,
0x01F1EEFC,"on Gym
Leader: Big Mo<0xFB>Winning Trainers:
Jax, <0xFD><0x06>","émon!
Líder: Gran Mo.<0xFB>Ganadores: Jax, <0xFD><0x06>.",47,2,49,pokemon,description,,
0x01F1EF02,"
Leader: Big Mo<0xFB>Winning Trainers:
Jax, <0xFD><0x06>","Líder: Gran Mo.<0xFB>Ganadores: Jax, <0xFD><0x06>.",41,2,43,pokemon,description,,
0x01F1EF19," Trainers:
Jax, <0xFD><0x06>","es: Jax, <0xFD><0x06>.",18,2,20,pokemon,other,,
0x01F1EF2C,"Antisis Pokémon Gym
Leader: Big Mo<0xFB>Winning Trainers:
Jax, <0xFD><0x06>, <0xFD><0x01>","<0x52>Gimnasio Pokémon!
Líder: Gran Mo.<0xFB>Ganadores: Jax, <0xFD><0x06>, <0xFD><0x01>.",64,2,66,pokemon,description,"Arène Pokémon de Ville d'Antisis
Champion : Big Mo<0xFB>Dresseurs vainqueurs :
Jax, <0xFD><0x06>, <0xFD><0x01>",
0x01F1EF6D,"Polder Pokémon Gym
Leader: Tessy<0xFB>Winning Trainers:
Jax, <0xFD><0x06>","<0x52>Gimnasio Pokémon!
Líder: Tessy.<0xFB>Ganadores: Jax, <0xFD><0x06>.",58,2,60,pokemon,description,"Arène Pokémon de Bourg Polder
Champion : Tessy<0xFB>Dresseurs vainqueurs :
Jax, <0xFD><0x06>",
0x01F1EFA8,"Polder Pokémon Gym
Leader: Tessy<0xFB>Winning Trainers:
Jax, <0xFD><0x06>, <0xFD><0x01>","<0x52>Gimnasio Pokémon!
Líder: Tessy.<0xFB>Ganadores: Jax, <0xFD><0x06>, <0xFD><0x01>.",62,2,64,pokemon,description,"Arène Pokémon de Bourg Polder
Champion : Tessy<0xFB>Dresseurs vainqueurs :
Jax, <0xFD><0x06>, <0xFD><0x01>",
0x01F1F022,"Redwood Pokémon Gym
Leader: Benjamin<0xFB>Winning Trainers:
Jax, <0xFD><0x01>","<0x52>Gimnasio Pokémon!
Líder: Benjamín.<0xFB>Ganador: Jax, <0xFD><0x01>.",62,2,64,pokemon,description,"Arène Pokémon de Bourg Redwood
Champion : Benjamin<0xFB>Dresseurs vainqueurs :
Jax, <0xFD><0x01>",
0x01F1F061,"Redwood Pokémon Gym
Leader: Benjamin<0xFB>Winning Trainers:
Jax, <0xFD><0x01>, <0xFD><0x06>","<0x52>Gimnasio Pokémon!
Líder: Benjamín.<0xFB>Ganador: Jax, <0xFD><0x01>, <0xFD><0x06>.",66,3,69,pokemon,description,"Arène Pokémon de Bourg Redwood
Champion : Benjamin<0xFB>Dresseurs vainqueurs :
Jax, <0xFD><0x01>, <0xFD><0x06>",
0x01F1FEA4,"As of now, the secrets behind <0xFC><0x01><0x06><0xFD><0x04><0xFC><0x01><0x08>
tablet<0xFD><0x08> have yet to be uncovered.<0xFB>Once you have uncovered what is
behind all of them, come see me<0xFA>for a reward.","Hasta el momento, los secretos de
las <0xFC><0x01><0x06><0xFD><0x04><0xFC><0x01><0x08> Tablas, aún no se han<0xFA>descubierto.<0xFB>Una vez hayas encontrado las Tablas
restantes, <0x52>ven a verme!",151,3,154,pokemon,dialogue,"Pour l'instant, ces {COLOR}É{STR_VAR_3}{COLOR}Ë
tablette{EVIL_TEAM} restent un mystère.<0xFB>Quand tu auras tout découvert,
viens me voir<0xFA>pour une récompense.",
0x01F206C0,"<0xFD><0x01>!
Fancy meeting you here!<0xFB>Figured you'd be out running one of
Log's <0xB1>errands<0xB2>, or something.<0xFB>""<0xFB>Oh, you are. Typical.<0xFB>He's such a cheapskate.
He can't do anything himself.","<0x52><0xFD><0x01>! <0x52>Supuse que estarías
afuera haciendo uno de los<0xFA><0xB1>recados<0xB2> de Long, o algo así!<0xFB>""<0xFB>Es un inútil. <0x06>l no puede hacer nada
por sí mismo.",172,2,174,pokemon,dialogue,"<0xFD><0x01> !
Quel hasard de te voir ici !<0xFB>Je pensais que tu faisais une
des "" corvées "" de Log, ou un truc.<0xFB>...<0xFB>Ah, c'est le cas. Typique.<0xFB>Quel radin.
Il ne fait rien lui-même.",
0x01F20799,"<0xFC><0x01><0x02><0xFD><0x01> handed the Pokédex
over to <0xFD><0x06>.","Has entregado la Pokédex a
<0xFC><0x01><0x06><0xFD><0x06><0xFC><0x01><0x08>.",36,2,38,pokemon,description,"{COLOR}Á{PLAYER} a remis le Pokédex
à {RIVAL}.",
0x01F218F1,"<0xFC><0x01><0x02>It's a statue of a Pokémon.
It seems to exude power""<0xFB><0xFD><0x01> read the engraved
writing""<0xFB>""
""<0xFB>A body of rock.<0xFB>A body of ice.<0xFB>A body of steel.<0xFB>When gathers the three Pokémon,
the king shall appear.","<0xFC><0x01><0x02>Es una estatua de un Pokémon.
Parece exudar poder""<0xFB>Has leído la escritura grabada""<0xFB>""
""<0xFB>Un cuerpo de roca.<0xFB>Un cuerpo de hielo.<0xFB>Un cuerpo de acero.<0xFB>Al reunir los 3 Pokémon, aparecerá
el rey.",192,2,194,pokemon,description,"{COLOR}ÁC'est une statue de Pokémon.
Elle semble dégager une puissance...<0xFB>{PLAYER} lit l'inscription
gravée...<0xFB>...
...<0xFB>Un corps de roche.<0xFB>Un corps de glace.<0xFB>Un corps d'acier.<0xFB>Quand les trois Pokémon se
rassemblent, le roi apparaîtra.",
0x01F21F21,"Why don't you try mining instead
of me?<0xFB>It'll cost you <0xB7><0xFC><0x01><0x06><0xFD><0x02><0xFC><0x01><0x08>, but you're
free to keep what you dig up!","<0x51>Por qué no intentas minar en mi
lugar?<0xFB>Te costará <0xB7><0xFC><0x01><0x06><0xFD><0x02><0xFC><0x01><0x08>, <0x52>te puedes
quedar con lo que encuentres!",106,2,108,pokemon,dialogue,"Pourquoi ne pas miner plutôt
qu'à ma place ?<0xFB>Ça te coûtera ¥{COLOR}É{STR_VAR_1}{COLOR}Ë, mais tu es
libre de garder ce que tu trouves !",
0x01F22996,"You don't have enough
<0xFC><0x01><0x06><0xFD><0x03>s.",No tienes suficientes <0xFC><0x01><0x06><0xFD><0x03>.,29,1,30,pokemon,dialogue,"Tu n'as pas assez de
{COLOR}É{STR_VAR_2}s.",
0x01F229D5,"I'm the Gem Family brother that
loves his Ratatta!<0xFB>I can teach <0xFC><0x01><0x06><0xFD><0x02><0xFC><0x01><0x08> to a
Pokémon for <0xFC><0x01><0x06><0xFD><0x04> <0xFD><0x03>s<0xFC><0x01><0x08>.","Soy el hermano de la Familia Gema.<0xFB>Puedo enseñarle <0xFC><0x01><0x06><0xFD><0x02><0xFC><0x01><0x08> a
un Pokémon por <0xFC><0x01><0x06><0xFD><0x04> <0xFD><0x03><0xFC><0x01><0x08>.",102,3,105,pokemon,dialogue,"Frère de la Famille Gemme
qui adore son Rattata !<0xFB>Je peux enseigner {COLOR}É{STR_VAR_1}{COLOR}Ë à un
Pokémon pour {COLOR}É{STR_VAR_3} {STR_VAR_2}s{COLOR}Ë.",
0x01F22A3C,"I'm the Gem Family brother with
powerful fists.<0xFB>I can teach <0xFC><0x01><0x06><0xFD><0x02><0xFC><0x01><0x08> to a
Pokémon for <0xFC><0x01><0x06><0xFD><0x04> <0xFD><0x03>s<0xFC><0x01><0x08>.","Soy el hermano de la Familia Gema.<0xFB>Puedo enseñarle <0xFC><0x01><0x06><0xFD><0x02><0xFC><0x01><0x08> a
un Pokémon por <0xFC><0x01><0x06><0xFD><0x04> <0xFD><0x03><0xFC><0x01><0x08>.",99,3,102,pokemon,dialogue,"Frère de la Famille Gemme
aux poings puissants.<0xFB>Je peux enseigner {COLOR}É{STR_VAR_1}{COLOR}Ë à un
Pokémon pour {COLOR}É{STR_VAR_3} {STR_VAR_2}s{COLOR}Ë.",
0x01F22AA0,"I'm the Gem Family brother with
wings of light.<0xFB>I can teach <0xFC><0x01><0x06><0xFD><0x02><0xFC><0x01><0x08> to a
Pokémon for <0xFC><0x01><0x06><0xFD><0x04> <0xFD><0x03>s<0xFC><0x01><0x08>.","Soy el hermano de la Familia Gema.<0xFB>Puedo enseñarle <0xFC><0x01><0x06><0xFD><0x02><0xFC><0x01><0x08> a
un Pokémon por <0xFC><0x01><0x06><0xFD><0x04> <0xFD><0x03><0xFC><0x01><0x08>.",99,3,102,pokemon,dialogue,"Frère de la Famille Gemme
aux ailes de lumière.<0xFB>Je peux enseigner {COLOR}É{STR_VAR_1}{COLOR}Ë à un
Pokémon pour {COLOR}É{STR_VAR_3} {STR_VAR_2}s{COLOR}Ë.",
0x01F22B04,"I'm the Gem Family brother with
the toxic disposition.<0xFB>I can teach <0xFC><0x01><0x06><0xFD><0x02><0xFC><0x01><0x08> to a
Pokémon for <0xFC><0x01><0x06><0xFD><0x04> <0xFD><0x03>s<0xFC><0x01><0x08>.","Soy el hermano de la Familia Gema.<0xFB>Puedo enseñarle <0xFC><0x01><0x06><0xFD><0x02><0xFC><0x01><0x08> a
un Pokémon por <0xFC><0x01><0x06><0xFD><0x04> <0xFD><0x03><0xFC><0x01><0x08>.",106,3,109,pokemon,dialogue,"Frère de la Famille Gemme
au tempérament toxique.<0xFB>Je peux enseigner {COLOR}É{STR_VAR_1}{COLOR}Ë à un
Pokémon pour {COLOR}É{STR_VAR_3} {STR_VAR_2}s{COLOR}Ë.",
0x01F22B5E,or <0xFC><0x01><0x06><0xFD><0x04> <0xFD><0x03>s<0xFC><0x01><0x08>.,                ,16,3,19,pokemon,description,,
0x01F22B6F,"I'm the Gem Family brother in
tune with the earth.<0xFB>I can teach <0xFC><0x01><0x06><0xFD><0x02><0xFC><0x01><0x08> to a
Pokémon for <0xFC><0x01><0x06><0xFD><0x04> <0xFD><0x03>s<0xFC><0x01><0x08>.","Soy el hermano de la Familia Gema.<0xFB>Puedo enseñarle <0xFC><0x01><0x06><0xFD><0x02><0xFC><0x01><0x08> a
un Pokémon por <0xFC><0x01><0x06><0xFD><0x04> <0xFD><0x03><0xFC><0x01><0x08>.",102,3,105,pokemon,dialogue,"Frère de la Famille Gemme
en phase avec la terre.<0xFB>Je peux enseigner {COLOR}É{STR_VAR_1}{COLOR}Ë à un
Pokémon pour {COLOR}É{STR_VAR_3} {STR_VAR_2}s{COLOR}Ë.",
0x01F22BD6,"I'm the Gem Family brother with
a stone cold heart.<0xFB>I can teach <0xFC><0x01><0x06><0xFD><0x02><0xFC><0x01><0x08> to a
Pokémon for <0xFC><0x01><0x06><0xFD><0x04> <0xFD><0x03>s<0xFC><0x01><0x08>.","Soy el hermano de la Familia Gema.<0xFB>Puedo enseñarle <0xFC><0x01><0x06><0xFD><0x02><0xFC><0x01><0x08> a
un Pokémon por <0xFC><0x01><0x06><0xFD><0x04> <0xFD><0x03><0xFC><0x01><0x08>.",103,3,106,pokemon,dialogue,"Frère de la Famille Gemme
au coeur de pierre.<0xFB>Je peux enseigner {COLOR}É{STR_VAR_1}{COLOR}Ë à un
Pokémon pour {COLOR}É{STR_VAR_3} {STR_VAR_2}s{COLOR}Ë.",
0x01F22C3E,"I'm the Gem Family brother that
simply loves insects.<0xFB>I can teach <0xFC><0x01><0x06><0xFD><0x02><0xFC><0x01><0x08> to a
Pokémon for <0xFC><0x01><0x06><0xFD><0x04> <0xFD><0x03>s<0xFC><0x01><0x08>.","Soy el hermano de la Familia Gema.<0xFB>Puedo enseñarle <0xFC><0x01><0x06><0xFD><0x02><0xFC><0x01><0x08> a
un Pokémon por <0xFC><0x01><0x06><0xFD><0x04> <0xFD><0x03><0xFC><0x01><0x08>.",105,3,108,pokemon,dialogue,"Frère de la Famille Gemme
qui adore les insectes.<0xFB>Je peux enseigner {COLOR}É{STR_VAR_1}{COLOR}Ë à un
Pokémon pour {COLOR}É{STR_VAR_3} {STR_VAR_2}s{COLOR}Ë.",
0x01F22CA8,"I'm the Gem Family sister that can
communicate with spirits.<0xFB>I can teach <0xFC><0x01><0x06><0xFD><0x02><0xFC><0x01><0x04> to a
Pokémon for <0xFC><0x01><0x06><0xFD><0x04> <0xFD><0x03>s<0xFC><0x01><0x04>.","Soy la hermana de la Familia Gema.<0xFB>Puedo enseñarle <0xFC><0x01><0x06><0xFD><0x02><0xFC><0x01><0x04> a
un Pokémon por <0xFC><0x01><0x06><0xFD><0x04> <0xFD><0x03><0xFC><0x01><0x04>.",112,3,115,pokemon,dialogue,"Soeur de la Famille Gemme
qui parle aux esprits.<0xFB>Je peux enseigner {COLOR}É{STR_VAR_1}{COLOR}Ç à un
Pokémon pour {COLOR}É{STR_VAR_3} {STR_VAR_2}s{COLOR}Ç.",
0x01F22D19,"I'm the Gem Family brother that has
an iron-clad will.<0xFB>I can teach <0xFC><0x01><0x06><0xFD><0x02><0xFC><0x01><0x08> to a
Pokémon for <0xFC><0x01><0x06><0xFD><0x04> <0xFD><0x03>s<0xFC><0x01><0x08>.","Soy el hermano de la Familia Gema.<0xFB>Puedo enseñarle <0xFC><0x01><0x06><0xFD><0x02><0xFC><0x01><0x08> a
un Pokémon por <0xFC><0x01><0x06><0xFD><0x04> <0xFD><0x03><0xFC><0x01><0x08>.",106,3,109,pokemon,dialogue,"Frère de la Famille Gemme
à la volonté d'acier.<0xFB>Je peux enseigner {COLOR}É{STR_VAR_1}{COLOR}Ë à un
Pokémon pour {COLOR}É{STR_VAR_3} {STR_VAR_2}s{COLOR}Ë.",
0x01F22D84,"I'm the Gem Family brother that's
a pyromaniac.<0xFB>I can teach <0xFC><0x01><0x06><0xFD><0x02><0xFC><0x01><0x08> to a
Pokémon for <0xFC><0x01><0x06><0xFD><0x04> <0xFD><0x03>s<0xFC><0x01><0x08>.","Soy el hermano de la Familia Gema.<0xFB>Puedo enseñarle <0xFC><0x01><0x06><0xFD><0x02><0xFC><0x01><0x08> a
un Pokémon por <0xFC><0x01><0x06><0xFD><0x04> <0xFD><0x03><0xFC><0x01><0x08>.",99,3,102,pokemon,dialogue,"Frère de la Famille Gemme
pyromane.<0xFB>Je peux enseigner {COLOR}É{STR_VAR_1}{COLOR}Ë à un
Pokémon pour {COLOR}É{STR_VAR_3} {STR_VAR_2}s{COLOR}Ë.",
0x01F22DD2,mon for <0xFC><0x01><0x06><0xFD><0x04> <0xFD><0x03>s<0xFC><0x01><0x08>.,<0x01><0x06><0xFD><0x04> <0xFD><0x03><0xFC><0x01><0x08>.,21,3,24,pokemon,description,,
0x01F22DE8,"I'm the Gem Family brother that
would rather be outside by the sea.<0xFB>I can teach <0xFC><0x01><0x06><0xFD><0x02><0xFC><0x01><0x08> to a
Pokémon for <0xFC><0x01><0x06><0xFD><0x04> <0xFD><0x03>s<0xFC><0x01><0x08>.","Soy el hermano de la Familia Gema.<0xFB>Puedo enseñarle <0xFC><0x01><0x06><0xFD><0x02><0xFC><0x01><0x08> a
un Pokémon por <0xFC><0x01><0x06><0xFD><0x04> <0xFD><0x03><0xFC><0x01><0x08>.",119,3,122,pokemon,dialogue,"Frère de la Famille Gemme
qui préfère être près de la mer.<0xFB>Je peux enseigner {COLOR}É{STR_VAR_1}{COLOR}Ë à un
Pokémon pour {COLOR}É{STR_VAR_3} {STR_VAR_2}s{COLOR}Ë.",
0x01F22E53,<0x01><0x06><0xFD><0x04> <0xFD><0x03>s<0xFC><0x01><0x08>.,            ,12,3,15,pokemon,description,,
0x01F22E60,"I'm the Gem Family sister that
smells the best.<0xFB>I can teach <0xFC><0x01><0x06><0xFD><0x02><0xFC><0x01><0x04> to a
Pokémon for <0xFC><0x01><0x06><0xFD><0x04> <0xFD><0x03>s<0xFC><0x01><0x04>.","Soy la hermana de la Familia Gema.<0xFB>Puedo enseñarle <0xFC><0x01><0x06><0xFD><0x02><0xFC><0x01><0x04> a
un Pokémon por <0xFC><0x01><0x06><0xFD><0x04> <0xFD><0x03><0xFC><0x01><0x04>.",99,3,102,pokemon,dialogue,"Soeur de la Famille Gemme
qui sent le meilleur.<0xFB>Je peux enseigner {COLOR}É{STR_VAR_1}{COLOR}Ç à un
Pokémon pour {COLOR}É{STR_VAR_3} {STR_VAR_2}s{COLOR}Ç.",
0x01F22EC4,"I'm the Gem Family brother that
looks like an outcast.<0xFB>I can teach <0xFC><0x01><0x06><0xFD><0x02><0xFC><0x01><0x08> to a
Pokémon for <0xFC><0x01><0x06><0xFD><0x04> <0xFD><0x03>s<0xFC><0x01><0x08>.","Soy el hermano de la Familia Gema.<0xFB>Puedo enseñarle <0xFC><0x01><0x06><0xFD><0x02><0xFC><0x01><0x08> a
un Pokémon por <0xFC><0x01><0x06><0xFD><0x04> <0xFD><0x03><0xFC><0x01><0x08>.",106,3,109,pokemon,dialogue,"Frère de la Famille Gemme
qui a l'air d'un paria.<0xFB>Je peux enseigner {COLOR}É{STR_VAR_1}{COLOR}Ë à un
Pokémon pour {COLOR}É{STR_VAR_3} {STR_VAR_2}s{COLOR}Ë.",
0x01F22F2F,"I'm the Gem Family brother that
can see into your future.<0xFB>I can teach <0xFC><0x01><0x06><0xFD><0x02><0xFC><0x01><0x08> to a
Pokémon for <0xFC><0x01><0x06><0xFD><0x04> <0xFD><0x03>s<0xFC><0x01><0x08>.","Soy el hermano de la Familia Gema.<0xFB>Puedo enseñarle <0xFC><0x01><0x06><0xFD><0x02><0xFC><0x01><0x08> a
un Pokémon por <0xFC><0x01><0x06><0xFD><0x04> <0xFD><0x03><0xFC><0x01><0x08>.",109,3,112,pokemon,dialogue,"Frère de la Famille Gemme
qui peut voir ton futur.<0xFB>Je peux enseigner {COLOR}É{STR_VAR_1}{COLOR}Ë à un
Pokémon pour {COLOR}É{STR_VAR_3} {STR_VAR_2}s{COLOR}Ë.",
0x01F22F75,"<0xFC><0x01><0x06><0xFD><0x02><0xFC><0x01><0x08> to a
Pokémon for <0xFC><0x01><0x06><0xFD><0x04> <0xFD><0x03>s<0xFC><0x01><0x08>.",on por <0xFC><0x01><0x06><0xFD><0x04> <0xFD><0x03><0xFC><0x01><0x08>.,39,3,42,pokemon,description,,
0x01F22F9D,"I'm the Gem Family sister that
loves playing in the snow.<0xFB>I can teach <0xFC><0x01><0x06><0xFD><0x02><0xFC><0x01><0x04> to a
Pokémon for <0xFC><0x01><0x06><0xFD><0x04> <0xFD><0x03>s<0xFC><0x01><0x04>.","Soy la hermana de la Familia Gema.<0xFB>Puedo enseñarle <0xFC><0x01><0x06><0xFD><0x02><0xFC><0x01><0x04> a
un Pokémon por <0xFC><0x01><0x06><0xFD><0x04> <0xFD><0x03><0xFC><0x01><0x04>.",109,3,112,pokemon,dialogue,"Soeur de la Famille Gemme
qui adore jouer dans la neige.<0xFB>Je peux enseigner {COLOR}É{STR_VAR_1}{COLOR}Ç à un
Pokémon pour {COLOR}É{STR_VAR_3} {STR_VAR_2}s{COLOR}Ç.",
0x01F2300B,"I'm the Gem Family brother that
roars with his Dragons!<0xFB>I can teach <0xFC><0x01><0x06><0xFD><0x02><0xFC><0x01><0x08> to a
Pokémon for <0xFC><0x01><0x06><0xFD><0x04> <0xFD><0x03>s<0xFC><0x01><0x08>.","Soy el hermano de la Familia Gema.<0xFB>Puedo enseñarle <0xFC><0x01><0x06><0xFD><0x02><0xFC><0x01><0x08> a
un Pokémon por <0xFC><0x01><0x06><0xFD><0x04> <0xFD><0x03><0xFC><0x01><0x08>.",107,3,110,pokemon,dialogue,"Frère de la Famille Gemme
qui rugit avec ses Dragons !<0xFB>Je peux enseigner {COLOR}É{STR_VAR_1}{COLOR}Ë à un
Pokémon pour {COLOR}É{STR_VAR_3} {STR_VAR_2}s{COLOR}Ë.",
0x01F23012," Gem Family brother that
roars with his Dragons!<0xFB>I can teach <0xFC><0x01><0x06><0xFD><0x02><0xFC><0x01><0x08> to a
Pokémon for <0xFC><0x01><0x06><0xFD><0x04> <0xFD><0x03>s<0xFC><0x01><0x08>.","hermano de la Familia Gema.<0xFB>Puedo enseñarle <0xFC><0x01><0x06><0xFD><0x02><0xFC><0x01><0x08> a
un Pokémon por <0xFC><0x01><0x06><0xFD><0x04> <0xFD><0x03><0xFC><0x01><0x08>.",100,3,103,pokemon,dialogue,,
0x01F23035," his Dragons!<0xFB>I can teach <0xFC><0x01><0x06><0xFD><0x02><0xFC><0x01><0x08> to a
Pokémon for <0xFC><0x01><0x06><0xFD><0x04> <0xFD><0x03>s<0xFC><0x01><0x08>.","nseñarle <0xFC><0x01><0x06><0xFD><0x02><0xFC><0x01><0x08> a
un Pokémon por <0xFC><0x01><0x06><0xFD><0x04> <0xFD><0x03><0xFC><0x01><0x08>.",65,3,68,pokemon,dialogue,,
0x01F23077,"I'm the Gem Family brother that
likes to skulk around in the dark.<0xFB>I can teach <0xFC><0x01><0x06><0xFD><0x02><0xFC><0x01><0x08> to a
Pokémon for <0xFC><0x01><0x06><0xFD><0x04> <0xFD><0x03>s<0xFC><0x01><0x08>.","Soy el hermano de la Familia Gema.<0xFB>Puedo enseñarle <0xFC><0x01><0x06><0xFD><0x02><0xFC><0x01><0x08> a
un Pokémon por <0xFC><0x01><0x06><0xFD><0x04> <0xFD><0x03><0xFC><0x01><0x08>.",118,3,121,pokemon,dialogue,"Frère de la Famille Gemme
qui rôde dans l'ombre.<0xFB>Je peux enseigner {COLOR}É{STR_VAR_1}{COLOR}Ë à un
Pokémon pour {COLOR}É{STR_VAR_3} {STR_VAR_2}s{COLOR}Ë.",
0x01F230EE,"I'm the Gem Family sister that's a
magical fairy princess!<0xFB>I can teach <0xFC><0x01><0x06><0xFD><0x02><0xFC><0x01><0x04> to a
Pokémon for <0xFC><0x01><0x06><0xFD><0x04> <0xFD><0x03>s<0xFC><0x01><0x04>.","Soy la hermana de la Familia Gema.<0xFB>Puedo enseñarle <0xFC><0x01><0x06><0xFD><0x02><0xFC><0x01><0x04> a
un Pokémon por <0xFC><0x01><0x06><0xFD><0x04> <0xFD><0x03><0xFC><0x01><0x04>.",110,3,113,pokemon,dialogue,"Soeur de la Famille Gemme
qui est une princesse féerique !<0xFB>Je peux enseigner {COLOR}É{STR_VAR_1}{COLOR}Ç à un
Pokémon pour {COLOR}É{STR_VAR_3} {STR_VAR_2}s{COLOR}Ç.",
0x01F2311D,"y princess!<0xFB>I can teach <0xFC><0x01><0x06><0xFD><0x02><0xFC><0x01><0x04> to a
Pokémon for <0xFC><0x01><0x06><0xFD><0x04> <0xFD><0x03>s<0xFC><0x01><0x04>.","rle <0xFC><0x01><0x06><0xFD><0x02><0xFC><0x01><0x04> a
un Pokémon por <0xFC><0x01><0x06><0xFD><0x04> <0xFD><0x03><0xFC><0x01><0x04>.",63,3,66,pokemon,dialogue,,
0x01F23252,"You should visit your <0xFC><0x01><0x06>mother<0xFC><0x01><0x08> before
getting my package, <0xFD><0x01>.<0xFB>She is likely very worried
about you.","Deberías visitar a tu <0xFC><0x01><0x06>mamá<0xFC><0x01><0x08> antes
de recibir mi Paquete, <0xFD><0x01>.<0xFB>Probablemente esté preocupada por
ti.",103,2,105,pokemon,dialogue,"Tu devrais voir ta {COLOR}Émère{COLOR}Ë avant
de prendre mon colis, {PLAYER}.<0xFB>Elle doit être très inquiète
pour toi.",
0x01F232BA,"Please get my package from the
<0xFC><0x01><0x06>Bellin Town Poké Mart<0xFC><0x01><0x08>, <0xFD><0x01>.<0xFB>I need it, and only you can get it.","Por favor, recoge mi Paquete en
<0xFC><0x01><0x06>Ciudad Bellin<0xFC><0x01><0x08>, en la Tienda Pokémon.",99,2,101,pokemon,dialogue,"Récupère mon colis au
{COLOR}ÉPoké Mart de Bourg Bellin{COLOR}Ë, {PLAYER}.<0xFB>J'en ai besoin, et toi seul peux
l'avoir.",
0x01F2331E,"Oh, <0xFD><0x01>!
You returned with my package!","<0x52><0xFD><0x01>! <0x52>Regresaste con
mi Paquete!",37,2,39,pokemon,dialogue,"Oh, <0xFD><0x01> !
Tu es revenu avec mon colis !",
0x01F23344,<0xFC><0x01><0x02><0xFD><0x01> delivered the parcel.,Has entregado el Paquete.,27,3,30,pokemon,description,{COLOR}Á{PLAYER} a livré le paquet.,
0x01F23A8E,"Oh!<0xFB>My memory seems to be going"" I
have one more thing to give you.<0xFB>Please, the next time you see
<0xFD><0x06>, give him this Pokédex.","<0x52>Oh! <0x52>Mi memoria me está fallando""!
<0x52>Tengo una cosa más que darte!<0xFB>Por favor, cuando veas a <0xFD><0x06>,
dale esta Pokédex.",124,2,126,pokemon,dialogue,"Oh !<0xFB>Ma mémoire flanche... J'ai encore
quelque chose à te donner.<0xFB>S'il te plaît, quand tu verras
<0xFD><0x06>, donne-lui ce Pokédex.",
0x01F23BAD,"Please visit my friend in <0xFC><0x01><0x06>Dresco
Town<0xFC><0x01><0x08>, <0xFD><0x01>.<0xFB>I'm counting on you.","Por favor, visita a mi amigo en
<0xFC><0x01><0x06>Pueblo Dresco<0xFC><0x01><0x08>.<0xFB><0x52>Cuento contigo!",69,3,72,pokemon,dialogue,"Va voir mon ami à {COLOR}ÉBourg
Dresco{COLOR}Ë, {PLAYER}.<0xFB>Je compte sur toi.",
0x01F23BF3,"<0xFD><0x01>, you need to hurry to
<0xFC><0x01><0x06>Thundercap Mt.<0xFC><0x01><0x08>!<0xFB>If the Shadows get there before
you, Borrius is doomed!<0xFB>Head north of town and take the <0xFC><0x01><0x06>KBT
Expressway<0xFC><0x01><0x08> far <0xFC><0x01><0x06>south<0xFC><0x01><0x08> to go quickly.","<0x52><0xFD><0x01>! <0x52>Ve a <0xFC><0x01><0x06>Mt. Trueno<0xFC><0x01><0x08>
lo antes posible!<0xFB>Si las Sombras llegan antes que
tú, <0x52>Borrius está perdido!<0xFB>Ve al norte del pueblo y toma la
<0xFC><0x01><0x06>Autopista RBT<0xFC><0x01><0x08> para ir más rápido.",186,3,189,pokemon,dialogue,"{PLAYER}, dépêche-toi d'aller
au {COLOR}ÉMont Thundercap{COLOR}Ë !<0xFB>Si les Ombres arrivent avant toi,
Borrius est condamné !<0xFB>Au nord, prends la {COLOR}ÉRoute
KBT{COLOR}Ë plein sud vite.",
0x01F23D81,"Now that the dark force has been
released, the end of Borrius<0xFA>is near.<0xFB><0xFD><0x01>!<0xFB>You need to find Jax and help him
seal away the power once more!","Ahora que la Fuerza Oscura ha sido
liberada, el fin de Borrius está<0xFA>cerca.<0xFB><0x52><0xFD><0x01>!<0xFB><0x52>Encuentra a Jax y ayúdalo a sellar
el poder una vez más!",139,2,141,pokemon,dialogue,"La force obscure est libérée,
la fin de Borrius<0xFA>est proche.<0xFB><0xFD><0x01> !<0xFB>Tu dois trouver Jax et l'aider à
sceller ce pouvoir encore une fois !",
0x01F23DC4,"ar.<0xFB><0xFD><0x01>!<0xFB>You need to find Jax and help him
seal away the power once more!","<0xFA>cerca.<0xFB><0x52><0xFD><0x01>!<0xFB><0x52>Encuentra a Jax y ayúdalo a sellar
el poder una vez más!",72,2,74,pokemon,dialogue,,
0x01F23EE7,"<0xFD><0x01>!
It's good to see you!<0xFB>How goes the hunt for the
mysterious portals?","<0x52><0xFD><0x01>! <0x52>Me alegra verte!<0xFB><0x51>Cómo va la búsqueda de los
portales?",71,3,74,pokemon,dialogue,"<0xFD><0x01> !
C'est bon de te voir !<0xFB>Comment se passe la chasse aux
portails mystérieux ?",
0x01F242AB,<0xFD><0x01>!,"<0xFD><0x01>""",3,3,6,pokemon,dialogue,,
0x01F2452D,"Smart choice, <0xFD><0x01>!<0xFB>Just be happy with the Pokémon
you catch!","Buena elección, <0xFD><0x01>.<0xFB><0x52>Sé feliz con los Pokémon que
atrapes!",59,2,61,pokemon,dialogue,"Choix intelligent, <0xFD><0x01> !<0xFB>Contente-toi d'être heureux avec
les Pokémon que tu captures !",
0x01F24789,"If you'd ever like to hide them,
don't hesitate to ask, <0xFD><0x01>.","Si alguna vez quieres ocultarlas, no
dudes en preguntar.",59,2,61,pokemon,dialogue,"Si jamais tu veux les cacher,
n'hésite pas à demander, <0xFD><0x01>.",
0x01F247C5,"Hi, <0xFD><0x01>!<0xFB>Did you know your Pokémon have
hidden stats called <0xFC><0x01><0x06>Effort Values<0xFC><0x01><0x08><0xFA>and <0xFC><0x01><0x06>Individual Values<0xFC><0x01><0x08>?<0xFB>I can show you those stats if
you'd like!","<0x52><0xFD><0x01>!<0xFB><0x51>Sabías que tus Pokémon tienen
estadísticas ocultas llamadas<0xFA><0xFC><0x01><0x06>Valores Esfuerzo<0xFC><0x01><0x08> y <0xFC><0x01><0x06>Valores<0xFA>Individuales<0xFC><0x01><0x08>?<0xFB><0x52>Te los mostraré si quieres!",149,2,151,pokemon,dialogue,"Salut, {PLAYER} !<0xFB>Savais-tu que tes Pokémon ont des
stats cachées appelées {COLOR}ÉValeurs<0xFA>d'Effort{COLOR}Ë et {COLOR}ÉValeurs Individuelles{COLOR}Ë ?<0xFB>Je peux te montrer ces stats si
tu veux !",
0x01F24CD7,"<0xFC><0x01><0x02><0xFD><0x01> handed over the Notebook
and the Stat Scanner.","<0xFC><0x01><0x02>Has entregado Cuaderno y Escáner
Stats.",52,2,54,pokemon,description,"{COLOR}Á{PLAYER} a remis le Carnet
et le Scanner de Stats.",
0x01F24D0C,<0xFC><0x01><0x02><0xFD><0x01> handed over the Notebook.,<0xFC><0x01><0x02>Has entregado el Cuaderno.,31,2,33,pokemon,description,{COLOR}Á{PLAYER} a remis le Carnet.,
0x01F24D71,<0xFC><0x01><0x02><0xFD><0x01> took back the Stat Scanner.,<0xFC><0x01><0x02>Has recuperado Escáner Stats.,33,3,36,pokemon,description,{COLOR}Á{PLAYER} a repris le Scanner.,
0x01F24FE7,"<0xFC><0x01><0x02><0xFD><0x01> handed over the
Stat Scanner.",<0xFC><0x01><0x02>Has entregado Escáner Stats.,35,3,38,pokemon,description,"{COLOR}Á{PLAYER} a remis le
Scanner de Stats.",
0x01F25990,"Feller, you ever wanted to charge
right at yer foe like a raging<0xFA>Mudsdale?<0xFB>No sweat, I can teach yer Pokémon
<0xFC><0x01><0x06>HiHorsepower<0xFC><0x01><0x04> for <0xFC><0x01><0x06><0xFD><0x03> <0xFD><0x02>s<0xFC><0x01><0x04>!","Oye, <0x51>alguna vez quisiste atacar
como un Mudsdale furioso?<0xFB><0x52>No pasa nada, puedo enseñarle a un
Pokémon <0xFC><0x01><0x06>Fuerza Esquina<0xFC><0x01><0x04> por<0xFA><0xFC><0x01><0x06><0xFD><0x03> <0xFD><0x02>s<0xFC><0x01><0x04>!",145,2,147,pokemon,dialogue,"Hé, t'as déjà voulu charger
droit sur ton adversaire comme un<0xFA>Bourrinos enragé ?<0xFB>Pas de souci, j'enseigne
{COLOR}ÉCavalerie Lourde{COLOR}Ç pour {COLOR}É{STR_VAR_2} {STR_VAR_1}s{COLOR}Ç !",
0x01F25A78,"You ain't got enough of those
<0xFC><0x01><0x06><0xFD><0x02>s<0xFC><0x01><0x04> for this""",<0x52>No tienes suficientes <0xFC><0x01><0x06><0xFD><0x02>s<0xFC><0x01><0x04> para esto!,49,2,51,pokemon,dialogue,"T'as pas assez de ces
{COLOR}É{STR_VAR_1}s{COLOR}Ç pour ça...",
0x01F2633D,"I see you were only able to get a
streak of <0xFC><0x01><0x06><0xFD><0x03><0xFC><0x01><0x08> in the Safari Zone.<0xFB>Unfortunately, that is less than
the <0xFC><0x01><0x06><0xFD><0x02><0xFC><0x01><0x08> required to master the most<0xFA>dangerous game.","Veo que solo tienes una racha de
<0xFC><0x01><0x06><0xFD><0x03><0xFC><0x01><0x08> en la Zona Safari.<0xFB>Desafortunadamente, eso es menos que
los <0xFC><0x01><0x06><0xFD><0x02><0xFC><0x01><0x08> necesario para dominar el<0xFA>juego más peligroso.",162,3,165,pokemon,dialogue,"Je vois que tu n'as obtenu qu'une
série de {COLOR}É{STR_VAR_2}{COLOR}Ë dans le Parc Safari.<0xFB>Malheureusement, c'est moins que les
{COLOR}É{STR_VAR_1}{COLOR}Ë requis pour maîtriser le<0xFA>gibier le plus dangereux.",
0x01F278E7,"Oui, oui, I am ze famous Furfrou
stylist known as Furfité.<0xFB>For <0xFC><0x01><0x06><0xB7><0xFD><0x02><0xFC><0x01><0x04>, I can give your Furfrou
a unique look.<0xFB>Well, do you have ze <0xFC><0x01><0x06>Furfrou<0xFC><0x01><0x04> you
would like me to style?","Sí, soy la famosa estilista Furfrou
conocida como Furfitré.<0xFB>Por <0xFC><0x01><0x06><0xB7><0xFD><0x02><0xFC><0x01><0x04>, puedo darle a  tu
Furfrou un corte único.<0xFB>Dime, <0x51>tienes un <0xFC><0x01><0x06>Furfrou<0xFC><0x01><0x04> que
quiera un corte nuevo?",175,3,178,pokemon,dialogue,"Oui, je suis la styliste star
de Couafarel, Furfité.<0xFB>Pour {COLOR}É¥{STR_VAR_1}{COLOR}Ç, je donne à ton
Couafarel un style unique.<0xFB>As-tu le {COLOR}ÉCouafarel{COLOR}Ç que tu
veux que je coiffe?",
0x01F29184,"I'm sorry"" if this is a joke, I'm
afraid I don't find it amusing.<0xFB>If you don't have a <0xFD><0x02>, then
there's no shame in saying so.","<0x51>Eh? Si esto es una broma, me temo
que no le encuentro lo divertido.<0xFB>Si tienes un <0xFD><0x02>, no te
averg<0xF6>ences en decírmelo.",125,2,127,pokemon,dialogue,"Désolé... si c'est une blague, je ne
trouve pas ça amusant.<0xFB>Si tu n'as pas de <0xFD><0x02>, il n'y
aucune honte à le dire.",
0x01F29202,"Many thanks, <0xFD><0x01>.","Gracias, <0xFD><0x01>.",16,3,19,pokemon,location,"Mille mercis, <0xFD><0x01>.",
0x01F2976B,"uick break.<0xFB>By the way, you wouldn't do ol'
Galavan a solid, and"" well""<0xFB>Spare me your <0xFC><0x01><0x06><0xFD><0x02><0xFC><0x01><0x08>, if ya have
one, anyway?<0xFB>I can give ya my <0xFC><0x01><0x06><0xFD><0x03><0xFC><0x01><0x08>, which
is pretty sweet deal, doncha think?","rto, no le harías nada al
viejo Galavan, y"" bueno""<0xFB>Quiero conseguir un <0xFC><0x01><0x06><0xFD><0x02><0xFC><0x01><0x08>, y yo
te daría mi <0xFC><0x01><0x06><0xFD><0x03><0xFC><0x01><0x08>, lo cual es un<0xFA>trato bastante bueno, <0x51>no crees?",188,2,190,pokemon,dialogue,,
0x01F2986F,"That's not a <0xFC><0x01><0x06><0xFD><0x02><0xFC><0x01><0x08> - what's ol'
Galavan supposed to do with this?<0xFB>There's nuthin' else that comes close
to the final part I need.","<0x52>Ese no es <0xFC><0x01><0x06><0xFD><0x02><0xFC><0x01><0x08>!<0xFB><0x51>Quieres engañar al viejo Galavan?
<0x51>Eh?<0xFB>No hay nada más que se acerque a
la parte final que necesito.",132,2,134,pokemon,dialogue,"C'est pas un {COLOR}É{STR_VAR_1}{COLOR}Ë - qu'est-ce que
je suis censé faire avec ça?<0xFB>Rien d'autre ne ressemble à la
pièce finale qu'il me faut.",
0x01F29D08,"
customers willin' to trade with ol'<0xFA>Tessy""<0xFB>Have ya got a <0xFC><0x01><0x06><0xFD><0x02><0xFC><0x01><0x04> ya'd be
willin' to trade?<0xFB>Let's see"" I got a <0xFC><0x01><0x06><0xFD><0x03><0xFC><0x01><0x04>, if ya
don't mind havin' it fer that.","iente está dispuesto a comerciar<0xFA>con Tessy""<0xFB>Por cierto""<0xFB><0x51>Quieres cambiar un <0xFC><0x01><0x06><0xFD><0x02><0xFC><0x01><0x04> por
un <0xFC><0x01><0x06><0xFD><0x03><0xFC><0x01><0x04>?",158,2,160,pokemon,dialogue,,
0x01F29E0E,"Well""<0xFC><0x08><0x18> uh""<0xFC><0x08><0x18> that's nice, but that still
ain't a <0xFC><0x01><0x06><0xFD><0x02><0xFC><0x01><0x04>, sugah.","Bueno"" uh"" eso es bueno, pero
ese no es un <0xFC><0x01><0x06><0xFD><0x02><0xFC><0x01><0x04>,<0xFA>cariño.",68,2,70,pokemon,description,"Hum...{PAUSE}ね c'est gentil, mais ça
reste pas un {COLOR}É{STR_VAR_1}{COLOR}Ç, chéri.",
0x01F29E53,"Hoo"" that's a relief - thanks,
<0xFD><0x01>.","Esto es genial, gracias,
<0xFD><0x01>.",34,2,36,pokemon,description,"Ouf... merci,
<0xFD><0x01>.",
0x01F2AE3C,"""<0xFB><0xFC><0x01><0x02>The boy is proposing a trade.<0xFB>Would you like to trade a
<0xFC><0x01><0x06><0xFD><0x02><0xFC><0x01><0x02> for his <0xFC><0x01><0x06><0xFD><0x03><0xFC><0x01><0x02>?","""<0xFB><0xFC><0x01><0x02>El chico propone un intercambio.<0xFB><0x51>Quieres cambiar un <0xFC><0x01><0x06><0xFD><0x02><0xFC><0x01><0x02> por
su <0xFC><0x01><0x06><0xFD><0x03><0xFC><0x01><0x02>?",87,2,89,pokemon,dialogue,"...<0xFB>{COLOR}ÁLe garçon propose un échange.<0xFB>Veux-tu échanger un
{COLOR}É{STR_VAR_1}{COLOR}Á contre son {COLOR}É{STR_VAR_2}{COLOR}Á?",
0x01F2AE94,"<0xFC><0x01><0x02>The boy is not looking for that
Pokémon.<0xFB>He wants a <0xFC><0x01><0x06><0xFD><0x02><0xFC><0x01><0x02>.","<0xFC><0x01><0x02>El chico no busca a ese Pokémon.
Quiere un <0xFC><0x01><0x06><0xFD><0x02><0xFC><0x01><0x02>.",64,1,65,pokemon,description,"{COLOR}ÁLe garçon ne cherche pas ce
Pokémon.<0xFB>Il veut un {COLOR}É{STR_VAR_1}{COLOR}Á.",
0x01F2C324,"Welcome to the Magnolia Café!<0xFB>Are you interested in blending some
Pokémon juice for <0xB7><0xFC><0x01><0x06><0xFD><0x03><0xFC><0x01><0x04>?","<0x52>Esta es la Cafetería de Pueblo
Magnolia!<0xFB><0x51>Quieres un poco de juego de Pokémon
por <0xB7><0xFC><0x01><0x06><0xFD><0x03><0xFC><0x01><0x04>?",94,3,97,pokemon,dialogue,"Bienvenue au Café Magnolia !<0xFB>Souhaites-tu mélanger des jus de
Pokémon pour ¥{COLOR}É{STR_VAR_2}{COLOR}Ç ?",
0x01F2C383,"Are you interested in blending some
Pokémon juice for <0xB7><0xFC><0x01><0x06><0xFD><0x03><0xFC><0x01><0x04>?","<0x51>Quieres un poco de juego de Pokémon
por <0xB7><0xFC><0x01><0x06><0xFD><0x03><0xFC><0x01><0x04>?",64,3,67,pokemon,dialogue,"Souhaites-tu mélanger des jus de
Pokémon pour ¥{COLOR}É{STR_VAR_2}{COLOR}Ç ?",
0x01F2C3B4, for <0xB7><0xFC><0x01><0x06><0xFD><0x03><0xFC><0x01><0x04>?,<0x04>?,15,3,18,pokemon,dialogue,,
0x01F2C418,"You've already chosen to blend your
<0xFD><0x02>.<0xFB>Please choose a different one.","Ya has elegido mezclar tu
<0xFD><0x02>.<0xFB>Por favor, elige una diferente.",70,2,72,pokemon,dialogue,"Tu as déjà choisi de mélanger ta
<0xFD><0x02>.<0xFB>Merci d'en choisir une autre.",
0x01F2C45F,"I'm sorry, but I can't blend the
<0xFD><0x02>.<0xFB>Please choose a different Berry.","Lo siento, pero no puedo mezclar
la <0xFD><0x02>.<0xFB>Elige una Baya diferente.",69,3,72,pokemon,dialogue,"Désolé, mais je ne peux pas mixer
la <0xFD><0x02>.<0xFB>Choisis une Baie différente.",
0x01F2C4A5,"So you want to blend the
<0xFC><0x01><0x06><0xFD><0x02><0xFC><0x01><0x04>, <0xFC><0x01><0x06><0xFD><0x03><0xFC><0x01><0x04>,<0xFA>and <0xFC><0x01><0x06><0xFD><0x04><0xFC><0x01><0x04>, is that correct?","Entonces quieres mezclar
<0xFC><0x01><0x06><0xFD><0x02><0xFC><0x01><0x04>, <0xFC><0x01><0x06><0xFD><0x03><0xFC><0x01><0x04>,<0xFA>y <0xFC><0x01><0x06><0xFD><0x04><0xFC><0x01><0x04>, <0x51>es eso correcto?",75,2,77,pokemon,dialogue,,
0x01F2C4D7,"<0x01><0x06><0xFD><0x04><0xFC><0x01><0x04>, is that correct?","<0xFD><0x04><0xFC><0x01><0x04>, <0x51>es eso correcto?",25,2,27,pokemon,dialogue,,
0x01F2C516,"So, you want to blend the drink
for <0xFC><0x01><0x06><0xFD><0x02><0xFC><0x01><0x04>, is that correct?","Genial, quieres licuar la bebida
para <0xFC><0x01><0x06><0xFD><0x02><0xFC><0x01><0x04>, <0x51>es correcto?",62,2,64,pokemon,dialogue,"Donc, tu veux ce breuvage
pour {COLOR}É{STR_VAR_1}{COLOR}Ç, c'est bien ça ?",
0x01F2C555,That'll be <0xB7><0xFD><0x03>.,Serán <0xB7><0xFD><0x03>.,15,2,17,pokemon,location,Ça fera ¥<0xFD><0x03>.,
0x01F2C5A1,"<0xFC><0x01><0x02><0xFD><0x03> happily drank the
Berry blend.","<0xFC><0x01><0x02><0xFD><0x03> ha bebido el jugo de
Bayas.",36,2,38,pokemon,description,"{COLOR}Á{STR_VAR_2} a bu le mélange de
Baies avec plaisir.",
0x01F2CBDA,"Quick, scientist!
What are you standing around for?<0xFB>Grab <0xFD><0x02>!","<0x52>Rápido, científico!
<0x51>Por qué estás parado?<0xFB><0x52>Haz algo!",60,2,62,pokemon,dialogue,"Vite, scientifique !
Qu'est-ce que tu fais planté là ?<0xFB>Attrape <0xFD><0x02> !",
0x01F2CC17,"Now knock <0xFD><0x02> out and lock <0xFD><0x02>
up in the warehouse!<0xFB>Zeph is going to freak out when he
hears about this""","<0x52>Ahora encierra a esa persona en el
almacén!<0xFB>Zeph se asustará cuando se entere
de esto""",102,3,105,pokemon,dialogue,"Assomme <0xFD><0x02> et enferme <0xFD><0x02>
dans l'entrepôt !<0xFB>Zeph va péter un plomb quand il
apprendra ça...",
0x01F2CC7E,"<0xFD><0x04> is unconscious, Hoopa.","Está inconsciente, Hoopa.",25,1,26,pokemon,description,"<0xFD><0x04> est inconscient, Hoopa.",
0x01F2CD70,"And were you the one responsible
for bringing <0xFD><0x02> here?","<0x51>Y fuiste tú el responsable de traer
esto aquí?",54,4,58,pokemon,dialogue,"Et c'est toi qui as amené
<0xFD><0x02> ici ?",
0x01F2CFB0,<0xFC><0x01><0x02>Is his name <0xFD><0x06>?,<0xFC><0x01><0x02><0x51>Se llama <0xFD><0x06>?,18,3,21,pokemon,dialogue,{COLOR}ÁEst-ce que son nom est {RIVAL} ?,
0x01F2CFB5, his name <0xFD><0x06>?,e llama <0xFD><0x06>?,13,3,16,pokemon,dialogue,,
0x01F2CFB7,is name <0xFD><0x06>?,llama <0xFD><0x06>?,11,3,14,pokemon,dialogue,,
0x01F2CFB8,s name <0xFD><0x06>?,lama <0xFD><0x06>?,10,3,13,pokemon,dialogue,,
0x01F2CFBA,name <0xFD><0x06>?,ma <0xFD><0x06>?,8,3,11,pokemon,dialogue,,
0x01F2CFC3,"Come on, <0xFD><0x01>.
Let's find another way out of here.","<0x52>Vamos, <0xFD><0x01>!
Busquemos una manera de escapar.",48,3,51,pokemon,description,"Allez, <0xFD><0x01>. Trouvons un autre
moyen de sortir d'ici.",
0x01F2CFCC,"<0xFD><0x01>.
Let's find another way out of here.","<0x01>!
Busquemos una manera de escapar.",39,3,42,pokemon,description,,
0x01F2D02E,"Hurry up, <0xFD><0x01>, choose a
Pokémon.","Deprisa, <0xFD><0x01>.
<0x52>Elige un Pokémon!",31,2,33,pokemon,description,"Dépêche-toi, <0xFD><0x01>, choisis un
Pokémon.",
0x01F2D1D7,"Huh? Who are you?<0xFB>Pretty sure I was by myself
when they threw me in here.<0xFB>""<0xFB><0xFD><0x01>, huh?<0xFB>And you're saying you got sucked
in here by a magic portal?<0xFB>That's a pretty dramatic entrance.","<0x51>Eh? <0x51>Quién eres?<0xFB>Estoy bastante seguro de que
estaba solo cuando me arrojaron<0xFA>aquí.<0xFB>""<0xFB><0xFD><0x01>, <0x51>eh?<0xFB><0x51>Y estás diciendo que has llegado
aquí desde un portal mágico?<0xFB><0x52>Vaya entrada!",179,2,181,pokemon,dialogue,"Hein ? Qui es-tu ?<0xFB>Je suis presque sûr d'être seul
quand ils m'ont jeté ici.<0xFB>...<0xFB><0xFD><0x01>, hein ?<0xFB>Et tu dis que tu t'es fait aspirer
ici par un portail magique ?<0xFB>C'est une sacrée entrée.",
0x01F2D1EE,"y sure I was by myself
when they threw me in here.<0xFB>""<0xFB><0xFD><0x01>, huh?<0xFB>And you're saying you got sucked
in here by a magic portal?<0xFB>That's a pretty dramatic entrance."," bastante seguro de que
estaba solo cuando me arrojaron<0xFA>aquí.<0xFB>""<0xFB><0xFD><0x01>, <0x51>eh?<0xFB><0x51>Y estás diciendo que has llegado
aquí desde un portal mágico?<0xFB><0x52>Vaya entrada!",156,2,158,pokemon,dialogue,,
0x01F2D4F0,"Did you hear that, <0xFD><0x01>?<0xFB>It sounded like some Pokémon are
trapped in that cage over there!<0xFB>Let's go check it out.","<0x51>Escuchaste eso, <0xFD><0x01>?<0xFB><0x52>Parece que algunos Pokémon están
atrapados en esa jaula de allí!<0xFB><0x52>Vamos a comprobar, <0xFD><0x01>!",111,2,113,pokemon,dialogue,"Tu as entendu, <0xFD><0x01> ?<0xFB>On dirait que des Pokémon sont
piégés dans cette cage là-bas !<0xFB>Allons voir ça de plus près.",
0x01F2D705,"Will you take the <0xFC><0x01><0x06><0xFD><0x03><0xFC><0x01><0x02> Pokémon,
<0xFC><0x01><0x06><0xFD><0x02><0xFC><0x01><0x02>?",<0x51>Eliges a <0xFC><0x01><0x06><0xFD><0x02><0xFC><0x01><0x02>?,45,2,47,pokemon,dialogue,,
0x01F2D733,"The <0xFC><0x01><0x06><0xFD><0x02><0xFC><0x01><0x02> joined <0xFD><0x01>'s party!
It has the <0xFC><0x01><0x06><0xFD><0x03><0xFC><0x01><0x02> nature.",<0x52><0xFC><0x01><0x06><0xFD><0x02><0xFC><0x01><0x02> se ha unido al equipo!,59,2,61,pokemon,dialogue,"Le {COLOR}É{STR_VAR_1}{COLOR}Á a rejoint l'équipe de {PLAYER} !
Il a la nature {COLOR}É{STR_VAR_2}{COLOR}Á.",
0x01F2D78C,"<0xFC><0x01><0x02>Disheartened, the <0xFD><0x02> left.",<0xFC><0x01><0x02><0x52><0xFD><0x02> ha escapado!,29,3,32,pokemon,description,"{COLOR}ÁDéçu, le {STR_VAR_1} est parti.",
0x01F2D90E,"<0xFD><0x01>, let's team up and show
this guy what we can do!","<0xFD><0x01>, <0x52>unamos fuerzas y
derrotemos a este Soldado!",51,3,54,pokemon,dialogue,"<0xFD><0x01>, faisons équipe et montrons
à ce type ce qu'on sait faire !",
0x01F2DA1D,"Not bad, <0xFD><0x01>!
You and I make a pretty good team!<0xFB>But I'll take it from here.<0xFB>Let me use these items on your
Pokémon to heal it from the fight.","<0x52>No está mal, <0xFD><0x01>!
<0x52>Tú y yo hacemos un buen equipo!<0xFB>Déjame usar esta Poción para curar
a nuestros Pokémon.",141,3,144,pokemon,dialogue,"Pas mal, <0xFD><0x01> ! Toi et moi, on
fait une sacrée équipe !<0xFB>Mais je vais m'en charger.<0xFB>Laisse-moi utiliser ces objets pour
soigner ton Pokémon.",
0x01F2DB8B,"<0xFD><0x02>!
Move in and strike!","<0x52><0xFD><0x01>, ataca!",23,3,26,pokemon,dialogue,"<0xFD><0x02> !
Passe à l'attaque !",
0x01F2DBA3,<0xFD><0x02>! Use <0xFD><0x03>!,<0x52><0xFD><0x02> usa <0xFD><0x03>!,11,2,13,pokemon,dialogue,,
0x01F2DBA4,<0x02>! Use <0xFD><0x03>!,<0xFD><0x02> usa <0xFD><0x03>!,10,2,12,pokemon,dialogue,,
0x01F2DBAF,<0xFC><0x01><0x06><0xFD><0x02>!,<0x52><0xFD><0x02>!,6,2,8,pokemon,dialogue,,
0x01F2DC22,<0xFD><0x02>! Return!,"<0xFD><0x02>, vuelve.",11,2,13,pokemon,dialogue,<0xFD><0x02> ! Reviens !,
0x01F2DC2E,"I'm getting out of here now,
<0xFD><0x01>.<0xFB>I'm sure you're capable of taking
care of yourself from here on out.<0xFB>If you run into any trouble, just
use your Pokémon.","Ya me voy de aquí,
<0xFD><0x01>.<0xFB>Estoy seguro de que eres capaz de
cuidarte a partir de ahora.<0xFB>Si tienes algún problema, simplemente
usa a tu Pokémon.",153,3,156,pokemon,dialogue,"Je m'en vais maintenant,
<0xFD><0x01>.<0xFB>Je suis sûr que tu peux t'occuper de
toi-même à partir d'ici.<0xFB>Si tu as des ennuis, utilise ton
Pokémon.",
0x01F2E4F2,"<0xFD><0x01>!
You finally made it out!","<0xFD><0x01>, finalmente has
escapado.",28,3,31,pokemon,dialogue,"<0xFD><0x01> !
Tu as enfin réussi à sortir !",
0x01F2E9D8,"Come on, <0xFD><0x01>!<0xFB>I said I owed you a battle before,
so lemme show you both how a real<0xFA>Trainer does it!","<0x52>Vamos, <0xFD><0x01>!<0xFB><0x52>Dije que tendríamos una batalla a
lo que llegues, te mostaré lo<0xFA>fuerte que soy!",98,3,101,pokemon,dialogue,"Allez, <0xFD><0x01> !<0xFB>Je te dois un combat,
laisse-moi vous montrer comment<0xFA>un vrai Dresseur s'y prend !",
0x01F2E9E0," <0xFD><0x01>!<0xFB>I said I owed you a battle before,
so lemme show you both how a real<0xFA>Trainer does it!","<0xFD><0x01>!<0xFB><0x52>Dije que tendríamos una batalla a
lo que llegues, te mostaré lo<0xFA>fuerte que soy!",90,3,93,pokemon,dialogue,,
0x01F2EA3B,"Come on, <0xFD><0x01>!<0xFB>I said I'd show you the ropes,
so lemme teach you both how a<0xFA>real Trainer does it!","<0x52>Vamos, <0xFD><0x01>!<0xFB><0x52>Dije que tendríamos una batalla a
lo que llegues, te mostraré lo<0xFA>fuerte que soy!",95,3,98,pokemon,dialogue,"Allez, <0xFD><0x01> !<0xFB>Je t'ai promis de te montrer,
alors regarde bien comment un vrai<0xFA>Dresseur s'y prend !",
0x01F2EAAD,"Looks like you still have a long
way to go, <0xFD><0x01>!","Parece que aún tienes que mejorar,
<0xFD><0x01>.",47,3,50,pokemon,dialogue,"On dirait que tu as encore un long
chemin à faire, <0xFD><0x01> !",
0x01F2F01A,"<0xFC><0x01><0x02><0xFD><0x01> received the Pokédex
from Prof. Log!",<0x52>Has recibido la Pokédex!,42,1,43,pokemon,dialogue,"{COLOR}Á{PLAYER} a reçu le Pokédex du
Prof. Log !",
0x01F2F1E4,"d inform your mother.<0xFB>She's been very worried about you.<0xFB>Good luck, <0xFD><0x01>.
My studies are depending on you!","stado muy preocupada por ti.<0xFB>Buena suerte, <0xFD><0x01>.
Mis estudios dependen de ti.",104,3,107,pokemon,dialogue,,
0x01F2F9B9,"Grunts!<0xFB>One of you, stall <0xFD><0x02>!","<0x52>Soldados!
<0x52>Detengan a <0xFD><0x01>!",29,2,31,pokemon,dialogue,"Sbires !<0xFB>L'un de vous, retarde <0xFD><0x02> !",
0x01F30071,"So it's true""<0xFB>I was just telling <0xFD><0x01> here
about their possible aims""<0xFA>but this confirms my suspicions.<0xFB>Those thugs must be after the
legendary Pokémon, <0xFC><0x01><0x06>Moltres<0xFC><0x01><0x08>.","Entiendo""<0xFB>Estaba contándole a <0xFD><0x01> sus
posibles objetivos"" pero esto<0xFA>confirma mis sospechas.<0xFB>Esos matones deben estar detrás del
Pokémon Legendario, <0xFC><0x01><0x06>Moltres<0xFC><0x01><0x08>.",164,3,167,pokemon,dialogue,"Donc c'est vrai...<0xFB>J'étais en train d'expliquer à
{PLAYER} leurs objectifs possibles...<0xFA>mais ça confirme mes soupçons.<0xFB>Ces vauriens doivent viser le
Pokémon légendaire, {COLOR}ÉSulfura{COLOR}Ë.",
0x01F30116,"<0xFD><0x01>? Gah, no, what am I
talking about?<0xFB>Grampa, we have to stop those guys,
right?","<0x51>Eh? Ya veo"" pero""
<0x52>Abuelo! Tenemos que detener a<0xFA>esos tipos, <0x51>verdad?",80,3,83,pokemon,dialogue,"<0xFD><0x01> ? Ah non, qu'est-ce que je
dis ?<0xFB>Papy, on doit arrêter ces types,
non ?",
0x01F305EB,"Assistance?<0xFB>Arthur, <0xFD><0x01> only became a
Trainer very recently""","<0x51>Eh? <0x52>Arthur! <0x52><0xFD><0x01> ha
comenzado su viaje hace muy poco""!",59,2,61,pokemon,dialogue,"De l'aide ?<0xFB>Arthur, <0xFD><0x01> est devenu Dresseur
il y a très peu de temps...",
0x01F305F1,"ance?<0xFB>Arthur, <0xFD><0x01> only became a
Trainer very recently""","Arthur! <0x52><0xFD><0x01> ha
comenzado su viaje hace muy poco""!",53,2,55,pokemon,dialogue,,
0x01F305FB,"ur, <0xFD><0x01> only became a
Trainer very recently""","<0x01> ha
comenzado su viaje hace muy poco""!",43,2,45,pokemon,description,,
0x01F307EB,"Alright, <0xFD><0x01>, you may follow
after Jax.<0xFB>I'll""<0xFC><0x08><0x20> tell your mother you finished
my errand, and you've left home to<0xFA>take the Gym Leader challenge.<0xFB>Yes, I think that will do it.","Muy bien, <0xFD><0x01>, puedes
seguir a Jax.<0xFB>Le diré a tu madre que terminaste
mi recado y que te fuiste de casa<0xFA>para aceptar el Desafío de los<0xFA>Gimnasios.<0xFB>Sí, creo que eso bastará.",173,2,175,pokemon,dialogue,"Très bien, {PLAYER}, tu peux suivre
Jax.<0xFB>Je vais...{PAUSE}î dire à ta mère que tu as
terminé ma tâche et que tu es<0xFA>parti relever le défi des Champions.<0xFB>Oui, ça fera l'affaire.",
0x01F30899,"Don't force yourself, <0xFD><0x01>.<0xFB>If you feel you are too injured to
continue, then you must fall back.<0xFB>Jax will help, if it comes to that.<0xFB>Good luck, youngster.","No te fuerces, <0xFD><0x01>.<0xFB>Si sientes que estás demasiado
herido para continuar, entonces<0xFA>debes retroceder.<0xFB>Jax ayudará, si se llega a eso.
<0x52>Buena suerte, <0xFD><0x01>!",153,2,155,pokemon,dialogue,"Ne te force pas, <0xFD><0x01>.<0xFB>Si tu te sens trop blessé pour
continuer, tu dois te replier.<0xFB>Jax t'aidera, si jamais.<0xFB>Bonne chance, jeune homme.",
0x01F3089A,"on't force yourself, <0xFD><0x01>.<0xFB>If you feel you are too injured to
continue, then you must fall back.<0xFB>Jax will help, if it comes to that.<0xFB>Good luck, youngster.","o te fuerces, <0xFD><0x01>.<0xFB>Si sientes que estás demasiado
herido para continuar, entonces<0xFA>debes retroceder.<0xFB>Jax ayudará, si se llega a eso.
<0x52>Buena suerte, <0xFD><0x01>!",152,2,154,pokemon,dialogue,,
0x01F30933,"We're running out of time, <0xFD><0x01>.<0xFB>You need to hurry to <0xFC><0x01><0x06>Thundercap Mt.<0xFC><0x01><0x08>
and save <0xFC><0x01><0x06>Zapdos<0xFC><0x01><0x08>!<0xFB>If it's captured too, we'll all be
doomed""","Se nos acaba el tiempo,
<0xFD><0x01>.<0xFB><0x52>Debes darte prisa e ir al <0xFC><0x01><0x06>Mt.
Trueno<0xFC><0x01><0x08> y salvar a <0xFC><0x01><0x06>Zapdos<0xFC><0x01><0x08>.<0xFB>Si también lo capturan, estamos
perdidos""",138,3,141,pokemon,dialogue,"On manque de temps, {PLAYER}.<0xFB>Tu dois vite aller au {COLOR}ÉMont
Thundercap{COLOR}Ë et sauver {COLOR}ÉÉlecthor{COLOR}Ë !<0xFB>S'il est capturé aussi, nous sommes
tous condamnés...",
0x01F309BE,"Jax told me the news.<0xFB>A job well done saving Zapdos,
<0xFD><0x01>!<0xFB>All that remains now is retrieving
Moltres and Articuno from the<0xFA>Shadows.<0xFB>Jax is in <0xFC><0x01><0x06>Dehara City<0xFC><0x01><0x08> waiting to
discuss the next move.","Jax me contó la noticia.<0xFB><0x52>Has hecho un buen trabajo,
<0xFD><0x01>!<0xFB>Todo lo que queda ahora es salvar a
Moltres y Articno de las Sombras.<0xFB>Jax está en <0xFC><0x01><0x06>Ciudad Dehara<0xFC><0x01><0x08> esperando
el siguiente paso.",192,3,195,pokemon,dialogue,"Jax m'a raconté la nouvelle.<0xFB>Beau travail pour avoir sauvé
Électhor, {PLAYER} !<0xFB>Il ne reste plus qu'à récupérer
Sulfura et Artikodin des mains des<0xFA>Ombres.<0xFB>Jax est à la {COLOR}ÉVille de Dehara{COLOR}Ë,
et attend pour discuter de la suite.",
0x01F30F62,"How go your travels, <0xFD><0x01>?","<0x51>Cómo has estado, <0xFD><0x01>?",24,2,26,pokemon,dialogue,"Comment vont tes voyages, <0xFD><0x01> ?",
0x01F30F7B,"Get moving, <0xFD><0x01>, to Cinder
Volcano - and be quick.<0xFB>I don't think it's anything Jax can't
handle, but he may appreciate<0xFA>your help.","<0xFD><0x01> ve al Volcán Ceniza lo
más rápido.<0xFB>No creo que sea algo que Jax no
pueda manejar, pero puede que<0xFA>necesite tu ayuda.",128,2,130,pokemon,dialogue,"En route, <0xFD><0x01>, au Volcan
Cendreux - et vite.<0xFB>Je ne pense pas que ce soit trop
pour Jax, mais il appréciera<0xFA>ton aide.",
0x01F3145D,"<0xFC><0x01><0x08>Huh? Wait, you're""<0xFC><0x08><0x20> <0xFD><0x01>,
I think?<0xFB>Did Grampa Arthur send you here?<0xFB>""<0xFB>Ah, so you were sent as backup.<0xFB>Jeez, I got embarrassed in front
of you""","<0xFC><0x01><0x08><0x51>Eh? Espera, tú eres""
<0xFD><0x01>, <0x51>no?<0xFB><0x51>El abuelo Arthur te envió aquí?<0xFB>Ah"" entonces te enviaron como
respaldo.<0xFB>Vaya, me avergoncé delante de ti""",145,1,146,pokemon,dialogue,"{COLOR}ËHein ? Attends, tu es...{PAUSE}î {PLAYER}, je
crois ?<0xFB>Papy Arthur t'a envoyé ici ?<0xFB>...<0xFB>Ah, donc tu as été envoyé en
renfort.<0xFB>Zut, je me suis ridiculisé devant
toi...",
0x01F31574,<0xFC><0x01><0x02><0xFD><0x01> decided to go with Jax!,Has decidido ir con Jax.,29,1,30,pokemon,dialogue,{COLOR}Á{PLAYER} a décidé de suivre Jax !,
0x01F3174B,"<0xFC><0x01><0x08>Where are you going, <0xFD><0x01>?
The exit's the other way!","<0xFC><0x01><0x08><0x51>A dónde vas, <0xFD><0x01>?
<0x52>La salida no está por allá!",53,2,55,pokemon,dialogue,"{COLOR}ËOù vas-tu, {PLAYER} ? La sortie est
de l'autre côté !",
0x01F31781,"<0xFC><0x01><0x08>Looks like we've reached the
exit, <0xFD><0x01>.<0xFB>I'll go on ahead.
Don't stay too far behind!","<0xFC><0x01><0x08>Parece que hemos llegado a la
salida, <0xFD><0x01>.<0xFB>Seguiré adelante. <0x52>No te demores!",86,1,87,pokemon,dialogue,"{COLOR}ËOn dirait qu'on est arrivés à la
sortie, {PLAYER}.<0xFB>Je passe devant. Ne reste pas trop
en arrière !",
0x01F31AF5,"<0xFC><0x01><0x08><0xFD><0x01>!
Help me out against him!<0xFB>I don't care what he claims is really
at stake here, we have to blast<0xFA>through him and chase after Moltres!","<0xFC><0x01><0x08><0x52><0xFD><0x01>!
<0x52>Ayúdame contra él!<0xFB>No me importa lo que él diga que
está realmente en juego aquí,<0xFA><0x52>tenemos que atravesarlo y<0xFA>perseguir a Moltres!",138,3,141,pokemon,dialogue,"{COLOR}Ë{PLAYER}! Aide-moi
contre lui !<0xFB>Je me fiche de ce qu'il prétend être
en jeu, on doit le dégommer et filer<0xFA>après Sulfura !",
0x01F31B80,"So, we meet again, <0xFD><0x01>.<0xFB>I take it, then, you've decided to
make it your business to interfere?<0xFB>That's unfortunate.<0xFB>But two of you trying to get
past makes no difference to me.","Nos volvemos a encontrar,
<0xFD><0x01>.<0xFB><0x51>Supongo entonces que has decidido
que es asunto tuyo interferir?<0xFB>Eso es lamentable.<0xFB>Pero a mí no me importa que ustedes
quieran intentar pasar.",174,3,177,pokemon,dialogue,"Alors, on se revoit, <0xFD><0x01>.<0xFB>J'en conclus que tu as décidé de te
mêler de nos affaires ?<0xFB>C'est regrettable.<0xFB>Mais que vous soyez deux à tenter de
passer ne change rien pour moi.",
0x01F31B85,"e meet again, <0xFD><0x01>.<0xFB>I take it, then, you've decided to
make it your business to interfere?<0xFB>That's unfortunate.<0xFB>But two of you trying to get
past makes no difference to me.","olvemos a encontrar,
<0xFD><0x01>.<0xFB><0x51>Supongo entonces que has decidido
que es asunto tuyo interferir?<0xFB>Eso es lamentable.<0xFB>Pero a mí no me importa que ustedes
quieran intentar pasar.",169,3,172,pokemon,dialogue,,
0x01F31E7A,"Anyway, thanks, <0xFD><0x01> - he was a
lot tougher than I thought""<0xFB>Let's head back to Grampa's house,
and tell him what happened.","Vaya, muchas gracias, <0xFD><0x01>,
fue más difícil de lo que pensé""<0xFB>Regresemos a la casa del abuelo y
contemos lo que pasó.",120,2,122,pokemon,dialogue,"Bref, merci, <0xFD><0x01> - il était
bien plus coriace que je croyais...<0xFB>Rentrons chez Papy pour lui
raconter ce qui s'est passé.",
0x01F32300,"I'll head back to Frozen Heights,
<0xFD><0x01>.<0xFB>I'll explain to your mother that
I've seen you off, and you're on<0xFA>your way to the next Gym Badge.<0xFB>No sense in letting her worry,
after all.","Regresaré a Pueblo Frío,
<0xFD><0x01>.<0xFB>Le explicaré a tu madre todo lo
sucedido y que estás en camino a<0xFA>la próxima Medalla de Gimnasio.<0xFB>Después de todo, no podemos dejarla
preocupada.",177,2,179,pokemon,dialogue,"Je retourne aux Hauteurs Gelées,
<0xFD><0x01>.<0xFB>J'expliquerai à ta mère que je t'ai
vu partir, et que tu es en route<0xFA>pour le prochain Badge d'Arène.<0xFB>Autant éviter de l'inquiéter,
après tout.",
0x01F32527,Quick!<0xFB>Grab <0xFD><0x02> now!,<0x52>Ahora o nunca!,19,2,21,pokemon,dialogue,Vite !<0xFB>Attrape <0xFD><0x02> maintenant !,
0x01F3253B,"Ah, right on schedule.<0xFB>Tell me, <0xFD><0x02>, what is your name?<0xFB>""<0xFB><0xFD><0x01>, was it?<0xFB>At last, we finally meet.<0xFB>I am Zeph, the man lurking in the
Shadows behind this organization.","<0x52>Justo a tiempo!
Dime, <0x51>cómo te llamas?<0xFB>""<0xFB><0x51><0xFD><0x01>? Ya veo""<0xFB>""<0xFB>Por fin nos conocemos.<0xFB>Yo soy, Zeph, el hombre que asecha
en las Sombras detrás de esta<0xFA>organización.",162,3,165,pokemon,dialogue,"Ah, pile à l'heure.<0xFB>Dis-moi, <0xFD><0x02>, quel est ton nom ?<0xFB>...<0xFB><0xFD><0x01>, c'est ça ?<0xFB>Enfin, nous nous rencontrons.<0xFB>Je suis Zeph, l'homme dans l'ombre
de cette organisation.",
0x01F32861,"Oh, Ivory""<0xFB>How are we supposed to scare <0xFD><0x02>
straight if you cannot even defeat<0xFA><0xFD><0x02> in a simple battle?","Oh, Ivory""<0xFB><0x51>Cómo crees que sentirá miedo si ni
siquiera puedes ganarle en una<0xFA>simple batalla?",100,2,102,pokemon,dialogue,"Oh, Ivory...<0xFB>Comment sommes-nous censés effrayer <0xFD><0x02>
si tu n'arrives même pas à<0xFA>battre <0xFD><0x02> dans un simple combat ?",
0x01F3296E,"<0xFC><0x01><0x04>Zeph, I'm not sure Houndoom alone
will be enough to beat <0xFD><0x02>""","<0xFC><0x01><0x04>Zeph, no estoy segura de que
Houndoom pueda vencerle""",63,2,65,pokemon,description,"{COLOR}ÇZeph, je ne suis pas sûr que
Demolosse suffise à battre {STR_VAR_1}...",
0x01F329AE,"You doubt me, Ivory?<0xFB>Houndoom and I are more than
capable of finishing <0xFD><0x02> off.","<0x51>Dudas de mí, Ivory?<0xFB>Houndoom y yo somos más que capaces
de vencerle.",78,2,80,pokemon,dialogue,"Tu doutes de moi, Ivory ?<0xFB>Demolosse et moi sommes largement
capables d'en finir avec <0xFD><0x02>.",
0x01F329FD,"Now then, <0xFD><0x01>.<0xFB>I've been quite patient with you,
but I'm afraid you've forced<0xFA>my hand.<0xFB>Time to suffer for your interference!","Bien, <0xFD><0x01>.<0xFB>He sido bastante paciente contigo,
pero me temo que me has<0xFA>obligado a""<0xFB><0x52>TERMINAR CONTIGO DE UNA VEZ!",123,3,126,pokemon,dialogue,"Bien, <0xFD><0x01>.<0xFB>J'ai été plutôt patient avec toi,
mais tu m'obliges à<0xFA>agir.<0xFB>Il est temps de payer pour
tes interférences !",
0x01F32A00," then, <0xFD><0x01>.<0xFB>I've been quite patient with you,
but I'm afraid you've forced<0xFA>my hand.<0xFB>Time to suffer for your interference!","n, <0xFD><0x01>.<0xFB>He sido bastante paciente contigo,
pero me temo que me has<0xFA>obligado a""<0xFB><0x52>TERMINAR CONTIGO DE UNA VEZ!",120,3,123,pokemon,dialogue,,
0x01F32A8E,"I've got to hand it to you.
You're stronger than I anticipated.<0xFB>I do like that about you, <0xFD><0x02>.<0xFB>That strength is something I wished
for my son, too""","Tengo que reconocértelo. Eres más
fuerte de lo que esperaba.<0xFB>Eso me gusta de ti, <0xFD><0x01>.
Esa fuerza es algo que también<0xFA>deseaba para mi hijo""",146,2,148,pokemon,dialogue,"Je dois te reconnaître ça. Tu es
plus fort que je ne le pensais.<0xFB>J'aime bien ça chez toi, <0xFD><0x02>.<0xFB>Cette force, je la voulais aussi
pourmon fils...",
0x01F32ABA,"than I anticipated.<0xFB>I do like that about you, <0xFD><0x02>.<0xFB>That strength is something I wished
for my son, too""","lo que esperaba.<0xFB>Eso me gusta de ti, <0xFD><0x01>.
Esa fuerza es algo que también<0xFA>deseaba para mi hijo""",102,2,104,pokemon,dialogue,,
0x01F32E7E,"<0xFC><0x01><0x04>I understand, Zeph.<0xFB>But what should we do about
the <0xFD><0x02>?","<0xFC><0x01><0x04>Lo entiendo, Zeph.
Pero, <0x51>qué debemos hacer con<0xFA><0xFD><0x01>?",58,3,61,pokemon,dialogue,"{COLOR}ÇJe comprends, Zeph.<0xFB>Mais que
faisons-nous du {STR_VAR_1} ?",
0x01F32EB9,"Let <0xFD><0x02> go, for now.<0xFB>As long as their public appearances
remain scarce, there is no reason<0xFA>for Fey and Arthur to ever speak<0xFA>with one another.<0xFB>There is little chance he would ever
tell her.","Dejemos ir a <0xFD><0x01>, por
ahora.<0xFB>Mientras sus apariciones sean pocas,
no hay razón para que Fey y Arthur<0xFA>hablen alguna vez entre ellos.<0xFB>Hay pocas posibilidades de que
alguna vez se lo diga.",187,3,190,pokemon,description,"Laissons <0xFD><0x02> partir, pour le moment.<0xFB>Tant que ses apparitions publiques
restent rares, pas de raison<0xFA>pour que Fey et Arthur se parlent<0xFA>entre eux.<0xFB>Il y a peu de chance
qu'il lui dise.",
0x01F33033," we don't
need to meet again, <0xFD><0x02>.",no necesitemos volver a vernos.,33,1,34,pokemon,description,,
0x01F334C1,"he HM to use it<0xFC><0x01><0x08>.<0xFB>Ain't that convenient?<0xFB>Anyway, ya can start by using that
HM for <0xFC><0x01><0x06>Cut<0xFC><0x01><0x08> to get rid of the pesky<0xFA>tree blocking <0xFC><0x01><0x06>Valley Cave<0xFC><0x01><0x08>.<0xFB>Good luck to ya, <0xFD><0x02>!","No es eso conveniente?<0xFB>De todos modos, puedes comenzar
usando esa MO para <0xFC><0x01><0x06>Cortar<0xFC><0x01><0x08> y<0xFA>deshacerte del molesto árbol que<0xFA>bloquea <0xFC><0x01><0x06>Cueva Valle<0xFC><0x01><0x08>.<0xFB><0x52>Te deseo buena suerte!",172,2,174,pokemon,dialogue,,
0x01F33815,"<0xFC><0x01><0x04>Is that really any way to talk to
someone, <0xFD><0x06>?<0xFB>Move aside. You should learn threats
are only effective if you can<0xFA>follow through on them.","<0xFC><0x01><0x04><0x51>Es esa la forma de hablar con
alguien, <0xFD><0x06>?<0xFB>Hazte a un lado, debes aprender que
las amenazas sólo son efectivas si<0xFA>puedes cumplirlas.",140,1,141,pokemon,dialogue,"{COLOR}ÇC'est une façon de parler à
quelqu'un, {RIVAL} ?<0xFB>Écarte-toi. Tu devrais apprendre que
les menaces ne servent si tu peux<0xFA>les mettre à exécution.",
0x01F33916,"<0xFC><0x01><0x04>Sigh""<0xFC><0x08><0x18> so much for that""<0xFB>I'm sorry about this, <0xFD><0x06>""","<0xFC><0x01><0x04><0x5C>Suspiro""<0x5D>
Lo siento por esto, <0xFD><0x06>""",55,1,56,pokemon,description,"{COLOR}ÇSoupir...{PAUSE}ね tant pis pour ça...<0xFB>Je suis désolé pour ça, {RIVAL}...",
0x01F33CAE,"Gah"" not bad, <0xFD><0x01>""","No está mal, <0xFD><0x01>""",17,2,19,pokemon,other,"Gah... pas mal, <0xFD><0x01>...",
0x01F33EE0,"And just in case <0xFD><0x06> is
following me""","Por si acaso, <0xFD><0x06>.
Me está siguiendo""",36,3,39,pokemon,description,"Et au cas où
<0xFD><0x06> me suivrait...",
0x01F33F05,"<0xFD><0x01>, I forgot to show
you something!<0xFB>Please, come with me to
the KBT Expressway.","<0x52><0xFD><0x01>, casi olvido mostrarte
algo!<0xFB>Por favor, ven conmigo a la
Autopista RBT.",79,3,82,pokemon,dialogue,"<0xFD><0x01>, j'ai oublié de te montrer
quelque chose !<0xFB>Viens avec moi à
l'Autoroute KBT.",
0x01F3463C,"Thanks, <0xFD><0x01>.
I really appreciate it.<0xFB>I'm going to try to find some way
onto <0xFC><0x01><0x06>Route 9<0xFC><0x01><0x08> from <0xFC><0x01><0x06>Tehl Town<0xFC><0x01><0x08>.<0xFB>You should probably try
something similar.","Gracias, <0xFD><0x01>.
<0x52>Te lo agradezco mucho!<0xFB>Intentaré encontrar algún camino
hacia <0xFC><0x01><0x06>Ruta 9<0xFC><0x01><0x08> desde <0xFC><0x01><0x06>Pueblo Tela<0xFC><0x01><0x08>.<0xFB>Deberías probar algo similar,
<0xFD><0x01>.",153,1,154,pokemon,dialogue,"Merci, {PLAYER}.
J'apprécie vraiment.<0xFB>Je vais tenter de trouver un accès à
la {COLOR}ÉRoute 9{COLOR}Ë depuis la {COLOR}ÉVille de Tehl{COLOR}Ë.<0xFB>Tu devrais probablement essayer
quelque chose de similaire.",
0x01F3475C,"Come on, <0xFD><0x01>""<0xFB>I tried everything, and nothing
works""<0xFB>I could really use some help""","Vamos, <0xFD><0x01>""
Probé de todo y nada funciona""<0xFB>Realmente me vendría bien tu
ayuda""",81,3,84,pokemon,dialogue,"Allez, <0xFD><0x01>...<0xFB>J'ai tout essayé,
et rien ne marche...<0xFB>J'aurais vraiment besoin d'aide...",
0x01F349E6,"What?<0xFC><0x08><0x18> Are""<0xFC><0x08><0x18> are you sure you can
make it on your own?<0xFB>But I""<0xFC><0x08><0x18> Sigh"" I understand,
<0xFD><0x01>.<0xFB>If you've got other things to take
care of first, I'll look for my<0xFA>grampa's friend on my own.","<0x51>Qué?<0xFC><0x08><0x18> <0x51>Quieres hacer esto por tu
cuenta?<0xFB>Pero yo""<0xFC><0x08><0x18> suspiro""<0xFC><0x08><0x18> entiendo,
<0xFD><0x01>.<0xFB>Si tienes otras cosas de las que
ocuparte primero, buscaré al amigo<0xFA>de mi abuelo por mi cuenta.",186,1,187,pokemon,dialogue,"Quoi ?{PAUSE}ね Tu...{PAUSE}ね tu es sûr de pouvoir y
arriver seul ?<0xFB>Mais je...{PAUSE}ね Soupir... Je comprends,
{PLAYER}.<0xFB>Si tu as d'autres choses à gérer
d'abord, je chercherai l'ami de<0xFA>papy tout seul.",
0x01F34AA1,"Great!<0xFB>The route's pretty big, so it looks
like a two-Trainer job.<0xFB>Why don't you take the lead?<0xFB>I'll support your Pokémon and keep
them healed.<0xFB>Let's do this thing, <0xFD><0x01>!","<0x52>Bien!<0xFB>La ruta es bastante grande, por lo
que parece un trabajo de 2<0xFA>Entrenadores.<0xFB><0x51>Por qué no tomas la iniciativa?
<0x52>Mantendré curado a tus Pokémon!<0xFB><0x52>Vamos, <0xFD><0x01>!",168,2,170,pokemon,dialogue,"Parfait !<0xFB>La route est assez grande, donc
on dirait un travail à deux.<0xFB>Pourquoi ne prends-tu pas la tête ?<0xFB>Je soutiendrai tes Pokémon et les
guérirai.<0xFB>Allons-y, <0xFD><0x01> !",
0x01F34B4A,"Let's find my grampa's friend,
<0xFD><0x01>!<0xFB>Before the Shadows do something
unspeakable""","Busquemos al amigo del abuelo,
<0xFD><0x01>.<0xFB>Antes de que las Sombras hagan algo
malo""",79,1,80,pokemon,dialogue,"Trouvons l'ami de mon papy, <0xFD><0x01>
!<0xFB>Avant que les Ombres ne fassent
quelque chose d'innommable...",
0x01F34B9A,"<0xFD><0x01>!
Where are you going?<0xFB>We don't have time to leave
Route 9.<0xFB>Unless, you're saying you no longer
want to team up with me?","<0x51>A dónde vas, <0xFD><0x01>?<0xFB>No tenemos tiempo de abandonar
Ruta 9.<0xFB><0x51>O ya no quieres formar equipo
conmigo, eh?",122,2,124,pokemon,dialogue,"<0xFD><0x01> !
Où vas-tu ?<0xFB>On n'a pas le temps de quitter la
Route 9.<0xFB>Sauf si tu veux dire que tu ne veux
plus faire équipe avec moi ?",
0x01F34C15,"Looks like the path to the house is
on our right, <0xFD><0x01>.","Parece que el camino a la casa está
a la derecha, <0xFD><0x01>.",53,2,55,pokemon,description,"On dirait le chemin de la maison
est à droite, <0xFD><0x01>.",
0x01F35149,"<0xFC><0x01><0x08><0xFD><0x01>! You're right on time!<0xFB>The Shadows have the Prison Stone,
the object needed to release the<0xFA>dark force!<0xFB>You gotta help me get that thing
back!","<0xFC><0x01><0x08><0x52><0xFD><0x01>!
<0x52>Llegas justo a tiempo!<0xFB>Las Sombras tienen la Piedra Prisión,
el objeto que libera la Fuerza<0xFA>Oscura.<0xFB><0x52>Ayúdame a recuperarla,
<0xFD><0x01>!",147,3,150,pokemon,dialogue,"{COLOR}Ë{PLAYER} ! Tu arrives à point !<0xFB>Les Ombres ont la Pierre Prison,
l'objet nécessaire pour libérer la<0xFA>force obscure !<0xFB>Tu dois m'aider à récupérer
ce truc !",
0x01F3571F,"Oh! Thank you, Jax""<0xFC><0x08><0x20> and my thanks
to you too""<0xFC><0x08><0x20> <0xFD><0x01>, was it?<0xFB>Any longer, and our will would have
been overwritten entirely.","<0x52>Oh! Gracias, Jax""<0xFC><0x08><0x20> y a ti también""<0xFC><0x08><0x20>
<0xFD><0x01>, <0x51>verdad?<0xFB>Un poco más y nuestro testamento
habría sido sobrescrito por<0xFA>completo.",126,2,128,pokemon,dialogue,"Oh ! Merci, Jax...{PAUSE}î et merci à toi
aussi...{PAUSE}î {PLAYER}, c'est ça ?<0xFB>Encore un peu, et notre volonté
aurait été entièrement effacée.",
0x01F35EF3,<0xFD><0x01>!,<0xFD><0x01>.,3,2,5,pokemon,dialogue,,
0x01F362D1,"I refuse to abandon my post.<0xFB>I must prevent <0xFD><0x01> from entering
Thundercap Mt. at all cost.","Me niego a abandonar mi puesto.<0xFB>Debo evitar que <0xFD><0x01> entre
en Mt. Trueno a toda costa.",88,3,91,pokemon,dialogue,"Je refuse d'abandonner mon poste.<0xFB>Je dois empêcher <0xFD><0x01> d'entrer au
Mont Thundercap à tout prix.",
0x01F3632A,"<0xFD><0x02>, hit 'em with a <0xFD><0x03>!","<0x52><0xFD><0x02>, usa <0xFD><0x03>!",22,3,25,pokemon,dialogue,"<0xFD><0x02>, frappe-les avec un <0xFD><0x03> !",
0x01F36643,<0xFC><0x01><0x04>Uh oh!<0xFB><0xFD><0x01>'s hot on our tails!<0xFB>I'd better go warn Marlon!,"<0xFC><0x01><0x04><0x51>Eh?<0xFB><0x52><0xFD><0x01> está cerca de nosotros!
<0x52>Debo avisar a Marlon!",59,3,62,pokemon,dialogue,"{COLOR}ÇOh oh !<0xFB>{PLAYER} est juste derrière nous !<0xFB>Je ferais mieux d'aller
prévenir Marlon !",
0x01F367B4,<0xFC><0x01><0x02><0xFD><0x01> disengaged the barrier!,Has desactivado la barrera.,29,2,31,pokemon,dialogue,{COLOR}Á{PLAYER} a désactivé la barrière !,
0x01F36FDF,<0xFC><0x01><0x08><0xFD><0x01>!,<0xFC><0x01><0x08><0xFD><0x01>.,6,2,8,pokemon,dialogue,,
0x01F37282,"""<0xFB><0xFC><0x06> You're really amazing, <0xFD><0x01>""
I mean""<0xFC><0x08><0x18> all by yourself, you""","""<0xFB><0xFC><0x06> <0x5C>Eres increíble, <0xFD><0x01>""
Quiero decir""<0xFC><0x08><0x18> tú sin ayuda has""<0x5D>",64,2,66,pokemon,dialogue,"... {FONT_SMALL}Tu es vraiment incroyable,<0xFB>{PLAYER}... Je veux dire...{PAUSE}ね
tout seul, tu...",
0x01F3749B,<0xFC><0x01><0x08><0xFD><0x01>!,<0xFC><0x01><0x08><0xFD><0x01>.,6,2,8,pokemon,dialogue,,
0x01F3766C,"How do you keep doing it, <0xFD><0x01>?<0xFB>No matter how much I train, it's
like you're always two steps ahead""","<0x51>Cómo lo haces, <0xFD><0x01>?<0xFB>No importa cuánto entrene, es como
si siempre estuvieras dos pasos<0xFA>adelante""",98,3,101,pokemon,dialogue,"Comment fais-tu, <0xFD><0x01> ?<0xFB>Peu importe mon entraînement,
tu restes toujours devant moi...",
0x01F37918,"<0xFD><0x01>, this is for you.<0xFB>If you're going to keep at the
Gym Challenge, you'll need this to<0xFA>cross the sea.","<0xFD><0x01>, esto es para ti.<0xFB>Si sigues con el Desafío de los
Gimnasios, la necesitarás para<0xFA>cruzar el mar.",101,2,103,pokemon,dialogue,"<0xFD><0x01>, ceci est pour toi. Si<0xFB>tu veux continuer le Défi des
Arènes, tu auras besoin de<0xFA>ça pour traverser la mer.",
0x01F3797E,"And while your attitude certainly
needs an adjustment, <0xFD><0x06>, you<0xFA>may have one as well.","A pesar de tu forma de ser, <0xFD><0x06>,
también te daré una.",84,2,86,pokemon,dialogue,"Et même si ton attitude mérite
un ajustement, <0xFD><0x06>, tu<0xFA>peux en avoir un aussi.",
0x01F37DB8,"Catch you later, <0xFD><0x01>.<0xFB>Next time, I swear I'll close that
gap between us for sure!","Nos vemos, <0xFD><0x01>.
<0x52>La próxima vez, juro que te ganaré!",80,2,82,pokemon,dialogue,"À plus, <0xFD><0x01>. La prochaine<0xFB>fois, je jure que je comblerai
cet écart entre nous !",
0x01F37E09,"Sigh""<0xFC><0x08><0x20> looks like his journey
with Pokémon hasn't mellowed him<0xFA>out at all.<0xFB>""<0xFC><0x08><0x20>Well, good luck, <0xFD><0x01>.
I'll be praying for your success.","Vaya""<0xFC><0x08><0x20> parece que su viaje con los
Pokémon no lo ha calmado.<0xFB>""<0xFC><0x08><0x20>Bueno, buena suerte,
<0xFD><0x01>.<0xFB><0x52>Espero que tengas éxitos en tu
viaje!",135,2,137,pokemon,dialogue,"Soupir...{PAUSE}î on dirait que son voyage
avec les Pokémon ne l'a pas<0xFA>du tout adouci. ...{PAUSE}îBon, bonne<0xFB>chance, {PLAYER}. Je prierai
pour ta réussite.",
0x01F38DB0,"What the-?<0xFB><0xFD><0x01>, look out!","<0x52><0x51>QU<0x06>?!<0xFB><0xFD><0x01>, <0x52>CUIDADO!",24,3,27,pokemon,dialogue,"Qu'est-ce que... ? <0xFD><0x01>,<0xFB>attention !",
0x01F38DC9,<0xFD><0x01>!,<0xFD><0x01>.,3,3,6,pokemon,dialogue,,
0x01F3932D,"Sir, <0xFD><0x01> is attempting to
make <0xFD><0x02> way up here by coming<0xFA>through the ruins!","Señor, <0x52><0xFD><0x01> está intentando
llegar hasta aquí atravesando las<0xFA>ruinas!",73,2,75,pokemon,dialogue,"Monsieur, {PLAYER} tente de
monter jusqu'ici en passant<0xFA>par les ruines !",
0x01F39377,"No matter.<0xFB>By the time <0xFD><0x01> ascends, Zeph
will be ready for the unbinding.<0xFB>However, should the need arise, I
will require you to stall <0xFD><0x01><0xFA>for as long as possible.","No importa.<0xFB>Para cuando <0xFD><0x01> llegue,
Zeph estará listo para la<0xFA>liberación.<0xFB>Sin embargo, si surge la necesidad,
haré que <0xFD><0x01> se demore el<0xFA>mayor tiempo posible.",160,4,164,pokemon,dialogue,"Peu importe. Le temps que <0xFD><0x01><0xFB>arrive, Zeph sera prêt pour le
déliançage. Si besoin,<0xFB>j'aurai besoin que tu retiennes
<0xFD><0x01> aussi longtemps<0xFA>que possible.",
0x01F398E7,"The <0xFD><0x02> ran back into
the portal.","<0xFD><0x02> volvió corriendo al
portal.",32,2,34,pokemon,description,"Le <0xFD><0x02> est retourné
dans le portail.",
0x01F39A8D,"<0xFD><0x01> has more important things
to do than deal with you.<0xFB>If you want to take someone on,
why don't you try me on for size!","<0xFD><0x01> tiene cosas más
importantes que hacer que tratar<0xFA>contigo.<0xFB>Si quieres enfrentarte a alguien,
<0x51>por qué no me retas?",120,2,122,pokemon,dialogue,"<0xFD><0x01> a mieux à faire
que de s'occuper de vous.<0xFB>Si tu veux te battre, essaie
donc de te mesurer à moi !",
0x01F3A69F,"Impossible""<0xFC><0x08><0x20> Houndoom was""<0xFB>That portal""<0xFC><0x08><0x18> so it was you who
brought <0xFD><0x01> into our base!","<0x51>Qué""<0xFC><0x08><0x20>? Houndoom fue""<0xFB>Ese portal"" <0x52>así que fuiste tú quien
trajo a <0xFD><0x01> a nuestra base!",88,1,89,pokemon,dialogue,"Impossible...{PAUSE}î Démolosse... portail...{PAUSE}ね<0xFB>c'était donc toi qui as amené
{PLAYER} dans notre base !",
0x01F3AE8E,"our guest of honour has
deigned to join us.<0xFB>Grunts, bring <0xFD><0x02> to me.","a.<0xFB>Soldados, tráiganme a <0xFD><0x01>.",67,2,69,pokemon,description,,
0x01F3B1E1,"<0xFD><0x01>""<0xFB>I can finally have the satisfaction
of eliminating you once and<0xFA>for all.<0xFB>You have been a repeated nuisance
to the Shadows""<0xFB>And I cannot have you becoming
a nuisance to me as well.","<0xFD><0x01>""<0xFB>Por fin puedo tener la satisfacción
de eliminarte de una vez por todas.<0xFB>Has sido una molestia repetida para
las Sombras""<0xFB>Y no permitiré que tú también seas
una molestia para mí.",183,1,184,pokemon,dialogue,"<0xFD><0x01>... Je vais enfin avoir<0xFB>la satisfaction de t'éliminer
une bonne fois pour toutes.<0xFA>Tu as été un gêneur incessant<0xFB>pour les Ombres... Et je
ne peux pas te laisser<0xFB>devenir un gêneur
pour moi aussi.",
0x01F3B2C5,"<0xFC><0x01><0x02>The <0xFD><0x02> flew back into
the portal.",<0xFC><0x01><0x02><0xFD><0x02> voló de regreso al portal.,36,1,37,pokemon,description,"{COLOR}ÁLe {STR_VAR_1} est retourné
dans le portail.",
0x01F3B36F,"<0xFD><0x01>! You have been an eyesore
for too long!<0xFB>However, no matter how strong you
may be, I still have my trump card.","<0x52><0xFD><0x01>!<0xFB><0x52>Has sido una molestia por mucho
tiempo!<0xFB>No importa, todavía tengo mi carta
de triunfo.",112,3,115,pokemon,dialogue,"<0xFD><0x01> ! Tu m'offenses depuis bien
trop longtemps ! Cependant, quelle<0xFB>que soit ta force, j'ai encore
ma carte maîtresse.",
0x01F3B3E0,"When I was granted control of these
grunts, it came with a request.<0xFB>My beneficiary seems to have taken
an interest in you, <0xFD><0x01>.<0xFB>Which is why""<0xFB>""I have been instructed to seal you
inside this very Cube!","Cuando me concedieron el control de
estos Soldados, me pidieron algo.<0xFB>Al parecer alguien está interesado en
ti, <0xFD><0x01>.<0xFB>Por eso""<0xFB>""<0xFB><0x52>Me han ordenado sellarte dentro de
este mismo Cubo!",199,3,202,pokemon,dialogue,"Quand on m'a donné le contrôle
de ces sbires, il y avait une<0xFB>demande. Mon bienfaiteur semble
s'intéresser à toi, <0xFD><0x01>.<0xFB>C'est pourquoi... ...j'ai reçu<0xFB>l'ordre de t'enfermer
dans ce Cube même !",
0x01F3B5FF,"Aklove, don't proceed with this!<0xFB>What you're attempting""<0xFC><0x08><0x18> could very
well end <0xFD><0x01>'s life!","<0x52>Aklove, no continúes con esto!<0xFB>Lo que estás haciendo""<0xFC><0x08><0x18> podría acabar
con la vida de <0xFD><0x01>.",90,3,93,pokemon,dialogue,"Aklove, ne fais pas ça ! Ce que tu<0xFB>t'apprêtes à faire...{PAUSE}ね pourrait bien
mettre fin à la vie de {PLAYER} !",
0x01F3B65A,"If that truly is the case, whether
<0xFD><0x03> goes now or when the weapon is<0xFA>fired, makes no difference to me.","Si ese es realmente el caso, no me
importa si <0xFD><0x01> desaparece<0xFA>ahora o cuando se dispare el arma.",102,2,104,pokemon,description,"Si c'est vraiment le cas, que <0xFD><0x03>
parte ou quand l'arme sera tirée<0xFA>utilisée ne change rien pour moi.",
0x01F3B6C1,"And before you think you can escape
this, <0xFD><0x01>""<0xFB>Be aware""<0xFC><0x08><0x20> I know where your
mother lives.<0xFB>I cannot guarantee her safety should
you attack me or flee""","Y antes de que pienses en escapar,
<0xFD><0x01>""<0xFB>Ten en cuenta esto""<0xFC><0x08><0x18> sé dónde vive
tu madre.<0xFB>No puedo garantizar su seguridad si
me atacas o huyes""",150,3,153,pokemon,dialogue,"Et avant que tu ne penses
pouvoir fuir ça, {PLAYER}...<0xFB>Sache...{PAUSE}î je sais où vit ta
mère. Je ne peux garantir<0xFB>sa sécurité si tu m'attaques
ou si tu fuis...",
0x01F3B758,"Good, so you will be cooperative.<0xFB>Then this is goodbye, <0xFD><0x01>.
May we never meet again.","Bien, entonces cooperarás.<0xFB>Entonces, esto es un adiós,
<0xFD><0x01>.<0xFB>No nos veremos más.",84,2,86,pokemon,dialogue,"Bien, tu seras coopératif. Alors<0xFB>c'est un adieu, <0xFD><0x01>. Espérons
ne jamais nous revoir.",
0x01F3B86F,"I can't believe my eyes""<0xFB>You""<0xFC><0x08><0x18> you're""<0xFC><0x08><0x18> you're my <0xFD><0x04>""<0xFB><0xFD><0x01>""<0xFB>No matter how old you get, I'll
always recognize you!","No puedo creer lo que veo""<0xFB>Tú""<0xFC><0x08><0x18> eres""<0xFC><0x08><0x18> eres mi""<0xFC><0x08><0x18><0xFB><0xFD><0x01>""<0xFB><0x52>No importa la edad que tengas,
siempre te reconoceré!",115,3,118,pokemon,dialogue,"Je n'en crois pas mes yeux...<0xFB>Tu...{PAUSE}ね tu es...{PAUSE}ね tu es mon {STR_VAR_3}...<0xFB>{PLAYER}... Peu importe<0xFB>ton âge, je te reconnaîtrai
toujours !",
0x01F3B901,"Marlon, how do you know my
<0xFD><0x04>?","Marlon, <0x51>cómo sabes de <0xFD><0x01>?",30,2,32,pokemon,dialogue,"Marlon, comment connais-tu
mon <0xFD><0x04> ?",
0x01F3B920,"We've run into each other a few
times now.<0xFB>Your <0xFD><0x04> seems to have the
same sense of justice as you""<0xFB>Always running in blindly when
<0xFD><0x03>'s not wanted""","Nos hemos topado unas cuantas
veces.<0xFB>Al parecer <0xFD><0x01> tiene el
mismo sentido de la jutiscia que<0xFA>tú""<0xFB>Siempre corriendo a ciegas cuando no
se quiere""",146,3,149,pokemon,dialogue,"On s'est croisés plusieurs fois
déjà. Ton <0xFD><0x04> semble avoir<0xFB>le même sens de la justice
que toi... Toujours à foncer<0xFB>tête baissée quand <0xFD><0x03>
n'est pas voulu...",
0x01F3B9B3,"Then, I guess you turned out just
as I hoped you would, <0xFD><0x01>.<0xFB>I'm so proud, I'm at a loss
for words""","Supongo que resultaste tal y como
esperaba, <0xFD><0x01>.<0xFB>Estoy tan orgulloso que me quedé sin
palabras""",98,2,100,pokemon,dialogue,"Alors, je suppose que tu es devenu
exactement ce que j'espérais,<0xFB><0xFD><0x01>. Je suis si fier
que je reste sans mots...",
0x01F3BA27,"You need to be mindful of your
surroundings in here, <0xFD><0x01>.<0xFB>Items from many different Trainers
are constantly arriving, so you<0xFA>can never know when one is going<0xFA>to come flying out of nowhere!","Debes tener cuidado,
<0xFD><0x01>.<0xFB>Constantemente llegan objetos de
muchos Entrenadores diferentes,<0xFA>por lo que nunca puedes saber<0xFA>cuándo uno saldrá volando de la<0xFA>nada.",187,3,190,pokemon,dialogue,"Fais attention à ce qui t'entoure
ici, <0xFD><0x01>. Des objets provenant<0xFB>de nombreux Dresseurs arrivent
sans arrêt, alors tu ne sais<0xFA>jamais quand l'un va surgir<0xFA>de nulle part !",
0x01F3BA2E,"d to be mindful of your
surroundings in here, <0xFD><0x01>.<0xFB>Items from many different Trainers
are constantly arriving, so you<0xFA>can never know when one is going<0xFA>to come flying out of nowhere!","ener cuidado,
<0xFD><0x01>.<0xFB>Constantemente llegan objetos de
muchos Entrenadores diferentes,<0xFA>por lo que nunca puedes saber<0xFA>cuándo uno saldrá volando de la<0xFA>nada.",180,3,183,pokemon,dialogue,,
0x01F3C5F8,"I really wish I could've gotten to
know you better, <0xFD><0x01>.<0xFB>Maybe if we get lucky, we'll wind
up together again someday""","Realmente desearía haber podido
conocerte mejor, <0xFD><0x01>.<0xFB>Tal vez si tenemos suerte, algún día
volveremos a estar juntos""",116,3,119,pokemon,dialogue,"J'aurais vraiment voulu mieux
te connaître, <0xFD><0x01>. Si on<0xFB>a de la chance, on se retrouvera
peut-être un jour...",
0x01F3CCC5,"And <0xFD><0x01>""
I wish we had more time to talk.<0xFB>If only we were meeting under
better circumstances""","Y <0xFD><0x01>""<0xFB>Ojalá hubiera más tiempo para
hablar.<0xFB>Si tan solo estuvieramos en mejores
condiciones""",92,2,94,pokemon,dialogue,"Et <0xFD><0x01>... J'aurais aimé qu'on ait
plus de temps pour parler. Si on<0xFB>on se rencontrait dans de meilleures
circonstances...",
0x01F3D021,"Goodbye, Marlon, <0xFD><0x01>""<0xFB>Don't forget what you promised me!","Adiós, Marlon y <0xFD><0x01>""<0xFB><0x52>No olvides lo que me prometiste!",55,3,58,pokemon,dialogue,"Adieu, Marlon, <0xFD><0x01>... N'oubliez<0xFB>pas ce que vous m'avez promis !",
0x01F3D0AA,"""<0xFD><0x01>?<0xFB>But""<0xFC><0x08><0x18> but""<0xFC><0x08><0x18> but you're supposed to
be out of the picture!<0xFB>How is this possible?<0xFB>I need to warn the others!","<0x51><0xFD><0x01>?<0xFB>Pero""<0xFC><0x08><0x18> <0x52>pero se supone que estás
fuera de escena!<0xFB><0x51>Cómo es esto posible?<0xFB><0x52>Necesito advertir a los demás!",115,1,116,pokemon,dialogue,"...{PLAYER} ? Mais...{PAUSE}ね mais...{PAUSE}ね mais<0xFB>tu es censé être hors-jeu
! Comment est-ce possible<0xFB>? Je dois prévenir<0xFB>les autres !",
0x01F3DB1C,"<0xFC><0x01><0x04>It's <0xFD><0x01>, sir!<0xFB><0xFD><0x04>'s here too!","<0xFC><0x01><0x04><0x52>Es <0xFD><0x01>, señor!
<0x52>Está aquí!",31,2,33,pokemon,dialogue,"{COLOR}ÇC'est {PLAYER}, monsieur !<0xFB>{STR_VAR_3} est là aussi !",
0x01F3DC49,"<0xFD><0x01>! So you survived the trip
back, too.<0xFB>Quickly - we need to deal with Véga
and his cronies!<0xFB>Your Pokémon can still fight, can't
they? Great!","<0x52><0xFD><0x01>! <0x52>También sobreviviste
al viaje de regreso!<0xFB>Rápido: <0x52>tenemos que ocuparnos de
Vega y sus compinches!<0xFB><0x51>Tus Pokémon pueden luchar, no?",141,2,143,pokemon,dialogue,"<0xFD><0x01> ! Alors tu as survécu
au retour, toi aussi. Vite -<0xFB>il faut s'occuper de Véga et
de ses sbires ! Tes Pokémon<0xFB>peuvent encore se battre,
n'est-ce pas ? Parfait !",
0x01F3DD42,"<0xFD><0x01>""<0xFC><0x08><0x18> it is truly unfortunate that
you had to find out this way.<0xFB>But I will not hesitate.<0xFB>You are no longer a mere opponent""<0xFC><0x08><0x18>
you are an enemy!","<0xFD><0x01>""<0xFC><0x08><0x18> es triste de que te
hayas enterado de esta manera.<0xFB>Pero no dudaré en hacer esto.<0xFB>Ya no eres un simple oponente""<0xFC><0x08><0x18>
<0x52>AHORA ERES EL ENEMIGO!",146,2,148,pokemon,dialogue,"{PLAYER}...{PAUSE}ね c'est vraiment dommage
que tu l'apprennes ainsi. Mais<0xFB>je n'hésiterai pas. Tu n'es<0xFB>plus un simple adversaire...{PAUSE}ね
tu es un ennemi !",
0x01F3E511,"<0xFD><0x01>!<0xFB>You have to stop Groudon's
rampage!<0xFB>If not, the cave will collapse and
we'll both be trapped here!","<0x52><0xFD><0x01>!<0xFB><0x52>Debes detener el alboroto de
Groudon!<0xFB><0x52>Si no, la cueva colapsará y ambos
quedaremos atrapados!",102,2,104,pokemon,dialogue,"<0xFD><0x01> ! Tu dois arrêter<0xFB>la furie de Groudon ! Sinon,
la grotte s'effondrera<0xFB>et nous serons tous
deux piégés ici !",
0x01F3E578,"Ngh""<0xFC><0x08><0x18> <0xFD><0x01>, are you alright?<0xFB>""<0xFC><0x08><0x18>No! We've been separated!","Egh""<0xFC><0x08><0x18> <0xFD><0x01>, <0x51>estás bien?<0xFB>""<0xFC><0x08><0x18><0x52>No! <0x52>Nos hemos separado!",58,2,60,pokemon,dialogue,"Ngh...{PAUSE}ね {PLAYER}, ça va ? ...{PAUSE}ねNon<0xFB>! On a été séparés !",
0x01F3E5B3,"Wait, these Poké Balls on my side""<0xFC><0x08><0x18>
aren't they <0xFD><0x01>'s Pokémon?<0xFB>They must have been dropped when
Groudon used that attack""<0xFB>What now""<0xFC><0x08><0x18> my own Pokémon are too
badly hurt to take that thing on""!","Espera, estas Poké Ball de mi lado""<0xFC><0x08><0x18>
<0x51>no son los Pokémon de <0xFD><0x01>?<0xFB>Se le debieron caer cuando Groudon
usó ese ataque""<0xFB><0x51>Y ahora""?<0xFC><0x08><0x18> Mis Pokémon están muy
heridos para enfrentarme a esa cosa""",193,2,195,pokemon,dialogue,"Ces Poké Balls de mon côté...{PAUSE}ね
ce sont les Pokémon de {PLAYER}<0xFB>? Elles ont dû tomber quand Groudon
a lancé cette attaque...{PAUSE}ね<0xFB>mes Pokémon sont trop blessés
pour affronter ce truc... !",
0x01F3E5DF," they <0xFD><0x01>'s Pokémon?<0xFB>They must have been dropped when
Groudon used that attack""<0xFB>What now""<0xFC><0x08><0x18> my own Pokémon are too
badly hurt to take that thing on""!","on los Pokémon de <0xFD><0x01>?<0xFB>Se le debieron caer cuando Groudon
usó ese ataque""<0xFB><0x51>Y ahora""?<0xFC><0x08><0x18> Mis Pokémon están muy
heridos para enfrentarme a esa cosa""",149,2,151,pokemon,dialogue,,
0x01F3E5E2,"ey <0xFD><0x01>'s Pokémon?<0xFB>They must have been dropped when
Groudon used that attack""<0xFB>What now""<0xFC><0x08><0x18> my own Pokémon are too
badly hurt to take that thing on""!","los Pokémon de <0xFD><0x01>?<0xFB>Se le debieron caer cuando Groudon
usó ese ataque""<0xFB><0x51>Y ahora""?<0xFC><0x08><0x18> Mis Pokémon están muy
heridos para enfrentarme a esa cosa""",146,2,148,pokemon,dialogue,,
0x01F3E675,"Wait""<0xFC><0x08><0x18> <0xFD><0x01>!<0xFB>Let me use your Poké Balls!
I'll command your Pokémon!<0xFB>Just direct me on whether you want
to fight or switch!","Espera"" <0x52><0xFD><0x01>!<0xFB><0x52>Déjame usar tus Pokémon!
<0x52>Yo me encargaré de Groudon!",122,2,124,pokemon,dialogue,"Attends...{PAUSE}ね {PLAYER} ! Laisse-moi<0xFB>utiliser tes Poké Balls ! Je
dirigerai tes Pokémon ! Dis-moi<0xFB>simplement si tu veux te
battre ou changer !",
0x01F3E6F0,"<0xFC><0x01><0x02>The <0xFD><0x02> sank into the lava and
fell into a deep slumber once more.","<0xFC><0x01><0x02><0xFD><0x02> se hundió en la lava y
volvió a caer en un profundo sueño.",68,2,70,pokemon,description,"{COLOR}ÁLe {STR_VAR_1} a sombré dans la lave
et s'est rendormi profondément.",
0x01F3E786,"Thank you for your help,
<0xFD><0x01>.<0xFB>I honestly don't know what I would
have done without you.<0xFB>Here - I suppose you'll want your
Pokémon back.","Gracias por tu ayuda,
<0xFD><0x01>.<0xFB>Sinceramente no sé qué habría hecho
sin ti.<0xFB>Toma, supongo que querrás recuperar
a tus Pokémon.",134,2,136,pokemon,dialogue,"Merci pour ton aide, <0xFD><0x01>.
Honnêtement, je ne sais<0xFB>pas ce que j'aurais fait
sans toi. Tiens - j'imagine<0xFB>que tu veux récupérer
tes Pokémon.",
0x01F3E8DB,"eph's
aid in finding the Light of Ruin's<0xFA>new base.<0xFB>If you followed me to our base in
<0xFC><0x01><0x06>Frozen Heights<0xFC><0x01><0x08>, Zeph would never<0xFA>agree to help.<0xFB>So please, <0xFD><0x01>, for both our
sakes - stay away from our base.","
Zeph para encontrar la nueva base<0xFA>de Luz Maligna.<0xFB><0x52>Si me siguieras a nuestra base en
<0xFC><0x01><0x06>Pueblo Frío<0xFC><0x01><0x08>, Zeph nunca<0xFA>aceptaría ayudar!<0xFB>Así que por favor, <0xFD><0x01>,
manténte alejados de nuestra base.",199,3,202,pokemon,dialogue,,
0x01F3E8E4," in finding the Light of Ruin's<0xFA>new base.<0xFB>If you followed me to our base in
<0xFC><0x01><0x06>Frozen Heights<0xFC><0x01><0x08>, Zeph would never<0xFA>agree to help.<0xFB>So please, <0xFD><0x01>, for both our
sakes - stay away from our base.","a encontrar la nueva base<0xFA>de Luz Maligna.<0xFB><0x52>Si me siguieras a nuestra base en
<0xFC><0x01><0x06>Pueblo Frío<0xFC><0x01><0x08>, Zeph nunca<0xFA>aceptaría ayudar!<0xFB>Así que por favor, <0xFD><0x01>,
manténte alejados de nuestra base.",190,3,193,pokemon,dialogue,,
0x01F3E8E6,"n finding the Light of Ruin's<0xFA>new base.<0xFB>If you followed me to our base in
<0xFC><0x01><0x06>Frozen Heights<0xFC><0x01><0x08>, Zeph would never<0xFA>agree to help.<0xFB>So please, <0xFD><0x01>, for both our
sakes - stay away from our base.","encontrar la nueva base<0xFA>de Luz Maligna.<0xFB><0x52>Si me siguieras a nuestra base en
<0xFC><0x01><0x06>Pueblo Frío<0xFC><0x01><0x08>, Zeph nunca<0xFA>aceptaría ayudar!<0xFB>Así que por favor, <0xFD><0x01>,
manténte alejados de nuestra base.",188,3,191,pokemon,dialogue,,
0x01F3E8E7," finding the Light of Ruin's<0xFA>new base.<0xFB>If you followed me to our base in
<0xFC><0x01><0x06>Frozen Heights<0xFC><0x01><0x08>, Zeph would never<0xFA>agree to help.<0xFB>So please, <0xFD><0x01>, for both our
sakes - stay away from our base.","ncontrar la nueva base<0xFA>de Luz Maligna.<0xFB><0x52>Si me siguieras a nuestra base en
<0xFC><0x01><0x06>Pueblo Frío<0xFC><0x01><0x08>, Zeph nunca<0xFA>aceptaría ayudar!<0xFB>Así que por favor, <0xFD><0x01>,
manténte alejados de nuestra base.",187,3,190,pokemon,dialogue,,
0x01F3E8EA,"nding the Light of Ruin's<0xFA>new base.<0xFB>If you followed me to our base in
<0xFC><0x01><0x06>Frozen Heights<0xFC><0x01><0x08>, Zeph would never<0xFA>agree to help.<0xFB>So please, <0xFD><0x01>, for both our
sakes - stay away from our base.","ntrar la nueva base<0xFA>de Luz Maligna.<0xFB><0x52>Si me siguieras a nuestra base en
<0xFC><0x01><0x06>Pueblo Frío<0xFC><0x01><0x08>, Zeph nunca<0xFA>aceptaría ayudar!<0xFB>Así que por favor, <0xFD><0x01>,
manténte alejados de nuestra base.",184,3,187,pokemon,dialogue,,
0x01F3E8EB,"ding the Light of Ruin's<0xFA>new base.<0xFB>If you followed me to our base in
<0xFC><0x01><0x06>Frozen Heights<0xFC><0x01><0x08>, Zeph would never<0xFA>agree to help.<0xFB>So please, <0xFD><0x01>, for both our
sakes - stay away from our base.","trar la nueva base<0xFA>de Luz Maligna.<0xFB><0x52>Si me siguieras a nuestra base en
<0xFC><0x01><0x06>Pueblo Frío<0xFC><0x01><0x08>, Zeph nunca<0xFA>aceptaría ayudar!<0xFB>Así que por favor, <0xFD><0x01>,
manténte alejados de nuestra base.",183,3,186,pokemon,dialogue,,
0x01F3E8EC,"ing the Light of Ruin's<0xFA>new base.<0xFB>If you followed me to our base in
<0xFC><0x01><0x06>Frozen Heights<0xFC><0x01><0x08>, Zeph would never<0xFA>agree to help.<0xFB>So please, <0xFD><0x01>, for both our
sakes - stay away from our base.","rar la nueva base<0xFA>de Luz Maligna.<0xFB><0x52>Si me siguieras a nuestra base en
<0xFC><0x01><0x06>Pueblo Frío<0xFC><0x01><0x08>, Zeph nunca<0xFA>aceptaría ayudar!<0xFB>Así que por favor, <0xFD><0x01>,
manténte alejados de nuestra base.",182,3,185,pokemon,dialogue,,
0x01F3E8EF," the Light of Ruin's<0xFA>new base.<0xFB>If you followed me to our base in
<0xFC><0x01><0x06>Frozen Heights<0xFC><0x01><0x08>, Zeph would never<0xFA>agree to help.<0xFB>So please, <0xFD><0x01>, for both our
sakes - stay away from our base."," la nueva base<0xFA>de Luz Maligna.<0xFB><0x52>Si me siguieras a nuestra base en
<0xFC><0x01><0x06>Pueblo Frío<0xFC><0x01><0x08>, Zeph nunca<0xFA>aceptaría ayudar!<0xFB>Así que por favor, <0xFD><0x01>,
manténte alejados de nuestra base.",179,3,182,pokemon,dialogue,,
0x01F3E8F0,"the Light of Ruin's<0xFA>new base.<0xFB>If you followed me to our base in
<0xFC><0x01><0x06>Frozen Heights<0xFC><0x01><0x08>, Zeph would never<0xFA>agree to help.<0xFB>So please, <0xFD><0x01>, for both our
sakes - stay away from our base.","la nueva base<0xFA>de Luz Maligna.<0xFB><0x52>Si me siguieras a nuestra base en
<0xFC><0x01><0x06>Pueblo Frío<0xFC><0x01><0x08>, Zeph nunca<0xFA>aceptaría ayudar!<0xFB>Así que por favor, <0xFD><0x01>,
manténte alejados de nuestra base.",178,3,181,pokemon,dialogue,,
0x01F3E8F4,"Light of Ruin's<0xFA>new base.<0xFB>If you followed me to our base in
<0xFC><0x01><0x06>Frozen Heights<0xFC><0x01><0x08>, Zeph would never<0xFA>agree to help.<0xFB>So please, <0xFD><0x01>, for both our
sakes - stay away from our base.","ueva base<0xFA>de Luz Maligna.<0xFB><0x52>Si me siguieras a nuestra base en
<0xFC><0x01><0x06>Pueblo Frío<0xFC><0x01><0x08>, Zeph nunca<0xFA>aceptaría ayudar!<0xFB>Así que por favor, <0xFD><0x01>,
manténte alejados de nuestra base.",174,3,177,pokemon,dialogue,,
0x01F3EBBA,"What the""<0xFB>That's my uniform!<0xFB><0xFD><0x01>""<0xFC><0x08><0x18> is that you?","<0x51>Qué""?<0xFB><0x52>Ese es mi uniforme!
<0xFD><0x01>""<0xFC><0x08><0x18> <0x51>eres tú?",48,1,49,pokemon,dialogue,Hein... ? C'est mon<0xFB>uniforme ! {PLAYER}...{PAUSE}ね<0xFB>c'est toi ?,
0x01F3EBD0,"iform!<0xFB><0xFD><0x01>""<0xFC><0x08><0x18> is that you?","orme!
<0xFD><0x01>""<0xFC><0x08><0x18> <0x51>eres tú?",26,1,27,pokemon,dialogue,,
0x01F3EDA8,"This battle style""<0xFC><0x08><0x18> this aura""<0xFC><0x08><0x18>
it cannot be""<0xFC><0x08><0x18> are you really<0xFA><0xFD><0x01>""!?<0xFB>No, this can't be true!","Este estilo de batalla""<0xFC><0x08><0x18> esta aura""<0xFC><0x08><0x18>
no puede ser""<0xFC><0x08><0x18> eres""<0xFC><0x08><0x18> <0xFD><0x01>""<0xFB><0x52>No, esto no puede ser!",97,1,98,pokemon,dialogue,"Ce style de combat...{PAUSE}ね cette aura...{PAUSE}ね
ce n'est pas possible...{PAUSE}ね serais-tu<0xFA>vraiment {PLAYER}... !? Non, ce<0xFB>ne peut pas être vrai !",
0x01F3EDEB,"<0xFA><0xFD><0x01>""!?<0xFB>No, this can't be true!","<0xFD><0x01>""<0xFB><0x52>No, esto no puede ser!",30,1,31,pokemon,dialogue,,
0x01F3F3C9,"Then it seems to me that in order
for our plan to go off without a<0xFA>hitch, we'll need all the manpower<0xFA>we can muster.<0xFB>So, I suggest we bring <0xFD><0x01>
along, as well.","Además, para que nuestro plan
funcione sin problemas,<0xFA>necesitaremos toda la ayuda<0xFA>posible.<0xFB>Entonces, sugiero que <0xFD><0x01>
también venga con nosotros.",158,2,160,pokemon,dialogue,"Il me semble donc que, pour que
notre plan se déroule sans accroc,<0xFA>il nous faudra toute la main-d'oeuvre<0xFA>possible. Je propose donc d'emmener<0xFB><0xFD><0x01>
aussi.",
0x01F3F3EB,"for our plan to go off without a<0xFA>hitch, we'll need all the manpower<0xFA>we can muster.<0xFB>So, I suggest we bring <0xFD><0x01>
along, as well.","ione sin problemas,<0xFA>necesitaremos toda la ayuda<0xFA>posible.<0xFB>Entonces, sugiero que <0xFD><0x01>
también venga con nosotros.",124,2,126,pokemon,dialogue,,
0x01F3F468,"Marlon, I don't understand""<0xFB>Why would you put so much faith
in <0xFD><0x02>?<0xFB><0xFD><0x01> has only tried to interfere
with us before.<0xFB>What makes you think <0xFD><0x03> would even
be willing to help us?","Marlon, no entiendo""<0xFB><0x51>Por qué tienes tanta fé en
<0xFD><0x01>?<0xFB><0xFD><0x01> solo ha estado
interfieriendo en nuestros planes.<0xFB><0x51>Qué te hace pesnar que quiera
ayudarnos?",171,3,174,pokemon,dialogue,"Marlon, je ne comprends pas...<0xFB>Pourquoi mettre autant de confiance
en <0xFD><0x02> ? <0xFD><0x01> n'a fait que<0xFB>tenter de nous mettre des bâtons
dans les roues. Qu'est-ce qui te<0xFB>fait croire que <0xFD><0x03> accepterait
de nous aider ?",
0x01F3F6F5,"It was Aros, Zeph.<0xFB>Fey imprisoned him in there sixteen
years ago.<0xFB>And not only that, it turns out Aros
is <0xFD><0x01>'s father, too.","Era Aros, Zeph. Fey lo encarceló
allí hace 16 años.<0xFB>Y no sólo eso, resulta que Aros
también es el padre de <0xFD><0x01>.",123,3,126,pokemon,description,"C'était Aros, Zeph. Fey l'a<0xFB>emprisonné là-dedans il y a seize
ans. Et en plus, il s'avère qu'Aros<0xFB>est le père de
<0xFD><0x01>.",
0x01F3F6F6,"t was Aros, Zeph.<0xFB>Fey imprisoned him in there sixteen
years ago.<0xFB>And not only that, it turns out Aros
is <0xFD><0x01>'s father, too.","ra Aros, Zeph. Fey lo encarceló
allí hace 16 años.<0xFB>Y no sólo eso, resulta que Aros
también es el padre de <0xFD><0x01>.",122,3,125,pokemon,description,,
0x01F3F6F9,"as Aros, Zeph.<0xFB>Fey imprisoned him in there sixteen
years ago.<0xFB>And not only that, it turns out Aros
is <0xFD><0x01>'s father, too.","Aros, Zeph. Fey lo encarceló
allí hace 16 años.<0xFB>Y no sólo eso, resulta que Aros
también es el padre de <0xFD><0x01>.",119,3,122,pokemon,description,,
0x01F40045,"<0xFC><0x01><0x04>Their names are <0xFD><0x06>
and Melony.<0xFB>They're the most beautiful children
in the world.","<0xFC><0x01><0x04>Sus nombres son <0xFD><0x06> y Melony.
Son los niños más bellos del mundo.",83,2,85,pokemon,description,"{COLOR}ÇIls s'appellent {RIVAL} et Melony.
Ce sont les plus beaux enfants<0xFB>du
monde.",
0x01F41615,"I should apologize, <0xFD><0x01>""<0xFB>I believed you to be some sort of
spy, sent by Aklove.<0xFB>If I'd known you were the real deal
all along, I would have reacted<0xFA>less""<0xFC><0x08><0x18> violently.","Debería disculparme, <0xFD><0x01>""<0xFB>Creí que eras una especie de espía
enviado por Aklove.<0xFB>Si hubiera sabido que eras el
real desde el principio, habría<0xFA>actuado menos violento.",166,1,167,pokemon,dialogue,"Je dois m'excuser, {PLAYER}... Je te<0xFB>prenais pour un espion envoyé par
Aklove. Si j'avais su que tu étais<0xFB>le vrai depuis le début, j'aurais
réagi avec moins...{PAUSE}ね de<0xFA>violence.",
0x01F418B4,"And <0xFD><0x01>""<0xFC><0x08><0x18> please, don't tell
<0xFD><0x06> about Ivory and me.<0xFB>At least""<0xFC><0x08><0x18> not until the time is
truly right.<0xFB>That we neglected our children
in favour of another""<0xFC><0x08><0x18> the thought<0xFA>would sicken him.","Y"" <0xFD><0x01>""<0xFC><0x08><0x18> por favor, no le
cuentes a <0xFD><0x06> sobre Ivory y<0xFA>yo.<0xFB>Esperaré el momento adecuado para
yo hacerlo.<0xFB>Que descuidemos a nuestros hijos en
favor de otro""<0xFC><0x08><0x18> la idea le repugnaría.",186,2,188,pokemon,description,"Et {PLAYER}...{PAUSE}ね s'il te plaît, ne dis
rien à {RIVAL} sur Ivory et moi.<0xFB>Du moins...{PAUSE}ね pas avant que le moment
soit vraiment venu. Que nous ayons<0xFB>délaissé nos enfants au profit d'un
autre...{PAUSE}ね cette idée le<0xFA>révolterait.",
0x01F41B1B,<0xFD><0x01>!,"<0xFD><0x01>""",3,2,5,pokemon,dialogue,,
0x01F41BFB,"<0xFD><0x01>!
Just the <0xFD><0x02> I was looking for!","<0xFD><0x01>"" <0x52>Justo te estaba
buscando!",34,2,36,pokemon,dialogue,"<0xFD><0x01> ! Juste le <0xFD><0x02> que je
cherchais !",
0x01F41C4C,"<0xFD><0x01>, have you seen Jax?<0xFB>Last I heard, he was planning to
travel to the Ruins of Void.","<0xFD><0x01>, <0x51>has visto a Jax?<0xFB>Lo último que supe fue que planeaba
viajar a Ruinas Vacío.",84,2,86,pokemon,dialogue,"<0xFD><0x01>, tu as vu Jax ? La dernière<0xFB>fois, j'ai entendu qu'il comptait
se rendre aux Ruines du Néant.",
0x01F425C7,"<0xFD><0x01>, since this is officially
your <0xB1>mission<0xB2>, I'll be waiting for<0xFA>you in <0xFC><0x01><0x06>Vivill Town<0xFC><0x01><0x08>.<0xFB>And for your sake, I'll even
play nice with the Shadows until<0xFA>we're done.<0xFB>Don't be late, <0xFD><0x01>.","<0xFD><0x01>, ya que esta es tu <0xB1>misión
oficial<0xB2>, te estaré esperando en<0xFA><0xFC><0x01><0x06>Ciudad Vivil<0xFC><0x01><0x08>.<0xFB>Y por tu bien, incluso me portaré
bien con las Sombras hasta que<0xFA>terminemos.<0xFB>No llegues tarde, <0xFD><0x01>.",183,2,185,pokemon,dialogue,"{PLAYER}, puisque c'est
officiellement ta "" mission "", je<0xFA>t'attendrai à {COLOR}ÉBourg Vivill{COLOR}Ë. Et pour<0xFB>toi, je jouerai même sympa avec les
Ombres jusqu'à ce qu'on ait fini.<0xFA>Ne sois pas en retard,<0xFB>{PLAYER}.",
0x01F42622,"And for your sake, I'll even
play nice with the Shadows until<0xFA>we're done.<0xFB>Don't be late, <0xFD><0x01>."," bien, incluso me portaré
bien con las Sombras hasta que<0xFA>terminemos.<0xFB>No llegues tarde, <0xFD><0x01>.",92,2,94,pokemon,dialogue,,
0x01F4267F,"That boy""<0xFC><0x08><0x18> he's got quite the mouth
to him""<0xFB>Well, I wish you luck in
Vivill Town, <0xFD><0x01>.<0xFB>Let me know how it went, as soon
as you've returned.","Ese chico""<0xFC><0x08><0x18> es muy impaciente""<0xFB>Bueno, te deseo suerte en Ciudad
Vivil, <0xFD><0x01>.<0xFB>Cuéntame cómo te fue tan pronto como
regreses.",140,2,142,pokemon,dialogue,"Ce garçon...{PAUSE}ね il a de la repartie... Eh
bien, je te souhaite bonne chance<0xFB>à Bourg Vivill, {PLAYER}. Dis-moi
comment ça s'est passé dès que tu<0xFB>seras
revenu.",
0x01F4270C,"Sheesh, about time you got here,
<0xFD><0x01>.","Vaya"" hasta que por fin llegas,
<0xFD><0x01>.",36,1,37,pokemon,dialogue,"Pfiou, il était temps que tu
arrives, <0xFD><0x01>.",
0x01F42A6C,"I think we've got the right place,
<0xFD><0x01>!<0xFB>He absolutely screams <0xB1>suspicious<0xB2>.","Estamos en el lugar correcto,
<0xFD><0x01>.<0xFB>Este tipo es sumamente <0xB1>sospechoso<0xB2>.",74,2,76,pokemon,dialogue,"Je crois qu'on est au bon endroit,
<0xFD><0x01> ! Il crie "" suspect "" à<0xFB>plein nez.",
0x01F42F06,"We don't have much time, <0xFD><0x01>.<0xFB>That grunt I knocked out could
wake up any minute now, so we<0xFA>really need to get moving.<0xFB>The only thing is""","No tenemos mucho tiempo,
<0xFD><0x01>.<0xFB>Ese Soldado podría despertar en
cualquier momento, así que debemos<0xFA>movernos.<0xFB>La única cosa es""",135,2,137,pokemon,dialogue,"On n'a pas beaucoup de temps,<0xFB><0xFD><0x01>. Le sbire que j'ai assommé
peut se réveiller d'une minute à<0xFA>l'autre, il faut bouger. Le seul<0xFB>problème, c'est...",
0x01F4312B,"Hey, <0xFD><0x01>!<0xFB>This one of your Shadow buddies?
Call it off!","Oye, <0xFD><0x01>.<0xFB><0x51><0x06>ste es uno de tus amigos Sombras?",54,2,56,pokemon,dialogue,"Hé, <0xFD><0x01> ! C'est l'un de tes<0xFB>potes Ombres ? Fais-le arrêter
!",
0x01F4384D,"You've only learned <0xFC><0x01><0x06><0xFD><0x02><0xFC><0x01><0x08> of the
letters so far.<0xFB>Come back here once you've learned
all <0xFC><0x01><0x06>5<0xFC><0x01><0x08>.","Sólo tienes <0xFC><0x01><0x06><0xFD><0x02><0xFC><0x01><0x08> de las letras.<0xFB>Vuelve aquí una vez que ya tengas
las <0xFC><0x01><0x06>5<0xFC><0x01><0x08> letras.",99,2,101,pokemon,dialogue,"Tu n'as appris que {COLOR}É{STR_VAR_1}{COLOR}Ë lettres
jusqu'à présent. Reviens une fois<0xFB>que tu connaîtras les
{COLOR}É5{COLOR}Ë.",
0x01F44D1A,"<0xFD><0x06>, we wanted to come home""<0xFB>We really did""","<0xFD><0x06>, nosotros queríamos
volver a casa""",42,2,44,pokemon,description,"<0xFD><0x06>, on voulait rentrer...<0xFB>Vraiment...",
0x01F44F80,<0xFD><0x06>!,"<0xFD><0x06>""",3,3,6,pokemon,dialogue,,
0x01F45259,"<0xFD><0x01>!<0xFB>Your escape from the Cube was my
oversight!<0xFB>I should have been more thorough
and followed my directions to the<0xFA>letter""","<0x52><0xFD><0x01>!<0xFB><0x52>Tu escape del Cubo fue mi descuido!<0xFB>Debería haber sido más minucioso y
seguir mis instrucciones al pie de<0xFA>la letra""",122,3,125,pokemon,dialogue,"<0xFD><0x01> !<0xFB>Ta fuite du Cube était de
ma faute !<0xFB>J'aurais dû être plus minutieux
et suivre mes instructions<0xFA>à la lettre...",
0x01F45482,"Now, send <0xFD><0x01> to join <0xFD><0x02> friend!","Ahora, envía a <0xFD><0x01> con
su amigo.",31,2,33,pokemon,dialogue,"Envoie <0xFD><0x01> rejoindre son ami
<0xFD><0x02> !",
0x01F454E9,"<0xFD><0x01>! Is that really you?<0xFB>I didn't think I'd see a friendly
face in here.<0xFB>I don't know how long I've been
here, but it feels like forever""","<0x52><0xFD><0x01>! <0x51>Realmente eres tú?<0xFB>No pensé que te vería por aquí.<0xFB>No sé cuánto tiempo llevo aquí, pero
parece que ha sido una eternidad""",136,3,139,pokemon,dialogue,"<0xFD><0x01> ! C'est bien toi ? Je ne<0xFB>pensais pas voir un visage ami ici.
Je ne sais pas depuis combien de<0xFB>temps je suis là, mais ça paraît
une éternité...",
0x01F459B2,"I've never been here before,
so this must be the right way!<0xFB>Let's continue on, <0xFD><0x01>.","Nunca he estado por aquí, <0x52>así que
este debe ser el camino correcto!<0xFB>Sigamos, <0xFD><0x01>.",82,3,85,pokemon,dialogue,"Je ne suis jamais venu ici, donc
ça doit être le bon chemin !<0xFB>Continuons, <0xFD><0x01>.",
0x01F45DE0,"<0xFD><0x01>, this is our chance!<0xFB>I think that Pokémon is up ahead!","<0xFD><0x01>, <0x52>es nuestra oportunidad!
<0x52>El Pokémon está por allá!",57,2,59,pokemon,dialogue,"<0xFD><0x01>, c'est notre chance ! Je<0xFB>crois que ce Pokémon est devant !",
0x01F45EC1,"Be careful, <0xFD><0x01>.<0xFB>There's no telling what that
Pokémon's capable of.","Ten cuidado, <0xFD><0x01>.<0xFB>No se sabe de qué es capaz ese
Pokémon.",66,3,69,pokemon,description,"Fais attention, <0xFD><0x01>. Impossible<0xFB>de savoir de quoi ce Pokémon est
capable.",
0x01F46179,"Anyway, now that we made it,
let's get back to it.<0xFB><0xFD><0x01>""<0xFC><0x08><0x18> what happened back at the
Ruins of Void?<0xFB>""<0xFB>Aklove""<0xFB>Then that means we don't have
a second to spare!","Bueno, ahora que logramos salir.<0xFB><0xFD><0x01>""<0xFC><0x08><0x18> <0x51>qué pasó en Ruinas
Vacío realmente?<0xFB>""<0xFB>Aklove""<0xFB><0x52>Entonces eso significa que no
podemos perder más tiempo!",157,3,160,pokemon,dialogue,"Bref, maintenant qu'on est là,
retournons-y.<0xFB>{PLAYER}...{PAUSE}ね que s'est-il passé aux
Ruines du Néant ?<0xFB>...<0xFB>Aklove...<0xFB>Alors on n'a pas une seconde à
perdre !",
0x01F46334,"<0xFD><0x01>! You made it!<0xFB>I picked up my grandfather on the
way here.<0xFB>He said he wanted to speak to both
of us.","<0x52><0xFD><0x01>! <0x52>Lo hiciste!<0xFB>Encontré a mi abuelo de camino
aquí.<0xFB>Dijo que quería hablar con los dos.",102,3,105,pokemon,dialogue,"<0xFD><0x01> ! Tu es là ! J'ai récupéré<0xFB>mon grand-père en chemin. Il a dit
qu'il voulait nous parler à<0xFB>nous
deux.",
0x01F46466,"That explains why I hadn't been
there that long before <0xFD><0x01><0xFA>showed up.","Eso explica el tiempo que había
estado allí antes de que<0xFA><0xFD><0x01> llegue.",68,3,71,pokemon,dialogue,"Ça explique pourquoi je n'y étais
pas longtemps avant que <0xFD><0x01><0xFA>n'arrive.",
0x01F466F7,"<0xFD><0x01>!<0xFB>I've been looking everywhere
for you!<0xFB>Aklove""<0xFC><0x08><0x18> he's""","<0x52><0xFD><0x01>!<0xFB><0x52>Te estuve buscando por todas
partes!<0xFB>Aklove"" él es""",58,2,60,pokemon,dialogue,"{PLAYER} !<0xFB>Je te cherchais partout
ici !<0xFB>Aklove...{PAUSE}ね il est...",
0x01F4728D,"You got that, <0xFD><0x01>?<0xFB>Meet us at the boat on the docks
<0xFC><0x01><0x06>north<0xFC><0x01><0x08> of here.<0xFB>We'll go on ahead and board without
you, so there's no delay.<0xFB>Oh, right - take this ticket so you
can get on the boat, too.","<0x51>Escuchaste, <0xFD><0x01>?<0xFB>Encuéntranos en el <0xFC><0x01><0x06>norte<0xFC><0x01><0x08> del
muelle.<0xFB>Seguiremos adelante y abordaremos
sin ti, para que no haya demoras.<0xFB>Ah, claro, coge este Ticket para
poder subir al barco también.",195,2,197,pokemon,dialogue,"Tu as entendu, {PLAYER} ?<0xFB>Retrouve-nous au bateau
des quais {COLOR}Éau nord{COLOR}Ë d'ici.<0xFB>On embarque sans toi
pour éviter les retards.<0xFB>Oh, tiens - prends ce
ticket pour monter aussi.",
0x01F47A18,"You ready to keep going up the
mountain, <0xFD><0x01>?","<0x51>Ya hiciste lo que tenía que hacer,
<0xFD><0x01>?",44,2,46,pokemon,dialogue,"Prêt à continuer à
monter la montagne, <0xFD><0x01> ?",
0x01F47A45,"<0xFC><0x01><0x02><0xFD><0x01> decided to go with
<0xFD><0x06>!",<0xFC><0x01><0x02>Has decidido ir con <0xFD><0x06>.,28,2,30,pokemon,dialogue,"{COLOR}Á{PLAYER}a
décidé accompagner{RIVAL}!",
0x01F47A62,"<0xFC><0x01><0x02>While teamed up with <0xFD><0x06>, the
<0xFC><0x01><0x06>first 3<0xFC><0x01><0x02> viable Pokémon in your<0xFA>party will be selected for battle.<0xFB><0xFD><0x06> is also capable of using
Surf and Rock Climb.","<0xFC><0x01><0x02>Al estar en equipo con <0xFD><0x06>,
los <0xFC><0x01><0x06>3 primeros<0xFC><0x01><0x02> Pokémon de tu<0xFA>grupo serán elegidos para la<0xFA>batalla.<0xFB><0xFD><0x06> también es capaz de usar
Surf y Treparrocas.",152,2,154,pokemon,dialogue,"{COLOR}ÁEn équipe avec {RIVAL}, les
{COLOR}É3 premiers{COLOR}Á Pokémon valides de ton<0xFA>équipe seront utilisés en combat.<0xFB>{RIVAL} peut aussi
utiliser Surf et Escalade.",
0x01F47AFB,"Hurry up, <0xFD><0x01>.
There's no time to waste!","Date prisa, <0xFD><0x01>.
<0x52>No demores mucho!",39,2,41,pokemon,dialogue,"Dépêche-toi,<0xFD><0x01>.
Pas de temps à perdre!",
0x01F47D84,"Where are you going, <0xFD><0x01>?<0xFB>Do you need to head back to town to
get supplies or something?","<0x51>A dónde vas, <0xFD><0x01>?<0xFB><0x51>Necesitas regresar al pueblo para
conseguir objetos o algo así?",87,2,89,pokemon,dialogue,"Où tu vas, <0xFD><0x01> ?<0xFB>Tu dois retourner en
ville pour des provisions ou autre ?",
0x01F47DDC,"Hurry back, <0xFD><0x01>.
There's no time to waste!","Date prisa, <0xFD><0x01>.
<0x52>No te demores!",41,2,43,pokemon,dialogue,"Reviens vite, <0xFD><0x01>.
Pas de temps à perdre !",
0x01F47E06,"Wha-? These Pokémon""<0xFB>That Aklove guy must have had Hoopa
set this trap to slow us down!<0xFB>But we can't stop moving now!<0xFB>C'mon, <0xFD><0x01>! Let's blast through
these things and get to the summit!","<0x51>Qué? <0x52>Esos Pokémon!<0xFB><0x52>Ese tipo Aklove debe haber hecho
que Hoopa pusiera esta trampa para<0xFA>frenarnos!<0xFB><0x52>Vamos, <0xFD><0x01>! <0x52>Atravesemos
estas cosas y lleguemos a la cima!",184,2,186,pokemon,dialogue,"Quoi ? Ces Pokémon...<0xFB>Aklove a dû demander à
Hoopa de poser ce piège !<0xFB>Mais on ne peut plus s'arrêter !<0xFB>Allez, <0xFD><0x01> !
Défonçons-les et grimpons !",
0x01F481B4,"<0xFC><0x01><0x04>If it were up to me, we wouldn't
be destroying anything, <0xFD><0x06>.<0xFB>But this is the only way""","<0xFC><0x01><0x04>Si por mí fuera no destruiría nada,
<0xFD><0x06>.<0xFB>Pero esta es la única manera que
conozco""",89,1,90,pokemon,description,"{COLOR}ÇSi ça ne tenait qu'à moi, on ne
ferait rien sauter, {RIVAL}.<0xFB>Mais c'est la seule façon...",
0x01F4822B,"<0xFC><0x01><0x04>I'm sorry, <0xFD><0x06>""<0xFC><0x08><0x18> but this is for
your own good.<0xFB>Stay here and out of harm's way,
until we're finished at the summit.","<0xFC><0x01><0x04>Lo siento, <0xFD><0x06>""<0xFC><0x08><0x18> pero esto es por
tu propio bien.<0xFB>Quédate aquí y fuera de peligro
hasta que terminemos con esto.",120,2,122,pokemon,dialogue,"{COLOR}ÇJe suis désolée,
{RIVAL}...{PAUSE}ね mais c'est pour ton bien.<0xFB>Reste ici, hors de
danger, jusqu'à ce qu'on ait fini.",
0x01F482A4,"<0xFC><0x01><0x04>What about you, <0xFD><0x01>?<0xFB>I suppose it's too much to hope
you'll turn back?","<0xFC><0x01><0x04><0x51>Y tú, <0xFD><0x01>?<0xFB><0x51>Supongo que ya te piensas rendir,
no?",72,2,74,pokemon,dialogue,"{COLOR}ÇEt toi,{PLAYER}?<0xFB>J'imagine que c'est trop
demander que tu fasses demi-tour?",
0x01F482ED,"Ngh""<0xFC><0x08><0x18> <0xFD><0x01>""<0xFC><0x08><0x18> take""<0xFC><0x08><0x18> my Pokémon""<0xFB>I can't fight""<0xFC><0x08><0x18> but""<0xFC><0x08><0x18> they'll back
you up""","Ngh""<0xFC><0x08><0x18> <0xFD><0x01>""<0xFC><0x08><0x18> toma""<0xFC><0x08><0x18> mis Pokémon""<0xFB>No puedo luchar"" pero"" ellos te
obedecerán""",82,3,85,pokemon,dialogue,,
0x01F48340,"<0xFC><0x01><0x02><0xFD><0x06> is lending you his
Toucannon, Vaporeon, and Mamoswine<0xFA>for your fight with Ivory!<0xFB>When the battle starts, they will
automatically join your team.","<0xFC><0x01><0x02><0xFD><0x06> te está prestando a
Toucannon, Vaporeon y<0xFA>Mamoswine para tu pelea contra<0xFA>Ivory.<0xFB>Cuando comience la batalla, se
unirán automáticamente al equipo.",150,3,153,pokemon,dialogue,"{COLOR}Á{RIVAL} te prête
son Bazoucan, son Aquali<0xFA>et son Mammochon pour Ivory !<0xFB>Quand le combat
commencera, ils te rejoindront.",
0x01F486AA,"<0xFD><0x02>! Use <0xFD><0x03>!
Help him out of there!","<0x52><0xFD><0x02> usa <0xFD><0x03>!
<0x52>Ayúdalo a escapar!",34,2,36,pokemon,dialogue,"<0xFD><0x02> ! Utilise
<0xFD><0x03> ! Sors-le de là !",
0x01F486CD,"It's good to see you again, <0xFD><0x06>.<0xFB>Have you given any thought on what
I told you, at all?","Es bueno verte de nuevo,
<0xFD><0x06>.<0xFB><0x51>Has pensado alguna vez en lo
que te dije?",86,2,88,pokemon,dialogue,"Ravi de te revoir, <0xFD><0x06>.<0xFB>As-tu réfléchi à ce que
je t'ai dit ?",
0x01F48785,"I can't apologize enough for that,
<0xFD><0x06>""<0xFB>And I don't expect you to ever
forgive us for what we did""","Entiendo que sigas enojado,
<0xFD><0x06>.<0xFB>Y no espero que alguna vez nos
perdones por lo que hicimos""",97,1,98,pokemon,dialogue,"Je ne pourrai jamais
m'excuser pour ça,<0xFD><0x06>...<0xFB>& je ne m'attends pas à
ce que tu nous pardonnes jour...",
0x01F48A96,"And we'll find that <0xB1>somehow<0xB2>.<0xFB><0xFD><0x01> and I got this far up on
our own, didn't we?<0xFB>Even if we can't just fight our way
past, we'll find an answer!","Y lo haremos""<0xFB><0xFD><0x01> y yo hemos llegado
hasta aquí por nuestra cuenta,<0xFA><0x51>no?<0xFB><0x52>Incluso si no podemos luchar,
encontraremos una solución!",142,3,145,pokemon,dialogue,"& on trouvera ce "" qq part "".<0xFB><0xFD><0x01>& moi sommes
montés jusque-là tout seuls, non?<0xFB>Même si on ne peut pas se battre
pour passer, on trouvera mieux",
0x01F48C0B,"Here, <0xFD><0x01>.
You'll need this.","Toma, <0xFD><0x01>.
Necesitarás esto.",27,1,28,pokemon,dialogue,"Tiens,<0xFD><0x01>. Tu en
auras besoi",
0x01F48C27,"Apparently, that's the only thing
that can seal the dark force away<0xFA>again, so don't drop it.<0xFB>Let's go, <0xFD><0x01>!","Al parecer, eso es lo único que
puede sellar la Fuerza Oscura de<0xFA>nuevo, así que no lo pierdas.<0xFB><0x52>Vamos, <0xFD><0x01>!",106,3,109,pokemon,dialogue,"Apparemment, c'est seule chose
qui peut à nouveau sceller force<0xFA>obscure. Ne perds pas.<0xFB>Allons-y,<0xFD><0x01>!",
0x01F48D07,"This weird guy keeps trying to
convince me he's my dad.<0xFB><0xFD><0x06> wasn't happy about it,
but he still bought it.<0xFB>I'm not falling for it, though!<0xFB>Why would my dad just appear out
of the blue after 16 years?","Ese tipo raro intenta convencerme
de que es mi padre.<0xFB><0xFD><0x06> no estaba contento con
eso, pero aun así lo aceptó.<0xFB><0x52>Yo no lo aceptaré!<0xFB><0x51>Por qué mi papá aparecería de la
nada después de 16 años?",198,2,200,pokemon,dialogue,"Ce type bizarre essaie de me faire
croire qu'il est mon père.<0xFB><0xFD><0x06> n'a pas aimé ça,
mais il l'a quand même cru.<0xFB>Je ne marche pas, moi !<0xFB>Pourquoi mon père surgirait-il
après 16 ans ?",
0x01F493C2,<0xFD><0x01>! Now's your chance!,<0x52><0xFD><0x01>! <0x52>Es tu turno!,22,2,24,pokemon,dialogue,<0xFD><0x01> ! C'est ta chance !,
0x01F4941B,"Fine! Hoopa! You handle <0xFD><0x01>!
I will deal with this other pest.","<0x52>Bien, Hoopa!
<0x52>Ocúpate de <0xFD><0x01>!<0xFB>Yo me ocuparé de la otra plaga.",61,3,64,pokemon,dialogue,"Hoopa ! Occupe-toi de <0xFD><0x01> !
Je gère cet autre gêneur.",
0x01F496B6,"<0xFC><0x01><0x04>I'm sorry""<0xFC><0x08><0x20> Marlon""<0xFC><0x08><0x30> <0xFD><0x06>""<0xFC><0x08><0x30>
This is the only way""","<0xFC><0x01><0x04>Lo siento""<0xFC><0x08><0x20> Marlon""<0xFC><0x08><0x30> <0xFD><0x06>""<0xFC><0x08><0x30>
Es la única manera""",56,3,59,pokemon,description,,
0x01F496EF,"<0xFD><0x01>! Take down Hoopa, and turn
off that weapon!","<0x52><0xFD><0x01>!
<0x52>Derriba a Hoopa y apaga esa arma!",46,1,47,pokemon,dialogue,"<0xFD><0x01>! Mets Hoopa
K.O., et éteins cette arme !",
0x01F498F5,"<0xFD><0x01>!
I got him! Now's your chance!<0xFB>Turn off the Ultimate Weapon!","<0x52><0xFD><0x01>! <0x52>Lo tengo!
<0x52>Es tu oportunidad!<0xFB><0x52>Apaga el Arma Definitiva!",63,3,66,pokemon,dialogue,"<0xFD><0x01> ! Je l'ai eu !
C'est ta chance !<0xFB>Éteins l'Arme Ultime !",
0x01F49A05,"<0xFD><0x01>! You didn't think I'd let you
handle this alone, right?<0xFB>We fought our way up here together,
so let's take him down together!","<0x52><0xFD><0x01>! <0x52>Recuerda que te estamos
apoyando!<0xFB>Lucharemos juntos hasta el final,
<0x52>así que derribémoslo de una vez!",127,3,130,pokemon,dialogue,"<0xFD><0x01> ! Tu ne pensais pas que je
te laisserais seul, hein ?<0xFB>On s'est frayé un chemin ensemble,
alors battons-le ensemble !",
0x01F4A288,"<0xFC><0x01><0x04>Marlon""<0xFC><0x08><0x20> <0xFD><0x06>""<0xFC><0x08><0x20> all I ever wanted
was""<0xFC><0x08><0x20> was""<0xFB>It was all for him""<0xFC><0x08><0x20> always for him""","<0xFC><0x01><0x04>Marlon"" <0xFD><0x06>"" todo lo que
siempre quise fue"" fue""<0xFB>Todo fue para él"" siempre para él""",90,1,91,pokemon,dialogue,"{COLOR}ÇMarlon...{PAUSE}î {RIVAL}...{PAUSE}î je voulais
juste...{PAUSE}î juste...<0xFB>C'était pour lui...{PAUSE}î toujours...",
0x01F4A6B1,"Then, I guess this is it,
<0xFD><0x01>?<0xFB>No""<0xFC><0x08><0x18> there's one more thing I
need to do.","Supongo que esto es todo,
<0xFD><0x01>.<0xFB>No""<0xFC><0x08><0x18> hay una cosa más que necesito
hacer.",73,2,75,pokemon,dialogue,", j'imagine que
c'est tout,{PLAYER}?<0xFB>Non...{PAUSE}ね il me reste
une chose à faire.",
0x01F4A7E3,"<0xFD><0x06>, I already know you're
strong""","<0xFD><0x06>, ya sé que eres muy fuerte""",33,3,36,pokemon,dialogue,"<0xFD><0x06>, je sais déjà
que tu es fort...",
0x01F4A9D7,"Is that right""<0xFC><0x08><0x20> but I still have
my pride as a Trainer, <0xFD><0x06>.<0xFB>I'm afraid I won't just let you win
that easily!","<0x51>Es así""? Pero todavía tengo mi
orgullo como Entrenador, <0xFD><0x06>.<0xFB><0x52>Me temo que no te dejaré ganar tan
fácilmente!",110,2,112,pokemon,dialogue,"Vraiment...{PAUSE}î ma fierté
de Dresseur, {RIVAL}.<0xFB>Je crains de ne pas te
laisser gagner si facilement !",
0x01F4ABC8,"<0xFD><0x06>, let's get Melony and go
home to Frozen Heights.<0xFB>I want to get to know you both.","<0xFD><0x06>, busquemos a Melony y
volvamos a Pueblo Frío.<0xFB>Quiero conocerlos a ambos.",83,2,85,pokemon,dialogue,"<0xFD><0x06>, allons chercher
Melony, puis aux Hauteurs Gelées.<0xFB>Je veux mieux vous connaître.",
0x01F4B6D0,"Wow, <0xFD><0x01>""<0xFB>Looks like Prof. Log picked a
worthy challenger after all!<0xFB>""but no, seriously, congrats!<0xFB>You're now the new Champion of
Borrius!","<0x52>Vaya, <0xFD><0x01>!<0xFB><0x52>Parece que el Prof. Long no se
equivocó después de todo!<0xFB>""Pero, en serio, <0x52>felicidades!
<0x52>Ahora eres el nuevo Campeón!",137,1,138,pokemon,dialogue,"Waouh,<0xFD><0x01>...<0xFB>On dirait que Prof.
Log a choisi challenger digne!<0xFB>...mais sérieux, félicitations!<0xFB>Tu es désormais
nouveau Champion Borrius!",
0x01F4BB98,"e Hall of Fame!<0xFB>This machine will make a permanent
record of your achievement.<0xFB>Just place your Pokémon on it
and you'll be good to go!<0xFB>And once again, <0xFD><0x01>,
CONGRATULATIONS!","quina hará un registro
permanente de tus logros.<0xFB><0x52>Simplemente coloca a tus Pokémon
encima y eso será todo!<0xFB>Y una vez más, <0xFD><0x01>,
<0x52>felicitaciones!",171,1,172,pokemon,dialogue,,
0x01F4C2A8,"d I are gonna show them
how real Trainers battle!<0xFB>See you later, <0xFD><0x01>!","les mostraremos cómo
luchan los Entrenadores de<0xFA>verdad!<0xFB><0x52>Adiós, <0xFD><0x01>!",68,3,71,pokemon,dialogue,,
0x01F4C2C8," Trainers battle!<0xFB>See you later, <0xFD><0x01>!","Entrenadores de<0xFA>verdad!<0xFB><0x52>Adiós, <0xFD><0x01>!",36,3,39,pokemon,dialogue,,
0x01F4C712,"And with that, I'm off!<0xFB>Do say hi to your mother for me,
will you, <0xFD><0x01>?","<0x52>Eso es todo! Saluda a tu madre de
mi parte, <0x51>quieres?",70,3,73,pokemon,dialogue,"Sur ce, je file !<0xFB>Passe le bonjour à ta
mère pour moi, d'accord, <0xFD><0x01> ?",
0x01F4C7F4,"Oh! <0xFD><0x01>!
He did this to you too!?<0xFB>That sneak""<0xFC><0x08><0x18> he's in for it now!","<0x52>Oh, <0xFD><0x01>!
<0x52><0x51><0x06>l también te hizo venir?!<0xFB>Ese tipo"" <0x52>lo págara!",67,3,70,pokemon,dialogue,"Oh!{PLAYER}! Il t'a
fait ça à toi aussi!?<0xFB>Ce sournois...{PAUSE}ね il va prendre c",
0x01F4CA28,"He's insane""<0xFC><0x08><0x18> he really thinks
he can try again""<0xFB>Careful, <0xFD><0x01>.
He's still serious about this.<0xFB>Team up with me, and let's put this
guy and his plans down for good!<0xFB>Time to end this once and for all!","Está loco"" realmente cree que puede
intentarlo de nuevo.<0xFB>Cuidado, <0xFD><0x01>.
Todavía habla en serio con esto.<0xFB><0x52><0x12>nete a mí y acabemos con este
tipo y sus planes de una vez por<0xFA>todas!",198,3,201,pokemon,dialogue,"Il est fou...{PAUSE}ね il
croit vraiment pouvoir recommencer...<0xFB>Attention, {PLAYER}. Il
est toujours sérieux.<0xFB>Fais équipe avec moi, et
mettons-le hors d'état de nuire !<0xFB>Il est temps d'en finir pour de bon.",
0x01F4D581,"I knew you'd come and rescue me,
<0xFD><0x01>!","Sabía que vendrías a rescatarme,
<0xFD><0x01>.",36,2,38,pokemon,dialogue,"Je savais que tu
viendrais me sauv<0xFD><0x01>",
0x01F4D59F,"e,
<0xFD><0x01>!","e,
<0xFD><0x01>.",6,2,8,pokemon,dialogue,,
0x01F4D632,"Happy knowing that my <0xFD><0x03> has
exceeded all my expectations.","Feliz de saber que has superado
mis expectativas.",58,3,61,pokemon,dialogue,"Heureuse de savoir que
mon<0xFD><0x03>a dépassé toutes mes attentes.",
0x01F4D66D,"Let's go home, <0xFD><0x01>.
You deserve a nice rest.","<0x52>Vamos a casa, <0xFD><0x01>!
Te mereces un descanso.",43,3,46,pokemon,dialogue,"Rentrons, <0xFD><0x01>. Tu
mérites un bon repos.",
0x01F4ED3F,"Hello, <0xFD><0x01>!<0xFB>It's me, Teala, the Pokémon
Centre 2F attendant.<0xFB>Is there something you needed to
ask me about linking?","<0x52>Hola, <0xFD><0x01>!<0xFB>Soy Teala, la encargada del P2 del
Centro Pokémon.<0xFB><0x51>Hay algo que necesitas saber sobre
la vinculación?",114,3,117,pokemon,dialogue,"Bonjour,<0xFD><0x01>!<0xFB>C'est moi, Teala, l'hôtesse
2e étage Centre Pokémon.<0xFB>Tu voulais me demander
qqch à propos lien?",
0x01F4F57B,"Some members of the Elite Four
like to battle two on two.<0xFB>If you do not have the TM for
<0xFC><0x01><0x06>Protect<0xFC><0x01><0x04>, now is a good time to<0xFA>purchase it from the market in<0xFA><0xFC><0x01><0x06><0xFD><0x02><0xFC><0x01><0x04>.","Algunos miembros del Alto Mando les
gusta las batallas dobles.<0xFB>Si no tienes la MT <0xFC><0x01><0x06>Protección<0xFC><0x01><0x04> ahora
es un buen momento para comprarla<0xFA>en el mercado de <0xFC><0x01><0x06><0xFD><0x02><0xFC><0x01><0x04>.",165,2,167,pokemon,dialogue,"Certains membres du Conseil
4 aiment combattre en Duo.<0xFB>Si tu n'as pas la CT {COLOR}ÉAbri{COLOR}Ç,
c'est le bon moment pour<0xFA>l'acheter au marché de<0xFA>{COLOR}É{STR_VAR_1}{COLOR}Ç.",
0x01F4F5EC,ood time to<0xFA>purchase it from the market in<0xFA><0xFC><0x01><0x06><0xFD><0x02><0xFC><0x01><0x04>.,en momento para comprarla<0xFA>en el mercado de <0xFC><0x01><0x06><0xFD><0x02><0xFC><0x01><0x04>.,52,2,54,pokemon,description,,
0x01F4F601,it from the market in<0xFA><0xFC><0x01><0x06><0xFD><0x02><0xFC><0x01><0x04>.,arla<0xFA>en el mercado de <0xFC><0x01><0x06><0xFD><0x02><0xFC><0x01><0x04>.,31,2,33,pokemon,description,,
0x01F4F605,rom the market in<0xFA><0xFC><0x01><0x06><0xFD><0x02><0xFC><0x01><0x04>.,<0xFA>en el mercado de <0xFC><0x01><0x06><0xFD><0x02><0xFC><0x01><0x04>.,27,2,29,pokemon,description,,
0x01F4F60A,he market in<0xFA><0xFC><0x01><0x06><0xFD><0x02><0xFC><0x01><0x04>.,l mercado de <0xFC><0x01><0x06><0xFD><0x02><0xFC><0x01><0x04>.,22,2,24,pokemon,description,,
0x01F4F60B,e market in<0xFA><0xFC><0x01><0x06><0xFD><0x02><0xFC><0x01><0x04>., mercado de <0xFC><0x01><0x06><0xFD><0x02><0xFC><0x01><0x04>.,21,2,23,pokemon,description,,
0x01F50BA2,"That was super lovely, <0xFD><0x01>!
I had so much fun!","<0x52>Eso fue encantador, <0xFD><0x01>!
<0x52>Me he divertido!",45,2,47,pokemon,dialogue,"C'était super joli,<0xFD><0x01>
! Je me suis amusée!",
0x01F518F8,"cano!<0xFB>Ready, <0xFD><0x01>?
Because you're going down!",                                           ,43,2,45,pokemon,dialogue,,
0x01F52622," even about me.<0xFB>This is about knowing there's a strong
Trainer in front of me, ripe to be<0xFA>challenged!<0xFB>And that's what gets my heart
racing, no matter when or where!<0xFB>It's on, <0xFD><0x01>!",".<0xFB><0x52>Se trata de saber que hay alguien
fuerte frente a mí, que quiere<0xFA>un desafío!<0xFB><0x52>Y eso es lo que hace que mi corazón
se acelere, sin importar cuándo,<0xFA>ni dónde!<0xFB><0x52>Aquí voy, <0xFD><0x01>!",177,2,179,pokemon,dialogue,,
0x01F52653,"trong
Trainer in front of me, ripe to be<0xFA>challenged!<0xFB>And that's what gets my heart
racing, no matter when or where!<0xFB>It's on, <0xFD><0x01>!","e a mí, que quiere<0xFA>un desafío!<0xFB><0x52>Y eso es lo que hace que mi corazón
se acelere, sin importar cuándo,<0xFA>ni dónde!<0xFB><0x52>Aquí voy, <0xFD><0x01>!",128,2,130,pokemon,dialogue,,
0x01F528C9,"Hi, <0xFD><0x01>!<0xFB>Remember me? It's Milo!
From Thundercap Mt.!<0xFB>I came all this way just to see
you again!<0xFB>Say, let's have a battle!<0xFB>I bet it'll be super fun with a
strong Trainer like you!","Hola, <0xFD><0x01>. <0x51>Me recuerdas?
<0x52>Soy Milo de Mt. Trueno!<0xFB><0x52>Vine hasta aquí para verte de
nuevo!<0xFB><0x52>Tengamos una batalla!<0xFB><0x52>Apuesto a que será súper divertido
con alguien tan fuerte como tú!",178,2,180,pokemon,dialogue,"Salut,<0xFD><0x01>!<0xFB>Tu te souviens moi?
C'est Milo! Mont Thundercap!<0xFB>Je suis venu jusqu'ici rien
que pour te revoir!<0xFB>Dis, on se fait combat!<0xFB>Je parie que ce sera super
fun avec Dresseur au",
0x01F5297C,"You're still super strong,
<0xFD><0x01>!<0xFB>That was so much fun!
I'm glad I came all this way!","<0x52>Eres muy fuerte, <0xFD><0x01>!
<0x52>Fue muy divertido!<0xFB><0x52>Me alegro de haberte visto de
nuevo!",82,2,84,pokemon,dialogue,"Tu es toujours super fort,
<0xFD><0x01> !<0xFB>C'était tellement
fun !",
0x01F53174,"<0xFC><0x01><0x04>That Croagunk is holding a
<0xFD><0x02>, right?","<0xFC><0x01><0x04>Ese Croagunk tiene un <0xFD><0x02>,
<0x51>verdad?",40,2,42,pokemon,dialogue,"{COLOR}ÇCe Cradopaud tient
un{STR_VAR_1}, n'est-ce pas",
0x01F5319D,"<0xFC><0x01><0x04>You are""
""<0xFA>totally correct!<0xFB>Receive the prize, a <0xFD><0x02>,
from that Croagunk!","<0xFC><0x01><0x04>Tú""
""<0xFB>""
""<0xFB>Has acertado""<0xFB><0x52>Felicidades!<0xFB>Has recibido <0xFD><0x02>.",75,2,77,pokemon,dialogue,"{COLOR}ÇTu es... ... totalement
correct<0xFA>!<0xFB>Reçois le prix, un
{STR_VAR_1}, de ce Cradopaud !",
0x01F5346C,"It's time to whip out your Rod and
get fishing! Hook <0xFD><0x02> Pokémon.","<0x52>Saca tu caña y empieza a pescar!
Pesca <0xFD><0x02> Pokémon.             ",64,2,66,pokemon,dialogue,"Il est temps de sortir ta
Canne ! Attrape <0xFD><0x02> Pokémon.",
0x01F534AD,"It's time to whip out the bait and
lure in some fish! Hook <0xFD><0x02> Pokémon.","<0x52>Es hora de sacar el cebo y atraer
algunos peces! Pesca <0xFD><0x02> Pokémon.",70,2,72,pokemon,dialogue,"Il est temps de sortir
l'appât ! Capture <0xFD><0x02> Pokémon.",
0x01F534F4,"It's time to plant yourself firm
and look onward. Hook <0xFD><0x02> Pokémon.","<0x52>Es hora de dar todo lo que
tienes! Pesca <0xFD><0x02> Pokémon.",66,2,68,pokemon,dialogue,"Il est temps de bien
t'ancrer ! Capture <0xFD><0x02> Pokémon.",
0x01F5378E,"After your great showing, I now
have another task for you.<0xFB>Promote Cube Corp.'s rods even
further by fishing for Pokémon<0xFA>at least <0xFC><0x01><0x06><0xFD><0x02><0xFC><0x01><0x08> times.","Después de tu gran pesca, ahora
tengo otra tarea para ti.<0xFB>Promover las cañas de Corporación
Cubo, pescando Pokémon al menos<0xFA><0xFC><0x01><0x06><0xFD><0x02><0xFC><0x01><0x08> veces.",145,2,147,pokemon,dialogue,"Après ta belle prestation,
j'ai autre tâche pour toi.<0xFB>Fais plus pub pour
cannes Cube Corp. en<0xFA>pêchant Pokémon au moins{COLOR}É{STR_VAR_1}{COLOR}Ë fois.",
0x01F53912,"Great job, Trainer!<0xFB>I've received word from Cube Corp.
that you've promoted their brand<0xFA>a total of <0xFC><0x01><0x06><0xFD><0x03><0xFC><0x01><0x08> times!<0xFB>Here's your reward!","<0x52>Buen trabajo!<0xFB><0x52>He recibido noticias de Corporación
Cubo de que has promocionado su<0xFA>marca un total de <0xFC><0x01><0x06><0xFD><0x03><0xFC><0x01><0x08> veces!<0xFB>Esto es para ti.",134,2,136,pokemon,dialogue,"Beau travail, Dresseur!<0xFB>J'ai reçu de Cube Corp. la
nouvelle que tu as promu<0xFA>leur marque au total{COLOR}É{STR_VAR_2}{COLOR}Ë fois!<0xFB>Voici ta récompense!",
0x01F53A46,"My sources at Cube Corp. tell me
that you've only fished for <0xFC><0x01><0x06><0xFD><0x03><0xFC><0x01><0x08><0xFA>Pokémon so far.<0xFB>You need to fish for at least <0xFC><0x01><0x06><0xFD><0x02><0xFC><0x01><0x08>
if you want the reward.","Mis fuentes de Corporación Cubo me
han dicho que has pescado <0xFC><0x01><0x06><0xFD><0x03><0xFC><0x01><0x08> Pokémon.<0xFB>Necesitas pescar al menos <0xFC><0x01><0x06><0xFD><0x02><0xFC><0x01><0x08> Pokémon
si quieres la recompensa.",148,3,151,pokemon,dialogue,"Mes sources chez Cube Corp.
me disent que tu n'as pêché<0xFA>que{COLOR}É{STR_VAR_2}{COLOR}Ë Pokémon pour l'instant.<0xFB>Tu dois pêcher au moins
{COLOR}É{STR_VAR_1}{COLOR}Ë si tu veux récompense.",
0x01F5410C,"To be clear, I would like to see a
Pokémon that knows <0xFC><0x01><0x06><0xFD><0x02><0xFC><0x01><0x04>.<0xFB>Thank you.","<0x52>Me gustaría ver un Pokémon que sepa
<0xFC><0x01><0x06><0xFD><0x02><0xFC><0x01><0x04>!<0xFB><0x52>Gracias!",74,3,77,pokemon,dialogue,"Pour être clair, j'aimerais
voir un Pokémon qui connaît {COLOR}É{STR_VAR_1}{COLOR}Ç.<0xFB>Merci.",
0x01F54157,"Oh, my goodness. Your <0xFD><0x03>
can use <0xFD><0x02>!<0xFB>You went to all the trouble of
teaching it to your Pokémon?<0xFB>That's so touching!<0xFB>This is a small token of my
appreciation.<0xFB>Please don't hesitate to accept
this.","Oh, no puede ser.<0xFB><0x52>Tu <0xFD><0x03> puede usar
<0xFD><0x02>!<0xFB><0x51>Te tomaste la molestia de
enseñárselo a tus Pokémon?<0xFB><0x52>Es tan conmovedor!<0xFB>Esta es una pequeña muestra de
mi agradecimiento.<0xFB><0x52>Por favor, toma esto!",196,3,199,pokemon,dialogue,"Oh, mon dieu. Ton
<0xFD><0x03> peut utiliser <0xFD><0x02> !<0xFB>Tu t'es donné la peine de
l'apprendre à ton Pokémon ?<0xFB>C'est si touchant !<0xFB>Ceci est un petit signe de
ma gratitude.<0xFB>N'hésite pas
à l'accepter.",
0x01F5421C,"I wonder what <0xFD><0x02> looks
like when it is actually used.<0xFB>I'm sure you can use it skillfully!","Me pregunto cómo se ve <0xFD><0x02>
cuando se usa en una batalla.",89,3,92,pokemon,dialogue,"Je me demande à quoi
ressemble <0xFD><0x02> en action.<0xFB>Je sais que tu sauras l'utiliser.",
0x01F54324,"There are <0xFC><0x01><0x06><0xFD><0x02><0xFC><0x01><0x04> TMs in total, and
they can be found all around<0xFA>Borrius.<0xFB>For example, some kind people will
give TMs.<0xFB>So don't be shy! Talk to everyone!","Hay <0xFC><0x01><0x06><0xFD><0x02><0xFC><0x01><0x04> MT en total y se pueden
encontrar por toda Borrius.<0xFB>Por ejemplo, algunas personas
amables te darán MT.<0xFB><0x52>Así que habla con todos!",154,2,156,pokemon,dialogue,"Il y a
{COLOR}É{STR_VAR_1}{COLOR}Ç<0xFA>CT au total, partout à Borrius.<0xFB>Par exemple, certaines
personnes sympas donnent des CT.<0xFB>Ne sois pas timide ! Parle à tous !",
0x01F543EF,"There are still more TMs!<0xFB><0xFC><0x01><0x06><0xFD><0x04><0xFC><0x01><0x04> more in total!<0xFB>If you collect all of them, I'll
give you a great gift!","<0x52>Aún hay más MT!<0xFB><0x52><0xFC><0x01><0x06><0xFD><0x04><0xFC><0x01><0x04> más en total!<0xFB>Si las coleccionas todas, <0x52>te daré
un gran regalo!",105,2,107,pokemon,dialogue,"Il en reste des CT!<0xFB>Encore{COLOR}É{STR_VAR_3}{COLOR}Ç au total!<0xFB>Si tu les collectes toutes,
je te ferai un super cadeau!",
0x01F560B1,Location: <0xFD><0x02>,Lugar: <0xFD><0x02>,12,1,13,pokemon,location,Lieu : <0xFD><0x02>,
0x01F560DA,"Return to <0xFD><0x02> to
receive your reward!","<0x52>Regresa a <0xFD><0x02> y
cobra tu recompensa!",36,2,38,pokemon,dialogue,"Retourne à <0xFD><0x02> pour recevoir
ta récompense !",
0x01F561CE,"Go to Icicle Cave and deliver
<0xFD><0x06>'s Pokédex to him!","<0x52>Ve a Cueva Icicle y entrega la
Pokédex a <0xFD><0x06>!",50,1,51,pokemon,dialogue,"Va à la Grotte Icicle, apporte le
Pokédex à <0xFD><0x06> !",
0x01F56A19,"Team up with <0xFD><0x06> one last
time to defeat Marlon!","<0x52><0x12>nete a <0xFD><0x06> por última vez
y derroten a Marlon!",47,1,48,pokemon,dialogue,"Fais équipe avec <0xFD><0x06> une
dernière fois pour vaincre Marlon !",
0x01F56BB4,"Choose up to 3 Pokémon to use in
the fight against <0xFD><0x03>.","<0x52>Elige los 3 Pokémon que usarás en
tu lucha contra <0xFD><0x03>!",54,2,56,pokemon,description,"Choisis jusqu'à 3 Pokémon pour le
combat contre <0xFD><0x03>.",
0x01F573B2,"If you have Pokémon stored in box
<0xB1><0xFD><0x02><0xB2>, they may be used<0xFA>in place of your party Pokémon.<0xFB>Each row in the box is treated as
its own team, so this will allow<0xFA>you to save up to 5 different<0xFA>preset teams.","Si tienes Pokémon almacenados en
la Caja <0xB1>Actual<0xB2>, podrás usarlos<0xFA>en lugar de los Pokémon de tu<0xFA>grupo.<0xFB>Cada fila tiene un propio equipo, por
lo que podrás guardar hasta 5<0xFA>equipos ya establecidos.",199,2,201,pokemon,dialogue,"Si tu as des Pokémon dans la boîte
"" <0xFD><0x02> "", ils peuvent être<0xFA>utilisés à la place de ton équipe.<0xFB>Chaque rangée de la boîte est
considérée comme sa propre équipe,<0xFA>ce qui te permet de garder<0xFA>jusqu'à 5 équipes préconfigurées.",
0x01F581E2,"Are you dense? Smash Pokémon heads
against trees <0xFD><0x02> times!","<0x52>Golpea 50 veces a los árboles
con Cabezazo!",58,4,62,pokemon,dialogue,"T'es bouché ? Fonce des têtes de
Pokémon sur arbres <0xFD><0x02> fois !",
0x01F58349,"More head bangin'!
<0xFC><0x01><0x06><0xFD><0x04><0xFC><0x01><0x08> more time<0xFD><0x08>!",<0x52>Necesitas <0xFC><0x01><0x06><0xFD><0x04><0xFC><0x01><0x08> cabezazos!,40,2,42,pokemon,dialogue,"Encore des coups de boule !
{COLOR}É{STR_VAR_3}{COLOR}Ë fois de plus, {EVIL_TEAM} !",
0x01F598D8,"Hey there, Pokémon Trainer.<0xFB>As of this moment, your current
Box, <0xB1><0xFC><0x01><0x06><0xFD><0x02><0xFC><0x01><0x08><0xB2> has <0xFC><0x01><0x06><0xFD><0x04><0xFC><0x01><0x08> Magikarp<0xFA>in it.<0xFB>Your goal is to get <0xFC><0x01><0x06><0xFD><0x03><0xFC><0x01><0x08> of those
suckers in there.<0xFB>Come back when you've done that.","<0x52>Hola!<0xFB>Al parecer en la <0xB1><0xFC><0x01><0x06><0xFD><0x02><0xFC><0x01><0x08><0xB2> tienes
<0xFC><0x01><0x06><0xFD><0x04><0xFC><0x01><0x08> Magikarp.<0xFB>Tu objetivo es conseguir que <0xFC><0x01><0x06><0xFD><0x03><0xFC><0x01><0x08> de
esos tontos entren allí.<0xFB><0x52>Vuelve cuando hayas hecho eso!",193,1,194,pokemon,dialogue,"Salut, Dresseur de Pokémon.<0xFB>En ce moment, ta Boîte
"" {COLOR}É{STR_VAR_1}{COLOR}Ë "": {COLOR}É{STR_VAR_3}{COLOR}Ë Magicarpe<0xFA>dedans.<0xFB>Ton objectif est d'en mettre {COLOR}É{STR_VAR_2}{COLOR}Ë
là-dedans.<0xFB>Reviens quand ce sera fait.",
0x01F59C1B,"<0xFC><0x01><0x02><0xFD><0x01> received <0xB7><0xFD><0x02> from
the woman!",<0xFC><0x01><0x02>Has recibido <0xB7><0xFD><0x02>.,34,3,37,pokemon,dialogue,"{COLOR}Á{PLAYER} a reçu ¥{STR_VAR_1}
de la femme !",
0x01F5A100,"<0xFC><0x01><0x02><0xFD><0x01> handed over all Eggs
on hand.",<0xFC><0x01><0x02>Has entregado todos los Huevos.,35,2,37,pokemon,description,"{COLOR}Á{PLAYER} a remis tous ses
OEufs.",
0x01F5A2A0,"Ever come across an Egg you just
didn't want?<0xFB>Then have no fear!<0xFB>I buy Eggs like those at <0xB7><0xFC><0x01><0x06><0xFD><0x02><0xFC><0x01><0x08>
a pop.<0xFB>Do you have any Eggs you want to
sell to me?","<0x51>Alguna vez te has encontrado con
un Huevo que no querías?<0xFB><0x52>No tengas miedo!
Compro Huevos a <0xB7><0xFC><0x01><0x06><0xFD><0x02><0xFC><0x01><0x08> cada uno.<0xFB><0x51>Te gustaría venderme algún Huevo?",151,3,154,pokemon,dialogue,"Tu es déjà tombé sur un OEuf dont tu
ne voulais pas ?<0xFB>Alors pas de panique !<0xFB>J'achète ce genre d'OEufs pour
¥{COLOR}É{STR_VAR_1}{COLOR}Ë la pièce.<0xFB>As-tu des OEufs à me vendre
ici ?",
0x01F5A3F5,"Are you sure you want to sell me
all of the Eggs in Box <0xB1><0xFC><0x01><0x06><0xFD><0x02><0xFC><0x01><0x08><0xB2>?","<0x51>Quieres venderme todos los Huevos
de la caja <0xB1><0xFC><0x01><0x06><0xFD><0x02><0xFC><0x01><0x08><0xB2>?",67,2,69,pokemon,dialogue,"Es-tu sûr de vouloir me vendre tous
les OEufs de la Boîte "" {COLOR}É{STR_VAR_1}{COLOR}Ë "" ?",
0x01F5A455,"<0xFC><0x01><0x02><0xFD><0x01> sold <0xFD><0x02> Egg<0xFD><0x04> in the party
for <0xB7><0xFD><0x03>!","<0xFC><0x01><0x02>Has vendido todos los Huevos por
<0xB7><0xFD><0x03>.",41,2,43,pokemon,dialogue,"{COLOR}Á{PLAYER} a vendu {STR_VAR_1} OEuf{STR_VAR_3} de l'équipe
pour ¥{STR_VAR_2} !",
0x01F5A47F,"<0xFC><0x01><0x02><0xFD><0x01> sold <0xFD><0x02> Egg<0xFD><0x04> in the Box
for <0xB7><0xFD><0x03>!","<0xFC><0x01><0x02>Has vendido Huevos del PC por
<0xB7><0xFD><0x03>.",39,2,41,pokemon,dialogue,"{COLOR}Á{PLAYER} a vendu {STR_VAR_1} OEuf{STR_VAR_3} de la Boîte
pour ¥{STR_VAR_2} !",
0x01F5A560,"You don't have any Eggs in
Box <0xB1><0xFC><0x01><0x06><0xFD><0x02><0xFC><0x01><0x08><0xB2>""","No tienes ningún Huevo en la
<0xB1><0xFC><0x01><0x06><0xFD><0x02><0xFC><0x01><0x08><0xB2>""",42,3,45,pokemon,dialogue,"Vous n'avez aucun OEuf dans
la Boîte ""{COLOR}É{STR_VAR_1}{COLOR}Ë""...",
0x01F5A923,"I'll trade you my super special
<0xFC><0x01><0x06><0xFD><0x03><0xFC><0x01><0x08> if you can catch me a<0xFA><0xFC><0x01><0x06><0xFD><0x02><0xFC><0x01><0x08>!<0xFB>I've been trying really hard to
find one, but it's so difficult!<0xFB>Do you have one to trade me?","<0x52>Te cambio a mi <0xFC><0x01><0x06><0xFD><0x03><0xFC><0x01><0x08> especial si
puedes conseguirme un <0xFC><0x01><0x06><0xFD><0x02><0xFC><0x01><0x08>!<0xFB>Me he esforzado mucho en encontrar
uno, <0x52>pero es muy difícil!<0xFB><0x51>De pronto no tienes uno?",166,3,169,pokemon,dialogue,"J'échangerai mon super {COLOR}É{STR_VAR_2}{COLOR}Ë
si tu peux m'attraper un<0xFA>{COLOR}É{STR_VAR_1}{COLOR}Ë !<0xFB>J'ai vraiment essayé d'en trouver
un, mais c'est si difficile !<0xFB>En as-tu un à m'échanger ?",
0x01F5A9F4,"Does that look a <0xFD><0x02> to you?
I asked for a <0xFD><0x02>, not that.","<0x51>Este es un <0xFD><0x02>?<0xFB>Quiero un <0xFD><0x02>, no a ese
Pokémon.",55,1,56,pokemon,dialogue,"Ça ressemble à un <0xFD><0x02>, ça ?
Je t'ai demandé un <0xFD><0x02>, pas ça.",
0x01F5AA56,"Have you been playing with my old
<0xFD><0x03>?<0xFB>I've been playing with the
<0xFD><0x02> you gave me.<0xFB>I even evolved it!","<0x51>Qué tal lo hace <0xFD><0x03>?<0xFB>He estado jugando con <0xFD><0x02>
que me diste.<0xFB><0x52>Incluso hasta evolucionó!",99,2,101,pokemon,dialogue,"Tu as joué avec mon ancien
<0xFD><0x03> ?<0xFB>J'ai joué avec le <0xFD><0x02> que tu
m'as donné.<0xFB>Je l'ai même fait évoluer !",
0x01F5B01E,"Ah, you must be <0xFD><0x01>.<0xFB>Prof. Log phoned ahead and told me
to guide you if you got lost.<0xFB>Bellin Town is just over that way.","<0x51>Eres, <0xFD><0x01>, verdad?<0xFB>El Prof. Long me llamó y me dijo
que te guiara por si te perdías.<0xFB>Ciudad Bellin está justo abajo.",119,3,122,pokemon,dialogue,"Ah, tu dois être <0xFD><0x01>.<0xFB>Le Prof. Log m'a appelé pour me
dire de te guider si tu te perds.<0xFB>Bellinville est juste par là-bas.",
0x01F5B5F8,"Huah, fellow Trainer!<0xFB>I can <0xFC><0x01><0x06>upgrade<0xFC><0x01><0x08> the <0xFC><0x01><0x06>Macho Brace<0xFC><0x01><0x08> to
make training more efficient!<0xFB>Right now it is only a measly <0x34> <0xFD><0x04>,
but I can upgrade it to <0xFC><0x01><0x06><0x34> <0xFD><0x03><0xFC><0x01><0x08> in<0xFA>exchange for <0xFC><0x01><0x06><0xFD><0x03> <0xFD><0x02>s<0xFC><0x01><0x08>!","<0x52>Huah! Puedo <0xFC><0x01><0x06>actualizar<0xFC><0x01><0x08> tu <0xFC><0x01><0x06>Brazal
Firme<0xFC><0x01><0x08> para hacer el entrenamiento<0xFA>más eficiente.<0xFB>En este momento tienes un Nv. <0xFD><0x04>,
pero puedo actualizar a <0xFC><0x01><0x06>Nv. 3<0xFC><0x01><0x08> a<0xFA>cambio de <0xFC><0x01><0x06><0xFD><0x03> <0xFD><0x02><0xFC><0x01><0x08>.",197,2,199,pokemon,dialogue,"Houah, Dresseur !<0xFB>Je peux {COLOR}Éaméliorer{COLOR}Ë le {COLOR}ÉBrac. Macho{COLOR}Ë
pour l'entraînement efficace !<0xFB>Pour l'instant, il est {LV} {STR_VAR_3},
mais le passer {COLOR}É{LV} {STR_VAR_2}{COLOR}Ë en<0xFA>échange de {COLOR}É{STR_VAR_2} {STR_VAR_1}s{COLOR}Ë !",
0x01F5B6E4,"You do not have enough <0xFD><0x02>s
for me to upgrade your Macho Brace!","<0x52>No tienes muchas <0xFD><0x02>
para poder actualizar tu Brazal<0xFA>Firme!",62,2,64,pokemon,dialogue,"Tu n'as pas assez de <0xFD><0x02>s pour
que j'améliore ton Brac. Macho !",
0x01F5CAEB,"<0xFD><0x01> found a <0xFD><0x02>!
It has a <0xFC><0x01><0x06><0xFD><0x03><0xFC><0x01><0x02> nature.",Has recibido a <0xFD><0x02>.,40,2,42,pokemon,dialogue,"{PLAYER} a trouvé un {STR_VAR_1} !
Il a une nature {COLOR}É{STR_VAR_2}{COLOR}Á.",
0x01F5CAF0,"und a <0xFD><0x02>!
It has a <0xFC><0x01><0x06><0xFD><0x03><0xFC><0x01><0x02> nature.",ecibido a <0xFD><0x02>.,35,2,37,pokemon,dialogue,,
0x01F60D79,"<0xFC><0x01><0x02><0xFD><0x01> received <0xB7><0xFD><0x02> from
the organic alchemist!",<0xFC><0x01><0x02>Has recibido <0xB7><0xFD><0x02>.,46,2,48,pokemon,dialogue,"{COLOR}Á{PLAYER} a reçu ¥{STR_VAR_1} de
l'alchimiste bio !",
0x01F61526,"All hail <0xFD><0x01>, the greatest
Champion Borrius has ever seen!","<0x52>Todos saluden a <0xFD><0x01>, el
Campeón de Borrius!",57,2,59,pokemon,dialogue,"Gloire à <0xFD><0x01>, le plus grand
Champion que Borrius ait connu !",
0x01F61FF6,"Take care of that <0xFD><0x02>,
yeah?<0xFB>If you treat it well, it'll keep
that fiery passion of yours alive<0xFA>for sure!","Cuida a <0xFD><0x02>, <0x51>sí?<0xFB><0x52>Si lo tratas bien, seguro que
mantendrá viva esa ardiente pasión<0xFA>tuya!",104,3,107,pokemon,dialogue,"Prends soin de ce <0xFD><0x02>,
d'accord ?<0xFB>Si tu le traites bien, il gardera
ta passion ardente en vie,<0xFA>c'est sûr !",
0x01F62004,"hat <0xFD><0x02>,
yeah?<0xFB>If you treat it well, it'll keep
that fiery passion of yours alive<0xFA>for sure!","í?<0xFB><0x52>Si lo tratas bien, seguro que
mantendrá viva esa ardiente pasión<0xFA>tuya!",90,3,93,pokemon,dialogue,,
0x01F6205F,"Oh, it's the Trainer burning with
fiery passion!<0xFB>I bet the <0xFD><0x02> I gave you
before is doing great, yeah?","<0x52>Oh, eres alguien con una ardiente
pasión!<0xFB><0x51>Cómo está, <0xFD><0x02>?",101,2,103,pokemon,dialogue,"Oh, voilà le Dresseur tout feu
tout flamme !<0xFB>Je parie que le <0xFD><0x02> que je
t'ai donné va super bien, hein ?",
0x01F62EF4,"<0xFC><0x01><0x02>The <0xFD><0x02> receded into
the sand.",<0xFC><0x01><0x02>El <0xFD><0x02> retrocedió a la arena.,32,2,34,pokemon,description,"{COLOR}ÁLe {STR_VAR_1} s'est enfoncé dans
le sable.",
0x01F63C25,You'd like <0xFD><0x02><0xFC><0x01><0x04>?,<0x51>Eliges a <0xFD><0x02><0xFC><0x01><0x04>?,17,2,19,pokemon,dialogue,Vous choisissez {STR_VAR_1}{COLOR}Ç ?,
0x01F63CF3,"When you have at least <0xFC><0x01><0x06><0xFD><0x02> Badges<0xFC><0x01><0x04>,
come back so I can give you more!","Cuando tengas <0xFC><0x01><0x06><0xFD><0x02> Medallas<0xFC><0x01><0x04>, <0x52>vuelve
para darte otro Pokémon!",73,2,75,pokemon,dialogue,"Quand tu auras au moins {COLOR}É{STR_VAR_1} Badges{COLOR}Ç,
reviens, je t'en donnerai plus !",
0x01F63D8E,"It's leg day! Walk <0xFD><0x02> steps to
work out those calves.","<0x52>Día de piernas! <0x52>Camina <0xFD><0x02>
y ejercita las piernas!",53,3,56,pokemon,dialogue,"C'est le jour des jambes ! Marche
<0xFD><0x02> pas pour muscler tes mollets.",
0x01F63EAC,"Awesome!<0xFB>Now walk at least <0xFC><0x01><0x06><0xFD><0x02><0xFC><0x01><0x08> steps to
really work those calves.","<0x52>Genial!<0xFB>Ahora camina <0xFC><0x01><0x06><0xFD><0x02><0xFC><0x01><0x08> para
trabajar esas pantorrillas.",70,2,72,pokemon,dialogue,"Génial !<0xFB>Fais {COLOR}É{STR_VAR_1}{COLOR}Ë pas
pour vraiment muscler tes mollets.",
0x01F63F39,"You still have <0xFC><0x01><0x06><0xFD><0x04><0xFC><0x01><0x08> step<0xFD><0x08> to go
before reaching <0xFC><0x01><0x06><0xFD><0x02><0xFC><0x01><0x08>.<0xFB>Come on now, feel the burn!","Te faltan <0xFC><0x01><0x06><0xFD><0x04><0xFC><0x01><0x08> pasos para llegar
a los <0xFC><0x01><0x06><0xFD><0x02><0xFC><0x01><0x08>.<0xFB><0x52>Vamos, siente el dolor!",90,2,92,pokemon,dialogue,"Il te reste encore {COLOR}É{STR_VAR_3}{COLOR}Ë pas{EVIL_TEAM}
avant d'atteindre {COLOR}É{STR_VAR_1}{COLOR}Ë.<0xFB>Allez, chauffe ces mollets !",
0x01F65CFB,"Hello there, <0xFD><0x01>!<0xFB>How are the fish biting?","Hola, <0xFD><0x01>.
<0x51>Cómo va la pesca?",41,2,43,pokemon,dialogue,"Bonjour, <0xFD><0x01> !<0xFB>Alors, ça mord ?",
0x01F65E97,"Practice the secret martial art of
jumping safely <0xFD><0x02> times.","Practica el arte marcial secreto
de saltar <0xFD><0x02> veces.",59,2,61,pokemon,description,"Pratique l'art de sauter sans
te blesser <0xFD><0x02> fois.",
0x01F660BD,"You have only done <0xFC><0x01><0x06><0xFD><0x03><0xFC><0x01><0x08> jump<0xFD><0x07> with
no fall damage.<0xFB>You still need at least <0xFC><0x01><0x06><0xFD><0x04><0xFC><0x01><0x08> more
to become a master.","Sólo has hecho <0xFC><0x01><0x06><0xFD><0x03><0xFC><0x01><0x08> saltos sin sufrir
daños por caída.<0xFB>Todavía necesitas <0xFC><0x01><0x06><0xFD><0x04><0xFC><0x01><0x08> al menos.",113,3,116,pokemon,dialogue,"Tu n'as fait que {COLOR}É{STR_VAR_2}{COLOR}Ë saut{VERSION}
sans dégâts.<0xFB>Il t'en faut encore au moins
{COLOR}É{STR_VAR_3}{COLOR}Ë pour devenir maître.",
0x01F66101,"ed at least <0xFC><0x01><0x06><0xFD><0x04><0xFC><0x01><0x08> more
to become a master.",ecesitas <0xFC><0x01><0x06><0xFD><0x04><0xFC><0x01><0x08> al menos.,45,3,48,pokemon,description,,
0x01F66A96,"<0xFC><0x01><0x02><0xFD><0x01> handed over 1 Blue Shard
and 1 Red Shard.","<0xFC><0x01><0x02>Has entregado 1 Parte Azul y
1 Parte Roja.",47,2,49,pokemon,description,"{COLOR}Á{PLAYER} a remis 1 Éclat bleu
et 1 Éclat rouge.",
0x01F66ACB,"Huhu"" Graa""
Not enough <0xFD><0x02>s""","No tienes suficientes <0xFD><0x02>""",27,3,30,pokemon,description,"Huhu... Graa...
Pas assez de <0xFD><0x02>s...",
0x01F67F29,"Okay, you're all set, <0xFD><0x01>.<0xFB>I'll be here if you need to heal
your Pokémon again.","Está bien, todo listo, <0xFD><0x01>.<0xFB>Si necesitas curar a tus Pokémon, ven
a verme.",78,2,80,pokemon,dialogue,"Voilà, c'est fait, <0xFD><0x01>.<0xFB>Je serai là si tu dois soigner
à nouveau tes Pokémon.",
0x01F67F78,"<0xFD><0x01>!<0xFB>I'm trying to battle these grunts,
but I can heal you quickly!",<0x52><0xFD><0x01>!<0xFB><0x52>Estoy ocupado con estos Soldados!<0xFB><0x52>Pero puedo curarte!,66,2,68,pokemon,dialogue,"<0xFD><0x01> !<0xFB>J'essaie de combattre ces sbires,
mais je peux te soigner vite !",
0x01F67FC4,"Once we take care of you, we're
going to finish <0xFD><0x01>!","Una vez que te derrotemos, <0x52>iremos
por <0xFD><0x01>!",51,3,54,pokemon,dialogue,"Une fois qu'on t'aura réglé,
on finira <0xFD><0x01> !",
0x01F68158,<0xFC><0x01><0x02><0xFD><0x02> came through the portal!,<0xFC><0x01><0x02><0x52><0xFD><0x02> atravesó el portal!,30,2,32,pokemon,dialogue,{COLOR}Á{STR_VAR_1} a traversé le portail !,
0x01F6822D,Balls Left: <0xFD><0x03>    <0xF8><0x0C>Move <0xF8> Ball <0xF8><0x04>Berry <0xF8><0x01>Run,Safari Ball: <0xFD><0x03>  <0xF8><0x0C>Mov. <0xF8> Ball <0xF8><0x04>Baya <0xF8><0x01> Huir,45,3,48,pokemon,description,Balls: {STR_VAR_2}    {DPAD_ANY}Bouger {SE_SHOP}Ball {START_BUTTON}Baie {B_BUTTON}Fuite,
0x01F6826A,"<0xFD><0x03>'s data was added to
the Pokédex.<0xFB>","Datos de <0xFD><0x03> agregados
a la Pokédex.<0xFB>",36,3,39,pokemon,description,"Les données de <0xFD><0x03> ont été
ajoutées au Pokédex.<0xFB>",
0x01F682A6,"<0xFD><0x02> was transferred to
<0xFD><0x03>.<0xFB>It was placed in
Box <0xB1><0xFD><0x04><0xB2>.<0xFB>","<0xFD><0x02> es trasnferido al
PC Ayla.<0xFB>Es colocado en <0xFD><0x03>.<0xFB>",53,3,56,pokemon,description,"<0xFD><0x02> a été transféré vers
<0xFD><0x03>.<0xFB>Il a été placé dans
la Boîte "" <0xFD><0x04> "".<0xFB>",
0x01F682DC,"You have caught <0xFD><0x03> Pokémon so far.
Continue playing the Safari Game?","Has capturado <0xFD><0x03> Pokémon.<0xFB><0x51>Quieres continuar con el Juego
Safari?",68,2,70,pokemon,dialogue,"Tu as capturé <0xFD><0x03> Pokémon.
Continuer le Jeu Safari ?",
0x01F68321,Feed which Berry to <0xFD><0x03>?,<0x51>Qué Baya le das a <0xFD><0x03>?,23,2,25,pokemon,dialogue,Donner quelle Baie à <0xFD><0x03> ?,
0x01F6834C,<0xF8><0x0C>Move <0xF8><0x01>Back <0xF8><0x04>Other <0xF8> Throw <0xFD><0x02>,<0xF8><0x0C>Mov. <0xF8><0x01>Salir <0xF8><0x04>Otra <0xF8> Tirar <0xFD><0x02>,32,3,35,pokemon,description,{DPAD_ANY}Bouger {B_BUTTON}Retour {START_BUTTON}Autre {SE_SHOP}Lancer {STR_VAR_1},
0x01F68522,"<0xFC><0x01><0x02><0xFD><0x01> received <0xFD><0x02> Safari Balls
from the attendant.",<0xFC><0x01><0x02>Has recibido <0xFD><0x02> Safari Ball.,50,2,52,pokemon,dialogue,"{COLOR}Á{PLAYER} a reçu {STR_VAR_1} Safari Balls
de la part du préposé.",
0x01F687B9,"Welcome to the Safari Zone!<0xFB>For just <0xFC><0x01><0x06><0xFD><0x02><0xFC><0x01><0x08> BP, you can play
the Safari Game.<0xFB>Would you like to play?
You currently have <0xFC><0x01><0x06><0xFD><0x03><0xFC><0x01><0x08> BP.","<0x52>Esta es la Zona Safari!<0xFB>e!<0xFB>For just <0xFC><0x01><0x06><0xFD><0x02><0xFC><0x01><0x08> BP, you can play
the Safari Game.<0xFB>Would you like to play?
You currently have <0xFC><0x01><0x06><0xFD><0x03><0xFC><0x01><0x08> BP.",135,2,137,pokemon,dialogue,"Bienvenue à la Zone Safari !<0xFB>Pour seulement {COLOR}É{STR_VAR_1}{COLOR}Ë BP, tu peux
jouer au Jeu Safari.<0xFB>Tu veux jouer ?
Tu as {COLOR}É{STR_VAR_2}{COLOR}Ë BP.",
0x01F69C22,"If <0xFC><0x01><0x06>Natural Gift<0xFC><0x01><0x04> were to consume the
<0xFC><0x01><0x06><0xFD><0x02><0xFC><0x01><0x04>, the move's type<0xFA>would be <0xFC><0x01><0x06><0xFD><0x03><0xFC><0x01><0x04>, and it would have<0xFA>a base power of <0xFC><0x01><0x06><0xFD><0x04><0xFC><0x01><0x04>!","Si <0xFC><0x01><0x06>Don Natural<0xFC><0x01><0x04> consumiera la
<0xFC><0x01><0x06><0xFD><0x02><0xFC><0x01><0x04>, el tipo de movimiento<0xFA>sería <0xFC><0x01><0x06><0xFD><0x03><0xFC><0x01><0x04>, <0x52>y tendría un<0xFA>poder base de <0xFC><0x01><0x06><0xFD><0x04><0xFC><0x01><0x04>!",130,2,132,pokemon,dialogue,"Si {COLOR}ÉDon Naturel{COLOR}Ç consomme la
{COLOR}É{STR_VAR_1}{COLOR}Ç, le type de la capacité<0xFA>serait {COLOR}É{STR_VAR_2}{COLOR}Ç et sa puissance<0xFA>serait de {COLOR}É{STR_VAR_3}{COLOR}Ç !",
0x01F69F85,"Ahoy, there!
You must be <0xFD><0x01>.<0xFB>Your friends have already boarded
the boat to Polder Town.<0xFB>You're the last passenger, so we'll
set sail right way.","<0x52>Alto ahí!
<0x52>Tú debes ser <0xFD><0x01>!<0xFB>Tus amigos ya subieron al barco
rumbo a Pueblo Polder.<0xFB>Y te estaba esperando, así que
zarparemos de inmediato.",143,2,145,pokemon,dialogue,"Holà !
Tu dois être <0xFD><0x01>.<0xFB>Tes amis ont déjà embarqué
pour Bourg Polder.<0xFB>Tu es le dernier passager, on
lève l'ancre tout de suite.",
0x01F6A020,"The Sharpedo on the ocean floor of
Route 17 have become agitated!
Calm down <0xFD><0x02> of them.","<0x52>Los Sharpedo en el fondo del
océano de Ruta 17 están agitados!
Calma a <0xFD><0x02> de ellos.",87,1,88,pokemon,dialogue,"Les Sharpedo du fond marin de
la Route 17 se sont agités !
Calme-en <0xFD><0x02>.",
0x01F6A7F1,"The Official Hip Waders Catch of
the Day is <0xFC><0x01><0x06><0xFD><0x02><0xFC><0x01><0x08>!<0xFB>Have you caught one already?","<0x52>La captura oficial del día de hoy
es un <0xFC><0x01><0x06><0xFD><0x02><0xFC><0x01><0x08>!<0xFB><0x51>Conseguiste atrapar uno?",82,2,84,pokemon,dialogue,"La Prise du jour officielle
des Cuissardes est {COLOR}É{STR_VAR_1}{COLOR}Ë !<0xFB>Tu en as déjà attrapé un ?",
0x01F6A844,"The Official Hip Waders Catch of
the Day is <0xFC><0x01><0x06><0xFD><0x02><0xFC><0x01><0x08>!<0xFB>I'm counting on you, Member No. 3!","<0x52>La captura oficial del día de hoy
es un <0xFC><0x01><0x06><0xFD><0x02><0xFC><0x01><0x08>!<0xFB><0x52>Cuento contigo, miembro No. 3!",88,2,90,pokemon,dialogue,"La Prise du jour officielle
des Cuissardes est {COLOR}É{STR_VAR_1}{COLOR}Ë !<0xFB>Je compte sur toi, Membre n°3 !",
0x01F6A913,"Oh! This is a great <0xFD><0x02>!<0xFB>But it's not the Official Hip
Waders Catch of the Day. Sorry!","<0x52>Oh! <0x52>Este es <0xFD><0x02>!<0xFB><0x52>Pero no es la captura oficial del
día de los Pescadores!",85,3,88,pokemon,dialogue,"Oh ! C'est un super <0xFD><0x02> !<0xFB>Mais ce n'est pas la Prise du jour
des Cuissardes. Désolé !",
0x01F6B7E0,"I don't want to give each away too
fast""<0xFB>Come again when you have <0xFC><0x01><0x06><0xFD><0x02> Badges<0xFC><0x01><0x04>,
and I will give you another one.","Espero que lo cuides muy bien""<0xFB>Vuelve cuando tengas <0xFC><0x01><0x06><0xFD><0x02> Medallas
de Gimnasio<0xFC><0x01><0x04>, y te daré otro Pokémon.",115,3,118,pokemon,dialogue,"Je ne veux pas tout donner
très vite...<0xFB>Reviens quand tu auras {COLOR}É{STR_VAR_1} Badges{COLOR}Ç,
et je t'en donnerai un autre.",
0x01F6C6FB,"Sure thing! I'll look after your
<0xFC><0x01><0x06><0xFD><0x02><0xFC><0x01><0x04> for a while.","<0x52>Bueno! <0x52>Cuidaré de tu
<0xFC><0x01><0x06><0xFD><0x02><0xFC><0x01><0x04> por un tiempo!",54,3,57,pokemon,dialogue,"Très bien ! Je vais garder ton
{COLOR}É{STR_VAR_1}{COLOR}Ç un peu.",
0x01F6C7EB,"You owe <0xFC><0x01><0x06><0xB7><0xFD><0x03><0xFC><0x01><0x04> for the
return of this Pokémon.","Me debes <0xFC><0x01><0x06><0xB7><0xFD><0x03><0xFC><0x01><0x04> por haber criado a
tu Pokémon.",49,2,51,pokemon,dialogue,"Tu dois {COLOR}É¥{STR_VAR_2}{COLOR}Ç
pour récupérer ce Pokémon.",
0x01F6C83D,"<0xFC><0x01><0x02><0xFD><0x01> got <0xFC><0x01><0x06><0xFD><0x02><0xFC><0x01><0x02> back
from the Nursery Lady.",<0xFC><0x01><0x02>Has recuperado a <0xFC><0x01><0x06><0xFD><0x02><0xFC><0x01><0x02>.,46,2,48,pokemon,description,"{COLOR}Á{PLAYER} a récupéré
{COLOR}É{STR_VAR_1}{COLOR}Á.",
0x01F6C86C,"You're back already?<0xFB>Your <0xFC><0x01><0x06><0xFD><0x02><0xFC><0x01><0x04> needs to spend some
more time with me.","<0x51>Ya volviste?<0xFB><0x52>Tu <0xFC><0x01><0x06><0xFD><0x02><0xFC><0x01><0x04> necesita pasar
más tiempo conmigo!",73,2,75,pokemon,dialogue,"Déjà de retour ?<0xFB>Ton {COLOR}É{STR_VAR_1}{COLOR}Ç doit
rester un peu plus avec moi.",
0x01F6C9EC,"Let's get cracking! It's time to
hatch <0xFD><0x02> Eggs total!","<0x52>Manos a la obra! Debes eclosionar
<0xFD><0x02> Huevos.",53,2,55,pokemon,dialogue,"Allez, c'est parti ! Fais éclore
<0xFD><0x02> OEuf(s) au total !",
0x01F6CA22,"Things are starting to heat up!
Hatch <0xFD><0x02> Eggs total!","<0x52>Manos a la obra! Debes eclosionar
<0xFD><0x02> Huevos.",52,3,55,pokemon,dialogue,"Ça chauffe ! Éclos
<0xFD><0x02> OEuf(s) au total !",
0x01F6CA57,"Can you prove you're the master of
hatching? Hatch <0xFD><0x02> Eggs total!","<0x52>Manos a la obra! Debes eclosionar
<0xFD><0x02> Huevos.",65,2,67,pokemon,dialogue,"Peux-tu prouver ta maîtrise de
l'éclosion ? Éclos <0xFD><0x02> OEufs!",
0x01F6CADE,"m going to give you a little
incentive to start hatching.<0xFB>If you hatch at least <0xFC><0x01><0x06><0xFD><0x02><0xFC><0x01><0x08> Eggs,
I'll give you something nice.<0xFB>Get out there and start hatching!"," pequeño
incentivo para que empieces a<0xFA>incubar.<0xFB>Si eclosionas al menos <0xFC><0x01><0x06><0xFD><0x02><0xFC><0x01><0x08> Huevos,
te daré algo genial.<0xFB>Entonces, <0x52>sal y empieza a incubar!",158,2,160,pokemon,dialogue,,
0x01F6CB7D,"Looks like you've hatched a total
of <0xFC><0x01><0x06><0xFD><0x03><0xFC><0x01><0x08> Eggs.<0xFB>Seems good to me.
Take your reward!","Parece que has incubado un total de
<0xFC><0x01><0x06><0xFD><0x03><0xFC><0x01><0x08> Huevos.<0xFB>Me parece bien.
Ten tu recompensa.",87,2,89,pokemon,dialogue,"On dirait que tu as fait éclore
{COLOR}É{STR_VAR_2}{COLOR}Ë OEufs.<0xFB>Ça me va. Prends ta récompense
!",
0x01F6CBFD,"Since you did so great last time,
I'm going up the ante!<0xFB>This time I want you to hatch at
least <0xFC><0x01><0x06><0xFD><0x02><0xFC><0x01><0x08> Eggs!<0xFB>Get hatching!","Ya que lo hiciste bien la última
vez, <0x52>subiré la apuesta!<0xFB><0x52>Esta vez quiero que eclosiones al
menos <0xFC><0x01><0x06><0xFD><0x02><0xFC><0x01><0x08> Huevos!",124,3,127,pokemon,dialogue,"Tu as bien réussi.
Je vais corser.<0xFB>Éclos {COLOR}É{STR_VAR_1}{COLOR}Ë
oeufs ! Allez,<0xFB>fais-les éclore !",
0x01F6CC7A,"This is it!
The final stretch!<0xFB>Attempt to hatch <0xFC><0x01><0x06><0xFD><0x02><0xFC><0x01><0x08> Eggs!<0xFB>If you do that, the reward I give
you will be priceless.","<0x52>Es todo!
<0x52>La recta final!<0xFB><0x52>Intenta eclosionar <0xFC><0x01><0x06><0xFD><0x02><0xFC><0x01><0x08> Huevos!<0xFB>Si haces eso, la recompensa que te
daré es genial.",119,3,122,pokemon,dialogue,"Ça y est !
Dernière ligne !<0xFB>Éclos {COLOR}É{STR_VAR_1}{COLOR}Ë !<0xFB>OEufs ! La récompense sera
inestimable.",
0x01F6CD43,"You've hatched a total of <0xFC><0x01><0x06><0xFD><0x03><0xFC><0x01><0x08>
Eggs out of the <0xFC><0x01><0x06><0xFD><0x02><0xFC><0x01><0x08> I requested.<0xFB>Keep up the hatching!","Has incubado un total de <0xFC><0x01><0x06><0xFD><0x03><0xFC><0x01><0x08> Huevos
de los <0xFC><0x01><0x06><0xFD><0x02><0xFC><0x01><0x08> que solicité.<0xFB><0x52>Sigue incubando!",94,2,96,pokemon,dialogue,"{COLOR}É{STR_VAR_2}{COLOR}Ë éclos.
But {COLOR}É{STR_VAR_1}{COLOR}Ë.<0xFB>Continue à faire éclore !",
0x01F6CD5A,"of <0xFC><0x01><0x06><0xFD><0x03><0xFC><0x01><0x08>
Eggs out of the <0xFC><0x01><0x06><0xFD><0x02><0xFC><0x01><0x08> I requested.<0xFB>Keep up the hatching!","e <0xFC><0x01><0x06><0xFD><0x03><0xFC><0x01><0x08> Huevos
de los <0xFC><0x01><0x06><0xFD><0x02><0xFC><0x01><0x08> que solicité.<0xFB><0x52>Sigue incubando!",71,2,73,pokemon,dialogue,,
0x01F6CD60,"<0xFD><0x03><0xFC><0x01><0x08>
Eggs out of the <0xFC><0x01><0x06><0xFD><0x02><0xFC><0x01><0x08> I requested.<0xFB>Keep up the hatching!","<0x03><0xFC><0x01><0x08> Huevos
de los <0xFC><0x01><0x06><0xFD><0x02><0xFC><0x01><0x08> que solicité.<0xFB><0x52>Sigue incubando!",65,2,67,pokemon,dialogue,,
0x01F6F171,"The <0xFD><0x02> ran off into the
warehouse.",El <0xFD><0x02> corrió hacia el almacén.,34,2,36,pokemon,description,"Le <0xFD><0x02> s'est enfui dans
l'entrepôt.",
0x01F6F1F9,"The door requires a Key Card with
Clearance Level: <0xFC><0x01><0x06><0xFD><0x02><0xFC><0x01><0x02>, to be opened.","La puerta requiere una tarjeta de
nivel <0xFC><0x01><0x06><0xFD><0x02><0xFC><0x01><0x02> para abrirse.",74,3,77,pokemon,description,"La porte requiert une carte d'accès
Accès <0xFD><0x02> requis.",
0x01F6F1FF,"or requires a Key Card with
Clearance Level: <0xFC><0x01><0x06><0xFD><0x02><0xFC><0x01><0x02>, to be opened.","rta requiere una tarjeta de
nivel <0xFC><0x01><0x06><0xFD><0x02><0xFC><0x01><0x02> para abrirse.",68,3,71,pokemon,description,,
0x01F6F209,"s a Key Card with
Clearance Level: <0xFC><0x01><0x06><0xFD><0x02><0xFC><0x01><0x02>, to be opened.","re una tarjeta de
nivel <0xFC><0x01><0x06><0xFD><0x02><0xFC><0x01><0x02> para abrirse.",58,3,61,pokemon,description,,
0x01F6F212,"ard with
Clearance Level: <0xFC><0x01><0x06><0xFD><0x02><0xFC><0x01><0x02>, to be opened.","rjeta de
nivel <0xFC><0x01><0x06><0xFD><0x02><0xFC><0x01><0x02> para abrirse.",49,3,52,pokemon,description,,
0x01F6F213,"rd with
Clearance Level: <0xFC><0x01><0x06><0xFD><0x02><0xFC><0x01><0x02>, to be opened.","jeta de
nivel <0xFC><0x01><0x06><0xFD><0x02><0xFC><0x01><0x02> para abrirse.",48,3,51,pokemon,description,,
0x01F6F244,"The door requires a Key Card with
Clearance Level: <0xFC><0x01><0x06><0xFD><0x02><0xFC><0x01><0x02>, to be opened.<0xFB>Open it?","La puerta requiere una tarjeta de
nivel <0xFC><0x01><0x06><0xFD><0x02><0xFC><0x01><0x02> para abrirse.<0xFB><0x51>Quieres abrirla?",83,1,84,pokemon,dialogue,"La porte requiert une carte d'accès
Accès <0xFD><0x02> requis. L'ouvrir<0xFB>?",
0x01F708C1,<0xFD><0x01>'s Residence,<0x52>Casa de <0xFD><0x01>!,14,2,16,pokemon,other,Maison de <0xFD><0x01>,
0x01F708D0,<0xFD><0x06>'s Residence,<0x52>Casa de <0xFD><0x06>!,14,3,17,pokemon,other,Maison de <0xFD><0x06>,
0x01F708DF,"It's a list of things <0xFD><0x06>
is planning to do.<0xFB>Better get going!","Esta es una lista favorita de los
Pokémon de <0xFD><0x06>.",61,2,63,pokemon,dialogue,"C'est une liste de choses que
<0xFD><0x06> prévoit de faire. Mieux<0xFB>vaut y aller !",
0x01F750DA,"Welcome aboard the S.S. Marine.<0xFB>The number of Trainers aboard the
S.S. Marine today is <0xFC><0x01><0x06><0xFD><0x02><0xFC><0x01><0x08>.<0xFB>Would you like to turn over your
Cube while you're aboard in order<0xFA>to win five times the prizes?","<0x52>Estás a bordo del Marina S.S!<0xFB>El número de Entrenadores a bordo
del Marina S.S de hoy es <0xFC><0x01><0x06><0xFD><0x02><0xFC><0x01><0x08>.<0xFB><0x51>Quieres darnos tu Cubo mientras
estás a bordo para ganar 5 veces<0xFA>los premios?",193,3,196,pokemon,dialogue,"Bienvenue à bord du S.S.<0xFB>Marine. Il y a
{COLOR}É{STR_VAR_1}{COLOR}Ë Dresseurs à bord<0xFB>aujourd'hui. Veux-tu confier ton
Cube pour gagner cinq fois les<0xFA>récompenses ?",
0x01F75284,"The number of Trainers on the
S.S. Marine today is <0xFC><0x01><0x06><0xFD><0x02><0xFC><0x01><0x08>.<0xFB>The ship is nearing the port.
Do you want to get off the ship?","El número de Entrenadores en el
Marina S.S de hoy es <0xFC><0x01><0x06><0xFD><0x02><0xFC><0x01><0x08>.<0xFB>El barco se acerca al puerto.
<0x51>Quieres bajarte del barco?",123,2,125,pokemon,dialogue,"Le nombre de Dresseurs sur le
S.S. Marine aujourd'hui est {COLOR}É{STR_VAR_1}{COLOR}Ë.<0xFB>Le navire approche.
Descendre ?",
0x01F75300,"The number of Trainers on the
S.S. Marine today is <0xFC><0x01><0x06><0xFD><0x02><0xFC><0x01><0x08>.<0xFA>And you've won against <0xFC><0x01><0x06><0xFD><0x03><0xFC><0x01><0x08>.<0xFB>The ship is nearing the port.
Do you want to get off the ship?","El número de Entrenadores en el
Marina S.S de hoy es <0xFC><0x01><0x06><0xFD><0x02><0xFC><0x01><0x08>.<0xFB>Y has ganado contra <0xFC><0x01><0x06><0xFD><0x03><0xFC><0x01><0x08>.<0xFB>El barco se acerca al puerto.
<0x51>Quieres bajarte del barco?",156,2,158,pokemon,dialogue,"Le nombre de Dresseurs sur le
S.S. Marine aujourd'hui est {COLOR}É{STR_VAR_1}{COLOR}Ë.<0xFA>Et tu en as battu {COLOR}É{STR_VAR_2}{COLOR}Ë.<0xFB>Le navire approche.
Descendre ?",
0x01F75323,"Marine today is <0xFC><0x01><0x06><0xFD><0x02><0xFC><0x01><0x08>.<0xFA>And you've won against <0xFC><0x01><0x06><0xFD><0x03><0xFC><0x01><0x08>.<0xFB>The ship is nearing the port.
Do you want to get off the ship?","ina S.S de hoy es <0xFC><0x01><0x06><0xFD><0x02><0xFC><0x01><0x08>.<0xFB>Y has ganado contra <0xFC><0x01><0x06><0xFD><0x03><0xFC><0x01><0x08>.<0xFB>El barco se acerca al puerto.
<0x51>Quieres bajarte del barco?",121,2,123,pokemon,dialogue,,
0x01F7539D,"The number of Trainers on the
S.S. Marine today is <0xFC><0x01><0x06><0xFD><0x02><0xFC><0x01><0x08>.<0xFA>You"" Congratulations!<0xFB>You've won against every Trainer
on the ship!<0xFB>The ship is nearing the port.
Do you want to get off the ship?","El número de Entrenadores en el
Marina S.S de hoy es <0xFC><0x01><0x06><0xFD><0x02><0xFC><0x01><0x08>.<0xFB><0x52>Felicidades!<0xFB><0x52>Has ganado contra todos los
Entrenadores del barco!<0xFB>El barco se acerca al puerto.
<0x51>Quieres bajarte del barco?",191,2,193,pokemon,dialogue,"Le nombre de Dresseurs sur le
S.S. Marine aujourd'hui est {COLOR}É{STR_VAR_1}{COLOR}Ë.<0xFA>Toi... Félicitations !<0xFB>Tu les as tous
vaincus !<0xFB>Le navire approche.
Descendre ?",
0x01F755B2,"Today""<0xFB>Uh, in terms of people, we have
<0xFC><0x01><0x06><0xFD><0x02><0xFC><0x01><0x08> on the port side, and<0xFA><0xFC><0x01><0x06><0xFD><0x03><0xFC><0x01><0x08> on the starboard side.","Hoy""<0xFB>En términos de personas tenemos <0xFC><0x01><0x06><0xFD><0x02><0xFC><0x01><0x08> en
el lado de babor y <0xFC><0x01><0x06><0xFD><0x03><0xFC><0x01><0x08> en el lado<0xFA>de estribor.",101,3,104,pokemon,description,"Aujourd'hui...<0xFB>Côté personnes, on a
{COLOR}É{STR_VAR_1}{COLOR}Ë à bâbord et<0xFA>{COLOR}É{STR_VAR_2}{COLOR}Ë à tribord.",
0x01F75673,"So, I reckon the number of Trainers
in the cabins with <0xFC><0x01><0x06><0xFD><0x03><0xFC><0x01><0x08> doors<0xFA>today is <0xFC><0x01><0x06><0xFD><0x02><0xFC><0x01><0x08>.","El número de Entrenadores en las
cabinas con puertas <0xFC><0x01><0x06><0xFD><0x03><0xFC><0x01><0x08> el<0xFA>día de hoy es <0xFC><0x01><0x06><0xFD><0x02><0xFC><0x01><0x08>.",88,3,91,pokemon,dialogue,"J'estime que le nombre de Dresseurs
dans les cabines avec {COLOR}É{STR_VAR_2}{COLOR}Ë<0xFA>portes aujourd'hui est {COLOR}É{STR_VAR_1}{COLOR}Ë.",
0x01F78C21,"r they like to use those a
lot in East Borrius.<0xFB>But why wait until you get there?<0xFB>Your <0xFD><0x02> can easily
activate Z-Moves as well!<0xFB>So what are you waiting for?<0xFB>Start collecting Z-Crystals
already!","iento Z?<0xFB>He oído que en algún lugar de
Borrius lo usan.<0xFB><0x51>Por qué esperar tanto?<0xFB><0x52>Tu <0xFD><0x02> también puede usar
los Movimientos Z!<0xFB><0x51>Entonces, qué esperas?<0xFB><0x52>Empieza a coleccionar los
Cristales Z!",192,2,194,pokemon,dialogue,,
0x01F78F18,"Hi!
Do you have a <0xFC><0x01><0x06><0xFD><0x02><0xFC><0x01><0x08>?<0xFB>Want to trade it for my
<0xFC><0x01><0x06><0xFD><0x03><0xFC><0x01><0x08>?","Hola, <0x51>tienes un <0xFC><0x01><0x06><0xFD><0x02><0xFC><0x01><0x08>?
<0x51>Quieres cambiarlo por <0xFC><0x01><0x06><0xFD><0x03><0xFC><0x01><0x08>?",61,2,63,pokemon,dialogue,"Salut !
Tu as un {COLOR}É{STR_VAR_1}{COLOR}Ë ?<0xFB>Tu veux l'échanger contre mon
{COLOR}É{STR_VAR_2}{COLOR}Ë ?",
0x01F78F20,"ou have a <0xFC><0x01><0x06><0xFD><0x02><0xFC><0x01><0x08>?<0xFB>Want to trade it for my
<0xFC><0x01><0x06><0xFD><0x03><0xFC><0x01><0x08>?","ienes un <0xFC><0x01><0x06><0xFD><0x02><0xFC><0x01><0x08>?
<0x51>Quieres cambiarlo por <0xFC><0x01><0x06><0xFD><0x03><0xFC><0x01><0x08>?",53,2,55,pokemon,dialogue,,
0x01F78F7D,You should have just said no.<0xFB>That's very much not a <0xFD><0x02>.,"Deberías haber dicho que no.
Ese no es un <0xFD><0x02>.",56,2,58,pokemon,dialogue,Tu aurais dû dire non.<0xFB>Ce n'est vraiment pas un <0xFD><0x02>.,
0x01F78FEB,"How is my old <0xFD><0x03>?
My <0xFD><0x02> is doing great!<0xFB>I've been feeding it lots and lots
of sweet Berries.","<0x51>Cómo ha estado <0xFD><0x03>?
<0x52>Mi <0xFD><0x02> está muy bien!<0xFB>Lo he estado alimentando bien.",92,2,94,pokemon,dialogue,"Comment va mon ancien <0xFD><0x03> ?
Mon <0xFD><0x02> va super bien !<0xFB>Je lui donne plein de Baies
sucrées.",
0x01F79000,"<0xFD><0x02> is doing great!<0xFB>I've been feeding it lots and lots
of sweet Berries.",Mi <0xFD><0x02> está muy bien!<0xFB>Lo he estado alimentando bien.,71,2,73,pokemon,dialogue,,
0x01F79141,"Those are some hot hands ya got
there, fella!<0xFB>You wannem to burn up with
fiery power?<0xFB>I can teach your Pokémon <0xFC><0x01><0x06>Fire
Punch<0xFC><0x01><0x08> for just <0xFC><0x01><0x06><0xFD><0x03> <0xFD><0x02>s<0xFC><0x01><0x08>!","<0x52>Qué buenas manos tienes ahí!<0xFB><0x51>Quieres arder con poder de fuego?<0xFB><0x52>Puedo enseñarle a tu Pokémon
<0xFC><0x01><0x06>Puño Fuego<0xFC><0x01><0x08> por sólo <0xFC><0x01><0x06><0xFD><0x03> <0xFD><0x02>s<0xFC><0x01><0x08>!",150,2,152,pokemon,dialogue,"T'as des mains brûlantes,
l'ami !<0xFB>Tu veux qu'elles flambent de
puissance ?<0xFB>Je peux apprendre {COLOR}ÉPoing
Feu{COLOR}Ë à ton Pokémon pour {COLOR}É{STR_VAR_2} {STR_VAR_1}s{COLOR}Ë !",
0x01F7927C,"<0xFC><0x01><0x02><0xFD><0x01> handed over
<0xFD><0x03> <0xFD><0x02><0xFD><0x04>.",Has entregado <0xFD><0x03> <0xFD><0x02><0xFD><0x04>.,26,1,27,pokemon,description,,
0x01F7B073,"You would like the
<0xFC><0x01><0x06><0xFD><0x02><0xFC><0x01><0x04>?",<0x51>Quieres el <0xFC><0x01><0x06><0xFD><0x02><0xFC><0x01><0x04>?,28,2,30,pokemon,dialogue,"Tu voudrais le
{COLOR}É{STR_VAR_1}{COLOR}Ç ?",
0x01F7B081," the
<0xFC><0x01><0x06><0xFD><0x02><0xFC><0x01><0x04>?",<0x06><0xFD><0x02><0xFC><0x01><0x04>?,14,2,16,pokemon,dialogue,,
0x01F7C596,"<0xFC><0x01><0x02>The Amulet Coin level has been
increased to <0x34> <0xFD><0x03>!<0xFB><0xFC><0x01><0x06><0xFD><0x03><0xB9><0xFC><0x01><0x02> the amount of prize money will
be earned when brought into battle.","<0xFC><0x01><0x02><0x52>Moneda Amuleto ha aumentado al
<0xFC><0x01><0x06>Nivel <0xFD><0x03><0xFC><0x01><0x02>!<0xFB><0xFC><0x01><0x06>X<0xFD><0x03><0xFC><0x01><0x02> es la cantidad que se ganará
cuando entres en una batalla.",129,2,131,pokemon,dialogue,"{COLOR}ÁLe niveau de la Pièce Rune a été
augmenté à {LV} {STR_VAR_2} !<0xFB>{COLOR}É{STR_VAR_2}×{COLOR}Á le montant d'argent gagné sera
obtenu en combat si elle est portée.",
0x01F7C74F,"'Ello, again!
Yer Amulet Coin's <0x34> <0xFD><0x04>.<0xFB>If it's an upgrade yeh wan',
I'm gunna need <0xFC><0x01><0x06><0xFD><0x03> <0xFD><0x02>s<0xFC><0x01><0x08>.","<0x52>Hola de nuevo!<0xFB>Si quieres mejorar tu Moneda Amuleto
<0xFC><0x01><0x06>Nivel 3<0xFC><0x01><0x08>, necesitaré <0xFC><0x01><0x06><0xFD><0x03> <0xFD><0x02>s<0xFC><0x01><0x08>.",95,2,97,pokemon,dialogue,"Salut encore !
Ta Pièce Rune est au niveau {LV} {STR_VAR_3}.<0xFB>Pour une amélioration, il me faudra
{COLOR}É{STR_VAR_2} {STR_VAR_1}s{COLOR}Ë.",
0x01F7C795, gunna need <0xFC><0x01><0x06><0xFD><0x03> <0xFD><0x02>s<0xFC><0x01><0x08>.,cesitaré <0xFC><0x01><0x06><0xFD><0x03> <0xFD><0x02>s<0xFC><0x01><0x08>.,25,2,27,pokemon,description,,
0x01F7C7F0,"Think yer a bit short on
<0xFD><0x02>s.<0xFB>Go get some more, then talk t'
me again.","Tienes muy pocas <0xFD><0x02>.<0xFB><0x52>Ve a buscar más y luego habla
conmigo otra vez!",70,2,72,pokemon,description,"Il te manque des
<0xFD><0x02>s.<0xFB>Va en chercher d'autres,
puis reviens.",
0x01F7CAFA,"<0xFD><0x02>, is it?
That is a gucci nickname!<0xFB>But, would you like me to give it
a swag name?<0xFB>How about it?","<0xFD><0x02>, <0x51>verdad?
<0x52>Es un buen mote!<0xFB><0x51>Te gustaría cambiarle el mote a
<0xFD><0x02>?<0xFB><0x51>Estás de acuerdo?",97,1,98,pokemon,dialogue,"<0xFD><0x02>, hein ?
C'est un surnom stylé !<0xFB>Tu veux que je lui donne un nom plus
swag ?<0xFB>Qu'en dis-tu ?",
0x01F7CBC3,f <0xFD><0x02>!,     ,5,2,7,pokemon,dialogue,,
0x01F7CBF6,"Done! From now on, this Pokémon
will be called <0xFD><0x02>!<0xFB>It looks the same as before, but
still feels ten times cooler!<0xFB>You're so lucky!","<0x52>Hecho! De ahora en adelante, <0x52>este
Pokémon se llamará <0xFD><0x02>!<0xFB>No parece diferente, pero te
aseguro que es mucho mejor.<0xFB><0x52>Buena suerte!",130,2,132,pokemon,dialogue,"Fini ! Ce Pokémon s'appelle
<0xFD><0x02> !<0xFB>Il a l'air pareil, mais il semble
dix fois plus classe !<0xFB>Tu as de la chance !",
0x01F7CC21,"led <0xFD><0x02>!<0xFB>It looks the same as before, but
still feels ten times cooler!<0xFB>You're so lucky!"," se llamará <0xFD><0x02>!<0xFB>No parece diferente, pero te
aseguro que es mucho mejor.<0xFB><0x52>Buena suerte!",87,2,89,pokemon,dialogue,,
0x01F7CC79,"Done! From now on, this Pokémon
will be called <0xFD><0x02>!<0xFB>It's a way better name than before!
You're so swag!","<0x52>Listo! A partir de ahora, este
Pokémon se llamará <0xFD><0x02>.<0xFB><0x52>Qué mote más bonito para tu
Pokémon!",102,3,105,pokemon,dialogue,"Fini ! Ce Pokémon s'appelle
<0xFD><0x02> !<0xFB>C'est mieux que son ancien nom !
Tu es trop swag !",
0x01F7CDB3,"Great! You have caught <0xFC><0x01><0x06><0xFD><0x04><0xFC><0x01><0x04>
kinds of Pokémon!<0xFB>Congratulations!
Here you go!","<0x52>Genial! <0x52>Has atrapado <0xFC><0x01><0x06><0xFD><0x04><0xFC><0x01><0x04> tipos
de Pokémon!<0xFB><0x52>Felicidades!
<0x52>Aquí tienes!",79,3,82,pokemon,dialogue,"Super ! Tu as attrapé {COLOR}É{STR_VAR_3}{COLOR}Ç espèces de
Pokémon !<0xFB>Félicitations !
Tiens !",
0x01F7CDB7,"t! You have caught <0xFC><0x01><0x06><0xFD><0x04><0xFC><0x01><0x04>
kinds of Pokémon!<0xFB>Congratulations!
Here you go!","ial! <0x52>Has atrapado <0xFC><0x01><0x06><0xFD><0x04><0xFC><0x01><0x04> tipos
de Pokémon!<0xFB><0x52>Felicidades!
<0x52>Aquí tienes!",75,3,78,pokemon,dialogue,,
0x01F7CDB9," You have caught <0xFC><0x01><0x06><0xFD><0x04><0xFC><0x01><0x04>
kinds of Pokémon!<0xFB>Congratulations!
Here you go!","l! <0x52>Has atrapado <0xFC><0x01><0x06><0xFD><0x04><0xFC><0x01><0x04> tipos
de Pokémon!<0xFB><0x52>Felicidades!
<0x52>Aquí tienes!",73,3,76,pokemon,dialogue,,
0x01F7CF37,"""Oh. I see.<0xFB>When you get <0xFC><0x01><0x06><0xFD><0x02><0xFC><0x01><0x04> kinds of Pokémon,
come back.","Oh"" ya veo.<0xFB>Cuando tengas <0xFC><0x01><0x06><0xFD><0x02><0xFC><0x01><0x04> tipos de Pokémon,
vuelve.",62,2,64,pokemon,dialogue,"...Oh. Je vois.<0xFB>Quand tu auras {COLOR}É{STR_VAR_1}{COLOR}Ç espèces de Pokémon,
reviens.",
0x01F7CFAF,"Pokémon!<0xFB>You need <0xFC><0x01><0x06><0xFD><0x02><0xFC><0x01><0x04> kinds.<0xFB>Did you get the <0xFC><0x01><0x06>DexNav<0xFC><0x01><0x04> from <0xFC><0x01><0x06>Nat Log<0xFC><0x01><0x04>
in <0xFC><0x01><0x06>Blizzard City<0xFC><0x01><0x04>?<0xFB>It's a very handy tool for finding
new species of Pokémon.","n!<0xFB>Necesitas <0xFC><0x01><0x06><0xFD><0x02><0xFC><0x01><0x04>.<0xFB><0x51>Conseguiste el <0xFC><0x01><0x06>DexNav<0xFC><0x01><0x04> de <0xFC><0x01><0x06>Natasha
Long<0xFC><0x01><0x04> en <0xFC><0x01><0x06>Ciudad Ventisca<0xFC><0x01><0x04>?<0xFB>Es una herramienta muy útil para
encontrar nuevos Pokémon.",164,2,166,pokemon,dialogue,,
0x01F7D32E,"Splendid!<0xFB>I am currently researching the
Pokémon known as <0xFC><0x01><0x06><0xFD><0x02><0xFC><0x01><0x08>.<0xFB>To start off the research, I would
like to study a <0xFC><0x01><0x06><0xFD><0x02><0xFC><0x01><0x08> in<0xFA>its <0xFC><0x01><0x06><0xFD><0x03><0xFC><0x01><0x08> form.","<0x52>Genial!<0xFB>Actualmente estoy investigando al
Pokémon <0xFC><0x01><0x06><0xFD><0x02><0xFC><0x01><0x08>.<0xFB>Para iniciar la investigación, me
gustaría estudiar a <0xFC><0x01><0x06><0xFD><0x02><0xFC><0x01><0x08> en<0xFA>su forma <0xFC><0x01><0x06><0xFD><0x03><0xFC><0x01><0x08>.",149,2,151,pokemon,dialogue,"Splendide !<0xFB>J'étudie le Pokémon appelé
{COLOR}É{STR_VAR_1}{COLOR}Ë.<0xFB>Pour commencer, je veux étudier un
{COLOR}É{STR_VAR_1}{COLOR}Ë dans sa<0xFA>forme {COLOR}É{STR_VAR_2}{COLOR}Ë.",
0x01F7D335,"d!<0xFB>I am currently researching the
Pokémon known as <0xFC><0x01><0x06><0xFD><0x02><0xFC><0x01><0x08>.<0xFB>To start off the research, I would
like to study a <0xFC><0x01><0x06><0xFD><0x02><0xFC><0x01><0x08> in<0xFA>its <0xFC><0x01><0x06><0xFD><0x03><0xFC><0x01><0x08> form.","!<0xFB>Actualmente estoy investigando al
Pokémon <0xFC><0x01><0x06><0xFD><0x02><0xFC><0x01><0x08>.<0xFB>Para iniciar la investigación, me
gustaría estudiar a <0xFC><0x01><0x06><0xFD><0x02><0xFC><0x01><0x08> en<0xFA>su forma <0xFC><0x01><0x06><0xFD><0x03><0xFC><0x01><0x08>.",142,2,144,pokemon,dialogue,,
0x01F7D406,"Have you brought me a <0xFC><0x01><0x06><0xFD><0x02><0xFC><0x01><0x08> in
its <0xFC><0x01><0x06><0xFD><0x03><0xFC><0x01><0x08> form to study?<0xFB><0xB9>Frisk<0xB9> <0xB9>Frisk<0xB9>","<0x51>Ya tienes un <0xFC><0x01><0x06><0xFD><0x02><0xFC><0x01><0x08> en su forma
<0xFC><0x01><0x06><0xFD><0x03><0xFC><0x01><0x08> para estudiarlo?<0xFB>Veamos""",77,3,80,pokemon,dialogue,"M'as-tu apporté un {COLOR}É{STR_VAR_1}{COLOR}Ë dans sa forme
{COLOR}É{STR_VAR_2}{COLOR}Ë à étudier ?<0xFB>×Fouille× ×Fouille×",
0x01F7D454,"Ah, it does not appear you have
brought one.<0xFB>I would like to see a <0xFC><0x01><0x06><0xFD><0x02><0xFC><0x01><0x08> in
its <0xFC><0x01><0x06><0xFD><0x03><0xFC><0x01><0x08> form, please.","Ah, no, parece que no tienes
ninguno.<0xFB>Me gustaría ver un <0xFC><0x01><0x06><0xFD><0x02><0xFC><0x01><0x08> en
su forma <0xFC><0x01><0x06><0xFD><0x03><0xFC><0x01><0x08>, por favor.",105,3,108,pokemon,dialogue,"Ah, il semble que tu n'en aies pas
apporté.<0xFB>Je voudrais voir un {COLOR}É{STR_VAR_1}{COLOR}Ë dans
sa forme {COLOR}É{STR_VAR_2}{COLOR}Ë, s'il te plaît.",
0x01F7D478,"ght one.<0xFB>I would like to see a <0xFC><0x01><0x06><0xFD><0x02><0xFC><0x01><0x08> in
its <0xFC><0x01><0x06><0xFD><0x03><0xFC><0x01><0x08> form, please.",".<0xFB>Me gustaría ver un <0xFC><0x01><0x06><0xFD><0x02><0xFC><0x01><0x08> en
su forma <0xFC><0x01><0x06><0xFD><0x03><0xFC><0x01><0x08>, por favor.",69,3,72,pokemon,dialogue,,
0x01F7D4F8,"Interesting""<0xFB>I have added invaluable data
to my research.<0xFB>Next, I would like to see a <0xFC><0x01><0x06><0xFD><0x02><0xFC><0x01><0x08>
in its <0xFC><0x01><0x06><0xFD><0x04><0xFC><0x01><0x08> form.","Interesante""<0xFB>He añadido datos importantes a mi
investigación.<0xFB>Ahora quiero ver a un <0xFC><0x01><0x06><0xFD><0x02><0xFC><0x01><0x08> en su
forma <0xFC><0x01><0x06><0xFD><0x04><0xFC><0x01><0x08>.",116,1,117,pokemon,dialogue,"Intéressant...<0xFB>J'ai ajouté des données à mes
recherches.<0xFB>Ensuite, je voudrais voir un {COLOR}É{STR_VAR_1}{COLOR}Ë dans
sa forme {COLOR}É{STR_VAR_3}{COLOR}Ë.",
0x01F7D507,"have added invaluable data
to my research.<0xFB>Next, I would like to see a <0xFC><0x01><0x06><0xFD><0x02><0xFC><0x01><0x08>
in its <0xFC><0x01><0x06><0xFD><0x04><0xFC><0x01><0x08> form."," añadido datos importantes a mi
investigación.<0xFB>Ahora quiero ver a un <0xFC><0x01><0x06><0xFD><0x02><0xFC><0x01><0x08> en su
forma <0xFC><0x01><0x06><0xFD><0x04><0xFC><0x01><0x08>.",101,1,102,pokemon,dialogue,,
0x01F7D509,"ve added invaluable data
to my research.<0xFB>Next, I would like to see a <0xFC><0x01><0x06><0xFD><0x02><0xFC><0x01><0x08>
in its <0xFC><0x01><0x06><0xFD><0x04><0xFC><0x01><0x08> form.","ñadido datos importantes a mi
investigación.<0xFB>Ahora quiero ver a un <0xFC><0x01><0x06><0xFD><0x02><0xFC><0x01><0x08> en su
forma <0xFC><0x01><0x06><0xFD><0x04><0xFC><0x01><0x08>.",99,1,100,pokemon,dialogue,,
0x01F7D520,"a
to my research.<0xFB>Next, I would like to see a <0xFC><0x01><0x06><0xFD><0x02><0xFC><0x01><0x08>
in its <0xFC><0x01><0x06><0xFD><0x04><0xFC><0x01><0x08> form.","s a mi
investigación.<0xFB>Ahora quiero ver a un <0xFC><0x01><0x06><0xFD><0x02><0xFC><0x01><0x08> en su
forma <0xFC><0x01><0x06><0xFD><0x04><0xFC><0x01><0x08>.",76,1,77,pokemon,dialogue,,
0x01F7D528,"research.<0xFB>Next, I would like to see a <0xFC><0x01><0x06><0xFD><0x02><0xFC><0x01><0x08>
in its <0xFC><0x01><0x06><0xFD><0x04><0xFC><0x01><0x08> form.","nvestigación.<0xFB>Ahora quiero ver a un <0xFC><0x01><0x06><0xFD><0x02><0xFC><0x01><0x08> en su
forma <0xFC><0x01><0x06><0xFD><0x04><0xFC><0x01><0x08>.",68,1,69,pokemon,dialogue,,
0x01F7D916,"Then, hold still, <0xFD><0x02>""<0xFB>It's just a simple procedure""
You won't remember a thing""","Quédate quieto, <0xFD><0x02>""<0xFB>Es sólo un procedimiento simple""
No recordarás nada""",79,2,81,pokemon,dialogue,"Alors, reste tranquille, <0xFD><0x02>...<0xFB>Ce n'est qu'une simple procédure...
Tu ne te souviendras de rien...",
0x01F7DB11,"<0xFC><0x01><0x06><0xFD><0x02><0xFC><0x01><0x08> already has that
Nature""","<0xFC><0x01><0x06><0xFD><0x02><0xFC><0x01><0x08> ya tiene esa Naturaleza""",33,3,36,pokemon,description,"{COLOR}É{STR_VAR_1}{COLOR}Ë a déjà cette
Nature...",
0x01F7DC03,"Ah, we've finished.<0xFB>I've restructured your <0xFD><0x02>'s
heart to the more optimal Nature.<0xFB>And fortunately, it seems to
remember nothing about what just<0xFA>happened.<0xFB>And now, the payment, if you would.","<0x52>Hemos terminado!<0xFB>He reconstruido el corazón de
<0xFD><0x02> a otra Naturaleza.<0xFB>Y parece no recordar nada de lo
que acaba de pasar.<0xFB>Y ahora, debes pagar lo acordado.
Es parte del trato.",189,3,192,pokemon,dialogue,"Ah, nous avons terminé.<0xFB>J'ai restructuré le coeur de ton <0xFD><0x02>
pour une Nature optimale.<0xFB>Et heureusement, il ne se souvient
pas de ce qui s'est<0xFA>passé.<0xFB>Et maintenant, le paiement.",
0x01F7DC1C,"restructured your <0xFD><0x02>'s
heart to the more optimal Nature.<0xFB>And fortunately, it seems to
remember nothing about what just<0xFA>happened.<0xFB>And now, the payment, if you would.","nstruido el corazón de
<0xFD><0x02> a otra Naturaleza.<0xFB>Y parece no recordar nada de lo
que acaba de pasar.<0xFB>Y ahora, debes pagar lo acordado.
Es parte del trato.",164,3,167,pokemon,dialogue,,
0x01F7E2CA,<0xFC><0x01><0x02><0xFD><0x01> decided to go with Milo!,<0xFC><0x01><0x02>Hass decidido ir con Milo.,30,2,32,pokemon,dialogue,{COLOR}Á{PLAYER} part avec Milo !,
0x01F7E2CC,<0x02><0xFD><0x01> decided to go with Milo!,<0x02>Hass decidido ir con Milo.,28,2,30,pokemon,dialogue,,
0x01F7E484,"<0xFC><0x01><0x08>Oh! There's the ladder!<0xFB>I want to get tougher so I
won't be such a scaredy-cat.<0xFB><0xFD><0x01>, bye-bye!
Thank you!","<0xFC><0x01><0x08><0x52>Ahí está la escalera!<0xFB>Quiero hacerme fuerte y no ser
un gato asustadizo.<0xFB><0xFD><0x01>, <0x52>adiós!
<0x52>Y gracias!",106,2,108,pokemon,dialogue,"{COLOR}ËOh ! Voilà l'échelle !<0xFB>Je veux devenir plus fort pour ne
plus être un froussard.<0xFB>{PLAYER}, bye-bye !
Merci !",
0x01F7E4C7," a scaredy-cat.<0xFB><0xFD><0x01>, bye-bye!
Thank you!","ustadizo.<0xFB><0xFD><0x01>, <0x52>adiós!
<0x52>Y gracias!",39,2,41,pokemon,dialogue,,
0x01F7E4C8,"a scaredy-cat.<0xFB><0xFD><0x01>, bye-bye!
Thank you!","stadizo.<0xFB><0xFD><0x01>, <0x52>adiós!
<0x52>Y gracias!",38,2,40,pokemon,dialogue,,
0x01F7E4CF,"dy-cat.<0xFB><0xFD><0x01>, bye-bye!
Thank you!",".<0xFB><0xFD><0x01>, <0x52>adiós!
<0x52>Y gracias!",31,2,33,pokemon,dialogue,,
0x01F7E4D0,"y-cat.<0xFB><0xFD><0x01>, bye-bye!
Thank you!","<0xFB><0xFD><0x01>, <0x52>adiós!
<0x52>Y gracias!",30,2,32,pokemon,dialogue,,
0x01F7E4D1,"-cat.<0xFB><0xFD><0x01>, bye-bye!
Thank you!","<0xFD><0x01>, <0x52>adiós!
<0x52>Y gracias!",29,2,31,pokemon,dialogue,,
0x01F7E4D2,"cat.<0xFB><0xFD><0x01>, bye-bye!
Thank you!","<0x01>, <0x52>adiós!
<0x52>Y gracias!",28,2,30,pokemon,dialogue,,
0x01F7E4D3,"at.<0xFB><0xFD><0x01>, bye-bye!
Thank you!",", <0x52>adiós!
<0x52>Y gracias!",27,2,29,pokemon,dialogue,,
0x01F7E4D4,"t.<0xFB><0xFD><0x01>, bye-bye!
Thank you!"," <0x52>adiós!
<0x52>Y gracias!",26,2,28,pokemon,dialogue,,
0x01F7E4D7,"<0xFD><0x01>, bye-bye!
Thank you!","diós!
<0x52>Y gracias!",23,2,25,pokemon,dialogue,,
0x01F7EE2D,"It's <0xFD><0x01>!
My Pokémon, attack!",<0x52>Es <0xFD><0x01>! <0x52>Al ataque!,28,2,30,pokemon,dialogue,"C'est <0xFD><0x01> !
Mes Pokémon, à l'attaque !",
0x01F8091F,"Greetings, mad one among madmen!<0xFB>If you wish, pay me <0xFC><0x01><0x06><0xFD><0x04> <0xFD><0x02><0xFC><0x01><0x08>
and I will upgrade all of your<0xFA><0xFC><0x01><0x06>Power Items<0xFC><0x01><0x08> to <0xFC><0x01><0x06><0x34> <0xFD><0x03><0xFC><0x01><0x08>!","<0x52>Si deseas el trabajo, págame con
<0xFC><0x01><0x06><0xFD><0x04> <0xFD><0x02><0xFC><0x01><0x08> y actualizaré todos<0xFA>tus <0xFC><0x01><0x06>Objetos de Poder<0xFC><0x01><0x08> al <0xFC><0x01><0x06>Nivel 2<0xFC><0x01><0x08>!",128,2,130,pokemon,dialogue,"Salutations, fou parmi les fous !<0xFB>Si tu veux, paie-moi {COLOR}É{STR_VAR_3} {STR_VAR_1}{COLOR}Ë
et j'améliorerai tous tes<0xFA>{COLOR}ÉObjets Pouvoir{COLOR}Ë en {COLOR}É{LV} {STR_VAR_2}{COLOR}Ë !",
0x01F8096B,upgrade all of your<0xFA><0xFC><0x01><0x06>Power Items<0xFC><0x01><0x08> to <0xFC><0x01><0x06><0x34> <0xFD><0x03><0xFC><0x01><0x08>!,etos de Poder<0xFC><0x01><0x08> al <0xFC><0x01><0x06>Nivel 2<0xFC><0x01><0x08>!,52,2,54,pokemon,dialogue,,
0x01F80A6A,"Alas, you lack the <0xFC><0x01><0x06><0xFD><0x04> <0xFD><0x02><0xFC><0x01><0x08>
to upgrade your Power Items.<0xFB>Obtain more stars to your name
and come again!","Por desgracia, te faltan <0xFC><0x01><0x06><0xFD><0x04>
<0xFD><0x02><0xFC><0x01><0x08> para actualizar tus<0xFA>Objetos de Poder.<0xFB><0x52>Consigue las Estrellas y ven!",106,2,108,pokemon,dialogue,"Hélas, il te manque {COLOR}É{STR_VAR_3} {STR_VAR_1}{COLOR}Ë
pour améliorer tes Objets Pouvoir.<0xFB>Gagne plus d'étoiles
et reviens !",
0x01F81D06,<0xFC><0x01><0x06><0xFD><0x02> disappeared into the tomb.,<0xFC><0x01><0x06><0xFD><0x02> desapareció en la tumba.,32,3,35,pokemon,description,{COLOR}É{STR_VAR_1} a disparu dans le tombeau.,
0x01F81F2F,"Something pinged in the wall!
<0xFD><0x02> confirmed!","<0x52>Algo sonó en la pared!
<0x52><0xFD><0x02> confirmado!",43,2,45,pokemon,dialogue,"Quelque chose a sonné dans le mur !
<0xFD><0x02> confirmé !",
0x01F8220B,"A<0xFD><0x03> <0xFD><0x02>
was found.",<0x52><0xFD><0x03><0xFD><0x02> excavada!,17,2,19,pokemon,description,"A<0xFD><0x03> <0xFD><0x02>
a été trouvé.",
0x01F8284C,"Scavenge the region and find at
least <0xFD><0x02> hidden items.","Busca por toda la región <0xFD><0x02>
objetos ocultos.",54,3,57,pokemon,description,"Fouille la région et trouve au
moins <0xFD><0x02> objets cachés.",
0x01F82977,"Awesome!<0xFB>Once you find <0xFC><0x01><0x06><0xFD><0x02><0xFC><0x01><0x08> discarded items,
come back and we'll compare.<0xFB>I bet you can't find anything as
sweet as my haul here!","<0x52>Genial!<0xFB>Una vez que encuentres <0xFC><0x01><0x06><0xFD><0x02><0xFC><0x01><0x08> objetos
tirados, ven y los compararemos.<0xFB><0x52>Apuesto que no encontrarás nada
bueno!",133,2,135,pokemon,dialogue,"Génial !<0xFB>Quand tu auras {COLOR}É{STR_VAR_1}{COLOR}Ë objets jetés,
reviens et on comparera.<0xFB>Je parie que tu ne trouveras rien
aussi chouette que ma récolte !",
0x01F82A32,"So far you've found <0xFC><0x01><0x06><0xFD><0x03><0xFC><0x01><0x08> hidden
item<0xFD><0x07>.<0xFB>I think you can find some more
in this tunnel.<0xFB>Come back when you've found <0xFC><0x01><0x06><0xFD><0x02><0xFC><0x01><0x08>.","Has encontrado <0xFC><0x01><0x06><0xFD><0x03><0xFC><0x01><0x08> objetos ocultos.<0xFB>Creo que puedes encontrar más en
este túnel.<0xFB><0x52>Vuelve cuando hayas encontrado <0xFC><0x01><0x06><0xFD><0x02><0xFC><0x01><0x08>!",128,2,130,pokemon,dialogue,"Tu as trouvé {COLOR}É{STR_VAR_2}{COLOR}Ë objet
caché{VERSION}.<0xFB>Je pense que tu peux en trouver
encore dans ce tunnel.<0xFB>Reviens quand tu auras {COLOR}É{STR_VAR_1}{COLOR}Ë.",
0x01F85355,"You can chew on seeds, but that's
about all you can do with the<0xFA>amount of <0xFC><0x01><0x06><0xFD><0x02>s<0xFC><0x01><0x08> you have""","<0x52>No tienes suficientes <0xFC><0x01><0x06><0xFD><0x02><0xFC><0x01><0x08>
para que un Pokémon pueda aprender<0xFA>este movimiento!",93,2,95,pokemon,dialogue,"Tu peux mâcher des graines, mais
c'est tout ce que tu peux faire<0xFA>avec {COLOR}É{STR_VAR_1}s{COLOR}Ë...",
0x01F853B3,"I'm looking for the mushroom
Pokémon <0xFC><0x01><0x06><0xFD><0x02><0xFC><0x01><0x08>!<0xFB>But no matter where I look, all I
can find are <0xFD><0x03>!<0xFB>Have you found a <0xFC><0x01><0x06><0xFD><0x02><0xFC><0x01><0x08>?
Wanna trade for an <0xFC><0x01><0x06><0xFD><0x03><0xFC><0x01><0x08>?","<0x52>Estoy buscando al Pokémon
<0xFC><0x01><0x06><0xFD><0x02><0xFC><0x01><0x08>!<0xFB>Pero al parecer solo puede encontrar
a <0xFD><0x03>.<0xFB><0x51>Has encontrado a <0xFC><0x01><0x06><0xFD><0x02><0xFC><0x01><0x08>?
<0x51>Quieres cambiarlo por <0xFC><0x01><0x06><0xFD><0x03><0xFC><0x01><0x08>?",153,2,155,pokemon,dialogue,"Je cherche le Pokémon Champignon
{COLOR}É{STR_VAR_1}{COLOR}Ë !<0xFB>Mais je ne trouve que des
{STR_VAR_2} !<0xFB>As-tu trouvé un {COLOR}É{STR_VAR_1}{COLOR}Ë ?
Tu veux l'échanger contre un {COLOR}É{STR_VAR_2}{COLOR}Ë ?",
0x01F8544D,"I'm looking for the mushroom
Pokémon <0xFC><0x01><0x06><0xFD><0x02><0xFC><0x01><0x08>!<0xFB>But no matter where I look, all I
can find are <0xFD><0x03>!<0xFB>Have you found an <0xFC><0x01><0x06><0xFD><0x02><0xFC><0x01><0x08>?
Wanna trade for a <0xFC><0x01><0x06><0xFD><0x03><0xFC><0x01><0x08>?","<0x52>Estoy buscando al Pokémon
<0xFC><0x01><0x06><0xFD><0x02><0xFC><0x01><0x08>!<0xFB>Pero al parecer solo puede encontrar
a <0xFC><0x01><0x06><0xFD><0x03><0xFC><0x01><0x08>.<0xFB><0x51>Has encontrado a <0xFC><0x01><0x06><0xFD><0x02><0xFC><0x01><0x08>?
<0x51>Quieres cambiarlo por <0xFC><0x01><0x06><0xFD><0x03><0xFC><0x01><0x08>?",153,3,156,pokemon,dialogue,"Je cherche le Pokémon Champignon
{COLOR}É{STR_VAR_1}{COLOR}Ë !<0xFB>Mais je ne trouve que des
{STR_VAR_2} !<0xFB>As-tu trouvé un {COLOR}É{STR_VAR_1}{COLOR}Ë ?
Tu veux l'échanger contre un {COLOR}É{STR_VAR_2}{COLOR}Ë ?",
0x01F854FB,"I'm looking for the mushroom
Pokémon <0xFD><0x02>!<0xFB>Not that!","<0x52>Yo quiero a <0xFD><0x02>!
<0x52>Vuelve cuando lo tengas!",50,2,52,pokemon,dialogue,"Je cherche le Pokémon Champignon
<0xFD><0x02> !<0xFB>Pas ça !",
0x01F85BDD,"I'm very particular about the
<0xFC><0x01><0x06><0xFD><0x02><0xFC><0x01><0x08> of Pokémon!<0xFB>That's why I'm wondering if you
have any Pokémon with a <0xFC><0x01><0x06><0xFD><0x02><0xFC><0x01><0x08><0xFA>of <0xFC><0x01><0x06><0xFD><0x03><0xFC><0x01><0x08> or greater with you!","<0x52>Soy muy exigente con la <0xFC><0x01><0x06><0xFD><0x02><0xFC><0x01><0x08> de
los Pokémon!<0xFB><0x52>Por eso me pregunto si tienes un
Pokémon con una <0xFC><0x01><0x06><0xFD><0x02><0xFC><0x01><0x08> de <0xFC><0x01><0x06><0xFD><0x03><0xFC><0x01><0x08> o<0xFA>mayor contigo!",148,2,150,pokemon,dialogue,"Je suis très pointilleux sur la
{COLOR}É{STR_VAR_1}{COLOR}Ë des Pokémon !<0xFB>Je me demande donc si tu as
un Pokémon avec une {COLOR}É{STR_VAR_1}{COLOR}Ë<0xFA>de {COLOR}É{STR_VAR_2}{COLOR}Ë ou plus !",
0x01F85C0E,"!<0xFB>That's why I'm wondering if you
have any Pokémon with a <0xFC><0x01><0x06><0xFD><0x02><0xFC><0x01><0x08><0xFA>of <0xFC><0x01><0x06><0xFD><0x03><0xFC><0x01><0x08> or greater with you!","<0xFB><0x52>Por eso me pregunto si tienes un
Pokémon con una <0xFC><0x01><0x06><0xFD><0x02><0xFC><0x01><0x08> de <0xFC><0x01><0x06><0xFD><0x03><0xFC><0x01><0x08> o<0xFA>mayor contigo!",99,2,101,pokemon,dialogue,,
0x01F85C72,"Well, which of your Pokémon has a
<0xFC><0x01><0x06><0xFD><0x02><0xFC><0x01><0x08> of <0xFC><0x01><0x06><0xFD><0x03><0xFC><0x01><0x08> or greater?","Bueno, <0x51>cuál de tus Pokémon tiene
una <0xFC><0x01><0x06><0xFD><0x02><0xFC><0x01><0x08> de <0xFC><0x01><0x06><0xFD><0x03><0xFC><0x01><0x08> o más?",66,3,69,pokemon,dialogue,"Alors, quel Pokémon a une
{COLOR}É{STR_VAR_1}{COLOR}Ë de {COLOR}É{STR_VAR_2}{COLOR}Ë ou plus ?",
0x01F85CB5,"Your <0xFD><0x02> is <0xFD><0x03>!
Just like I like them!<0xFB>That makes me really happy,
so I'll give you this!","<0x52>Tu <0xFD><0x02> es <0xFD><0x03>!
<0x52>Como a mí me gustan!<0xFB>Eso me hace muy feliz, <0x52>así que te
daré esto!",88,2,90,pokemon,dialogue,"Ta <0xFD><0x02> est à <0xFD><0x03> !
Comme je les aime !<0xFB>Ça me rend très heureux,
alors prends ça !",
0x01F85D0E,"Don't worry! There's more to
Pokémon than <0xFD><0x02>.<0xFB>But, today, I'd sure like to see a
Pokémon with <0xFC><0x01><0x06><0xFD><0x02><0xFC><0x01><0x08> of <0xFC><0x01><0x06><0xFD><0x03><0xFC><0x01><0x08><0xFA>or greater!","<0x52>No te preocupes!
<0x52>Hay más Pokémon que <0xFD><0x02>!",126,2,128,pokemon,dialogue,"Ne t'inquiète pas ! Il y a plus
que {STR_VAR_1} chez un Pokémon.<0xFB>Mais aujourd'hui, je veux voir un
Pokémon avec {COLOR}É{STR_VAR_1}{COLOR}Ë de {COLOR}É{STR_VAR_2}{COLOR}Ë<0xFA>ou plus !",
0x01F85D8D,"That Pokémon's <0xFD><0x02> isn't
high enough!<0xFB>Today, I'd sure like to see a
Pokémon with <0xFC><0x01><0x06><0xFD><0x02><0xFC><0x01><0x08> of <0xFC><0x01><0x06><0xFD><0x03><0xFC><0x01><0x08><0xFA>or greater!","<0x52>La <0xFD><0x02> de ese Pokémon no es
muy alta!<0xFB><0x52>Hoy me gustaría ver un Pokémon
con una <0xFC><0x01><0x06><0xFD><0x02><0xFC><0x01><0x08> de <0xFC><0x01><0x06><0xFD><0x03><0xFC><0x01><0x08> o más!",112,2,114,pokemon,dialogue,"La {STR_VAR_1} de ce Pokémon
n'est pas assez élevée !<0xFB>Aujourd'hui, je veux voir un
Pokémon avec {COLOR}É{STR_VAR_1}{COLOR}Ë de {COLOR}É{STR_VAR_2}{COLOR}Ë<0xFA>ou plus !",
0x01F85DB7,", I'd sure like to see a
Pokémon with <0xFC><0x01><0x06><0xFD><0x02><0xFC><0x01><0x08> of <0xFC><0x01><0x06><0xFD><0x03><0xFC><0x01><0x08><0xFA>or greater!"," me gustaría ver un Pokémon
con una <0xFC><0x01><0x06><0xFD><0x02><0xFC><0x01><0x08> de <0xFC><0x01><0x06><0xFD><0x03><0xFC><0x01><0x08> o más!",70,2,72,pokemon,dialogue,,
0x01F86575,<0xFC><0x01><0x02><0xFD><0x01> tugged on the cloak.,<0xFC><0x01><0x02>Has quitado la capa.,26,2,28,pokemon,description,{COLOR}Á{PLAYER} a tiré sur la cape.,
0x01F878EB,"<0xFC><0x01><0x02>The <0xFD><0x02> scurried off into
the forest.","<0xFC><0x01><0x02><0xFD><0x02> ha escapado hacia
el bosque.",39,1,40,pokemon,description,"{COLOR}ÁLe {STR_VAR_1} s'est enfui
dans la forêt.",
0x01F884F9,"Done! <0xFD><0x02>'s Ability has
changed to <0xFD><0x03>.<0xFB>If you'd ever like to add more
enhancements to your Zygarde,<0xFA>please let me know!","<0x52>Hecho!<0xFB>La Habilidad de <0xFD><0x02> ha cambiado
por <0xFD><0x03>.<0xFB>Si alguna vez deseas agregar mejoras
a tu Zygarde, <0x52>házmelo saber!",118,2,120,pokemon,dialogue,"Voilà ! Le Talent de <0xFD><0x02>
a changé pour <0xFD><0x03>.<0xFB>Si tu veux encore ajouter des
améliorations à ton Zygarde,<0xFA>dis-le-moi !",
0x01F8867B,"It looks like you've collected
<0xFC><0x01><0x06><0xFD><0x02><0xFC><0x01><0x04> cells so far.<0xFB>Would you like to assemble these
cells into a <0xFC><0x01><0x06>temporary<0xFC><0x01><0x04> construct?","Parece que has recolectado <0xFC><0x01><0x06><0xFD><0x02><0xFC><0x01><0x04>
células hasta ahora.<0xFB><0x51>Te gustaría ensamblar esas células
en una construcción temporal?",126,2,128,pokemon,dialogue,"On dirait que tu as déjà collecté
{COLOR}É{STR_VAR_1}{COLOR}Ç cellules.<0xFB>Veux-tu assembler ces
cellules en {COLOR}Étemporaire{COLOR}Ç ?",
0x01F8B4EB,"<0xFC><0x01><0x04>The next battle will take place
<0xFD><0x0C>","<0xFC><0x01><0x04>La batalla será de la forma:
<0xFD><0x0C>",37,2,39,pokemon,description,"{COLOR}ÇLe prochain combat aura lieu
{EVIL_LEGENDARY}",
0x01F8C69E,"Which tier in the <0xFC><0x01><0x06><0xFD><0x02><0xFC><0x01><0x08>
would you like to know about?","<0x51>Qué nivel de <0xFC><0x01><0x06><0xFD><0x02><0xFC><0x01><0x08>
te gustaría saber?",56,2,58,pokemon,dialogue,"Quel niveau du {COLOR}É{STR_VAR_1}{COLOR}Ë
veux-tu connaître ?",
0x01F8D35A,"You will be facing opponent
no. <0xFC><0x01><0x06><0xFD><0x02><0xFC><0x01><0x08>. Are you ready?","<0x51>Quieres continuar o descansar del
desafío?",56,3,59,pokemon,dialogue,"Vous allez affronter l'adversaire
n° {COLOR}É{STR_VAR_1}{COLOR}Ë. Prêt ?",
0x01F8D393,"You will be facing opponent
no. <0xFC><0x01><0x06><0xFD><0x02><0xFC><0x01><0x04>. Are you ready?","<0x51>Quieres continuar o descansar del
desafío?",56,2,58,pokemon,dialogue,"Vous allez affronter l'adversaire
n° {COLOR}É{STR_VAR_1}{COLOR}Ç. Prêt ?",
0x01F8D540,"Congratulations on your winning
streak, challenger!<0xFB>The <0xFD><0x02> has sent word
that <0xFD><0x03> is impressed with you.<0xFB><0xFD><0x04> sees your skill, and <0xFD><0x03>'d like
to challenge you to a battle!<0xFB>Are you ready to battle the
<0xFD><0x02>?","<0x52>Felicitaciones por tu racha de
victorias!<0xFB><0x52>El <0xFD><0x02> ha enviado un mensaje
y está impresionado contigo!<0xFB><0x52>Ha visto tus habilidades y quiere
desafiarte a una batalla!<0xFB>Dime, <0x51>te gustaría luchar contra él?",199,2,201,pokemon,dialogue,"Félicitations pour ta série de
victoires, challenger !<0xFB>Le <0xFD><0x02> a fait savoir que
<0xFD><0x03> est impressionné par toi.<0xFB><0xFD><0x04> voit ton talent, et
<0xFD><0x03> veut te défier !<0xFB>Es-tu prêt à affronter le
<0xFD><0x02> ?",
0x01F8DA71,"Congratulations!<0xFB>Your victory over the <0xFD><0x02>
was an inspiration!<0xFB>To pay tribute to your talent, we
present you BP!","<0x52>Felicidades!<0xFB><0x52>Tu victoria sobre el <0xFD><0x02>
fue una inspiración!<0xFB><0x52>Por todo tu esfuerzo, te daremos
estos PB!",111,2,113,pokemon,dialogue,"Félicitations !<0xFB>Ta victoire sur le <0xFD><0x02> a été
une inspiration !<0xFB>Pour rendre hommage à ton talent,
nous te présentons des BP !",
0x01F8DB8D,"Please choose the <0xFD><0x02> random Pokémon
you would like to use.","Elige a <0xFD><0x02> Pokémon aleatorios que te
gustaría usar.",58,1,59,pokemon,dialogue,"Choisis les <0xFD><0x02> Pokémon aléatoires
que tu veux utiliser.",
0x01F8DD7F,"<0xFD><0x01>, you have not found a
partner for your tag team.<0xFB>Would you like to quit looking and
return to the reception counter?","<0xFD><0x01>, no has encontrado un
compañero para tu equipo.<0xFB><0x51>Quieres dejar de buscar y volver
al mostrador de recepción?",119,2,121,pokemon,dialogue,"<0xFD><0x01>, tu n'as pas trouvé de
partenaire pour ton duo.<0xFB>Veux-tu arrêter de chercher et
revenir au comptoir ?",
0x01F8DE99,"Hi, hi, <0xFD><0x01>!
Remember me?<0xFB>It's Milo!<0xFB>You helped Milo when he was lost in
Thundercap Mt., remember?<0xFB>I'm so grateful, I wanna battle
with you!<0xFB>Do you wanna join with me?","<0x52>Hola, <0xFD><0x01>! <0x51>Te acuerdas de mí?<0xFB>Ayudaste a Milo cuando se perdió en
Mt. Trueno, <0x51>lo recuerdas?<0xFB><0x52>Estoy muy agradecido, quiero luchar
contigo!<0xFB><0x51>Quieres unirte a mí?",166,1,167,pokemon,dialogue,"Salut, salut, <0xFD><0x01> !
Tu te souviens de moi ?<0xFB>C'est Milo !<0xFB>Tu as aidé Milo quand il était perdu
a u Mont Fulgur, tu te souviens ?<0xFB>Je suis tellement reconnaissant, je
veux me battre avec toi !<0xFB>Veux-tu te joindre à moi ?",
0x01F8DF76,"Okay! I'll wait for you!
<0xFD><0x01>, don't be long!","<0x52>Bueno! <0x52>Te espero!
<0xFD><0x01>, <0x52>no tardes!",43,2,45,pokemon,dialogue,"D'accord ! Je t'attendrai !
<0xFD><0x01>, ne tarde pas !",
0x01F8DFC3,"It's good to see you again,
<0xFD><0x01>.<0xFB>Would you like to team up with me?","Es bueno verte de nuevo, <0xFD><0x01>.<0xFB><0x51>Te gustaría formar equipo conmigo?",66,2,68,pokemon,dialogue,"Ravi de te revoir,
<0xFD><0x01>.<0xFB>Veux-tu faire équipe avec moi ?",
0x01F8DFD3," you again,
<0xFD><0x01>.<0xFB>Would you like to team up with me?","e nuevo, <0xFD><0x01>.<0xFB><0x51>Te gustaría formar equipo conmigo?",50,2,52,pokemon,dialogue,,
0x01F8E03A,"It's done.
I'll see you in the Battle <0xFD><0x02>.",<0x52>Te veré en la <0xFD><0x02> de Batalla!,41,1,42,pokemon,dialogue,"C'est fait.
On se voit au Combat <0xFD><0x02>.",
0x01F8E0CD,"I'll go on ahead to the
Battle <0xFD><0x02>.","Yo me seguiré adelantando,
<0xFD><0x01>.",34,3,37,pokemon,description,"Je pars devant vers le
Combat <0xFD><0x02>.",
0x01F8E125,"<0xFD><0x01>!
It's great to see you here!<0xFB>Do you want to fight together,
just like old times?","<0x52><0xFD><0x01>! <0x52>Me alegro verte!<0xFB><0x51>Quieres luchar juntos, como en los
viejos tiempos?",83,1,84,pokemon,dialogue,"<0xFD><0x01> !
Content de te voir ici !<0xFB>Veux-tu te battre ensemble, comme
au bon vieux temps ?",
0x01F8E19B,"Good choices!
I'll see you in the Battle <0xFD><0x02>!",<0x52>Te veré en la <0xFD><0x02> de Batalla!,44,3,47,pokemon,dialogue,"Bon choix !
On se voit au Combat <0xFD><0x02> !",
0x01F905EF,"If you have Pokémon stored in box
<0xB1><0xFD><0x02><0xB2>, they may be used<0xFA>in place of your party Pokémon.<0xFB>Each row in the box is treated as
its own team.<0xFB>As such, this allows for up to
5 different preset teams.","Si tienes Pokémon en la Caja
<0xB1><0xFD><0x02><0xB2>, podrás usarlos en lugar<0xFA>de los Pokémon de tu grupo.<0xFB>Cada fila del cuadro se trata como
su propio equipo.<0xFB><0x52>Esto permite hasta 5 equipos
preestablecidos!",193,2,195,pokemon,dialogue,"Si tu as des Pokémon dans la boîte
"" <0xFD><0x02> "", ils peuvent être<0xFA>utilisés à la place de ton équipe.<0xFB>Chaque rangée de la boîte est
considérée comme sa propre équipe.<0xFB>Ainsi, cela permet jusqu'à
5 équipes prédéfinies différentes.",
0x01F905FA," Pokémon stored in box
<0xB1><0xFD><0x02><0xB2>, they may be used<0xFA>in place of your party Pokémon.<0xFB>Each row in the box is treated as
its own team.<0xFB>As such, this allows for up to
5 different preset teams.","okémon en la Caja
<0xB1><0xFD><0x02><0xB2>, podrás usarlos en lugar<0xFA>de los Pokémon de tu grupo.<0xFB>Cada fila del cuadro se trata como
su propio equipo.<0xFB><0x52>Esto permite hasta 5 equipos
preestablecidos!",182,2,184,pokemon,dialogue,,
0x01F90602," stored in box
<0xB1><0xFD><0x02><0xB2>, they may be used<0xFA>in place of your party Pokémon.<0xFB>Each row in the box is treated as
its own team.<0xFB>As such, this allows for up to
5 different preset teams.","n la Caja
<0xB1><0xFD><0x02><0xB2>, podrás usarlos en lugar<0xFA>de los Pokémon de tu grupo.<0xFB>Cada fila del cuadro se trata como
su propio equipo.<0xFB><0x52>Esto permite hasta 5 equipos
preestablecidos!",174,2,176,pokemon,dialogue,,
0x01F90606,"red in box
<0xB1><0xFD><0x02><0xB2>, they may be used<0xFA>in place of your party Pokémon.<0xFB>Each row in the box is treated as
its own team.<0xFB>As such, this allows for up to
5 different preset teams."," Caja
<0xB1><0xFD><0x02><0xB2>, podrás usarlos en lugar<0xFA>de los Pokémon de tu grupo.<0xFB>Cada fila del cuadro se trata como
su propio equipo.<0xFB><0x52>Esto permite hasta 5 equipos
preestablecidos!",170,2,172,pokemon,dialogue,,
0x01F910E7," two moves.<0xFB>Little Cup Camomons uses standard
Smogon Little Cup clauses.<0xFB>For more information, please see
the explanation for <0xB1><0xFC><0x01><0x06>Smogon<0xFA>Camomons<0xFD><0x07><0xB2> and<0xFA><0xFC><0x01><0x06>smogon.com/dex/sm/formats/lc","s tipos de sus dos<0xFA>primeros movimientos.<0xFB>Camomons Copa Chica utiliza cláusulas
estándar de Camomons Copa Chica.",184,2,186,pokemon,description,,
0x01F910FD," Camomons uses standard
Smogon Little Cup clauses.<0xFB>For more information, please see
the explanation for <0xB1><0xFC><0x01><0x06>Smogon<0xFA>Camomons<0xFD><0x07><0xB2> and<0xFA><0xFC><0x01><0x06>smogon.com/dex/sm/formats/lc","meros movimientos.<0xFB>Camomons Copa Chica utiliza cláusulas
estándar de Camomons Copa Chica.",162,2,164,pokemon,description,,
0x01F9209D,"Please choose the tier you wish to
battle in.<0xFB>The current tier is:
<0xFC><0x01><0x06><0xFD><0x02>","Elige el nivel en el que deseas
luchar.<0xFB>El nivel actual es: <0xFC><0x01><0x06><0xFD><0x02><0xFC><0x01><0x04>.",72,2,74,pokemon,dialogue,"Choisis le niveau dans lequel tu
veux combattre.<0xFB>Le niveau actuel est :
{COLOR}É{STR_VAR_1}",
0x01F9210D,"Please choose the challenge level
you wish to battle with.<0xFB>The current challenge level is:
<0xFC><0x01><0x06>Level <0xFD><0x02>","Elige el nivel de desafío con el que
deseas luchar.<0xFB>El nivel de desafío actual es: <0xFC><0x01><0x06>Nivel
<0xFD><0x02><0xFC><0x01><0x04>.",102,2,104,pokemon,dialogue,"Choisis le niveau de défi que tu
veux.<0xFB>Le niveau actuel est :
{COLOR}ÉNiveau {STR_VAR_1}",
0x01F92268,"Please choose the number of
Pokémon you wish to battle with.<0xFB>The current party size is:
<0xFC><0x01><0x06><0xFD><0x02>","Elige la cantidad de Pokémon con los
que deseas luchar.<0xFB>El tamaño actual del equipo es:
<0xFC><0x01><0x06><0xFD><0x02>",93,2,95,pokemon,dialogue,"Choisis le nombre de Pokémon avec
lesquels tu veux combattre.<0xFB>La taille actuelle de l'équipe est :
{COLOR}É{STR_VAR_1}",
0x01F922E7,"Would you like to turn <0xFC><0x01><0x06><0xFD><0x02><0xFC><0x01><0x08>
<0xFC><0x01><0x06>Inverse Battles<0xFD><0x07>?","<0x51>Quieres activar las <0xFC><0x01><0x06>Batallas
Inversas<0xFC><0x01><0x04>?",53,2,55,pokemon,dialogue,"Veux-tu activer {COLOR}É{STR_VAR_1}{COLOR}Ë pour les
{COLOR}ÉCombats Inversés{VERSION} ?",
0x01F92300,"<0x06><0xFD><0x02><0xFC><0x01><0x08>
<0xFC><0x01><0x06>Inverse Battles<0xFD><0x07>?","atallas
Inversas<0xFC><0x01><0x04>?",28,2,30,pokemon,dialogue,,
0x01F92301,"<0xFD><0x02><0xFC><0x01><0x08>
<0xFC><0x01><0x06>Inverse Battles<0xFD><0x07>?","tallas
Inversas<0xFC><0x01><0x04>?",27,2,29,pokemon,dialogue,,
0x01F92347,"Please choose the music you wish
to listen to while battling.<0xFB>The current song choice is:
<0xFC><0x01><0x06><0xFD><0x02>","Elige la música que deseas escuchar
mientras luchas.<0xFB>La música actual es:
<0xFC><0x01><0x06><0xFD><0x02><0xFC><0x01><0x08>.",95,2,97,pokemon,dialogue,"Choisis la musique que tu veux
écouter pendant les combats.<0xFB>Le morceau actuel est :
{COLOR}É{STR_VAR_1}",
0x01F92380,"ing.<0xFB>The current song choice is:
<0xFC><0x01><0x06><0xFD><0x02>","úsica actual es:
<0xFC><0x01><0x06><0xFD><0x02><0xFC><0x01><0x08>.",38,2,40,pokemon,description,,
0x01F926C3,"<0xFD><0x01> received the <0xFC><0x01><0x06><0xFD><0x02><0xFC><0x01><0x02> Trophy
from the attendant!",Has recibido <0xFC><0x01><0x06><0xFD><0x02><0xFC><0x01><0x02>.,51,1,52,pokemon,dialogue,"{PLAYER} a reçu le Trophée
{COLOR}É{STR_VAR_1}{COLOR}Á de la part de l'hôtesse !",
0x01F92746,"<0xFC><0x01><0x02>The <0xFC><0x01><0x06><0xFD><0x02><0xFC><0x01><0x02> Print was added to
<0xFD><0x01>'s Frontier Card!","<0xFC><0x01><0x02>Has obtenido un nuevo color en la
Tarjeta Frontera.",54,3,57,pokemon,dialogue,"{COLOR}ÁL'Impression {COLOR}É{STR_VAR_1}{COLOR}Á a été ajoutée à la
Carte Frontière de {PLAYER} !",
0x01F9313A,"Hello! You must be <0xFD><0x01>.<0xFB>Would you like to enter a password
to receive a <0xFC><0x01><0x06>Mystery Gift<0xFC><0x01><0x08>?","<0x52>Hola, <0xFD><0x01>!<0xFB><0x51>Te gustaría ingresar una contraseña
para recibir un <0xFC><0x01><0x06>Regalo Misterioso<0xFC><0x01><0x08>?",90,2,92,pokemon,dialogue,"Bonjour ! Tu dois être {PLAYER}.<0xFB>Veux-tu saisir un mot de passe pour
recevoir un {COLOR}ÉCadeau Mystère{COLOR}Ë ?",
0x01F93CB0,"Breathe the ethos of battle! Win in
battle facilities <0xFD><0x02> times.","<0x52>Gana en todas las instalaciones
de batalla <0xFD><0x02> veces!",63,2,65,pokemon,dialogue,"Inspire l'ethos du combat ! Gagne
<0xFD><0x02> fois dans les installations.",
0x01F93DF7,"os of
battle merge with your soul, you<0xFA>will need to triumph in battle<0xFA>facilities <0xFC><0x01><0x06><0xFD><0x02><0xFC><0x01><0x04> times.<0xFB>Of course, this does not include the
Battle Sands as you do not fight<0xFA>there yourself.","batalla
se fusione con tu alma, debes<0xFA>triunfar en las instalaciones de<0xFA>batalla <0xFC><0x01><0x06><0xFD><0x02><0xFC><0x01><0x04> veces.<0xFB>Por supuesto, esto no incluye el
Arena Batalla, ya que tú mismo<0xFA>no luchas allí.",182,3,185,pokemon,dialogue,,
0x01F93EF6,"You have yet to triumph in battle
facilities <0xFC><0x01><0x06><0xFD><0x02><0xFC><0x01><0x04> times.<0xFB>You will need to win <0xFC><0x01><0x06><0xFD><0x04><0xFC><0x01><0x04> more
time<0xFD><0x08> in order to have the ethos<0xFA>of battle merge with your soul.","Debes triunfar en las instalaciones
de batalla <0xFC><0x01><0x06><0xFD><0x02><0xFC><0x01><0x04> veces.<0xFB>Necesitas ganar <0xFC><0x01><0x06><0xFD><0x04><0xFC><0x01><0x04> veces para
que el espíritu de batalla se<0xFA>fusione con tu alma.",161,3,164,pokemon,dialogue,"Tu n'as pas triomphé dans les
installations {COLOR}É{STR_VAR_1}{COLOR}Ç fois.<0xFB>Il te faudra gagner {COLOR}É{STR_VAR_3}{COLOR}Ç autre{s}
temps{EVIL_TEAM} pour que l'ethos<0xFA>du combat fusionne avec ton âme.",
0x01F93EF7,"ou have yet to triumph in battle
facilities <0xFC><0x01><0x06><0xFD><0x02><0xFC><0x01><0x04> times.<0xFB>You will need to win <0xFC><0x01><0x06><0xFD><0x04><0xFC><0x01><0x04> more
time<0xFD><0x08> in order to have the ethos<0xFA>of battle merge with your soul.","ebes triunfar en las instalaciones
de batalla <0xFC><0x01><0x06><0xFD><0x02><0xFC><0x01><0x04> veces.<0xFB>Necesitas ganar <0xFC><0x01><0x06><0xFD><0x04><0xFC><0x01><0x04> veces para
que el espíritu de batalla se<0xFA>fusione con tu alma.",160,3,163,pokemon,dialogue,,
0x01F96464,Is <0xFD><0x02> your chosen number?,<0x51>Es <0xFD><0x02> tu número elegido?,25,2,27,pokemon,dialogue,Le numéro choisi est <0xFD><0x02> ?,
0x01F964D5,"Second, I'll look up today's
Lottery Corner lucky number.<0xFB>""<0xFB>Today's Loto Ticket number is
<0xFC><0x01><0x06><0xFD><0x03><0xFC><0x01><0x04>.","Ahora buscaré el número de la suerte
del Rincón de Lotería.<0xFB>""<0xFB>El número de la suerte es <0xFC><0x01><0x06><0xFD><0x03><0xFC><0x01><0x04>.",99,1,100,pokemon,description,"Ensuite, je vérifie le numéro
chanceux de la Loterie.<0xFB>...<0xFB>Le numéro gagnant du ticket Loto est
{COLOR}É{STR_VAR_2}{COLOR}Ç.",
0x01F964F6,"ery Corner lucky number.<0xFB>""<0xFB>Today's Loto Ticket number is
<0xFC><0x01><0x06><0xFD><0x03><0xFC><0x01><0x04>.","rte
del Rincón de Lotería.<0xFB>""<0xFB>El número de la suerte es <0xFC><0x01><0x06><0xFD><0x03><0xFC><0x01><0x04>.",66,1,67,pokemon,description,,
0x01F965D4,"Not bad! Your guess was only off
by <0xFD><0x04>!<0xFB>Take these BP as your reward!","<0x52>Rayos! <0x52>Has fallado tan solo por
<0xFD><0x04>!<0xFB><0x52>Toma estos PB como recompensa!",69,1,70,pokemon,dialogue,"Pas mal ! Vous n'étiez qu'à
<0xFD><0x04> !<0xFB>Prenez ces BP en récompense !",
0x01F965F1,"off
by <0xFD><0x04>!<0xFB>Take these BP as your reward!"," por
<0xFD><0x04>!<0xFB><0x52>Toma estos PB como recompensa!",40,1,41,pokemon,dialogue,,
0x01F965F7, <0xFD><0x04>!<0xFB>Take these BP as your reward!,<0x04>!<0xFB><0x52>Toma estos PB como recompensa!,34,1,35,pokemon,dialogue,,
0x01F96DF0," like to employ my
services!? You have <0xFC><0x01><0x06><0xFD><0x04><0xFC><0x01><0x08> BP!","uieres mis servicios?
<0x52>Tienes <0xFC><0x01><0x06><0xFD><0x04><0xFC><0x01><0x08> PB!",51,1,52,pokemon,dialogue,,
0x01F96E6E,"Huah!<0xFB><0xFC><0x01><0x06><0xFD><0x02><0xFC><0x01><0x08> can't gain any more
Effort Values!<0xFB>Choose another Pokémon!","<0x52><0xFC><0x01><0x06><0xFD><0x02><0xFC><0x01><0x08> no puede ganar más
Valores de Esfuerzo!<0xFB><0x52>Elige otro Pokémon!",73,1,74,pokemon,dialogue,"Huah !<0xFB>{COLOR}É{STR_VAR_1}{COLOR}Ë ne peut plus gagner de
Valeurs d'Effort !<0xFB>Choisis un autre Pokémon !",
0x01F96EB8,"Huah!<0xFB><0xFC><0x01><0x06><0xFD><0x02><0xFC><0x01><0x08> has no Effort Values
to purge!<0xFB>Choose another Pokémon!",<0x52><0xFC><0x01><0x06><0xFD><0x02><0xFC><0x01><0x08> no puede perder Valores de Esfuerzo!<0xFB><0x52>Elige otro Pokémon!,69,1,70,pokemon,dialogue,"Huah !<0xFB>{COLOR}É{STR_VAR_1}{COLOR}Ë n'a aucune Valeur d'Effort
à purger !<0xFB>Choisis un autre Pokémon !",
0x01F96F2B,"Huah!<0xFB>Which of <0xFC><0x01><0x06><0xFD><0x02><0xFC><0x01><0x08>'s stats should
I pump up!?"," los stat de <0xFC><0x01><0x06><0xFD><0x02><0xFC><0x01><0x08>
debo maximizar?",50,1,51,pokemon,dialogue,"Huah !<0xFB>Quelle stat de {COLOR}É{STR_VAR_1}{COLOR}Ë veux-tu
augmenter !?",
0x01F96F5E,"Huah!<0xFB>Which of <0xFC><0x01><0x06><0xFD><0x02><0xFC><0x01><0x08>'s stats should
I completely purge!?","<0x51>Cuál de los stat de <0xFC><0x01><0x06><0xFD><0x02><0xFC><0x01><0x08>
debería purgar por completo?",59,1,60,pokemon,dialogue,"Huah !<0xFB>Quelle stat de {COLOR}É{STR_VAR_1}{COLOR}Ë veux-tu
purger complètement !?",
0x01F96F9A,"Huah!<0xFB><0xFC><0x01><0x06><0xFD><0x02><0xFC><0x01><0x08> can't gain any more
<0xFC><0x01><0x06><0xFD><0x03><0xFC><0x01><0x08> Effort Values!<0xFB>Choose another stat!","<0x52><0xFC><0x01><0x06><0xFD><0x02><0xFC><0x01><0x08> no puede ganar más
<0xFC><0x01><0x06><0xFD><0x03><0xFC><0x01><0x08>!<0xFB><0x52>Elige otro stat!",79,1,80,pokemon,dialogue,"Huah !<0xFB>{COLOR}É{STR_VAR_1}{COLOR}Ë ne peut plus gagner de
Valeurs d'Effort {COLOR}É{STR_VAR_2}{COLOR}Ë !<0xFB>Choisis une autre stat !",
0x01F96FEA,"Huah!<0xFB><0xFC><0x01><0x06><0xFD><0x02><0xFC><0x01><0x08> can't lose any more
<0xFC><0x01><0x06><0xFD><0x03><0xFC><0x01><0x08> Effort Values!<0xFB>Choose another stat!","<0x52><0xFC><0x01><0x06><0xFD><0x02><0xFC><0x01><0x08> no puede perder más
<0xFC><0x01><0x06><0xFD><0x03><0xFC><0x01><0x08>!<0xFB><0x52>Elige otro stat!",79,2,81,pokemon,dialogue,"Huah !<0xFB>{COLOR}É{STR_VAR_1}{COLOR}Ë ne peut plus perdre de
Valeurs d'Effort {COLOR}É{STR_VAR_2}{COLOR}Ë !<0xFB>Choisis une autre stat !",
0x01F9703A,"Huah!<0xFB>I can pump up <0xFC><0x01><0x06><0xFD><0x02><0xFC><0x01><0x08>'s <0xFC><0x01><0x06><0xFD><0x03><0xFC><0x01><0x08>
stat by <0xFC><0x01><0x06><0xFD><0x04><0xFC><0x01><0x08> points!<0xFB>Should I do it!?","<0x52>Puedo maximizar <0xFC><0x01><0x06><0xFD><0x03><0xFC><0x01><0x08> de <0xFC><0x01><0x06><0xFD><0x02><0xFC><0x01><0x08>
en <0xFC><0x01><0x06><0xFD><0x04><0xFC><0x01><0x08> puntos!<0xFB><0x51>Quieres que lo haga?",81,2,83,pokemon,dialogue,"Hah !<0xFB>Je peux augmenter la stat {COLOR}É{STR_VAR_2}{COLOR}Ë de {COLOR}É{STR_VAR_1}{COLOR}Ë
de {COLOR}É{STR_VAR_3}{COLOR}Ë points !<0xFB>Je le fais ?",
0x01F9708C,"Huah!<0xFB>I can purge <0xFC><0x01><0x06><0xFD><0x02><0xFC><0x01><0x08>'s <0xFC><0x01><0x06><0xFD><0x03><0xFC><0x01><0x08>
stat to <0xFC><0x01><0x06>zero<0xFC><0x01><0x08>!<0xFB>Should I do it!?","<0x52>Puedo purgar <0xFC><0x01><0x06><0xFD><0x03><0xFC><0x01><0x08> de <0xFC><0x01><0x06><0xFD><0x02><0xFC><0x01><0x08>
a <0xFC><0x01><0x06>cero<0xFC><0x01><0x08>!<0xFB><0x51>Quieres que lo haga?",74,2,76,pokemon,dialogue,,
0x01F970D7,"Huah!<0xFB>I pumped up <0xFC><0x01><0x06><0xFD><0x02><0xFC><0x01><0x08>'s <0xFC><0x01><0x06><0xFD><0x03><0xFC><0x01><0x08>
Effort Values to <0xFC><0x01><0x06><0xFD><0x04><0xFC><0x01><0x08> points!<0xFB>You're welcome!","<0x52>He maximizado <0xFC><0x01><0x06><0xFD><0x03><0xFC><0x01><0x08> de <0xFC><0x01><0x06><0xFD><0x02><0xFC><0x01><0x08>
a <0xFC><0x01><0x06><0xFD><0x04><0xFC><0x01><0x08> puntos!<0xFB><0x52>Vuelve cuando quieras!",87,2,89,pokemon,dialogue,"Hah !<0xFB>J'ai augmenté les valeurs d'effort {COLOR}É{STR_VAR_2}{COLOR}Ë de {COLOR}É{STR_VAR_1}{COLOR}Ë
jusqu'à {COLOR}É{STR_VAR_3}{COLOR}Ë points !<0xFB>De rien !",
0x01F970F7,"<0xFD><0x03><0xFC><0x01><0x08>
Effort Values to <0xFC><0x01><0x06><0xFD><0x04><0xFC><0x01><0x08> points!<0xFB>You're welcome!","<0xFC><0x01><0x08>
a <0xFC><0x01><0x06><0xFD><0x04><0xFC><0x01><0x08> puntos!<0xFB><0x52>Vuelve cuando quieras!",55,2,57,pokemon,dialogue,,
0x01F9712F,"Huah!<0xFB>I purged <0xFC><0x01><0x06><0xFD><0x02><0xFC><0x01><0x08>'s <0xFC><0x01><0x06><0xFD><0x03><0xFC><0x01><0x08>
Effort Values to <0xFC><0x01><0x06>zero<0xFC><0x01><0x08>!<0xFB>You're welcome!","<0x52>He purgado <0xFC><0x01><0x06><0xFD><0x03><0xFC><0x01><0x08> de <0xFC><0x01><0x06><0xFD><0x02><0xFC><0x01><0x08>
a <0xFC><0x01><0x06>cero<0xFC><0x01><0x08>!<0xFB><0x52>Vuelve cuando quieras!",79,1,80,pokemon,dialogue,"Hah !<0xFB>J'ai remis les valeurs d'effort {COLOR}É{STR_VAR_2}{COLOR}Ë de {COLOR}É{STR_VAR_1}{COLOR}Ë
à {COLOR}Ézéro{COLOR}Ë !<0xFB>De rien !",
0x01F973F6,"For only <0xFC><0x01><0x06><0xFD><0x02><0xFC><0x01><0x04> BP, I'll teach an
Egg Move to one Pokémon.<0xFB>Let me guess, you want me to teach
a move, right?","Por solo <0xFC><0x01><0x06><0xFD><0x02><0xFC><0x01><0x04>, le enseño un Movimiento
Huevo a un Pokémon.<0xFB>Dime, <0x51>te gustaría?",110,3,113,pokemon,dialogue,"Pour seulement {COLOR}É{STR_VAR_1}{COLOR}Ç BP, j'apprends
une capacité OEuf à un Pokémon.<0xFB>Laisse-moi deviner, tu veux que
j'apprenne une capacité, hein ?",
0x01F973F7,"or only <0xFC><0x01><0x06><0xFD><0x02><0xFC><0x01><0x04> BP, I'll teach an
Egg Move to one Pokémon.<0xFB>Let me guess, you want me to teach
a move, right?","or solo <0xFC><0x01><0x06><0xFD><0x02><0xFC><0x01><0x04>, le enseño un Movimiento
Huevo a un Pokémon.<0xFB>Dime, <0x51>te gustaría?",109,3,112,pokemon,dialogue,,
0x01F974E1,"If your Pokémon need to learn an
Egg Move, I need <0xFC><0x01><0x06><0xFD><0x02><0xFC><0x01><0x04> BP.",<0x52>Vuelve cuando quieras!,62,3,65,pokemon,dialogue,"Si tes Pokémon veulent apprendre
une capacité OEuf, il me faut {COLOR}É{STR_VAR_1}{COLOR}Ç BP.",
0x01F974F7,"o learn an
Egg Move, I need <0xFC><0x01><0x06><0xFD><0x02><0xFC><0x01><0x04> BP.",!,40,3,43,pokemon,dialogue,,
0x01F9757E,"I see""<0xFB>I see your Hidden Power""<0xFB>And it appears changeable""<0xFB>Would you like to change your
Pokémon's <0xFC><0x01><0x06>Hidden Power<0xFC><0x01><0x04>""?<0xFB>It will only cost you <0xFC><0x01><0x06><0xFD><0x02><0xFC><0x01><0x04> BP""
You have <0xFC><0x01><0x06><0xFD><0x03><0xFC><0x01><0x04> BP""","Veo""<0xFB>Veo tu Poder Oculto""
Y parece cambiante""<0xFB><0x51>Te gustaría cambiar tu <0xFC><0x01><0x06>Poder
Oculto<0xFC><0x01><0x04>?<0xFB>Sólo te costará <0xFC><0x01><0x06><0xFD><0x02><0xFC><0x01><0x04> PB.
Actualmente tienes <0xFC><0x01><0x06><0xFD><0x03><0xFC><0x01><0x04> PB.",176,2,178,pokemon,dialogue,"Je vois...<0xFB>Je vois ta Puissance Cachée...<0xFB>Et elle semble modifiable...<0xFB>Veux-tu changer la
{COLOR}ÉPuissance Cachée{COLOR}Ç de ton Pokémon...?<0xFB>Ça ne te coûtera que {COLOR}É{STR_VAR_1}{COLOR}Ç BP...
Tu as {COLOR}É{STR_VAR_2}{COLOR}Ç BP...",
0x01F975B5,"le""<0xFB>Would you like to change your
Pokémon's <0xFC><0x01><0x06>Hidden Power<0xFC><0x01><0x04>""?<0xFB>It will only cost you <0xFC><0x01><0x06><0xFD><0x02><0xFC><0x01><0x04> BP""
You have <0xFC><0x01><0x06><0xFD><0x03><0xFC><0x01><0x04> BP""","ría cambiar tu <0xFC><0x01><0x06>Poder
Oculto<0xFC><0x01><0x04>?<0xFB>Sólo te costará <0xFC><0x01><0x06><0xFD><0x02><0xFC><0x01><0x04> PB.
Actualmente tienes <0xFC><0x01><0x06><0xFD><0x03><0xFC><0x01><0x04> PB.",121,2,123,pokemon,dialogue,,
0x01F975B8,"<0xFB>Would you like to change your
Pokémon's <0xFC><0x01><0x06>Hidden Power<0xFC><0x01><0x04>""?<0xFB>It will only cost you <0xFC><0x01><0x06><0xFD><0x02><0xFC><0x01><0x04> BP""
You have <0xFC><0x01><0x06><0xFD><0x03><0xFC><0x01><0x04> BP"""," cambiar tu <0xFC><0x01><0x06>Poder
Oculto<0xFC><0x01><0x04>?<0xFB>Sólo te costará <0xFC><0x01><0x06><0xFD><0x02><0xFC><0x01><0x04> PB.
Actualmente tienes <0xFC><0x01><0x06><0xFD><0x03><0xFC><0x01><0x04> PB.",118,2,120,pokemon,dialogue,,
0x01F975F0,"<0xFC><0x01><0x04>""?<0xFB>It will only cost you <0xFC><0x01><0x06><0xFD><0x02><0xFC><0x01><0x04> BP""
You have <0xFC><0x01><0x06><0xFD><0x03><0xFC><0x01><0x04> BP"""," PB.
Actualmente tienes <0xFC><0x01><0x06><0xFD><0x03><0xFC><0x01><0x04> PB.",62,2,64,pokemon,dialogue,,
0x01F97681,"<0xFC><0x01><0x06><0xFD><0x02><0xFC><0x01><0x04>'s Hidden Power is
currently the <0xFC><0x01><0x06><0xFD><0x04><0xFC><0x01><0x04>-type""<0xFB>Should I change <0xFC><0x01><0x06><0xFD><0x02><0xFC><0x01><0x04>'s
Hidden Power to <0xFC><0x01><0x06><0xFD><0x03><0xFC><0x01><0x04>""?","El Poder Oculto de <0xFC><0x01><0x06><0xFD><0x02><0xFC><0x01><0x04> es
del tipo <0xFC><0x01><0x06><0xFD><0x04><0xFC><0x01><0x04>""<0xFB><0x51>Quieres cambiar el Poder Oculto
de <0xFC><0x01><0x06><0xFD><0x02><0xFC><0x01><0x04> a <0xFC><0x01><0x06><0xFD><0x03><0xFC><0x01><0x04>""?",109,1,110,pokemon,dialogue,,
0x01F976B5,"pe""<0xFB>Should I change <0xFC><0x01><0x06><0xFD><0x02><0xFC><0x01><0x04>'s
Hidden Power to <0xFC><0x01><0x06><0xFD><0x03><0xFC><0x01><0x04>""?","uieres cambiar el Poder Oculto
de <0xFC><0x01><0x06><0xFD><0x02><0xFC><0x01><0x04> a <0xFC><0x01><0x06><0xFD><0x03><0xFC><0x01><0x04>""?",57,1,58,pokemon,dialogue,,
0x01F976EF,"<0xFC><0x01><0x06><0xFD><0x02><0xFC><0x01><0x04>'s Hidden Power has
been changed to <0xFC><0x01><0x06><0xFD><0x03><0xFC><0x01><0x04>""","El Poder Oculto de <0xFC><0x01><0x06><0xFD><0x02><0xFC><0x01><0x04>
se cambió a <0xFC><0x01><0x06><0xFD><0x03><0xFC><0x01><0x04>""",53,1,54,pokemon,description,,
0x01F97745,"What""<0xFB><0xFC><0x01><0x06><0xFD><0x02><0xFC><0x01><0x04>'s Hidden Power is already
the <0xFC><0x01><0x06><0xFD><0x03><0xFC><0x01><0x04>-type""","<0x51>Qué?<0xFB>El Poder Oculto de <0xFC><0x01><0x06><0xFD><0x02><0xFC><0x01><0x04>
ya es del tipo <0xFC><0x01><0x06><0xFD><0x03><0xFC><0x01><0x04>""",59,2,61,pokemon,description,,
0x01F977F0,"is
currently the <0xFC><0x01><0x06><0xFD><0x04><0xFC><0x01><0x04>-type""","<0xFC><0x01><0x04> actualmente  <0xFC><0x01><0x06><0xFD><0x04><0xFC><0x01><0x04>-type""",31,2,33,pokemon,description,,
0x01F979A5,"n's <0xFC><0x01><0x06>Nature<0xFC><0x01><0x04> changed?<0xFB>It will cost you <0xFC><0x01><0x06><0xFD><0x02><0xFC><0x01><0x04> BP.
You currently have <0xFC><0x01><0x06><0xFD><0x03><0xFC><0x01><0x04> BP.","n Pokémon?<0xFB><0x52>Te costará <0xFC><0x01><0x06><0xFD><0x02><0xFC><0x01><0x04> PB!
<0x52>Actualmente tienes <0xFC><0x01><0x06><0xFD><0x03><0xFC><0x01><0x04> PB!",87,2,89,pokemon,dialogue,,
0x01F979F0,<0xFC><0x01><0x06><0xFD><0x03><0xFC><0x01><0x04> BP.,            ,12,2,14,pokemon,description,,
0x01F97A34,"Which <0xFC><0x01><0x06>Nature<0xFC><0x01><0x04> would you like to give
<0xFD><0x02>?","<0x51>Qué <0xFC><0x01><0x06>Naturaleza<0xFC><0x01><0x04> de <0xFD><0x02>
quieres cambiar?",45,2,47,pokemon,dialogue,"Quelle {COLOR}ÉNature{COLOR}Ç veux-tu donner à
{STR_VAR_1} ?",
0x01F97A47,"would you like to give
<0xFD><0x02>?","<0x01><0x04> de <0xFD><0x02>
quieres cambiar?",26,2,28,pokemon,dialogue,,
0x01F97A97,"Then, let the grand experiment on
<0xFD><0x02> begin!<0xFB>Let me see into your heart""<0xFC><0x08><0x18> ah, this
looks like a painful memory""","Entonces, <0x52>que comience el
experimento sobre <0xFD><0x02>!<0xFB>Déjame ver dentro de tu corazón""
oh, esto parece doloroso""",112,2,114,pokemon,dialogue,"Alors, que la grande expérience sur
{STR_VAR_1} commence !<0xFB>Laisse-moi sonder ton coeur...{PAUSE}ね
Ah... un souvenir douloureux...",
0x01F97B08,"<0xFC><0x01><0x02><0xFD><0x02>'s eyes look blank.<0xFB>It's as if it no longer recognizes
you""","<0xFC><0x01><0x02>Los ojos de <0xFD><0x02> se ven
en blanco.<0xFB>Parece no recordarte""",64,2,66,pokemon,dialogue,"{COLOR}ÁLes yeux de {STR_VAR_1} sont vides.<0xFB>On dirait qu'il ne te reconnaît
plus...",
0x01F97B49,"And we're done!<0xFB>Your <0xFD><0x02>'s heart was rebuilt to
have a more suitable Nature.<0xFB>Fortunately, it seems to remember
nothing about the procedure.","<0x52>Hemos terminado!<0xFB>El corazón de <0xFD><0x02> fue
reconstruido para tener una<0xFA>Naturaleza más adecuada.<0xFB><0xFD><0x02> parece no recordar nada
del procedimiento.",138,2,140,pokemon,dialogue,"Et c'est fini !<0xFB>Le coeur de <0xFD><0x02> a été reconstruit
avec une Nature plus adaptée.<0xFB>Heureusement, il ne semble
rien retenir de la procédure.",
0x01F97C8C,"<0xFC><0x01><0x06><0xFD><0x02><0xFC><0x01><0x04> already has that
Nature""","<0xFC><0x01><0x06><0xFD><0x02><0xFC><0x01><0x04> ya tiene esa Naturaleza""",33,2,35,pokemon,description,"{COLOR}É{STR_VAR_1}{COLOR}Ç a déjà cette
Nature...",
0x01F981E1,"Which Poké Ball should I put
<0xFC><0x01><0x06><0xFD><0x02><0xFC><0x01><0x08> in!?",<0x51>Qué Ball debo poner en <0xFC><0x01><0x06><0xFD><0x02><0xFC><0x01><0x08>?,42,3,45,pokemon,dialogue,"Dans quelle Poké Ball mettre
{COLOR}É{STR_VAR_1}{COLOR}Ë !?",
0x01F9820C,"Am I putting <0xFC><0x01><0x06><0xFD><0x02><0xFC><0x01><0x08> in a
<0xFC><0x01><0x06><0xFD><0x03><0xFC><0x01><0x08>!?","<0x51>Coloco a <0xFC><0x01><0x06><0xFD><0x02><0xFC><0x01><0x08> en una
<0xFC><0x01><0x06><0xFD><0x03><0xFC><0x01><0x08>?",37,2,39,pokemon,dialogue,,
0x01F98232,"Fwip fwoop!
Your <0xFC><0x01><0x06><0xFD><0x02><0xFC><0x01><0x08>'s the scoop!<0xFB>It's got a fancier Ball now!","<0x52>Listo! <0x52><0xFC><0x01><0x06><0xFD><0x02><0xFC><0x01><0x08> ha sido
colocado
en otra Ball diferente!",67,1,68,pokemon,dialogue,"Fwip fwoop !
{COLOR}É{STR_VAR_1}{COLOR}Ë est au top !<0xFB>Il a maintenant une Ball plus chic !",
0x01F98284,"No, no!
<0xFC><0x01><0x06><0xFD><0x02><0xFC><0x01><0x08> is already in that ball!","<0x52><0xFC><0x01><0x06><0xFD><0x02><0xFC><0x01><0x08> ya fue colocado en
otra Ball!",41,2,43,pokemon,dialogue,"Non, non !
{COLOR}É{STR_VAR_1}{COLOR}Ë est déjà dans cette Ball !",
0x01F98307,"No, no!<0xFB>You don't have the <0xFD><0x02>
I want!<0xFB>Go buy some in the Battle Frontier
or something!","<0x52>No tienes suficientes <0xFD><0x02>!<0xFB><0x52>Ve a comprar algunos en la Batalla
Frontera o algo así!",86,2,88,pokemon,dialogue,"Non, non !<0xFB>Tu n'as pas les <0xFD><0x02>
que je veux !<0xFB>Va en acheter au Battle Frontier
ou ailleurs !",
0x01F987F0,"you can win a total of <0xFC><0x01><0x06><0xFD><0x02><0xFC><0x01><0x04>
battles today in the <0xFC><0x01><0x06>Battle<0xFA>Tower<0xFC><0x01><0x04>, <0xFC><0x01><0x06>Battle Mine<0xFC><0x01><0x04>, and <0xFC><0x01><0x06>Battle<0xFA>Circus<0xFC><0x01><0x04> combined, I'll grant you<0xFA>BP for your hard work.","oy
en <0xFC><0x01><0x06>Torre Batalla<0xFC><0x01><0x04>, <0xFC><0x01><0x06>Mina Batalla<0xFC><0x01><0x04> y<0xFA>en <0xFC><0x01><0x06>Circo Batalla<0xFC><0x01><0x04> combinados, te<0xFA>concederé PB por tu arduo trabajo.",163,3,166,pokemon,dialogue,,
0x01F98894,"So far, it seems you've won <0xFC><0x01><0x06><0xFD><0x03><0xFC><0x01><0x04>
battle<0xFD><0x07> today.<0xFB>Keep it up!<0xFB>You only have <0xFC><0x01><0x06><0xFD><0x04><0xFC><0x01><0x04> more battle<0xFD><0x08>
to go!","Hasta ahorita has ganado <0xFC><0x01><0x06><0xFD><0x03><0xFC><0x01><0x04> batallas.<0xFB><0x52>Sigue así!<0xFB>Sólo te quedan <0xFC><0x01><0x06><0xFD><0x04><0xFC><0x01><0x04> batallas por
ganar.",108,3,111,pokemon,dialogue,"Pour l'instant, tu as gagné {COLOR}É{STR_VAR_2}{COLOR}Ç
combat{VERSION} aujourd'hui.<0xFB>Continue !<0xFB>Il te reste {COLOR}É{STR_VAR_3}{COLOR}Ç combat{EVIL_TEAM}
à faire !",
0x01F98901,"Ooh, I see you have won <0xFC><0x01><0x06><0xFD><0x03><0xFC><0x01><0x04>
battle<0xFD><0x07> today.<0xFB>Please, accept this BP for your
efforts!","Oh, veo que has ganado <0xFC><0x01><0x06><0xFD><0x03><0xFC><0x01><0x04> batallas
hoy.<0xFB><0x52>Toma estos PB por todo el esfuerzo!",89,2,91,pokemon,dialogue,"Oh, je vois que tu as gagné
{COLOR}É{STR_VAR_2}{COLOR}Ç combat{VERSION} aujourd'hui.<0xFB>Prends ces PB pour tes
efforts !",
0x01F991CF,"Young <0xFD><0x02>.<0xFB>I would like to offer to teach your
Pokémon Ultimate and Battle Combo<0xFA>moves in exchange for BP.","<0x51>Quieres que le enseñe un movimiento
a un Pokémon a cambio de PB?",105,1,106,pokemon,dialogue,"Jeune <0xFD><0x02>.<0xFB>Je peux apprendre à tes Pokémon les
cap. Ultimes et Combo<0xFA>en échange de PB.",
0x01F9941A,"Which prize would you like?
You currently have <0xFC><0x01><0x06><0xFD><0x02><0xFD><0x03>","<0x51>Qué premio te gustaría?
Actualmente tienes <0xFC><0x01><0x06><0xFD><0x02><0xFD><0x03>",54,2,56,pokemon,dialogue,"Quel prix veux-tu ?
Tu as actuellement {COLOR}É{STR_VAR_1}{STR_VAR_2}",
0x01F99437,ou currently have <0xFC><0x01><0x06><0xFD><0x02><0xFD><0x03>,almente tienes <0xFC><0x01><0x06><0xFD><0x02><0xFD><0x03>,25,2,27,pokemon,description,,
0x01F994C1,"Which move should I teach?
You currently have <0xFC><0x01><0x06><0xFD><0x02><0xFD><0x03>","<0x51>Qué movimiento debo enseñar?
<0x52>Tienes <0xFC><0x01><0x06><0xFD><0x02><0xFC><0x01><0x08> PB!",53,2,55,pokemon,dialogue,"Quelle capacité dois-je enseigner ?
Tu as actuellement {COLOR}É{STR_VAR_1}{STR_VAR_2}",
0x01F9952A,"<0xFC><0x01><0x06><0xFD><0x0C><0xFD><0x07>?
How many would you like?","<0x51>Cuántas <0xFC><0x01><0x06><0xFD><0x0C><0xFD><0x07> te
gustaría?",33,1,34,pokemon,dialogue,"{COLOR}É{EVIL_LEGENDARY}{VERSION} ?
Combien en veux-tu ?",
0x01F99574,"<0xFC><0x01><0x06><0xFD><0x02><0xFD><0x07> of <0xFC><0x01><0x06><0xFD><0x0C><0xFD><0x07>,
that will be <0xFC><0x01><0x06><0xFD><0x03><0xFD><0x07> BP. Okay?","<0x51>Quieres cambiar <0xFC><0x01><0x06><0xFD><0x02><0xFD><0x07> <0xFC><0x01><0x06><0xFD><0x0C><0xFD><0x07> por
<0xFC><0x01><0x06><0xFD><0x03><0xFD><0x07> PB?",50,2,52,pokemon,dialogue,,
0x01F9957A,"<0x07> of <0xFC><0x01><0x06><0xFD><0x0C><0xFD><0x07>,
that will be <0xFC><0x01><0x06><0xFD><0x03><0xFD><0x07> BP. Okay?","es cambiar <0xFC><0x01><0x06><0xFD><0x02><0xFD><0x07> <0xFC><0x01><0x06><0xFD><0x0C><0xFD><0x07> por
<0xFC><0x01><0x06><0xFD><0x03><0xFD><0x07> PB?",44,2,46,pokemon,dialogue,,
0x01F995D1,"<0xFC><0x01><0x06><0xFD><0x02><0xFD><0x07>? Which Pokémon
should I teach it to?","<0x51>A cuál Pokémon debería enseñarle
<0xFC><0x01><0x06><0xFD><0x02><0xFD><0x07>?",44,3,47,pokemon,dialogue,"{COLOR}É{STR_VAR_1}{VERSION} ? À quel Pokémon
l'enseigner ?",
0x01F9BA0E,"Your <0xFC><0x01><0x06><0xFD><0x02><0xFC><0x01><0x08> streak stands at
<0xFC><0x01><0x06><0xFD><0x03><0xFC><0x01><0x08> win<0xFD><0x04>.<0xFB>The last team used in this streak
was comprised of <0xFC><0x01><0x06><0xFD><0x07><0xFC><0x01><0x08>,<0xFA><0xFC><0x01><0x06><0xFD><0x08><0xFC><0x01><0x08>, and <0xFC><0x01><0x06><0xFD><0x09><0xFC><0x01><0x08>.","Tu racha <0xFD><0x02> es de <0xFC><0x01><0x06><0xFD><0x03><0xFC><0x01><0x08> ganadas.<0xFB>El último equipo usado en esta racha
estuvo formado por <0xFC><0x01><0x06><0xFD><0x07><0xFC><0x01><0x08>,<0xFA><0xFC><0x01><0x06><0xFD><0x08><0xFC><0x01><0x08> y <0xFC><0x01><0x06><0xFD><0x09><0xFC><0x01><0x08>.",131,2,133,pokemon,dialogue,,
0x01F9BB19,"Next, you will face <0xFC><0x01><0x06><0xFD><0x02><0xFC><0x01><0x08>,
<0xFC><0x01><0x06><0xFD><0x03><0xFC><0x01><0x08>, or <0xFC><0x01><0x06><0xFD><0x04><0xFC><0x01><0x08>.","Ahora lucharás contra <0xFC><0x01><0x06><0xFD><0x02><0xFC><0x01><0x08>,
<0xFC><0x01><0x06><0xFD><0x03><0xFC><0x01><0x08> y <0xFC><0x01><0x06><0xFD><0x04><0xFC><0x01><0x08>.",52,2,54,pokemon,dialogue,,
0x01F9BB98,"<0xFC><0x01><0x06><0xFD><0x07><0xFC><0x01><0x08>-type moves may not be
used.<0xFB>Please choose the Pokémon to
battle with.","El tipo <0xFC><0x01><0x06><0xFD><0x07><0xFC><0x01><0x08> no se puede
usar.<0xFB>Elige el Pokémon con el que luchar.",78,1,79,pokemon,description,"Les capacités de type
{COLOR}É{VERSION}{COLOR}Ë ne peuvent<0xFB>pas être utilisées. Merci de choisir
le Pokémon avec lequel combattre.",
0x01F9BBE7,"<0xFC><0x01><0x06><0xFD><0x07><0xFC><0x01><0x08>- and <0xFC><0x01><0x06><0xFD><0x08><0xFC><0x01><0x08>-type moves
may not be used.<0xFB>Please choose the Pokémon to
battle with.","El tipo <0xFC><0x01><0x06><0xFD><0x07><0xFC><0x01><0x08> y <0xFC><0x01><0x06><0xFD><0x08><0xFC><0x01><0x08> no se
pueden usar.<0xFB>Elige el Pokémon con el que luchar.",92,1,93,pokemon,description,"Les capacités de type
{COLOR}É{VERSION}{COLOR}Ë et<0xFB>{COLOR}É{EVIL_TEAM}{COLOR}Ë ne
peuvent pas être utilisées. Merci de",
0x01F9BC44,"<0xFC><0x01><0x06><0xFD><0x07><0xFC><0x01><0x08>-, <0xFC><0x01><0x06><0xFD><0x08><0xFC><0x01><0x08>-, and <0xFC><0x01><0x06><0xFD><0x09><0xFC><0x01><0x08>-
type moves may not be used.<0xFB>Please choose the Pokémon to
battle with.","El tipo <0xFC><0x01><0x06><0xFD><0x07><0xFC><0x01><0x08>, <0xFC><0x01><0x06><0xFD><0x08><0xFC><0x01><0x08> y <0xFC><0x01><0x06><0xFD><0x09><0xFC><0x01><0x08>
no se pueden usar.<0xFB>Elige el Pokémon con el que luchar.",105,1,106,pokemon,description,"Les capacités de type
{COLOR}É{VERSION}{COLOR}Ë,<0xFB>{COLOR}É{EVIL_TEAM}{COLOR}Ë et
{COLOR}É{GOOD_TEAM}{COLOR}Ë ne",
0x01F9BCAE,"<0xFC><0x01><0x06><0xFD><0x07><0xFC><0x01><0x08>- and <0xFC><0x01><0x06><0xFD><0x08><0xFC><0x01><0x08>-type moves
may not be used.<0xFB>Please choose the Pokémon to
battle with.","El tipo <0xFC><0x01><0x06><0xFD><0x07><0xFC><0x01><0x08> y <0xFC><0x01><0x06><0xFD><0x08><0xFC><0x01><0x08> no
se pueden usar.<0xFB>Elige el Pokémon con el que luchar.",92,1,93,pokemon,description,"Les capacités de type
{COLOR}É{VERSION}{COLOR}Ë et<0xFB>{COLOR}É{EVIL_TEAM}{COLOR}Ë ne
peuvent pas être utilisées. Merci de",
0x01F9BD0B,"<0xFC><0x01><0x06><0xFD><0x07><0xFC><0x01><0x08>-, <0xFC><0x01><0x06><0xFD><0x08><0xFC><0x01><0x08>-, and <0xFC><0x01><0x06><0xFD><0x09><0xFC><0x01><0x08>-
type moves may not be used.<0xFB>Please choose the Pokémon to
battle with.","El tipo <0xFC><0x01><0x06><0xFD><0x07><0xFC><0x01><0x08>, <0xFC><0x01><0x06><0xFD><0x08><0xFC><0x01><0x08> y <0xFC><0x01><0x06><0xFD><0x09><0xFC><0x01><0x08> no
se pueden usar.<0xFB>Elige el Pokémon con el que luchar.",105,2,107,pokemon,description,"Les capacités de type
{COLOR}É{VERSION}{COLOR}Ë,<0xFB>{COLOR}É{EVIL_TEAM}{COLOR}Ë et
{COLOR}É{GOOD_TEAM}{COLOR}Ë ne",
0x01F9C37C,"nd
reach for the top, <0xFD><0x01>!<0xFB>Once I know ya got <0xFC><0x01><0x06>99 wins in a
row<0xFC><0x01><0x08>, well then""<0xFB>Ha ha ha ha!
Well, you're just gonna hafta see.<0xFB>Catch ya later"" <0xFD><0x01>.","lucha y
alcanza la cima!<0xFB>Una vez que sepa que tienes <0xFC><0x01><0x06>99<0xFC><0x01><0x08>
victorias""<0xFB><0x52>Ja, ja, ja! Bueno, tendrás que
verlo.<0xFB>Nos vemos luego, <0xFD><0x01>""",147,2,149,pokemon,dialogue,,
0x01F9C3BC,"<0xFC><0x01><0x08>, well then""<0xFB>Ha ha ha ha!
Well, you're just gonna hafta see.<0xFB>Catch ya later"" <0xFD><0x01>.","ctorias""<0xFB><0x52>Ja, ja, ja! Bueno, tendrás que
verlo.<0xFB>Nos vemos luego, <0xFD><0x01>""",83,2,85,pokemon,dialogue,,
0x01F9C8B7,"Oh heavens""<0xFB>My daughter, I can't find her!<0xFB>We were on holiday at the <0xFC><0x01><0x06>beach<0xFC><0x01><0x04>
when all of a sudden, she vanished!<0xFB>Please, <0xFD><0x02>, search for her!","Oh, cielos""
Mi hija, no la encuentro""<0xFB>Estábamos de vacaciones en la <0xFC><0x01><0x06>playa<0xFC><0x01><0x04>,
cuando de repente, <0x52>desapareció!<0xFB><0x52>Por favor, encuéntrala!",144,2,146,pokemon,dialogue,"Oh mon dieu... Ma fille, je ne la<0xFB>trouve nulle part ! Nous étions en<0xFB>vacances à la {COLOR}Éplage{COLOR}Ç
quand tout à coup, elle a disparu !<0xFB>S'il te plaît, {STR_VAR_1},",
0x01F9C8F7," the <0xFC><0x01><0x06>beach<0xFC><0x01><0x04>
when all of a sudden, she vanished!<0xFB>Please, <0xFD><0x02>, search for her!"," la <0xFC><0x01><0x06>playa<0xFC><0x01><0x04>,
cuando de repente, <0x52>desapareció!<0xFB><0x52>Por favor, encuéntrala!",80,2,82,pokemon,dialogue,,
0x01F9C948,"Thank you, <0xFD><0x02>!<0xFB>As appearances go, she resembles
any ordinary <0xFC><0x01><0x06>female Tuber<0xFC><0x01><0x04>.","<0x52>Muchas gracias!<0xFB>Según las apariencias, se parece
a cualquier <0xFC><0x01><0x06>Nadadora<0xFC><0x01><0x04>.",80,2,82,pokemon,dialogue,"Merci, {STR_VAR_1} ! En<0xFB>apparence, elle ressemble à une
{COLOR}ÉBaigneuse{COLOR}Ç ordinaire.",
0x01F9CD8C,"We forgot to give a gift to the
<0xFD><0x02> who helped me!","<0x52>Se nos olvidó darle un regalo por
ayudarme!",49,3,52,pokemon,dialogue,"On a oublié d'offrir un
cadeau à la personne qui m'a aidée !",
0x01F9D20A,<0xFC><0x01><0x02><0xFD><0x01> decided to go with Willy!,<0xFC><0x01><0x02>Has decidido ir con Willy.,31,2,33,pokemon,dialogue,{COLOR}Á{PLAYER} a décidé d'escorter,
0x01F9DBBE,"This kid, <0xFD><0x01>'s got guts!","<0x52><0xFD><0x01>, tiene más agallas!",24,3,27,pokemon,dialogue,"Ce gosse, <0xFD><0x01>, a du cran !",
0x01F9DBBF,"his kid, <0xFD><0x01>'s got guts!","<0xFD><0x01>, tiene más agallas!",23,3,26,pokemon,dialogue,,
0x01F9DD7E,"I thought about makin' you one of
us too, but I can't have someone<0xFA>who's so weak in my squad!<0xFB>Instead, I've decided to let <0xFD><0x01>
join our ranks.","Pensé en convertirte en uno de
nosotros también, <0x52>pero no tendré<0xFA>a alguien tan débil en mi equipo!<0xFB>En cambio, decidí que <0xFD><0x01>
se una al equipo.",141,2,143,pokemon,dialogue,"J'ai pensé à faire de toi l'un des
nôtres aussi, mais je peux pas avoir<0xFA>quelqu'un d'aussi faible dans mon<0xFB>équipe ! À la place, j'ai décidé de
laisser <0xFD><0x01> rejoindre nos",
0x01F9DDD7,"uad!<0xFB>Instead, I've decided to let <0xFD><0x01>
join our ranks.","i equipo!<0xFB>En cambio, decidí que <0xFD><0x01>
se una al equipo.",52,2,54,pokemon,dialogue,,
0x01F9E5C7,"<0xFD><0x01>!<0xFB>You made it!
Welcome to the Black <0xFD><0x01> HQ!","<0x52><0xFD><0x01>!<0xFB><0x52>Esta es la Sede de los Emboar
Negros!",44,3,47,pokemon,dialogue,"<0xFD><0x01> ! Te voilà !<0xFB>Bienvenue au QG du Black
<0xFD><0x01> !",
0x01F9E5CE," made it!
Welcome to the Black <0xFD><0x01> HQ!","sta es la Sede de los Emboar
Negros!",37,3,40,pokemon,dialogue,,
0x01F9E5E1,o the Black <0xFD><0x01> HQ!,"os Emboar
Negros!",18,3,21,pokemon,dialogue,,
0x01F9E6D3,"in' up with a foolproof
strategy for our attack, so in the<0xFA>meantime, why don't you help your<0xFA>fellow Black <0xFD><0x01> out?","ndo una estrategia infalible
para nuestro ataque, así que<0xFA>mientras tanto, <0x51>por qué no ayudas<0xFA>a tus colegas?",113,2,115,pokemon,dialogue,,
0x01F9E6D9," with a foolproof
strategy for our attack, so in the<0xFA>meantime, why don't you help your<0xFA>fellow Black <0xFD><0x01> out?","a estrategia infalible
para nuestro ataque, así que<0xFA>mientras tanto, <0x51>por qué no ayudas<0xFA>a tus colegas?",107,2,109,pokemon,dialogue,,
0x01F9E6DE," a foolproof
strategy for our attack, so in the<0xFA>meantime, why don't you help your<0xFA>fellow Black <0xFD><0x01> out?","rategia infalible
para nuestro ataque, así que<0xFA>mientras tanto, <0x51>por qué no ayudas<0xFA>a tus colegas?",102,2,104,pokemon,dialogue,,
0x01F9E6DF,"a foolproof
strategy for our attack, so in the<0xFA>meantime, why don't you help your<0xFA>fellow Black <0xFD><0x01> out?","ategia infalible
para nuestro ataque, así que<0xFA>mientras tanto, <0x51>por qué no ayudas<0xFA>a tus colegas?",101,2,103,pokemon,dialogue,,
0x01F9E6E9,"f
strategy for our attack, so in the<0xFA>meantime, why don't you help your<0xFA>fellow Black <0xFD><0x01> out?","alible
para nuestro ataque, así que<0xFA>mientras tanto, <0x51>por qué no ayudas<0xFA>a tus colegas?",91,2,93,pokemon,dialogue,,
0x01F9E6F0,"egy for our attack, so in the<0xFA>meantime, why don't you help your<0xFA>fellow Black <0xFD><0x01> out?","para nuestro ataque, así que<0xFA>mientras tanto, <0x51>por qué no ayudas<0xFA>a tus colegas?",84,2,86,pokemon,dialogue,,
0x01F9E6F8,"our attack, so in the<0xFA>meantime, why don't you help your<0xFA>fellow Black <0xFD><0x01> out?","stro ataque, así que<0xFA>mientras tanto, <0x51>por qué no ayudas<0xFA>a tus colegas?",76,2,78,pokemon,dialogue,,
0x01F9E708,"n the<0xFA>meantime, why don't you help your<0xFA>fellow Black <0xFD><0x01> out?"," que<0xFA>mientras tanto, <0x51>por qué no ayudas<0xFA>a tus colegas?",60,2,62,pokemon,dialogue,,
0x01F9E852,"I'm busy comin' up with a foolproof
strategy for our attack against the<0xFA>Black Ferrothorns.<0xFB>In the meantime, why don't you
help your fellow Black <0xFD><0x01><0xFA>out?","Estoy ideando una estrategia
infalible para nuestro ataque<0xFA>contra los Ferrothorn Negros.<0xFB>Mientras tanto, <0x51>por qué no ayudas
a los demás <0xFD><0x01> Negros?",152,2,154,pokemon,dialogue,"Je suis occupé à élaborer une
stratégie en béton pour notre<0xFA>attaque contre les Black<0xFB>Ferrothorns. En attendant,
pourquoi n'aiderais-tu pas<0xFA>tes camarades du Black <0xFD><0x01> ?",
0x01F9E8C5,"'t you
help your fellow Black <0xFD><0x01><0xFA>out?","o ayudas
a los demás <0xFD><0x01> Negros?",37,2,39,pokemon,dialogue,,
0x01F9E8CD,elp your fellow Black <0xFD><0x01><0xFA>out?,"
a los demás <0xFD><0x01> Negros?",29,2,31,pokemon,dialogue,,
0x01F9E8CF,p your fellow Black <0xFD><0x01><0xFA>out?, los demás <0xFD><0x01> Negros?,27,2,29,pokemon,dialogue,,
0x01F9E8D5, fellow Black <0xFD><0x01><0xFA>out?,emás <0xFD><0x01> Negros?,21,2,23,pokemon,dialogue,,
0x01F9E8DA,ow Black <0xFD><0x01><0xFA>out?,<0xFD><0x01> Negros?,16,2,18,pokemon,dialogue,,
0x01F9E8DC, Black <0xFD><0x01><0xFA>out?, Negros?,14,2,16,pokemon,dialogue,,
0x01F9E8DD,Black <0xFD><0x01><0xFA>out?,Negros?,13,2,15,pokemon,dialogue,,
0x01F9E8E0,ck <0xFD><0x01><0xFA>out?,ros?,10,2,12,pokemon,dialogue,,
0x01F9EAF1,"Someone's havin' toilet troubles!
Help your fellow Black <0xFD><0x01> by
retrievin' his socks from the sewer.","<0x52>Problemas en el baño! Ayuda a tu
colega a recuperar sus calcetines
favoritos de la alcantarilla.",99,3,102,pokemon,dialogue,"Quelqu'un a des soucis de toilettes
! Aide ton camarade du Black
<0xFD><0x01> en récupérant ses",
0x01F9EAF7,"e's havin' toilet troubles!
Help your fellow Black <0xFD><0x01> by
retrievin' his socks from the sewer.","emas en el baño! Ayuda a tu
colega a recuperar sus calcetines
favoritos de la alcantarilla.",93,3,96,pokemon,dialogue,,
0x01F9ED0F,"Thanks, <0xFD><0x01>.
I knew I could count on you.<0xFB>You can use the staircase that leads
down in the corner, or you can just<0xFA>use the main entrance outside.","Gracias, <0xFD><0x01>.
Sabía que podía contar contigo.<0xFB>Puedes usar la escalera que conduce
hacia las alcantarillas, de seguro<0xFA>podrás encontrarlos allí.",144,2,146,pokemon,dialogue,"Merci, <0xFD><0x01>. Je savais que je
pouvais compter sur toi. Tu peux<0xFB>utiliser l'escalier qui mène en bas
dans le coin, ou tu peux simplement<0xFA>utiliser l'entrée principale dehors.",
0x01F9EFAE,"I don't blame you, <0xFD><0x01>.
No hard feelin's.<0xFB>I'll just have to live without
my favourite pair of socks from<0xFA>now on""<0xFB>Sniff""","No te culpo, <0xFD><0x01>.
No hay resentimientos.<0xFB>A partir de ahora tendré que vivir
sin mi par de calcetines favoritos""",118,4,122,pokemon,dialogue,"Je ne t'en veux pas,
<0xFD><0x01>. Pas de rancune.<0xFB>Je vais juste devoir
vivre sans ma paire de<0xFA>chaussettes préférée à<0xFB>partir de maintenant... Snif...",
0x01F9F08F,"The Black Ferrothorn are a menace!
Knock around some of their goons to
expand the Black <0xFD><0x01>'s turf.","<0x52>Los Ferrothorn Negros! Derrota a
sus miembros para expandir el
territorio de los <0xFD><0x01> Negros.",98,3,101,pokemon,dialogue,"Les Black Ferrothorn menacent !
Secoue quelques sbires à eux
pour la bande du Black <0xFD><0x01>.",
0x01F9F0E1,Black <0xFD><0x01>'s turf.,<0xFD><0x01> Negros.,16,3,19,pokemon,location,,
0x01F9F0E7,<0xFD><0x01>'s turf.,ros.,10,3,13,pokemon,other,,
0x01F9F0F2,"Hey, <0xFD><0x01>, you wanna help out
with a little problem I'm havin'<0xFA>with them Black Ferrothorn?","Oye, <0xFD><0x01>.
<0x51>Quieres ayudarme con un problema<0xFA>que tengo con los Ferrothorn Negros?",88,2,90,pokemon,dialogue,"Hey, <0xFD><0x01>, tu veux aider
avec un petit problème que<0xFA>j'ai avec ces Black Ferrothorn ?",
0x01F9F2A0,"You're gutsy, <0xFD><0x01>.<0xFB>I'll take you to 'em now.<0xFB>Hope you're ready!","Así se habla, <0xFD><0x01>.
Te llevaré con ellos ahora mismo.",62,1,63,pokemon,dialogue,"T'as du cran, <0xFD><0x01>. Je<0xFB>vais t'emmener les voir tout<0xFB>de suite. J'espère que tu es prêt !",
0x01F9F553,"Those goons'll be leavin' that
bridge alone for a while now.<0xFB>Thanks, <0xFD><0x01>.","<0x52>Gracias, <0xFD><0x01>!<0xFB>Por fin me dejarán en paz esos
Ferrothorn Negros.",72,2,74,pokemon,description,"Ces sbires vont laisser
ce pont tranquille<0xFB>pendant un moment. Merci, <0xFD><0x01>.",
0x01F9F657,"Oh, I aint gonna be doin' any
fightin'.<0xFB>My pal, <0xFD><0x01>, here, is gonna
destroy youse guys for me!","Oh, yo no lucharé esta vez.<0xFB><0x52>Mi colega, <0xFD><0x01>, los
destruirá por mí!",93,3,96,pokemon,dialogue,"Oh, je vais pas me
battre. Mon pote<0xFB><0xFD><0x01> va vous démolir
à ma place !",
0x01F9F6B5,"Is that so?<0xFB>Well, then we're just gonna have to
pummel <0xFD><0x02> into the ground!","<0x51>Enserio?<0xFB>Bueno, <0x52>entonces tendremos que
golpear a <0xFD><0x01> contra el<0xFA>suelo!",74,2,76,pokemon,dialogue,"Ah oui ? Eh bien on va<0xFB>devoir écraser
<0xFD><0x02> ensemble !",
0x01F9F6EA,l <0xFD><0x02> into the ground!, contra el<0xFA>suelo!,21,2,23,pokemon,dialogue,,
0x01F9F700,"Chad! Gimme your Pokémon!<0xFB>I'm gonna take <0xFD><0x02> down with our
combined might!","<0x52>Chad! <0x52>Dame tus Pokémon!
<0x52>Yo me pienso encargar de <0xFD><0x01>!",73,3,76,pokemon,dialogue,"Chad ! Passe-moi tes Pokémon<0xFB>! Je vais mettre <0xFD><0x02>
à terre avec notre force combinée !",
0x01F9F701,"had! Gimme your Pokémon!<0xFB>I'm gonna take <0xFD><0x02> down with our
combined might!","Chad! <0x52>Dame tus Pokémon!
<0x52>Yo me pienso encargar de <0xFD><0x01>!",72,3,75,pokemon,dialogue,,
0x01F9F702,"ad! Gimme your Pokémon!<0xFB>I'm gonna take <0xFD><0x02> down with our
combined might!","had! <0x52>Dame tus Pokémon!
<0x52>Yo me pienso encargar de <0xFD><0x01>!",71,3,74,pokemon,dialogue,,
0x01F9F703,"d! Gimme your Pokémon!<0xFB>I'm gonna take <0xFD><0x02> down with our
combined might!","ad! <0x52>Dame tus Pokémon!
<0x52>Yo me pienso encargar de <0xFD><0x01>!",70,3,73,pokemon,dialogue,,
0x01F9F704,"! Gimme your Pokémon!<0xFB>I'm gonna take <0xFD><0x02> down with our
combined might!","d! <0x52>Dame tus Pokémon!
<0x52>Yo me pienso encargar de <0xFD><0x01>!",69,3,72,pokemon,dialogue,,
0x01F9F706,"Gimme your Pokémon!<0xFB>I'm gonna take <0xFD><0x02> down with our
combined might!"," <0x52>Dame tus Pokémon!
<0x52>Yo me pienso encargar de <0xFD><0x01>!",67,3,70,pokemon,dialogue,,
0x01F9F70A,"e your Pokémon!<0xFB>I'm gonna take <0xFD><0x02> down with our
combined might!","me tus Pokémon!
<0x52>Yo me pienso encargar de <0xFD><0x01>!",63,3,66,pokemon,dialogue,,
0x01F9F70C,"your Pokémon!<0xFB>I'm gonna take <0xFD><0x02> down with our
combined might!"," tus Pokémon!
<0x52>Yo me pienso encargar de <0xFD><0x01>!",61,3,64,pokemon,dialogue,,
0x01F9F712,"okémon!<0xFB>I'm gonna take <0xFD><0x02> down with our
combined might!","okémon!
<0x52>Yo me pienso encargar de <0xFD><0x01>!",55,3,58,pokemon,dialogue,,
0x01F9F9D4,"Now you see who's the real toughest
gang around here!<0xFB>Your hides aren't thick, they're as
soft as a Smoochum!<0xFB>Now, get out of here before I sic
<0xFD><0x01> on you, again!","<0x52>Ahora ya saben quiénes mandan
aquí!<0xFB><0x52>Sus pieles no son gruesas, son tan
suaves como un Smoochum!<0xFB><0x52>Ahora, salgan de aquí antes de que
<0xFD><0x01> los ataque de nuevo!",161,2,163,pokemon,dialogue,"Maintenant tu vois qui est le vrai
gang le plus solide ici ! Vos peaux<0xFB>ne sont pas épaisses, elles sont
aussi molles qu'un Lippouti !<0xFB>Maintenant, dégagez d'ici avant que
je lance <0xFD><0x01> sur vous encore",
0x01F9F9EA,"real toughest
gang around here!<0xFB>Your hides aren't thick, they're as
soft as a Smoochum!<0xFB>Now, get out of here before I sic
<0xFD><0x01> on you, again!","s mandan
aquí!<0xFB><0x52>Sus pieles no son gruesas, son tan
suaves como un Smoochum!<0xFB><0x52>Ahora, salgan de aquí antes de que
<0xFD><0x01> los ataque de nuevo!",139,2,141,pokemon,dialogue,,
0x01F9F9EF,"toughest
gang around here!<0xFB>Your hides aren't thick, they're as
soft as a Smoochum!<0xFB>Now, get out of here before I sic
<0xFD><0x01> on you, again!","dan
aquí!<0xFB><0x52>Sus pieles no son gruesas, son tan
suaves como un Smoochum!<0xFB><0x52>Ahora, salgan de aquí antes de que
<0xFD><0x01> los ataque de nuevo!",134,2,136,pokemon,dialogue,,
0x01F9F9F7,"
gang around here!<0xFB>Your hides aren't thick, they're as
soft as a Smoochum!<0xFB>Now, get out of here before I sic
<0xFD><0x01> on you, again!","!<0xFB><0x52>Sus pieles no son gruesas, son tan
suaves como un Smoochum!<0xFB><0x52>Ahora, salgan de aquí antes de que
<0xFD><0x01> los ataque de nuevo!",126,2,128,pokemon,dialogue,,
0x01F9F9F8,"gang around here!<0xFB>Your hides aren't thick, they're as
soft as a Smoochum!<0xFB>Now, get out of here before I sic
<0xFD><0x01> on you, again!","<0xFB><0x52>Sus pieles no son gruesas, son tan
suaves como un Smoochum!<0xFB><0x52>Ahora, salgan de aquí antes de que
<0xFD><0x01> los ataque de nuevo!",125,2,127,pokemon,dialogue,,
0x01F9FA00,"und here!<0xFB>Your hides aren't thick, they're as
soft as a Smoochum!<0xFB>Now, get out of here before I sic
<0xFD><0x01> on you, again!","eles no son gruesas, son tan
suaves como un Smoochum!<0xFB><0x52>Ahora, salgan de aquí antes de que
<0xFD><0x01> los ataque de nuevo!",117,2,119,pokemon,dialogue,,
0x01F9FA01,"nd here!<0xFB>Your hides aren't thick, they're as
soft as a Smoochum!<0xFB>Now, get out of here before I sic
<0xFD><0x01> on you, again!","les no son gruesas, son tan
suaves como un Smoochum!<0xFB><0x52>Ahora, salgan de aquí antes de que
<0xFD><0x01> los ataque de nuevo!",116,2,118,pokemon,dialogue,,
0x01F9FA03," here!<0xFB>Your hides aren't thick, they're as
soft as a Smoochum!<0xFB>Now, get out of here before I sic
<0xFD><0x01> on you, again!","s no son gruesas, son tan
suaves como un Smoochum!<0xFB><0x52>Ahora, salgan de aquí antes de que
<0xFD><0x01> los ataque de nuevo!",114,2,116,pokemon,dialogue,,
0x01F9FA04,"here!<0xFB>Your hides aren't thick, they're as
soft as a Smoochum!<0xFB>Now, get out of here before I sic
<0xFD><0x01> on you, again!"," no son gruesas, son tan
suaves como un Smoochum!<0xFB><0x52>Ahora, salgan de aquí antes de que
<0xFD><0x01> los ataque de nuevo!",113,2,115,pokemon,dialogue,,
0x01F9FA06,"re!<0xFB>Your hides aren't thick, they're as
soft as a Smoochum!<0xFB>Now, get out of here before I sic
<0xFD><0x01> on you, again!","o son gruesas, son tan
suaves como un Smoochum!<0xFB><0x52>Ahora, salgan de aquí antes de que
<0xFD><0x01> los ataque de nuevo!",111,2,113,pokemon,dialogue,,
0x01F9FBCD,"It pays to look innocent. Help a
fellow Black <0xFD><0x01> smuggle some
goods off the port after 8 PM.","Ayuda a tu colega a sacar del
puerto unas mercancías entre
las 8:00 Pm y 12:00 Am.",92,3,95,pokemon,description,"Faire l'innocent, ça rapporte. Aide
un camarade du Black <0xFD><0x01> à
faire passer de la marchandise hors",
0x01F9FBF3,"w Black <0xFD><0x01> smuggle some
goods off the port after 8 PM.","nas mercancías entre
las 8:00 Pm y 12:00 Am.",54,3,57,pokemon,description,,
0x01F9FBF6,"lack <0xFD><0x01> smuggle some
goods off the port after 8 PM."," mercancías entre
las 8:00 Pm y 12:00 Am.",51,3,54,pokemon,description,,
0x01F9FBF7,"ack <0xFD><0x01> smuggle some
goods off the port after 8 PM.","mercancías entre
las 8:00 Pm y 12:00 Am.",50,3,53,pokemon,description,,
0x01F9FBF9,"k <0xFD><0x01> smuggle some
goods off the port after 8 PM.","rcancías entre
las 8:00 Pm y 12:00 Am.",48,3,51,pokemon,description,,
0x01F9FDB3,"Aww""<0xFB>Why you gotta be like that,
<0xFD><0x01>?<0xFB>I thought we're like family now!","Mmm""<0xFB><0x51>Por qué eres así, <0xFD><0x01>?
<0x52>Pensé que ahora éramos como<0xFA>familia!",69,1,70,pokemon,dialogue,"Aww... Pourquoi tu fais<0xFB>ça, <0xFD><0x01> ? Je
croyais qu'on était<0xFB>comme une famille maintenant !",
0x01F9FF91,"What are we still doing here,
<0xFD><0x01>?<0xFB>We better get going to the <0xFC><0x01><0x06>docks<0xFC><0x01><0x08>!","<0x51>Qué estamos haciendo, <0xFD><0x01>?
Será mejor que vayamos al <0xFC><0x01><0x06>puerto<0xFC><0x01><0x08>.",73,2,75,pokemon,dialogue,"Qu'est-ce qu'on fait encore
ici, {PLAYER} ? On ferait mieux<0xFB>d'aller aux {COLOR}Édocks{COLOR}Ë !",
0x01FA0306,"Right on time, <0xFD><0x01>.<0xFB>The shipment just arrived.","Justo a tiempo, <0xFD><0x01>.
El envío recién llega.",45,2,47,pokemon,description,"Pile à l'heure, <0xFD><0x01>.<0xFB>La livraison vient juste d'arriver.",
0x01FA0FF0,"e 'er on
alone, but with you""<0xFB>That'd be a whole 'nother story,
ya 'ear?<0xFB>So whaddya say, you in, my <0xFD><0x02>?","ntigo""<0xFB>Esa sería otra historia,
<0x51>entiendes?<0xFB>Entonces, <0x51>te gustaría ayudarme,
<0xFD><0x01>?",102,2,104,pokemon,dialogue,,
0x01FA0FF7,"n
alone, but with you""<0xFB>That'd be a whole 'nother story,
ya 'ear?<0xFB>So whaddya say, you in, my <0xFD><0x02>?","Esa sería otra historia,
<0x51>entiendes?<0xFB>Entonces, <0x51>te gustaría ayudarme,
<0xFD><0x01>?",95,2,97,pokemon,dialogue,,
0x01FA1022,"other story,
ya 'ear?<0xFB>So whaddya say, you in, my <0xFD><0x02>?","es, <0x51>te gustaría ayudarme,
<0xFD><0x01>?",52,2,54,pokemon,dialogue,,
0x01FA1057,"Really, my <0xFD><0x02>?<0xFB>I can't believe what I'm 'earin'!","<0x51>De verdad, <0xFD><0x01>?
<0x52>No puedo creer lo que dices!",48,2,50,pokemon,dialogue,"Sérieux, mon <0xFD><0x02> ? J'y crois<0xFB>pas !",
0x01FA1117,"next to the Pokémon Center.<0xFB>I'll go on ahead and meet you
there, my <0xFD><0x02>!","l Centro Pokémon.<0xFB><0x52>Continuaré y te encontraré allí,
<0xFD><0x01>!",71,3,74,pokemon,dialogue,,
0x01FA1372,"<0xFD><0x01>! My <0xFD><0x02>!<0xFB>I 'ave something from James to give
you, but you need more space in<0xFA>your party if you want me to fork<0xFA>it over, ya 'ear?","<0x52><0xFD><0x01>! Tengo algo de James
que darte, pero necesitas más<0xFA>espacio en tu grupo si quieres que<0xFA>te lo entregue, <0x51>entiendes?",130,3,133,pokemon,dialogue,"<0xFD><0x01> ! Mon <0xFD><0x02> ! J'ai un<0xFB>truc de James pour toi, mais il te
faut plus de place dans ton équipe<0xFA>si tu veux que je te le donne, tu<0xFA>vois ?",
0x01FA13FE,"!<0xFB>Can you feel it?<0xFB>It's almost time to take down them
Black Ferrothorns, ya 'ear?<0xFB>Now that they ain't got any more
supply of that stat pumper, they<0xFA>ain't gonna stand a chance against<0xFA>us Black <0xFD><0x01>!","des sentirlo?<0xFB>Ya casi es hora de acabar con los
Ferrothorn Negros, <0x51>entiendes?<0xFB>Ahora que no tienen más
potenciadores de estadísticas, <0x52>no<0xFA>tendrán ninguna posibilidad contra<0xFA>los <0xFD><0x01> Negros!",195,3,198,pokemon,dialogue,,
0x01FA1976,"Looks like she's out cold,
my <0xFD><0x02>.<0xFB>Let's get searchin' and find out
where she 'id all of them stat<0xFA>enhancers she used to power up<0xFA>all them Electrode.","Está inconsciente, <0xFD><0x01>!<0xFB>Empecemos a bucar dónde tiene los
potenciadores de estadísticas que<0xFA>usó para encender todos los<0xFA>Electrodos.",148,2,150,pokemon,dialogue,"On dirait qu'elle est K.O., mon
<0xFD><0x02>.<0xFB>Cherchons où elle a
planqué tous ces<0xFA>boosters pour ses<0xFA>Électrode.",
0x01FA1D24,"You found 'em!<0xFB>Them stat enhancers!<0xFB>Good find, my <0xFD><0x02>!<0xFB>Now, 'and 'em over so I can get 'em
back to James pronto.","<0x52>Esos son los potenciadores!
<0x52>Los encontraste! <0x52>Bien hecho!<0xFB>Ahora, llévalos para entregárselos
a James pronto.",111,2,113,pokemon,dialogue,"Tu les as trouvés ! Ces boosters de<0xFB>stats ! Bien joué,<0xFB>mon <0xFD><0x02> !<0xFB>Maintenant, donne-les-moi que je les
ramène vite fait à James.",
0x01FA1D94,"<0xFC><0x01><0x02><0xFD><0x01> handed over the stat
enhancers.",<0xFC><0x01><0x02>Has entregado los potenciadores.,37,2,39,pokemon,description,"{COLOR}Á{PLAYER} remet les boosters
de stats.",
0x01FA1FA2,"It's time to bring the fight to the
Black Ferrothorn! Meet the Black
<0xFD><0x01> down in the sewers.","<0x52>Es hora de luchar! Conoce a los
<0xFD><0x01> Negros de las alcantarillas.",91,2,93,pokemon,dialogue,"Il est temps d'attaquer le Black
Ferrothorn ! Retrouve les Black
<0xFD><0x01> dans les égouts.",
0x01FA205D,"Defeat Barbs, the leader of the
Black Ferrothorn, to save the rest
of the Black <0xFD><0x01>!","<0x52>Batalla final! Derrota a Barbs
y salva al resto de los <0xFD><0x01>
Negros.",83,2,85,pokemon,dialogue,"Bats Barbs, le chef du Black
Ferrothorn, pour sauver le reste des
Black <0xFD><0x01> !",
0x01FA20B1,"Alright, boys!
It's game time!<0xFB>As soon as the bomb goes off, let
those Black Ferrothorns have it!<0xFB>Make 'em so scared, they start
callin' us the Terror <0xFD><0x01>!","<0x52>Muy bien, muchachos!
<0x52>Es hora de jugar!<0xFB><0x52>Tan pronto como estalle la bomba,
esos Ferrothorn Negros tendrán<0xFA>tanto miedo que nos llamarán<0xFA>los <0xFD><0x01> Terror!",154,2,156,pokemon,dialogue,"Bon, les gars !
C'est l'heure ! Dès<0xFB>que la bombe saute, lâchez-vous sur
ces Black Ferrothorns ! Faites-leur<0xFB>si peur qu'ils nous appellent les
Terror <0xFD><0x01> !",
0x01FA20F7," Black Ferrothorns have it!<0xFB>Make 'em so scared, they start
callin' us the Terror <0xFD><0x01>!","omba,
esos Ferrothorn Negros tendrán<0xFA>tanto miedo que nos llamarán<0xFA>los <0xFD><0x01> Terror!",84,2,86,pokemon,dialogue,,
0x01FA20FF,"errothorns have it!<0xFB>Make 'em so scared, they start
callin' us the Terror <0xFD><0x01>!",os Ferrothorn Negros tendrán<0xFA>tanto miedo que nos llamarán<0xFA>los <0xFD><0x01> Terror!,76,2,78,pokemon,dialogue,,
0x01FA2121,"ared, they start
callin' us the Terror <0xFD><0x01>!", miedo que nos llamarán<0xFA>los <0xFD><0x01> Terror!,42,2,44,pokemon,dialogue,,
0x01FA2127,"they start
callin' us the Terror <0xFD><0x01>!", que nos llamarán<0xFA>los <0xFD><0x01> Terror!,36,2,38,pokemon,dialogue,,
0x01FA21DD,"Come on, <0xFD><0x01>!
Let 'em have it!<0xFB>While James is busy dealin' with
their leader on the <0xFC><0x01><0x06>top floor<0xFC><0x01><0x08>, we<0xFA>gotta wreak havoc!","<0x52>Vamos, <0xFD><0x01>!
<0x52>Déjalos tranquilos!<0xFB>Mientras James está ocupado
lidiando con su Líder, <0x52>nosotros<0xFA>causemos estragos!",121,2,123,pokemon,dialogue,"Allez, {PLAYER} ! On leur rentre
dedans ! Pendant que James s'occupe<0xFB>de leur chef au {COLOR}Édernier
étage{COLOR}Ë, on doit semer le<0xFA>chaos !",
0x01FA27FA,"Some punk kid has invaded our turf!<0xFB>You better not be one of those
Black <0xFD><0x01> I've been hearin'<0xFA>are roamin' around!","<0x52>Has invadido nuestro territorio!<0xFB><0x52>Capaz y eres parte de esos
<0xFD><0x01> Negros de los que tanto he<0xFA>oído!",113,3,116,pokemon,dialogue,"Un gamin a envahi<0xFB>notre territoire !
Tu ferais mieux de ne pas être un de<0xFA>ces Black <0xFD><0x01> qui traînent !",
0x01FA3140,"Urgh!<0xFB><0xFD><0x01>""!","Urgh""<0xFB><0xFD><0x01>""",10,2,12,pokemon,dialogue,,
0x01FA314B,"What, <0xFD><0x01>?<0xFB>The guy you stooges are named
after?","<0x51><0xFD><0x01>?
Ya veo"" tú das el nombre a tus<0xFA>títeres.",46,2,48,pokemon,dialogue,"Quoi, <0xFD><0x01> ?<0xFB>Le type dont vous
autres tirez le nom ?",
0x01FA317A,"That's right! You'd""<0xFC><0x08><0x18> better run!<0xFB>Cos there's no one bigger""<0xFC><0x08><0x18> badder""<0xFB>Or""<0xFC><0x08><0x18> urgh""<0xFC><0x08><0x18> stronger than <0xFD><0x01>!<0xFB><0xFD><0x04>'s gonna mop the floor with
all of ya!","<0x52>Así es!
<0x52>Será mejor que"" corras!<0xFB>No sabes a quién te enfrentas""<0xFB><0x52><0xFD><0x01> va a trapear el piso
con todos ustedes!",148,3,151,pokemon,dialogue,"C'est ça ! Tu ferais mieux de filer<0xFB>! Parce qu'il n'y a personne de<0xFB>plus... méchant... ou... urgh...<0xFB>plus fort que <0xFD><0x01> ! <0xFD><0x04>
va tous vous balayer !",
0x01FA346A,"<0xFD><0x01>""<0xFC><0x08><0x18> careful""<0xFC><0x08><0x18> Barbs ain't
above cheatin'""<0xFB>Here.<0xFB>He was usin' this weird stuff on
his Pokémon when I fought him, but""<0xFB>He ain't the only one""<0xFC><0x08><0x18> so lemme""<0xFC><0x08><0x18>
jazz up your Pokémon a bit""","<0xFD><0x01>""<0xFC><0x08><0x18> cuidado"" a Barbs""
le gusta hacer trampa""<0xFB>Estaba usando esas cosas raras en
sus Pokémon cuando luché contra<0xFA>él, pero""<0xFB><0x06>l no es el único""<0xFC><0x08><0x18> así que
déjame"" animar a tus Pokémon""",188,2,190,pokemon,dialogue,"{PLAYER}...{PAUSE}ね fais
gaffe...{PAUSE}ね Barbs triche...<0xFB>Tiens. Il utilisait ce truc bizarre<0xFB>sur ses Pokémon quand je l'ai
affronté, mais... il est pas le<0xFB>seul...{PAUSE}ね laisse-moi booster
tes Pokémon...",
0x01FA3577,"Chaw ha ha ha!
Ya didn't disappoint, <0xFD><0x01>!","<0x52>Ja, ja, ja!
<0x52>Bien hecho, <0xFD><0x01>!",40,2,42,pokemon,dialogue,"Chaw ha ha ha ! Tu m'as pas déçu,
<0xFD><0x01> !",
0x01FA35A0,"Well, ain't that somethin'.<0xFB>You're actually not bad at all,
<0xFD><0x01>.<0xFB>But yer still only one kid.<0xFB>By now, the rest of my boys
downstairs""","Bueno, <0x51>algo es algo?<0xFB>En verdad, no lo haces mal,
<0xFD><0x01>.<0xFB>Pero aún eres inocente.<0xFB>A estas alturas, el resto de mis
chicos de abajo""",131,2,133,pokemon,dialogue,"Eh ben, c'est quelque chose. T'es<0xFB>pas mal du tout,
<0xFD><0x01>. Mais tu<0xFB>restes qu'un<0xFB>gosse. À cette heure,
le reste de mes gars en bas...",
0x01FA37CC,"Well, <0xFD><0x01>, looks like this
is it for us.<0xFB>Ya put up a good fight, kid.
Ya made us proud 'til the end.<0xFB>But it's time for the Black
<0xFD><0x01> to move on.<0xFB>We ain't got no place in this town
anymore.","Bueno, <0xFD><0x01>, parece que
esto es todo para nosotros.<0xFB>Diste una buena pelea.<0xFB>Nos hiciste sentir orgullosos hasta
el final.<0xFB>Pero los <0xFD><0x01> Negros deben
irse.<0xFB>Ya no tenemos lugar en esta ciudad.",186,2,188,pokemon,description,"Bon, <0xFD><0x01>, on
dirait que c'est<0xFB>fini pour nous.
Tu t'es bien battu,<0xFB>gamin. Tu nous as rendus fiers
jusqu'au bout. Mais il est temps<0xFB>pour les Black <0xFD><0x01> d'avancer.
On n'a plus notre place en ville.",
0x01FA38E4,"Now, then, <0xFD><0x01>, I've been real
nice to ya, but I think you've<0xFA>overstayed yer welcome.<0xFB>I don't care what ya do around
Antisis anymore, but don't let me<0xFA>catch ya around our turf again.<0xFB>Now get out.<0xFB>OUT!","Bien, he sido muy amable contigo,
pero creo que te has quedado más<0xFA>tiempo de lo esperado.<0xFB>Ya no me importa lo que hagas en
Antisis, pero no vuelvas más a mi<0xFA>territorio.<0xFB><0x52>FUERA DE UNA VEZ!",199,3,202,pokemon,dialogue,"Alors, <0xFD><0x01>,
j'ai été sympa avec<0xFA>toi, mais je crois que t'as abusé de<0xFB>notre hospitalité. Je me fiche de ce
que tu fais à Antisis maintenant,<0xFA>mais ne traîne plus sur notre<0xFB>territoire. Maintenant, sors. DEHORS<0xFB>!",
0x01FA39AC,"Come on, <0xFD><0x01>!
Show him how tough you are!","<0x52>Vamos, <0xFD><0x01>!
<0x52>Muéstrale quien eres!",40,1,41,pokemon,dialogue,"Allez, <0xFD><0x01> ! Montre-lui comme
t'es fort !",
0x01FA4765,"<0xFC><0x01><0x02>The little boy is thrashing about
in his sleep.<0xFB><0xFD><0x01>'s Lunar Wing began to
glow""<0xFB>The boy's sleeping face became
untroubled and serene!<0xFB>The little boy woke up!","<0xFC><0x01><0x02>El niño se retuerce mientras
duerme.<0xFB>La Pluma Lunar ha comenzado a
brillar""<0xFB><0x52>El rostro dormido del niño se
volvió tranquilo y sereno!<0xFB><0x52>El niño despertó!",159,3,162,pokemon,dialogue,"{COLOR}ÁLe petit
garçon s'agite dans<0xFB>son sommeil. La
Lun'Aile de {PLAYER}<0xFB>se met à briller... Le visage du
garçon s'apaise et devient serein !<0xFB>Le petit garçon se réveille !",
0x01FA6CB5,"Huh?<0xFB>It's some punk kid!<0xFB>Let's rough <0xFD><0x03> up and snatch""","<0x51>Eh? <0x51>Quién eres?
Vamos a darte una paliza""",54,3,57,pokemon,dialogue,Hein ? C'est un sale gosse ! On va<0xFB><0xFD><0x03> tabasser et voler tout<0xFB>son argent !,
0x01FA6DF0,"ously, what's the deal with
ya, punk!?<0xFB>Boys! Watch yourself around
that punk kid!<0xFB>Don't underestimate <0xFD><0x03>, or your
butts'll be handed to ya faster<0xFA>than you can say <0xB1>Granbull<0xB2>!","nos subestimes o te patearemos
el trasero antes de lo que puedas<0xFA>decir <0xB1>Granbull Terror<0xB2>!",174,2,176,pokemon,dialogue,,
0x01FA6DF7,"what's the deal with
ya, punk!?<0xFB>Boys! Watch yourself around
that punk kid!<0xFB>Don't underestimate <0xFD><0x03>, or your
butts'll be handed to ya faster<0xFA>than you can say <0xB1>Granbull<0xB2>!","estimes o te patearemos
el trasero antes de lo que puedas<0xFA>decir <0xB1>Granbull Terror<0xB2>!",167,2,169,pokemon,dialogue,,
0x01FA6E9F,"Don't worry about a thing, Boss!<0xFB>I'm gonna beat <0xFD><0x02> so hard, <0xFD><0x03>'s
gonna cry for <0xFD><0x04> momma!","<0x52>No se preocupe, Jefe!<0xFB><0x52>Lo golpearemos tan fuerte que
llorará por su mami!",88,1,89,pokemon,dialogue,"Ne vous inquiétez de rien, Patron !<0xFB>Je vais frapper {STR_VAR_1} si fort,
qu'{STR_VAR_2} va pleurer sa mère !",
0x01FA75AA,"a shame the Boss doesn't want
you joinin' the Black Horizon.<0xFB>Something about having <0xB1>special
plans<0xB2> for you.<0xFB>Anyway, <0xFD><0x01>, keep on bein'
the gutsiest Trainer I know!","e unas a los Horizon Negros.<0xFB>Algo sobre tener <0xB1>planes esenciales<0xB2>
para ti.<0xFB>De todos modos, <0x52>sigues siendo la
persons más fuerte que haya
conocido!",163,3,166,pokemon,dialogue,,
0x01FA75F0," about having <0xB1>special
plans<0xB2> for you.<0xFB>Anyway, <0xFD><0x01>, keep on bein'
the gutsiest Trainer I know!"," ti.<0xFB>De todos modos, <0x52>sigues siendo la
persons más fuerte que haya
conocido!",93,3,96,pokemon,dialogue,,
0x01FA804E,"A job well done, young <0xFD><0x02>.<0xFB>Now, let us return to my place of
residence so I may confer upon you<0xFA>a handsome reward.","<0x52>Buen trabajo, <0xFD><0x01>!<0xFB>Ahora volvamos a mi casa para poder
concederte una generosa recompensa.",114,1,115,pokemon,dialogue,"Un travail bien fait, jeune<0xFB><0xFD><0x02>. Maintenant, retournons
à ma résidence pour que je puisse<0xFA>vous remettre une belle récompense.",
0x01FA8CA1,"Ah""
My queen and I have returned home.<0xFB>And this time, there does not appear
to be a hooligan in sight!<0xFB>Thank you very much, young <0xFD><0x02>.<0xFB>Please meet me inside to discuss
your reward.","Mi reina y yo hemos regresado a
casa.<0xFB><0x52>Y esta vez parece que nadie nos
vigila!<0xFB><0x52>Muchas gracias!<0xFB>Por favor, reúnete conmigo adentro
para discutir tu recompensa.",179,2,181,pokemon,dialogue,"Ah... Ma reine et moi sommes rentrés à
la maison. Et cette fois, il ne<0xFB>semble pas y avoir de hooligan en
vue ! Merci beaucoup, jeune<0xFB><0xFD><0x02>. Veuillez me retrouver à<0xFB>l'intérieur pour discuter de votre
récompense.",
0x01FA8CF7,"oligan in sight!<0xFB>Thank you very much, young <0xFD><0x02>.<0xFB>Please meet me inside to discuss
your reward."," gracias!<0xFB>Por favor, reúnete conmigo adentro
para discutir tu recompensa.",93,2,95,pokemon,dialogue,,
0x01FAA2EF,"<0xFC><0x01><0x02>The <0xFD><0x02> is fast asleep""","<0xFC><0x01><0x02>El <0xFD><0x02> está durmiendo""",25,2,27,pokemon,description,{COLOR}ÁLe {STR_VAR_1} dort profondément...,
0x01FAA309,"<0xFC><0x01><0x02>The <0xFD><0x02> burrowed into
the snow.",<0xFC><0x01><0x02><0xFD><0x02> se enterró en la nieve.,33,1,34,pokemon,description,"{COLOR}ÁLe {STR_VAR_1} s'est enfoui
dans la neige.",
0x01FAB000,<0xFC><0x01><0x02><0xFD><0x01> decided to go with Tessy!,<0xFC><0x01><0x02>Has decidido ir con Tessy.,31,3,34,pokemon,dialogue,{COLOR}Á{PLAYER} a décidé d'aller avec Tessy !,
0x01FAB20F,"Hustle on up, <0xFD><0x01>, we gotta
get back to Cootes Bog and stop<0xFA>the Terror Granbull.","Apresúrate, <0xFD><0x01>, tenemos que
regresar al Pantano y detener al<0xFA>Granbull Terror.",79,2,81,pokemon,description,"Dépêche-toi, <0xFD><0x01>, on doit
retourner au Marais de Cootes et<0xFA>arrêter les Terreur Granbull.",
0x01FAB9F6,"<0xFC><0x01><0x04>Thank you, <0xFD><0x01>, for your help
in fixin' the swamp and beatin'<0xFA>those nasty varmints.<0xFB>I am truly indebted to ya.<0xFB>Here's a little parcel of my
gratitude for ya service.","<0xFC><0x01><0x04>Gracias, <0xFD><0x01>, por ayudar a
derrotar a esos matones.<0xFB>Estoy realmente en deuda contigo.<0xFB>Aquí tienes un pequeño fragmento
de mi agradecimiento por tu ayuda.",167,1,168,pokemon,dialogue,"{COLOR}ÇMerci, {PLAYER}, pour ton
aide pour réparer le marais et<0xFA>battre ces sales vermines. Je te<0xFB>suis vraiment redevable. Voici un<0xFB>petit paquet de ma gratitude pour
ton service.",
0x01FABA9E,"<0xFC><0x01><0x04>Thanks again, <0xFD><0x01>.<0xFB>Me, Swampert, and the swamp are
obliged to ya.","<0xFC><0x01><0x04>Gracias de nuevo, <0xFD><0x01>.<0xFB>Swampert y yo estamos en deuda
contigo.",67,2,69,pokemon,description,"{COLOR}ÇMerci encore, {PLAYER}. Moi,<0xFB>Laggron et le marais te sommes
reconnaissants.",
0x01FAC792,"<0xFC><0x01><0x02><0xFD><0x01> decided to go with the
little girl!",<0xFC><0x01><0x02>Has decidido ir con la niña.,41,3,44,pokemon,dialogue,"{COLOR}Á{PLAYER} a décidé d'aller
avec la petite fille !",
0x01FAD404,"There appear to be some numbers
scrawled on the back of the crate.<0xFB>They read: <0xFC><0x01><0x06><0xFD><0x02><0xFC><0x01><0x08>","Parece haber varios números escritos
en la parte posterior de la caja.<0xFB>Dice: <0xFC><0x01><0x06><0xFD><0x02><0xFC><0x01><0x08>",86,3,89,pokemon,description,"Il semble y avoir des chiffres
griffonnés au dos de la caisse.<0xFB>Ils disent : {COLOR}É{STR_VAR_1}{COLOR}Ë",
0x01FAEE2C,"Huh?
It's some punk kid!<0xFB>Man, who just walks up to a big gang
of people without protection, huh?<0xFB>Let's rough <0xFD><0x03> up and snatch
all <0xFD><0x02> cash!","<0x51>Eh? <0x52>Una sabandija!<0xFB>Sabandija, que simplemente se acerca
a una gran pandilla sin protección,<0xFA><0x51>eh?<0xFB><0x52>Le quitaremos todo su dinero!",138,2,140,pokemon,dialogue,"Hein ?
C'est un sale gosse !<0xFB>Mec, qui s'approche d'un grand gang
de gens sans protection, hein ?<0xFB>Tabassons-{STR_VAR_2} et volons
tout son argent !",
0x01FAF1E0,"Good work, <0xFD><0x01>.<0xFB>Thanks to your efforts, there's one
less criminal on the loose.<0xFB>Only <0xFD><0x02> are left now.<0xFB>Keep searching, while I take this man
down to the station.","Buen trabajo, <0xFD><0x01>.<0xFB>Gracias a tus esfuerzos, hay un
delincuente menos.<0xFB>Ahora sólo quedan <0xFD><0x02>.<0xFB><0x52>Sigue buscando mientras llevo a
este hombre a la estación!",159,2,161,pokemon,dialogue,"Bon travail, <0xFD><0x01>.<0xFB>Grâce à vos efforts, il y a un
criminel de moins en liberté.<0xFB>Il n'en reste que <0xFD><0x02> maintenant.<0xFB>Continuez à chercher, pendant que j'emmène cet homme
au poste.",
0x01FAF1E1,"ood work, <0xFD><0x01>.<0xFB>Thanks to your efforts, there's one
less criminal on the loose.<0xFB>Only <0xFD><0x02> are left now.<0xFB>Keep searching, while I take this man
down to the station.","uen trabajo, <0xFD><0x01>.<0xFB>Gracias a tus esfuerzos, hay un
delincuente menos.<0xFB>Ahora sólo quedan <0xFD><0x02>.<0xFB><0x52>Sigue buscando mientras llevo a
este hombre a la estación!",158,2,160,pokemon,dialogue,,
0x01FAF1E3,"d work, <0xFD><0x01>.<0xFB>Thanks to your efforts, there's one
less criminal on the loose.<0xFB>Only <0xFD><0x02> are left now.<0xFB>Keep searching, while I take this man
down to the station.","n trabajo, <0xFD><0x01>.<0xFB>Gracias a tus esfuerzos, hay un
delincuente menos.<0xFB>Ahora sólo quedan <0xFD><0x02>.<0xFB><0x52>Sigue buscando mientras llevo a
este hombre a la estación!",156,2,158,pokemon,dialogue,,
0x01FAF1E6,"ork, <0xFD><0x01>.<0xFB>Thanks to your efforts, there's one
less criminal on the loose.<0xFB>Only <0xFD><0x02> are left now.<0xFB>Keep searching, while I take this man
down to the station.","rabajo, <0xFD><0x01>.<0xFB>Gracias a tus esfuerzos, hay un
delincuente menos.<0xFB>Ahora sólo quedan <0xFD><0x02>.<0xFB><0x52>Sigue buscando mientras llevo a
este hombre a la estación!",153,2,155,pokemon,dialogue,,
0x01FAF1E7,"rk, <0xFD><0x01>.<0xFB>Thanks to your efforts, there's one
less criminal on the loose.<0xFB>Only <0xFD><0x02> are left now.<0xFB>Keep searching, while I take this man
down to the station.","abajo, <0xFD><0x01>.<0xFB>Gracias a tus esfuerzos, hay un
delincuente menos.<0xFB>Ahora sólo quedan <0xFD><0x02>.<0xFB><0x52>Sigue buscando mientras llevo a
este hombre a la estación!",152,2,154,pokemon,dialogue,,
0x01FAF1E8,"k, <0xFD><0x01>.<0xFB>Thanks to your efforts, there's one
less criminal on the loose.<0xFB>Only <0xFD><0x02> are left now.<0xFB>Keep searching, while I take this man
down to the station.","bajo, <0xFD><0x01>.<0xFB>Gracias a tus esfuerzos, hay un
delincuente menos.<0xFB>Ahora sólo quedan <0xFD><0x02>.<0xFB><0x52>Sigue buscando mientras llevo a
este hombre a la estación!",151,2,153,pokemon,dialogue,,
0x01FAF1EB,"<0xFD><0x01>.<0xFB>Thanks to your efforts, there's one
less criminal on the loose.<0xFB>Only <0xFD><0x02> are left now.<0xFB>Keep searching, while I take this man
down to the station.","o, <0xFD><0x01>.<0xFB>Gracias a tus esfuerzos, hay un
delincuente menos.<0xFB>Ahora sólo quedan <0xFD><0x02>.<0xFB><0x52>Sigue buscando mientras llevo a
este hombre a la estación!",148,2,150,pokemon,dialogue,,
0x01FAF1ED,".<0xFB>Thanks to your efforts, there's one
less criminal on the loose.<0xFB>Only <0xFD><0x02> are left now.<0xFB>Keep searching, while I take this man
down to the station."," <0xFD><0x01>.<0xFB>Gracias a tus esfuerzos, hay un
delincuente menos.<0xFB>Ahora sólo quedan <0xFD><0x02>.<0xFB><0x52>Sigue buscando mientras llevo a
este hombre a la estación!",146,2,148,pokemon,dialogue,,
0x01FAF1F2,"nks to your efforts, there's one
less criminal on the loose.<0xFB>Only <0xFD><0x02> are left now.<0xFB>Keep searching, while I take this man
down to the station.","Gracias a tus esfuerzos, hay un
delincuente menos.<0xFB>Ahora sólo quedan <0xFD><0x02>.<0xFB><0x52>Sigue buscando mientras llevo a
este hombre a la estación!",141,2,143,pokemon,dialogue,,
0x01FAF1F3,"ks to your efforts, there's one
less criminal on the loose.<0xFB>Only <0xFD><0x02> are left now.<0xFB>Keep searching, while I take this man
down to the station.","racias a tus esfuerzos, hay un
delincuente menos.<0xFB>Ahora sólo quedan <0xFD><0x02>.<0xFB><0x52>Sigue buscando mientras llevo a
este hombre a la estación!",140,2,142,pokemon,dialogue,,
0x01FAF1F4,"s to your efforts, there's one
less criminal on the loose.<0xFB>Only <0xFD><0x02> are left now.<0xFB>Keep searching, while I take this man
down to the station.","acias a tus esfuerzos, hay un
delincuente menos.<0xFB>Ahora sólo quedan <0xFD><0x02>.<0xFB><0x52>Sigue buscando mientras llevo a
este hombre a la estación!",139,2,141,pokemon,dialogue,,
0x01FAF1F6,"to your efforts, there's one
less criminal on the loose.<0xFB>Only <0xFD><0x02> are left now.<0xFB>Keep searching, while I take this man
down to the station.","ias a tus esfuerzos, hay un
delincuente menos.<0xFB>Ahora sólo quedan <0xFD><0x02>.<0xFB><0x52>Sigue buscando mientras llevo a
este hombre a la estación!",137,2,139,pokemon,dialogue,,
0x01FAF1F7,"o your efforts, there's one
less criminal on the loose.<0xFB>Only <0xFD><0x02> are left now.<0xFB>Keep searching, while I take this man
down to the station.","as a tus esfuerzos, hay un
delincuente menos.<0xFB>Ahora sólo quedan <0xFD><0x02>.<0xFB><0x52>Sigue buscando mientras llevo a
este hombre a la estación!",136,2,138,pokemon,dialogue,,
0x01FAF1FB,"ur efforts, there's one
less criminal on the loose.<0xFB>Only <0xFD><0x02> are left now.<0xFB>Keep searching, while I take this man
down to the station."," tus esfuerzos, hay un
delincuente menos.<0xFB>Ahora sólo quedan <0xFD><0x02>.<0xFB><0x52>Sigue buscando mientras llevo a
este hombre a la estación!",132,2,134,pokemon,dialogue,,
0x01FAF1FD," efforts, there's one
less criminal on the loose.<0xFB>Only <0xFD><0x02> are left now.<0xFB>Keep searching, while I take this man
down to the station.","us esfuerzos, hay un
delincuente menos.<0xFB>Ahora sólo quedan <0xFD><0x02>.<0xFB><0x52>Sigue buscando mientras llevo a
este hombre a la estación!",130,2,132,pokemon,dialogue,,
0x01FAF1FF,"fforts, there's one
less criminal on the loose.<0xFB>Only <0xFD><0x02> are left now.<0xFB>Keep searching, while I take this man
down to the station."," esfuerzos, hay un
delincuente menos.<0xFB>Ahora sólo quedan <0xFD><0x02>.<0xFB><0x52>Sigue buscando mientras llevo a
este hombre a la estación!",128,2,130,pokemon,dialogue,,
0x01FAF205,", there's one
less criminal on the loose.<0xFB>Only <0xFD><0x02> are left now.<0xFB>Keep searching, while I take this man
down to the station.","rzos, hay un
delincuente menos.<0xFB>Ahora sólo quedan <0xFD><0x02>.<0xFB><0x52>Sigue buscando mientras llevo a
este hombre a la estación!",122,2,124,pokemon,dialogue,,
0x01FAF280,"Great job, <0xFD><0x01>!
That should be most of them now!<0xFB>Only their leader remains at large,
so""<0xFB>Let's regroup on <0xFC><0x01><0x06>Route 10<0xFC><0x01><0x08> by the
stairs to determine his location.","<0x52>Buen trabajo, <0xFD><0x01>!
<0x52>Ya capturamos a la mayoría!<0xFB>Sólo su Líder sigue prófugo, así
que""<0xFB>Reagrupémonos en <0xFC><0x01><0x06>Ruta 10<0xFC><0x01><0x08> junto a
la escaleras del principio.",160,3,163,pokemon,dialogue,"Excellent travail, {PLAYER} !
Ça devrait être la plupart d'entre eux maintenant !<0xFB>Seul leur chef reste en liberté,
alors...<0xFB>Regroupons-nous sur la {COLOR}ÉRoute 10{COLOR}Ë près des
escaliers pour déterminer sa position.",
0x01FB008B,<0xFC><0x01><0x02>Missions Completed: <0xFC><0x01><0x06><0xFD><0x02>,<0xFC><0x01><0x02>Misiones Cumplidas: <0xFC><0x01><0x06><0xFD><0x02>,28,2,30,pokemon,description,{COLOR}ÁMissions Terminées : {COLOR}É{STR_VAR_1},
0x01FB0099,mpleted: <0xFC><0x01><0x06><0xFD><0x02>,mplidas: <0xFC><0x01><0x06><0xFD><0x02>,14,2,16,pokemon,description,,
0x01FB0B3B,"<0xFC><0x01><0x02>The child was scanned using the
Cube.<0xFB>Data was sent to the scientist at
the Dream Research Lab.<0xFB>Children remaining: <0xFC><0x01><0x06><0xFD><0x02><0xFC><0x01><0x02>.","<0xFC><0x01><0x02>El niño fue escaneado con el Cubo
V3.<0xFB>Los datos fueron enviados al
laboratorio de investigación.<0xFB>Niños restantes: <0xFC><0x01><0x06><0xFD><0x02><0xFC><0x01><0x02>.",128,5,133,pokemon,description,"{COLOR}ÁL'enfant a été scanné en utilisant le
Cube.<0xFB>Les données ont été envoyées au scientifique du
Laboratoire de Recherche Onirique.<0xFB>Enfants restants : {COLOR}É{STR_VAR_1}{COLOR}Á.",
0x01FB2204,^<0x83><0xF9><0x09>j<0x83><0xF9><0x09>u<0x83><0xF9><0x09><0x80><0x83><0xF9><0x09><0x8A><0x83><0xF9><0x09><0x96><0x83><0xF9><0x09><0x9F><0x83><0xF9><0x09><0xA9><0x83><0xF9><0x09><0xB3><0x83><0xF9><0x09><0xBF><0x83><0xF9><0x09><0xCA><0x83><0xF9><0x09><0xD6><0x83><0xF9><0x09><0xE3><0x83><0xF9><0x09><0xED><0x83><0xF9><0x09><0xF7><0x83><0xF9><0x09><0x02><0x84><0xF9><0x09><0x0F><0x84><0xF9><0x09><0x19><0x84><0xF9><0x09>#<0x84><0xF9><0x09>.<0x84><0xF9><0x09>8<0x84><0xF9><0x09>C<0x84><0xF9><0x09>M<0x84><0xF9><0x09>Y<0x84><0xF9><0x09>c<0x84><0xF9><0x09>n<0x84><0xF9><0x09>y<0x84><0xF9><0x09><0xC1>aA<0x08><0x01><0x02><0x03><0x04><0x05><0x06><0x07><0x08><0x0A><0x0B><0x0C><0x0D><0x0E><0x0F><0x10><0x11>7x<0xF9><0x09>@x<0xF9><0x09>Gx<0xF9><0x09>Nx<0xF9><0x09>Ux<0xF9><0x09>Zx<0xF9><0x09>^x<0xF9><0x09>dx<0xF9><0x09>jx<0xF9><0x09>ox<0xF9><0x09>ux<0xF9><0x09>{x<0xF9><0x09><0x84>x<0xF9><0x09><0x8C>x<0xF9><0x09><0x90>x<0xF9><0x09><0x97>x<0xF9><0x09><0xC1>aA<0x08>,^<0x83><0xF9><0x09>j<0x83><0xF9><0x09>u<0x83><0xF9><0x09><0x80><0x83><0xF9><0x09><0x8A><0x83><0xF9><0x09>;t<0x19><0x08>Ft<0x19><0x08><0xA9><0x83><0xF9><0x09><0xB3><0x83><0xF9><0x09><0xBF><0x83><0xF9><0x09><0xCA><0x83><0xF9><0x09><0xD6><0x83><0xF9><0x09>Qt<0x19><0x08><0xED><0x83><0xF9><0x09><0xF7><0x83><0xF9><0x09><0x02><0x84><0xF9><0x09><0x80>t<0x19><0x08><0x8C>t<0x19><0x08>#<0x84><0xF9><0x09>.<0x84><0xF9><0x09>8<0x84><0xF9><0x09>C<0x84><0xF9><0x09>M<0x84><0xF9><0x09>Y<0x84><0xF9><0x09><0x97>t<0x19><0x08>n<0x84><0xF9><0x09><0xA4>t<0x19><0x08><0xC1>aA<0x08><0x01><0x02><0x03><0x04><0x05><0x06><0x07><0x08><0x0A><0x0B><0x0C><0x0D><0x0E><0x0F><0x10><0x11>7x<0xF9><0x09><0x97><0xC5>_<0x09>Gx<0xF9><0x09>Nx<0xF9><0x09>Ux<0xF9><0x09><0x15><0x90><0x19><0x08><0x1B><0x90><0x19><0x08>dx<0xF9><0x09>$<0x90><0x19><0x08>ox<0xF9><0x09>*<0x90><0x19><0x08>1<0x90><0x19><0x08>;<0x90><0x19><0x08><0xDD><0xD7>k<0x08><0x90>x<0xF9><0x09>7<0xCC><0x19><0x08><0xC1>aA<0x08>,196,3,199,ascii,description,,
0x01FB2220,<0xA9><0x83><0xF9><0x09><0xB3><0x83><0xF9><0x09><0xBF><0x83><0xF9><0x09><0xCA><0x83><0xF9><0x09><0xD6><0x83><0xF9><0x09><0xE3><0x83><0xF9><0x09><0xED><0x83><0xF9><0x09><0xF7><0x83><0xF9><0x09><0x02><0x84><0xF9><0x09><0x0F><0x84><0xF9><0x09><0x19><0x84><0xF9><0x09>#<0x84><0xF9><0x09>.<0x84><0xF9><0x09>8<0x84><0xF9><0x09>C<0x84><0xF9><0x09>M<0x84><0xF9><0x09>Y<0x84><0xF9><0x09>c<0x84><0xF9><0x09>n<0x84><0xF9><0x09>y<0x84><0xF9><0x09><0xC1>aA<0x08><0x01><0x02><0x03><0x04><0x05><0x06><0x07><0x08><0x0A><0x0B><0x0C><0x0D><0x0E><0x0F><0x10><0x11>7x<0xF9><0x09>@x<0xF9><0x09>Gx<0xF9><0x09>Nx<0xF9><0x09>Ux<0xF9><0x09>Zx<0xF9><0x09>^x<0xF9><0x09>dx<0xF9><0x09>jx<0xF9><0x09>ox<0xF9><0x09>ux<0xF9><0x09>{x<0xF9><0x09><0x84>x<0xF9><0x09><0x8C>x<0xF9><0x09><0x90>x<0xF9><0x09><0x97>x<0xF9><0x09><0xC1>aA<0x08>,<0xA9><0x83><0xF9><0x09><0xB3><0x83><0xF9><0x09><0xBF><0x83><0xF9><0x09><0xCA><0x83><0xF9><0x09><0xD6><0x83><0xF9><0x09>Qt<0x19><0x08><0xED><0x83><0xF9><0x09><0xF7><0x83><0xF9><0x09><0x02><0x84><0xF9><0x09><0x80>t<0x19><0x08><0x8C>t<0x19><0x08>#<0x84><0xF9><0x09>.<0x84><0xF9><0x09>8<0x84><0xF9><0x09>C<0x84><0xF9><0x09>M<0x84><0xF9><0x09>Y<0x84><0xF9><0x09><0x97>t<0x19><0x08>n<0x84><0xF9><0x09><0xA4>t<0x19><0x08><0xC1>aA<0x08><0x01><0x02><0x03><0x04><0x05><0x06><0x07><0x08><0x0A><0x0B><0x0C><0x0D><0x0E><0x0F><0x10><0x11>7x<0xF9><0x09><0x97><0xC5>_<0x09>Gx<0xF9><0x09>Nx<0xF9><0x09>Ux<0xF9><0x09><0x15><0x90><0x19><0x08><0x1B><0x90><0x19><0x08>dx<0xF9><0x09>$<0x90><0x19><0x08>ox<0xF9><0x09>*<0x90><0x19><0x08>1<0x90><0x19><0x08>;<0x90><0x19><0x08><0xDD><0xD7>k<0x08><0x90>x<0xF9><0x09>7<0xCC><0x19><0x08><0xC1>aA<0x08>,168,3,171,ascii,description,,
