offset,original_text,original_length,padding_available,real_max_length,encoding,category,translation,notes
0x000D06CB,G-|A,4,0,4,ascii,other,,
0x0017D86E,mon Research Lab,16,1,17,pokemon,other,,
0x00183482,Valley Cave,11,124,135,pokemon,location,,
0x0018D42A,Take care now!,14,5,19,pokemon,dialogue,,
0x0018D480,"I better go, too.",17,1,18,pokemon,dialogue,,
0x0018D52D,s time to go!,13,1,14,pokemon,dialogue,,
0x0018D558,"re confused, ask for help!
Talk to people!",42,5314,5356,pokemon,dialogue,,
0x0018EB0D,"
Fancy.",7,209,216,pokemon,other,,
0x001969DC,"No?
Please come play sometime!",30,1,31,pokemon,dialogue,,
0x00196A12,t have a Coin Case.,19,1,20,pokemon,other,,
0x00196A26,"Whoops!
Your Coin Case is full.",31,1,32,pokemon,dialogue,,
0x00196A96,"s rumoured these machines are
rigged.",37,12,49,pokemon,description,,
0x00196D30,"s up?
Want some Coins?",22,1,23,pokemon,dialogue,,
0x00199445,Which move should be forgotten?,31,1,32,pokemon,dialogue,,
0x00199490,"?
That move should be forgotten?",32,1,33,pokemon,dialogue,,
0x001994DD, completely.,12,1,13,pokemon,other,,
0x001994EA,"Come again if there are other
moves to be forgotten.",52,1,53,pokemon,description,,
0x0019951F,"What?
No Egg should know any moves.",35,4021,4056,pokemon,dialogue,,
0x0019C148,"mon in the
Day-Care, it will get stronger too.",46,1,47,pokemon,description,,
0x001A2C48,mon.,4,23,27,pokemon,other,,
0x001A505B,We hope to see you again!,25,1,26,pokemon,dialogue,,
0x001A5077, booted up the PC.,18,1,19,pokemon,other,,
0x001A508A,Which PC should be accessed?,28,1,29,pokemon,dialogue,,
0x001A50B8,s PC.,5,1,6,pokemon,other,,
0x001A50C2,mon Storage System opened.,26,1,27,pokemon,other,,
0x001A50E9,s PC.,5,1,6,pokemon,other,,
0x001A50FD,s PC.,5,1,6,pokemon,other,,
0x001A5190,Please come again!,18,1,19,pokemon,dialogue,,
0x001A526E," put the Coins away in
the Coin Case.",37,1,38,pokemon,description,,
0x001A5422, booted up the PC.,18,1,19,pokemon,other,,
0x001A54C5,mon back to perfect health?,27,1,28,pokemon,dialogue,,
0x001A54FA,"mon for a
few seconds.",22,1,23,pokemon,other,,
0x001A5511,Stay safe out there!,20,6,26,pokemon,dialogue,,
0x001A5561,full health.,12,1,13,pokemon,other,,
0x001A558C,"
Would you like to Surf?",24,1,25,pokemon,dialogue,,
0x001A5C23,dex rated?,10,1,11,pokemon,dialogue,,
0x001A5C47,s PC.,5,1,6,pokemon,other,,
0x001A5EAC,mon to full health.,19,1,20,pokemon,other,,
0x001A5F88,We hope you excel!,18,1,19,pokemon,dialogue,,
0x001A5FCC,We hope you excel!,18,1,19,pokemon,dialogue,,
0x001A6211,"Hi, there!
May I help you?",26,1,27,pokemon,dialogue,,
0x001A6D68,mon!,4,1,5,pokemon,dialogue,,
0x001A6DA1,"ve given one of my AIDES a FLASH
HM. Make sure you go get it!",61,1,62,pokemon,dialogue,,
0x001A6E65,"ve given one of my AIDES an
ITEMFINDER. Be sure to collect it!",62,1,63,pokemon,dialogue,,
0x001A6ECF,"ve given one of my AIDES an
AMULET COIN. Be sure to get it!",59,1,60,pokemon,dialogue,,
0x001A6F33,"ve given one of my AIDES an EXP.
SHARE. Be sure to go get it!",61,1,62,pokemon,dialogue,,
0x001A6FA6,dex!,4,1,5,pokemon,dialogue,,
0x001A6FDB,mon by going fishing!,21,1,22,pokemon,dialogue,,
0x001A702A,t you?,6,1,7,pokemon,dialogue,,
0x001A7033,"m impressed!
It must have been difficult to do!",47,1,48,pokemon,dialogue,,
0x001A7089,t believe how good you are!,27,1,28,pokemon,dialogue,,
0x001A70CC,mon! Super!,11,1,12,pokemon,dialogue,,
0x001A70D8,"Excellent! Trade with friends to
get some more!",47,1,48,pokemon,dialogue,,
0x001A7119,ve become a real pro at this!,29,1,30,pokemon,dialogue,,
0x001A7162,mon PROFESSOR now!,18,1,19,pokemon,dialogue,,
0x001A717E,"dex is entirely complete!
Congratulations!!",43,1,44,pokemon,dialogue,,
0x001A71E3,mon owned.,10,1,11,pokemon,other,,
0x001A722A,dex!,4,1,5,pokemon,dialogue,,
0x001B2993,Face,4,3,7,pokemon,other,,
0x001B29A7,Torgnoles,9,4,13,pokemon,other,,
0x001B29C1,Ultimapoing,11,2,13,pokemon,other,,
0x001B29CD, Jackpot,8,6,14,pokemon,other,,
0x001B29D6,     Poing Feu,14,4,18,pokemon,other,,
0x001B29E5,   Poing Glace,14,2,16,pokemon,other,,
0x001B29FC,clair,5,1,6,pokemon,other,,
0x001B2A02,Griffe,6,7,13,pokemon,other,,
0x001B2A09,      Force Poigne,18,1,19,pokemon,other,,
0x001B2A1C,Guillotine,10,3,13,pokemon,other,,
0x001B2A27,  Coupe-Vent,12,3,15,pokemon,other,,
0x001B2A34,  Danse Lames,13,2,15,pokemon,other,,
0x001B2A42, Coupe,6,8,14,pokemon,other,,
0x001B2A49,       Tornade,14,6,20,pokemon,other,,
0x001B2A58,     Cru-Ailes,14,4,18,pokemon,other,,
0x001B2A67,   Cyclone,10,6,16,pokemon,other,,
0x001B2A72,     Vol,8,10,18,pokemon,other,,
0x001B2A85,treinte,7,5,12,pokemon,other,,
0x001B2A8D,    Souplesse,13,4,17,pokemon,other,,
0x001B2A9B,   Fouet Lianes,15,1,16,pokemon,other,,
0x001B2AAC,crasement,9,3,12,pokemon,other,,
0x001B2AB6,  Double Pied,13,2,15,pokemon,other,,
0x001B2AC4, Ultimawashi,12,2,14,pokemon,other,,
0x001B2ADD,  Mawashi Geri,14,1,15,pokemon,dialogue,,
0x001B2AEC,Jet de Sable,12,1,13,pokemon,location,,
0x001B2B00,Boule,5,1,6,pokemon,other,,
0x001B2B0B,Korne,5,3,8,pokemon,other,,
0x001B2B11,  Furie,7,8,15,pokemon,other,,
0x001B2B26,Korne,5,2,7,pokemon,other,,
0x001B2B2C, Charge,7,7,14,pokemon,other,,
0x001B2B34,      Plaquage,14,5,19,pokemon,other,,
0x001B2B43,    Ligotage,12,5,17,pokemon,other,,
0x001B2B56,lier,4,7,11,pokemon,other,,
0x001B2B5B,      Mania,11,8,19,pokemon,other,,
0x001B2B77,    Mimi-Queue,14,3,17,pokemon,other,,
0x001B2B86,  Dard-Venin,12,3,15,pokemon,other,,
0x001B2B93,  Double Dard,13,2,15,pokemon,other,,
0x001B2BB4,Yeux,4,4,8,pokemon,other,,
0x001B2BB9,   Morsure,10,6,16,pokemon,other,,
0x001B2BC4,     Rugissement,16,2,18,pokemon,other,,
0x001B2BD5, Hurlement,10,4,14,pokemon,other,,
0x001B2BE0,   Berceuse,11,5,16,pokemon,other,,
0x001B2BEC,    Ultrason,12,5,17,pokemon,other,,
0x001B2BF9,    Sonic Boom,14,3,17,pokemon,other,,
0x001B2C08,  Entrave,9,6,15,pokemon,other,,
0x001B2C12,     Acide,10,8,18,pokemon,other,,
0x001B2C2E,   LanceFlammes,15,1,16,pokemon,other,,
0x001B2C3E,Brume,5,8,13,pokemon,other,,
0x001B2C58,Hydrocanon,10,3,13,pokemon,other,,
0x001B2C63,  Surf,6,9,15,pokemon,other,,
0x001B2C6A,        Laser Glace,19,2,21,pokemon,other,,
0x001B2C7E, Blizzard,9,5,14,pokemon,other,,
0x001B2C88,    Rafale Psy,14,3,17,pokemon,other,,
0x001B2CB3,Ultralaser,10,3,13,pokemon,other,,
0x001B2CBE,  Picpic,8,7,15,pokemon,other,,
0x001B2CC7,      Bec Vrille,16,3,19,pokemon,other,,
0x001B2CD8,  Sacrifice,11,4,15,pokemon,other,,
0x001B2CE4,   Balayage,11,5,16,pokemon,other,,
0x001B2CF0,    Riposte,11,6,17,pokemon,other,,
0x001B2CFC,     Frappe Atlas,17,1,18,pokemon,other,,
0x001B2D0E,Force,5,8,13,pokemon,other,,
0x001B2D14,       Vole-Vie,15,5,20,pokemon,other,,
0x001B2D2A,ga-Sangsue,10,1,11,pokemon,other,,
0x001B2D35,Vampigraine,11,2,13,pokemon,other,,
0x001B2D41, Croissance,11,3,14,pokemon,other,,
0x001B2D56,Herbe,5,1,6,pokemon,other,,
0x001B2D5C,Lance-Soleil,12,1,13,pokemon,other,,
0x001B2D69,Poudre Toxik,12,1,13,pokemon,location,,
0x001B2D76,Para-Spore,10,3,13,pokemon,other,,
0x001B2D81,  Poudre Dodo,13,2,15,pokemon,other,,
0x001B2D8F, Danse Fleurs,13,1,14,pokemon,other,,
0x001B2DA2,tion,4,4,8,pokemon,other,,
0x001B2DA7,   Draco-Rage,13,3,16,pokemon,other,,
0x001B2DB5,  DanseFlammes,14,1,15,pokemon,other,,
0x001B2DC5,clair,5,7,12,pokemon,other,,
0x001B2DCB,      Tonnerre,14,5,19,pokemon,other,,
0x001B2DE4,clair,5,2,7,pokemon,other,,
0x001B2DEA, Fatal-Foudre,13,1,14,pokemon,other,,
0x001B2DF8,Jet-Pierres,11,2,13,pokemon,other,,
0x001B2E07,isme,4,7,11,pokemon,other,,
0x001B2E18,       Tunnel,13,7,20,pokemon,other,,
0x001B2E26,      Toxik,11,8,19,pokemon,other,,
0x001B2E32,       Choc Mental,18,2,20,pokemon,other,,
0x001B2E45, Psyko,6,8,14,pokemon,other,,
0x001B2E4C,       Hypnose,14,6,20,pokemon,other,,
0x001B2E5B,     Yoga,9,9,18,pokemon,other,,
0x001B2E72,        Vive-Attaque,20,1,21,pokemon,other,,
0x001B2E98,port,4,5,9,pokemon,other,,
0x001B2EA5,bres,4,5,9,pokemon,other,,
0x001B2EAA,    Copie,9,8,17,pokemon,other,,
0x001B2EB4,       Grincement,17,3,20,pokemon,other,,
0x001B2EC6,  Reflet,8,7,15,pokemon,other,,
0x001B2ECF,      Soin,10,9,19,pokemon,other,,
0x001B2EDA,        Armure,14,7,21,pokemon,other,,
0x001B2EE9,      Lilliput,14,5,19,pokemon,other,,
0x001B2EF8,    Brouillard,14,3,17,pokemon,other,,
0x001B2F07,  Onde Folie,12,3,15,pokemon,other,,
0x001B2F14,  Repli,7,8,15,pokemon,other,,
0x001B2F28,Armure,6,2,8,pokemon,other,,
0x001B2F2F, Bouclier,9,5,14,pokemon,other,,
0x001B2F4D,e Noire,7,3,10,pokemon,other,,
0x001B2F55,  Protection,12,3,15,pokemon,other,,
0x001B2F62,  Puissance,11,4,15,pokemon,other,,
0x001B2F6E,   Patience,11,5,16,pokemon,other,,
0x001B2F80,tronome,7,4,11,pokemon,other,,
0x001B2F88,   Mimique,10,6,16,pokemon,other,,
0x001B2F93,     Destruction,16,2,18,pokemon,other,,
0x001B2FB4,chouille,8,3,11,pokemon,other,,
0x001B2FC3,dpois,5,4,9,pokemon,other,,
0x001B2FCE,tritus,6,5,11,pokemon,other,,
0x001B2FE8,flagration,10,1,11,pokemon,other,,
0x001B2FF3,Cascade,7,6,13,pokemon,other,,
0x001B2FFB,     Claquoir,13,5,18,pokemon,other,,
0x001B3011,ores,4,5,9,pokemon,other,,
0x001B3025,  Picanon,9,6,15,pokemon,other,,
0x001B302F,     Constriction,17,1,18,pokemon,other,,
0x001B305A, E-Coque,8,6,14,pokemon,other,,
0x001B3063,     Pied Voltige,17,1,18,pokemon,other,,
0x001B3075,Intimidation,12,1,13,pokemon,other,,
0x001B308B,    Gaz Toxik,13,4,17,pokemon,other,,
0x001B3099,   Pilonnage,12,4,16,pokemon,other,,
0x001B30A6,   Vampirisme,13,3,16,pokemon,other,,
0x001B30B4,  Grobisou,10,5,15,pokemon,other,,
0x001B30C9,       Morphing,15,5,20,pokemon,other,,
0x001B30DE,cume,4,8,12,pokemon,other,,
0x001B30E3,       Uppercut,15,5,20,pokemon,other,,
0x001B30F3,    Spore,9,8,17,pokemon,other,,
0x001B30FD,       Flash,12,8,20,pokemon,other,,
0x001B310A,       Vague Psy,16,4,20,pokemon,other,,
0x001B311B,   Trempette,12,4,16,pokemon,other,,
0x001B3128,   Acidarmure,13,3,16,pokemon,other,,
0x001B3136,  Pince-Masse,13,2,15,pokemon,other,,
0x001B3144, Explosion,10,4,14,pokemon,other,,
0x001B314F,   Combo-Griffe,15,1,16,pokemon,other,,
0x001B315F,Osmerang,8,5,13,pokemon,other,,
0x001B3168,    Repos,9,8,17,pokemon,other,,
0x001B317A,boulement,9,3,12,pokemon,other,,
0x001B3184,  Croc de Mort,14,1,15,pokemon,other,,
0x001B3197,tage,4,5,9,pokemon,other,,
0x001B319C,    Conversion,14,3,17,pokemon,other,,
0x001B31AB,  Triplattaque,14,1,15,pokemon,other,,
0x001B31BA,Croc Fatal,10,3,13,pokemon,location,,
0x001B31C5,  Tranche,9,6,15,pokemon,other,,
0x001B31CF,     Clonage,12,6,18,pokemon,other,,
0x001B31DC,     Lutte,10,8,18,pokemon,other,,
0x001B31E7,       Gribouille,17,3,20,pokemon,other,,
0x001B31F9,  Triple Pied,13,2,15,pokemon,other,,
0x001B3207, Larcin,7,7,14,pokemon,other,,
0x001B320F,      Toile,11,8,19,pokemon,other,,
0x001B321B,       Lire-Esprit,18,2,20,pokemon,other,,
0x001B322E, Cauchemar,10,4,14,pokemon,other,,
0x001B3239,   Roue de Feu,14,2,16,pokemon,other,,
0x001B3248, Ronflement,11,3,14,pokemon,other,,
0x001B325A,diction,7,2,9,pokemon,other,,
0x001B3262, Gigotage,9,5,14,pokemon,other,,
0x001B326C,    Conversion 2,16,1,17,pokemon,other,,
0x001B327F,roblast,7,4,11,pokemon,other,,
0x001B3287,   Spore Coton,14,2,16,pokemon,other,,
0x001B3296, Contre,7,7,14,pokemon,other,,
0x001B32AA,       Poudreuse,16,4,20,pokemon,other,,
0x001B32BB,   Abri,7,9,16,pokemon,other,,
0x001B32C3,        Mach Punch,18,3,21,pokemon,other,,
0x001B32D6,  Grimace,9,6,15,pokemon,other,,
0x001B32E0,     Feinte,11,7,18,pokemon,other,,
0x001B32EC,      Doux Baiser,17,2,19,pokemon,other,,
0x001B32FE, Cognobidon,11,3,14,pokemon,other,,
0x001B330A,  Bombe Beurk,13,2,15,pokemon,other,,
0x001B331E,Boue,4,4,8,pokemon,other,,
0x001B3323,   Octazooka,12,4,16,pokemon,other,,
0x001B3330,   Picots,9,7,16,pokemon,other,,
0x001B3341,lecanon,7,5,12,pokemon,other,,
0x001B3349,    Clairvoyance,16,1,17,pokemon,other,,
0x001B335A,Prlvt Destin,12,1,13,pokemon,location,,
0x001B3367,Requiem,7,6,13,pokemon,other,,
0x001B336F,     Vent Glace,15,3,18,pokemon,other,,
0x001B3383,tection,7,4,11,pokemon,other,,
0x001B338B,   Charge Os,12,4,16,pokemon,other,,
0x001B3398,   Verrouillage,15,1,16,pokemon,other,,
0x001B33BA,tesable,7,1,8,pokemon,other,,
0x001B33C2,Giga-Sangsue,12,1,13,pokemon,other,,
0x001B33D8,    Charme,10,7,17,pokemon,other,,
0x001B33E3,      Roulade,13,6,19,pokemon,other,,
0x001B33F1,     Faux-Chage,15,3,18,pokemon,other,,
0x001B3401,  Vantardise,12,3,15,pokemon,other,,
0x001B3416, Boire,6,1,7,pokemon,other,,
0x001B341E,tincelle,8,4,12,pokemon,other,,
0x001B3427,   Taillade,11,5,16,pokemon,other,,
0x001B343E,Acier,5,1,6,pokemon,other,,
0x001B3444,Regard Noir,11,2,13,pokemon,location,,
0x001B3450, Attraction,11,3,14,pokemon,other,,
0x001B345C,  Blabla Dodo,13,2,15,pokemon,other,,
0x001B346A, Glas de Soin,13,1,14,pokemon,other,,
0x001B3478,Retour,6,7,13,pokemon,other,,
0x001B347F,      Cadeau,12,7,19,pokemon,other,,
0x001B348C,      Frustration,17,2,19,pokemon,other,,
0x001B349E, Rune Protect,13,1,14,pokemon,other,,
0x001B34AC,Balance,7,6,13,pokemon,other,,
0x001B34C3,   Ampleur,10,6,16,pokemon,other,,
0x001B34CE,     Dynamo-Poing,17,1,18,pokemon,other,,
0x001B34E2,gacorne,7,4,11,pokemon,other,,
0x001B34EA,   DracoSouffle,15,1,16,pokemon,other,,
0x001B34FA,Relais,6,7,13,pokemon,other,,
0x001B3501,      Encore,12,7,19,pokemon,other,,
0x001B350E,      Poursuite,15,4,19,pokemon,other,,
0x001B351E,   Tour Rapide,14,2,16,pokemon,other,,
0x001B352D, Doux Parfum,12,2,14,pokemon,other,,
0x001B353A, Queue de Fer,13,1,14,pokemon,other,,
0x001B3548,Griffe Acier,12,1,13,pokemon,location,,
0x001B3555,Corps Perdu,11,2,13,pokemon,location,,
0x001B3561, Aurore,7,7,14,pokemon,other,,
0x001B3578,    Rayon Lune,14,3,17,pokemon,other,,
0x001B3596,Coup Croix,10,3,13,pokemon,location,,
0x001B35A1,  Ouragan,9,6,15,pokemon,other,,
0x001B35AB,     Danse Pluie,16,2,18,pokemon,other,,
0x001B35BF,nith,4,7,11,pokemon,other,,
0x001B35CC,chouille,8,3,11,pokemon,other,,
0x001B35D5,  Voile Miroir,14,1,15,pokemon,other,,
0x001B35E4,Boost,5,8,13,pokemon,other,,
0x001B35FD, Pouv.Antique,13,1,14,pokemon,other,,
0x001B3610,Ombre,5,3,8,pokemon,other,,
0x001B3616,  Prescience,12,3,15,pokemon,other,,
0x001B3626,clate-Roc,9,3,12,pokemon,other,,
0x001B3630,  Siphon,8,7,15,pokemon,other,,
0x001B3639,      Baston,12,7,19,pokemon,other,,
0x001B3646,      Bluff,11,8,19,pokemon,other,,
0x001B3652,       Brouhaha,15,5,20,pokemon,other,,
0x001B3662,    Stockage,12,5,17,pokemon,other,,
0x001B367B,     Avale,10,8,18,pokemon,other,,
0x001B3686,       Canicule,15,5,20,pokemon,other,,
0x001B36A0,       Tourmente,16,4,20,pokemon,other,,
0x001B36B1,   Flatterie,12,4,16,pokemon,other,,
0x001B36BE,   Feu Follet,13,3,16,pokemon,other,,
0x001B36CC,  Souvenir,10,5,15,pokemon,other,,
0x001B36E2,      Mitra-Poing,17,2,19,pokemon,other,,
0x001B36F4, Stimulant,10,4,14,pokemon,other,,
0x001B36FF,   Par Ici,10,6,16,pokemon,other,,
0x001B370A,     Force Nature,17,1,18,pokemon,other,,
0x001B371C,Chargeur,8,5,13,pokemon,other,,
0x001B3725,    Provoc,10,7,17,pokemon,other,,
0x001B373D,Main,4,2,6,pokemon,other,,
0x001B3742, TourDeMagie,12,2,14,pokemon,other,,
0x001B374F, Imitation,10,4,14,pokemon,other,,
0x001B3761,         Assistance,19,3,22,pokemon,other,,
0x001B3775,  Racines,9,6,15,pokemon,other,,
0x001B377F,     Surpuissance,17,1,18,pokemon,other,,
0x001B3791,Reflet Magik,12,1,13,pokemon,location,,
0x001B379E,Recyclage,9,4,13,pokemon,other,,
0x001B37A8,   Vendetta,11,5,16,pokemon,other,,
0x001B37B4,    Casse-Brique,16,1,17,pokemon,other,,
0x001B37C7,illement,8,3,11,pokemon,other,,
0x001B37D0,  Sabotage,10,5,15,pokemon,other,,
0x001B37DB,    Effort,10,7,17,pokemon,other,,
0x001B37ED,ruption,7,5,12,pokemon,other,,
0x001B37FA,change,6,6,12,pokemon,other,,
0x001B3801,     Possessif,14,4,18,pokemon,other,,
0x001B3819,ration,6,1,7,pokemon,other,,
0x001B3820,Rancune,7,6,13,pokemon,other,,
0x001B3828,     Saisie,11,7,18,pokemon,other,,
0x001B384F,     Cogne,10,8,18,pokemon,other,,
0x001B385A,       Camouflage,17,3,20,pokemon,other,,
0x001B386C,  Lumi-Queue,12,3,15,pokemon,other,,
0x001B3881,clat,4,3,7,pokemon,other,,
0x001B388D,Brume,5,3,8,pokemon,other,,
0x001B3893,  Danse Plumes,14,1,15,pokemon,other,,
0x001B38A2,Danse Folle,11,2,13,pokemon,location,,
0x001B38B7,leur,4,1,5,pokemon,other,,
0x001B38BC,Lance-Boue,10,3,13,pokemon,other,,
0x001B38CE,Glace,5,3,8,pokemon,other,,
0x001B38D4,  Poing Dard,12,3,15,pokemon,other,,
0x001B38E1,  Paresse,9,6,15,pokemon,other,,
0x001B38F2,gaphone,7,4,11,pokemon,other,,
0x001B38FA,   CrochetVenin,15,1,16,pokemon,other,,
0x001B390B,clateGriffe,11,1,12,pokemon,other,,
0x001B3917,Rafale Feu,10,3,13,pokemon,location,,
0x001B3922,  Hydroblast,12,3,15,pokemon,other,,
0x001B393F,tonnement,9,3,12,pokemon,other,,
0x001B3960,rap.,4,1,5,pokemon,other,,
0x001B3965,Croco Larme,11,2,13,pokemon,location,,
0x001B397D,  Surchauffe,12,3,15,pokemon,other,,
0x001B398A,  Flair,7,8,15,pokemon,other,,
0x001B3992,       Tomberoche,17,3,20,pokemon,other,,
0x001B39B3,Strido-Son,10,3,13,pokemon,other,,
0x001B39C6,Herbe,5,2,7,pokemon,other,,
0x001B39CC, Chatouille,11,3,14,pokemon,other,,
0x001B39D8,  Force Cosmik,14,1,15,pokemon,other,,
0x001B39EF,     Rayon Signal,17,1,18,pokemon,other,,
0x001B3A01,Poing Ombre,11,2,13,pokemon,location,,
0x001B3A0D, Extrasenseur,13,1,14,pokemon,other,,
0x001B3A1B,Stratopercut,12,1,13,pokemon,other,,
0x001B3A28,Tourbi-Sable,12,1,13,pokemon,other,,
0x001B3A35,Glaciation,10,3,13,pokemon,other,,
0x001B3A40,  Ocroupi,9,6,15,pokemon,other,,
0x001B3A4A,     Balle Graine,17,1,18,pokemon,other,,
0x001B3A5E,ropique,7,4,11,pokemon,other,,
0x001B3A66,   Stalactite,13,3,16,pokemon,other,,
0x001B3A74,  Mur de Fer,12,3,15,pokemon,other,,
0x001B3A81,  Barrage,9,6,15,pokemon,other,,
0x001B3A8B,     Grondement,15,3,18,pokemon,other,,
0x001B3A9B,  Draco-Griffe,14,1,15,pokemon,other,,
0x001B3AAE,-Attaque,8,1,9,pokemon,other,,
0x001B3AB7,Gonflette,9,4,13,pokemon,other,,
0x001B3AC1,   Rebond,9,7,16,pokemon,other,,
0x001B3ACB,      Tir de Boue,17,2,19,pokemon,other,,
0x001B3ADD, Queue-Poison,13,1,14,pokemon,other,,
0x001B3AEB,Implore,7,6,13,pokemon,other,,
0x001B3AF9,lectacle,8,4,12,pokemon,other,,
0x001B3B02,   FeuilleMagik,15,1,16,pokemon,other,,
0x001B3B12,Tourniquet,10,3,13,pokemon,other,,
0x001B3B22,nitude,6,4,10,pokemon,other,,
0x001B3B29,   Lame Feuille,15,1,16,pokemon,other,,
0x001B3B39,Danse Draco,11,2,13,pokemon,location,,
0x001B3B45, Boule Roc,10,4,14,pokemon,other,,
0x001B3B50,   Onde de Choc,15,1,16,pokemon,other,,
0x001B3B60,Vibraqua,8,5,13,pokemon,other,,
0x001B3B69,    Carnareket,14,3,17,pokemon,other,,
0x001B3B78,  Psycho-Boost,14,1,15,pokemon,other,,
0x001B3B87,Vampirisme,10,3,13,pokemon,other,,
0x001B3B9F,  Aqua-Jet,10,5,15,pokemon,other,,
0x001B3BAA,    Hydro-Queue,15,2,17,pokemon,other,,
0x001B3BC6,  Avalanche,11,4,15,pokemon,other,,
0x001B3BD2,   Rapace,9,7,16,pokemon,other,,
0x001B3BDC,      Bourdon,13,6,19,pokemon,other,,
0x001B3BEA,     Pisto-Poing,16,2,18,pokemon,other,,
0x001B3C09,Close Combat,12,1,13,pokemon,location,,
0x001B3C16,Poison Croix,12,1,13,pokemon,location,,
0x001B3C23,Vibrobscur,10,3,13,pokemon,other,,
0x001B3C4A,Draco-Choc,10,3,13,pokemon,other,,
0x001B3C55,  Vampi-Poing,13,2,15,pokemon,other,,
0x001B3C63, Telluriforce,13,1,14,pokemon,other,,
0x001B3C7C,  Exploforce,12,3,15,pokemon,other,,
0x001B3C89,  Forte-Paume,13,2,15,pokemon,other,,
0x001B3C97, Giga Impact,12,2,14,pokemon,other,,
0x001B3CA7,ud Herbe,8,3,11,pokemon,other,,
0x001B3CB4,tricanon,8,3,11,pokemon,other,,
0x001B3CBD,  Marto-Poing,13,2,15,pokemon,other,,
0x001B3CDA,clats Glace,11,1,12,pokemon,other,,
0x001B3CE8,te de Fer,9,2,11,pokemon,other,,
0x001B3CF4,bullilave,9,3,12,pokemon,other,,
0x001B3CFE,  Bombe Aimant,14,1,15,pokemon,other,,
0x001B3D0D,Boue-Bombe,10,3,13,pokemon,other,,
0x001B3D18,  Machination,13,2,15,pokemon,other,,
0x001B3D26, Tranche-Nuit,13,1,14,pokemon,other,,
0x001B3D34,Vent Mauvais,12,1,13,pokemon,location,,
0x001B3D41,Rayon Gemme,11,2,13,pokemon,location,,
0x001B3D50,gafouet,7,4,11,pokemon,other,,
0x001B3D58,   Coupe Psycho,15,1,16,pokemon,other,,
0x001B3D68,Escalade,8,5,13,pokemon,other,,
0x001B3D71,    Poliroche,13,4,17,pokemon,other,,
0x001B3D7F,   Roc-Boulet,13,3,16,pokemon,other,,
0x001B3D8D,  Atterrissage,14,1,15,pokemon,other,,
0x001B3D9C,Canon Graine,12,1,13,pokemon,location,,
0x001B3DA9,Griffe Ombre,12,1,13,pokemon,location,,
0x001B3DC3,Onde Vide,9,4,13,pokemon,location,,
0x001B3DCD,   Plaie Croix,14,2,16,pokemon,other,,
0x001B3DE5,Boul,4,1,5,pokemon,other,,
0x001B3DEA,Passe-Passe,11,2,13,pokemon,other,,
0x001B3DF6, Tunnelier,10,4,14,pokemon,other,,
0x001B3E07,tisol,5,5,10,pokemon,other,,
0x001B3E1C,  Nitrocharge,13,2,15,pokemon,other,,
0x001B3E43,  Aiguisage,11,4,15,pokemon,other,,
0x001B3E4F,   Encornebois,14,2,16,pokemon,other,,
0x001B3E5E, Enroulement,12,2,14,pokemon,other,,
0x001B3E6B, Vent Violent,13,1,14,pokemon,other,,
0x001B3E79,Chute Glace,11,2,13,pokemon,location,,
0x001B3E85, Rengorgement,13,1,14,pokemon,other,,
0x001B3E93,Papillodanse,12,1,13,pokemon,other,,
0x001B3EA0,Phytomixeur,11,2,13,pokemon,other,,
0x001B3EAC, Balayette,10,4,14,pokemon,other,,
0x001B3EB7,   Aboiement,12,4,16,pokemon,other,,
0x001B3EC4,   Survinsecte,14,2,16,pokemon,other,,
0x001B3ED3, Bulldoboule,12,2,14,pokemon,other,,
0x001B3EE0, Yama Arashi,12,2,14,pokemon,other,,
0x001B3EED, Choc Venin,11,3,14,pokemon,other,,
0x001B3EFC,clair Fou,9,3,12,pokemon,other,,
0x001B3F06,  Direct Toxik,14,1,15,pokemon,other,,
0x001B3F15,Bombe Acide,11,2,13,pokemon,location,,
0x001B3F21, Danse du Feu,13,1,14,pokemon,other,,
0x001B3F2F,Bain de Smog,12,1,13,pokemon,location,,
0x001B3F41,teVerte,7,1,8,pokemon,other,,
0x001B3F49,Lame de Roc,11,2,13,pokemon,location,,
0x001B3F5B,sailles,7,1,8,pokemon,other,,
0x001B3F63,Crocs Feu,9,4,13,pokemon,location,,
0x001B3F6D,   Crocs Givre,14,2,16,pokemon,other,,
0x001B3F84,clair,5,1,6,pokemon,other,,
0x001B3F8A,Boutefeu,8,5,13,pokemon,other,,
0x001B3F9D,Enfer,5,2,7,pokemon,other,,
0x001B3FA7,timent,6,4,10,pokemon,other,,
0x001B3FAE,   Double Baffe,15,1,16,pokemon,other,,
0x001B3FBE,Coup Double,11,2,13,pokemon,location,,
0x001B3FCA, Cotogarde,10,4,14,pokemon,other,,
0x001B3FD5,   Acrobatie,12,4,16,pokemon,other,,
0x001B3FE2,   Rebondifeu,13,3,16,pokemon,other,,
0x001B3FF0,  Demi-Tour,11,4,15,pokemon,other,,
0x001B4006,clair,5,1,6,pokemon,other,,
0x001B400C,Draco-Queue,11,2,13,pokemon,other,,
0x001B4018, Projection,11,3,14,pokemon,other,,
0x001B4024,  Miroi-Tir,11,4,15,pokemon,other,,
0x001B4030,   Martobois,12,4,16,pokemon,other,,
0x001B403D,   Vibra Soin,13,3,16,pokemon,other,,
0x001B404B,  Luminocanon,13,2,15,pokemon,other,,
0x001B4061,      Picore,12,7,19,pokemon,other,,
0x001B406E,      Exuviation,16,3,19,pokemon,other,,
0x001B407F,  PoudreFureur,14,1,15,pokemon,other,,
0x001B409B,Coqui-Lame,10,3,13,pokemon,other,,
0x001B40A6,  Photocopie,12,3,15,pokemon,other,,
0x001B40B6,il Miracle,10,2,12,pokemon,other,,
0x001B40C1, Coup Bas,9,5,14,pokemon,other,,
0x001B40D0,bullition,9,3,12,pokemon,other,,
0x001B40DA,  Saumure,9,6,15,pokemon,other,,
0x001B40F0,rique,5,1,6,pokemon,other,,
0x001B40F6,RegarTouchnt,12,1,13,pokemon,other,,
0x001B4105,linerie,7,4,11,pokemon,other,,
0x001B410D,   Pouv.Lunaire,15,1,16,pokemon,other,,
0x001B411D,Vampibaiser,11,2,13,pokemon,other,,
0x001B412B,clatMagique,11,1,12,pokemon,other,,
0x001B413F,leuz,4,1,5,pokemon,other,,
0x001B4147,ge de Roc,9,1,10,pokemon,other,,
0x001B4151,Pics Toxik,10,3,13,pokemon,location,,
0x001B4160,u Soin,6,5,11,pokemon,other,,
0x001B4167,    Danse Lune,14,3,17,pokemon,other,,
0x001B4185,Bang Sonique,12,1,13,pokemon,location,,
0x001B4192,Calcination,11,2,13,pokemon,other,,
0x001B419E, Soucigraine,12,2,14,pokemon,other,,
0x001B41AB, Suc Digestif,13,1,14,pokemon,other,,
0x001B41C6,GardeFlorale,12,1,13,pokemon,other,,
0x001B41D3,Fertilisatio,12,1,13,pokemon,other,,
0x001B41E0,Chgt Vitesse,12,1,13,pokemon,location,,
0x001B41ED,ToileGluante,12,1,13,pokemon,other,,
0x001B4207,Acupression,11,2,13,pokemon,other,,
0x001B4213, Punition,9,5,14,pokemon,other,,
0x001B421D,    Assurance,13,4,17,pokemon,other,,
0x001B422B,   Draco-Charge,15,1,16,pokemon,other,,
0x001B423B,Trou Noir,9,4,13,pokemon,location,,
0x001B4245,   Ruse,7,9,16,pokemon,other,,
0x001B424D,        Hantise,15,6,21,pokemon,other,,
0x001B4267,tFloral,7,1,8,pokemon,other,,
0x001B426F,Camaraderie,11,2,13,pokemon,other,,
0x001B427B, Hurle-Temps,12,2,14,pokemon,other,,
0x001B4288, Spatio-Rift,12,2,14,pokemon,other,,
0x001B4295, Vortex Magma,13,1,14,pokemon,other,,
0x001B42A3,Tout ou Rien,12,1,13,pokemon,location,,
0x001B42B0,Revenant,8,5,13,pokemon,other,,
0x001B42B9,    FrotFrimouss,16,1,17,pokemon,other,,
0x001B42CA,Vengeance,9,4,13,pokemon,other,,
0x001B42D4,   Fulmifer,11,5,16,pokemon,other,,
0x001B42E0,    Jugement,12,5,17,pokemon,other,,
0x001B42ED,    Lyophilisat.,16,1,17,pokemon,other,,
0x001B42FE,Choc Psy,8,5,13,pokemon,location,,
0x001B4307,    Chant Canon,15,2,17,pokemon,other,,
0x001B4317, Plumo-Queue,12,2,14,pokemon,other,,
0x001B432A,crou,4,4,8,pokemon,other,,
0x001B432F,   Don Naturel,14,2,16,pokemon,other,,
0x001B433E, Attrition,10,4,14,pokemon,other,,
0x001B4349,   Anti-Air,11,5,16,pokemon,other,,
0x001B4355,    Trou Dimens.,16,1,17,pokemon,other,,
0x001B4366,Gyroballe,9,4,13,pokemon,other,,
0x001B4370,   FurieDimens.,15,1,16,pokemon,other,,
0x001B4380,AppelAttaque,12,1,13,pokemon,other,,
0x001B4394,fense,5,1,6,pokemon,other,,
0x001B439A,Appel Soins,11,2,13,pokemon,location,,
0x001B43A9,duction,7,4,11,pokemon,other,,
0x001B43B1,   Anti-Brume,13,3,16,pokemon,other,,
0x001B43BF,  Onde Origin,13,2,15,pokemon,other,,
0x001B43CD, LamePrecipic,13,1,14,pokemon,other,,
0x001B43DB,Permugarde,10,3,13,pokemon,other,,
0x001B43E6,  JetDeVapeur,13,2,15,pokemon,other,,
0x001B43F4, Fulmifer,9,5,14,pokemon,other,,
0x001B4408,Abord,5,2,7,pokemon,other,,
0x001B440E, Permuforce,11,3,14,pokemon,other,,
0x001B441A,  Astuce Force,14,1,15,pokemon,other,,
0x001B442A,change Psy,10,2,12,pokemon,other,,
0x001B4435, Essorage,9,5,14,pokemon,other,,
0x001B443F,    Bouclr Royal,16,1,17,pokemon,other,,
0x001B4450,Frappe Psy,10,3,13,pokemon,location,,
0x001B4461,gement,6,3,9,pokemon,other,,
0x001B4468,  OrageAdamant,14,1,15,pokemon,other,,
0x001B4477,Cradovague,10,3,13,pokemon,other,,
0x001B4482,  Tacle Lourd,13,2,15,pokemon,other,,
0x001B4490, Synchropeine,13,1,14,pokemon,other,,
0x001B44A9,  Tricherie,11,4,15,pokemon,other,,
0x001B44B5,   Ten-Danse,12,4,16,pokemon,other,,
0x001B44C2,   Explonuit,12,4,16,pokemon,other,,
0x001B44D7,        ForceChtonin,20,1,21,pokemon,other,,
0x001B44F1,Ailes,5,3,8,pokemon,other,,
0x001B4503,   Presse,9,7,16,pokemon,other,,
0x001B450D,      Lame Sainte,17,2,19,pokemon,other,,
0x001B451F, Tacle Feu,10,4,14,pokemon,other,,
0x001B4535,     TechnoBuster,17,1,18,pokemon,other,,
0x001B4547,ChantAntique,12,1,13,pokemon,other,,
0x001B4554,Lame Ointe,10,3,13,pokemon,location,,
0x001B4562,reGlaciaire,11,1,12,pokemon,other,,
0x001B456E,ChargeFoudre,12,1,13,pokemon,other,,
0x001B457B,Flamme Bleue,12,1,13,pokemon,location,,
0x001B459F,   CoupVictoire,15,1,16,pokemon,other,,
0x001B45AF,Flamme Croix,12,1,13,pokemon,location,,
0x001B45BD,clair Croix,11,1,12,pokemon,other,,
0x001B45C9,Dard Mortel,11,2,13,pokemon,location,,
0x001B45E0,   Draco Ascens,15,1,16,pokemon,other,,
0x001B45F0,Dernier Mot,11,2,13,pokemon,location,,
0x001B45FC, Renversement,13,1,14,pokemon,other,,
0x001B4617,Babil,5,8,13,pokemon,other,,
0x001B461D,       Confidence,17,3,20,pokemon,other,,
0x001B462F,  Sheauriken,12,3,15,pokemon,other,,
0x001B4652,fense,5,1,6,pokemon,other,,
0x001B465E,trangs,6,1,7,pokemon,other,,
0x001B4665,Retenue,7,6,13,pokemon,other,,
0x001B4677,lement,6,2,8,pokemon,other,,
0x001B467E, Poing Boost,12,2,14,pokemon,other,,
0x001B4694,ches,4,1,5,pokemon,other,,
0x001B4699,Myria-Vagues,12,1,13,pokemon,dialogue,,
0x001B46A6,Parabocharge,12,1,13,pokemon,other,,
0x001B46B3,Incendie,8,5,13,pokemon,other,,
0x001B46BC,    Fulmigraine,15,2,17,pokemon,other,,
0x001B46CC, Vif Roc,8,6,14,pokemon,other,,
0x001B46D5,     Ancrage,12,6,18,pokemon,other,,
0x001B46E2,     Voile Aurore,17,1,18,pokemon,other,,
0x001B46F4,Blockhaus,9,4,13,pokemon,other,,
0x001B46FE,   Bec-Canon,12,4,16,pokemon,other,,
0x001B470B,   Centrifugifl,15,1,16,pokemon,other,,
0x001B471B,FlammeUltime,12,1,13,pokemon,other,,
0x001B472D,caille,6,2,8,pokemon,other,,
0x001B4734, Dark Lariat,12,2,14,pokemon,other,,
0x001B4741, DracoMarteau,13,1,14,pokemon,other,,
0x001B474F,Fouet de Feu,12,1,13,pokemon,location,,
0x001B475C,Escarmouche,11,2,13,pokemon,other,,
0x001B4768, Canon Floral,13,1,14,pokemon,other,,
0x001B4776,Soin Floral,11,2,13,pokemon,location,,
0x001B4782, Engrenage,10,4,14,pokemon,other,,
0x001B478D,   CavalrieLrde,15,1,16,pokemon,other,,
0x001B479D,MarteauGlace,12,1,13,pokemon,other,,
0x001B47AA,Affilage,8,5,13,pokemon,other,,
0x001B47B3,    Feuillage,13,4,17,pokemon,other,,
0x001B47D0, Furie-Bond,11,3,14,pokemon,other,,
0x001B47DC,  RayonSpectrl,14,1,15,pokemon,other,,
0x001B47EB,CoupVariaTyp,12,1,13,pokemon,other,,
0x001B47F8,IreDLaNature,12,1,13,pokemon,other,,
0x001B4805,Boule Pollen,12,1,13,pokemon,location,,
0x001B4812,Arrogance,9,4,13,pokemon,other,,
0x001B481C,   Laser Prisme,15,1,16,pokemon,other,,
0x001B482C,Psycho-Croc,11,2,13,pokemon,other,,
0x001B4838, Purification,13,1,14,pokemon,other,,
0x001B484D,veil,4,2,6,pokemon,other,,
0x001B4852, Os Ombre,9,5,14,pokemon,other,,
0x001B4873,Sable,5,2,7,pokemon,other,,
0x001B4879, Estocorne,10,4,14,pokemon,other,,
0x001B4884,   Lame Solaire,15,1,16,pokemon,other,,
0x001B489C,cume,4,1,5,pokemon,other,,
0x001B48AE,Permuvitesse,12,1,13,pokemon,other,,
0x001B48BB,Tisse Ombre,11,2,13,pokemon,location,,
0x001B48C7, Projecteur,11,3,14,pokemon,other,,
0x001B48D8,pignement,9,1,10,pokemon,other,,
0x001B48E2,Vole-Force,10,3,13,pokemon,other,,
0x001B490C,cu-Son,6,4,10,pokemon,other,,
0x001B4913,   Fil Toxique,14,2,16,pokemon,other,,
0x001B4922, BotteSucret.,13,1,14,pokemon,other,,
0x001B4931,lectrikipik,11,1,12,pokemon,other,,
0x001B4944,lektr,5,1,6,pokemon,other,,
0x001B494A,Champ Herbu,11,2,13,pokemon,location,,
0x001B4956, ChampBrumeux,13,1,14,pokemon,other,,
0x001B4964,ChampPsychik,12,1,13,pokemon,other,,
0x001B4978,Herbe,5,1,6,pokemon,other,,
0x001B497E,Aire de Feu,11,2,13,pokemon,location,,
0x001B4996,  Distorsion,12,3,15,pokemon,other,,
0x001B49A3,  Zone Magique,14,1,15,pokemon,other,,
0x001B49B8,trange,6,1,7,pokemon,other,,
0x001B49BF,Vigilance,9,4,13,pokemon,other,,
0x001B49C9,   Tatamigaeshi,15,1,16,pokemon,other,,
0x001B49DC,vention,7,3,10,pokemon,other,,
0x001B49E4,  Garde Large,13,2,15,pokemon,other,,
0x001B49F2, Anneau Hydro,13,1,14,pokemon,other,,
0x001B4A00,BrumCapiteus,12,1,13,pokemon,other,,
0x001B4A0E,ructation,9,3,12,pokemon,other,,
0x001B4A18,  Passe-Cadeau,14,1,15,pokemon,other,,
0x001B4A29,gommage,7,4,11,pokemon,other,,
0x001B4A31,   Flying Press,15,1,16,pokemon,other,,
0x001B4A49,     PartageGarde,17,1,18,pokemon,other,,
0x001B4A5B,Anti-Soin,9,4,13,pokemon,other,,
0x001B4A6A,l. Plasmik,10,1,11,pokemon,other,,
0x001B4A75,Air Veinard,11,2,13,pokemon,location,,
0x001B4A9F,eDePoudre,9,1,10,pokemon,other,,
0x001B4AA9,PartageForce,12,1,13,pokemon,other,,
0x001B4AB6,Copie-Type,10,3,13,pokemon,other,,
0x001B4AC1,  Rayon Simple,14,1,15,pokemon,other,,
0x001B4AD2,trempage,8,3,11,pokemon,other,,
0x001B4AE9, Halloween,10,4,14,pokemon,other,,
0x001B4AFA,geDeVenin,9,1,10,pokemon,other,,
0x001B4B08,f.Sylvin,8,1,9,pokemon,other,,
0x001B4B11,CabocheKBoum,12,1,13,pokemon,other,,
0x001B4B1E,Photo-Geyser,12,1,13,pokemon,other,,
0x001B4B2B,Plasma Punch,12,1,13,pokemon,location,,
0x001B4B39,lectrisatio,11,1,12,pokemon,other,,
0x001B4B45,Embargo,7,6,13,pokemon,other,,
0x001B4B6A,  Atout,7,8,15,pokemon,other,,
0x001B4B7D,s Vous,6,3,9,pokemon,other,,
0x001B4B84,  Sommation,11,4,15,pokemon,other,,
0x001B4B94, la Queue,9,3,12,pokemon,other,,
0x001B4BA1,trennes,7,5,12,pokemon,other,,
0x001B4BAE,crousDPoing,11,1,12,pokemon,other,,
0x001B4BBA,DrnierRecour,12,1,13,pokemon,other,,
0x001B4BC7,Chute Libre,11,2,13,pokemon,location,,
0x001B4BD8,bration,7,2,9,pokemon,other,,
0x001B4BE0, MainsJointes,13,1,14,pokemon,other,,
0x001B4BEE,CanonDynamax,12,1,13,pokemon,other,,
0x001B4C01,cision,6,1,7,pokemon,other,,
0x001B4C08,Croque Fort,11,2,13,pokemon,location,,
0x001B4C1B,Joues,5,2,7,pokemon,other,,
0x001B4C21, UltimBastion,13,1,14,pokemon,other,,
0x001B4C2F,Goudronnage,11,2,13,pokemon,other,,
0x001B4C3B, Poudre Magik,13,1,14,pokemon,other,,
0x001B4C51,ches,4,1,5,pokemon,other,,
0x001B4C5B,monie,5,3,8,pokemon,other,,
0x001B4C61,  Octoprise,11,4,15,pokemon,other,,
0x001B4C6D,   Prise de Bec,15,1,16,pokemon,other,,
0x001B4C7D,Branchicrok,11,2,13,pokemon,other,,
0x001B4C96, Dracacophnie,13,1,14,pokemon,other,,
0x001B4CA4,Big Splash,10,3,13,pokemon,location,,
0x001B4CAF,  Nappage,9,6,15,pokemon,other,,
0x001B4CB9,     TambourBatt.,17,1,18,pokemon,other,,
0x001B4CCB,Troquenard,10,3,13,pokemon,other,,
0x001B4CE5,GldiusMaxims,12,1,13,pokemon,other,,
0x001B4CF2,Aegis Maxima,12,1,13,pokemon,location,,
0x001B4CFF,Roue Libre,10,3,13,pokemon,location,,
0x001B4D0A,  Abattage,10,5,15,pokemon,other,,
0x001B4D15,    Tapotige,12,5,17,pokemon,other,,
0x001B4D22,    Overdrive,13,4,17,pokemon,other,,
0x001B4D30,   AcideMalique,15,1,16,pokemon,other,,
0x001B4D40,Force G,7,6,13,pokemon,location,,
0x001B4D53,motion,6,1,7,pokemon,other,,
0x001B4D66, FontainDeVie,13,1,14,pokemon,other,,
0x001B4D74,Blocage,7,6,13,pokemon,other,,
0x001B4D7C,     Fourbette,14,4,18,pokemon,other,,
0x001B4D8B,   JouteAstrale,15,1,16,pokemon,other,,
0x001B4D9B,Laz.Infinimx,12,1,13,pokemon,other,,
0x001B4DAA,talaser,7,4,11,pokemon,other,,
0x001B4DB2,   VastePouvoir,15,1,16,pokemon,other,,
0x001B4DC4,talliroue,9,2,11,pokemon,other,,
0x001B4DD6,cail.,5,1,6,pokemon,other,,
0x001B4DE9,Kokiyarme,9,4,13,pokemon,other,,
0x001B4DF3,   Explo-Brume,14,2,16,pokemon,other,,
0x001B4E09,Herbe,5,2,7,pokemon,other,,
0x001B4E0F, MonteTension,13,1,14,pokemon,other,,
0x001B4E1D,Chmplificatn,12,1,13,pokemon,other,,
0x001B4E2A,RavagRampant,12,1,13,pokemon,other,,
0x001B4E37,Feu Envieux,11,2,13,pokemon,location,,
0x001B4E43, CentRancunes,13,1,14,pokemon,other,,
0x001B4E51,EspritFrapp.,12,1,13,pokemon,other,,
0x001B4E5E,Gaz Corrosif,12,1,13,pokemon,location,,
0x001B4E6B,Coaching,8,5,13,pokemon,other,,
0x001B4E74,    Eau Revoir,14,3,17,pokemon,other,,
0x001B4E83,  Triple Axel,13,2,15,pokemon,other,,
0x001B4E9F,Sable Ardent,12,1,13,pokemon,location,,
0x001B4EAC,SelveSalvat.,12,1,13,pokemon,other,,
0x001B4EB9,Poing Obscur,12,1,13,pokemon,location,,
0x001B4EC6,TorrentDCoup,12,1,13,pokemon,other,,
0x001B4EE0,CoupFulgurnt,12,1,13,pokemon,other,,
0x001B4EED,FureurArdent,12,1,13,pokemon,other,,
0x001B4EFA,SortSinistre,12,1,13,pokemon,other,,
0x001B4F1A,nergie,6,1,7,pokemon,other,,
0x001B4F22,clatSpectr.,11,1,12,pokemon,other,,
0x001B4F2E,LanceDeGlace,12,1,13,pokemon,other,,
0x001B4F3B,GrifFunestes,12,1,13,pokemon,other,,
0x001B4F48,Sprint Boucl,12,1,13,pokemon,location,,
0x001B4F56,changeForce,11,1,12,pokemon,other,,
0x001B4F62,Hache Pierre,12,1,13,pokemon,location,,
0x001B4F6F,Force Mystik,12,1,13,pokemon,dialogue,,
0x001B4F7C,GranCourroux,12,1,13,pokemon,other,,
0x001B4F89,Aquatacle,9,4,13,pokemon,other,,
0x001B4F93,   Herblast,11,5,16,pokemon,other,,
0x001B4F9F,    BiseGlaciair,16,1,17,pokemon,other,,
0x001B4FB0,Danse Vict.,11,2,13,pokemon,location,,
0x001B4FBC, AssautFront.,13,1,14,pokemon,other,,
0x001B4FCA,Multitoxik,10,3,13,pokemon,other,,
0x001B4FD5,  Ailes Psycho,14,1,15,pokemon,other,,
0x001B501F,Lames,5,1,6,pokemon,other,,
0x001B5025,TyphHivernal,12,1,13,pokemon,other,,
0x001B5032,TyphFulgurnt,12,1,13,pokemon,other,,
0x001B503F,TyphPyrosabl,12,1,13,pokemon,other,,
0x001B504C,TyphPassion,11,2,13,pokemon,other,,
0x001B505D,re Luna.,8,1,9,pokemon,other,,
0x001B5066,Xtravaillanc,12,1,13,pokemon,other,,
0x001B5073,Z-Move 1,8,5,13,pokemon,location,,
0x001B507C,    Z-Move 2,12,5,17,pokemon,other,,
0x001B5089,    Z-Move 3,12,5,17,pokemon,other,,
0x001B5096,    Z-Move 4,12,5,17,pokemon,other,,
0x001B50A3,    Z-Move 5,12,5,17,pokemon,other,,
0x001B50B0,    Z-Move 6,12,5,17,pokemon,other,,
0x001B50BD,    Z-Move 7,12,5,17,pokemon,other,,
0x001B50CA,    Z-Move 8,12,5,17,pokemon,other,,
0x001B50D7,    Z-Move 9,12,5,17,pokemon,other,,
0x001B50E4,    Z-Move 10,13,4,17,pokemon,other,,
0x001B50F2,   Z-Move 11,12,4,16,pokemon,other,,
0x001B50FF,   Z-Move 12,12,4,16,pokemon,other,,
0x001B510C,   Z-Move 13,12,4,16,pokemon,other,,
0x001B5119,   Z-Move 14,12,4,16,pokemon,other,,
0x001B5126,   Z-Move 15,12,4,16,pokemon,other,,
0x001B5133,   Z-Move 16,12,4,16,pokemon,other,,
0x001B5140,   Z-Move 17,12,4,16,pokemon,other,,
0x001B514D,   Z-Move 18,12,4,16,pokemon,other,,
0x001B515A,   Z-Move 19,12,4,16,pokemon,other,,
0x001B5167,   Z-Move 20,12,4,16,pokemon,other,,
0x001B5174,   Z-Move 21,12,4,16,pokemon,other,,
0x001B5181,   Z-Move 22,12,4,16,pokemon,other,,
0x001B518E,   Z-Move 23,12,4,16,pokemon,other,,
0x001B519B,   Z-Move 24,12,4,16,pokemon,other,,
0x001B51A8,   Z-Move 25,12,4,16,pokemon,other,,
0x001B51B5,   Z-Move 26,12,4,16,pokemon,other,,
0x001B51C2,   Z-Move 27,12,4,16,pokemon,other,,
0x001B51CF,   Z-Move 28,12,4,16,pokemon,other,,
0x001B51DC,   Z-Move 29,12,4,16,pokemon,other,,
0x001B51E9,   Z-Move 30,12,4,16,pokemon,other,,
0x001B51F6,   Z-Move 31,12,4,16,pokemon,other,,
0x001B5203,   Z-Move 32,12,4,16,pokemon,other,,
0x001B5210,   Z-Move 33,12,4,16,pokemon,other,,
0x001B521D,   Z-Move 34,12,4,16,pokemon,other,,
0x001B522A,   Z-Move 35,12,4,16,pokemon,other,,
0x001B5237,   Z-Move 36,12,4,16,pokemon,other,,
0x001B5244,   Z-Move 37,12,4,16,pokemon,other,,
0x001B5251,   Z-Move 38,12,4,16,pokemon,other,,
0x001B525E,   Z-Move 39,12,4,16,pokemon,other,,
0x001B526B,   Z-Move 40,12,4,16,pokemon,other,,
0x001B5278,   Z-Move 41,12,4,16,pokemon,other,,
0x001B5285,   Z-Move 42,12,4,16,pokemon,other,,
0x001B5292,   Z-Move 43,12,4,16,pokemon,other,,
0x001B529F,   Z-Move 44,12,4,16,pokemon,other,,
0x001B52AC,   Z-Move 45,12,4,16,pokemon,other,,
0x001B52B9,   Z-Move 46,12,4,16,pokemon,other,,
0x001B52C6,   Z-Move 47,12,4,16,pokemon,other,,
0x001B52D3,   Z-Move 48,12,4,16,pokemon,other,,
0x001B52E0,   Z-Move 49,12,4,16,pokemon,other,,
0x001B52ED,   Z-Move 50,12,4,16,pokemon,other,,
0x001B52FA,   Z-Move 51,12,4,16,pokemon,other,,
0x001B5307,   Z-Move 52,12,4,16,pokemon,other,,
0x001B5314,   Z-Move 53,12,4,16,pokemon,other,,
0x001B5321,   Gardomax,11,5,16,pokemon,other,,
0x001B532D,    Normalomax,14,3,17,pokemon,other,,
0x001B533C,  Normalomax,12,3,15,pokemon,other,,
0x001B5349,  Pugilomax,11,4,15,pokemon,other,,
0x001B5355,   Pugilomax,12,4,16,pokemon,other,,
0x001B5367,romax,5,6,11,pokemon,other,,
0x001B5374,romax,5,6,11,pokemon,other,,
0x001B537A,     Toxinomax,14,4,18,pokemon,other,,
0x001B5389,   Toxinomax,12,4,16,pokemon,other,,
0x001B5396,   Sismomax,11,5,16,pokemon,other,,
0x001B53A2,    Sismomax,12,5,17,pokemon,other,,
0x001B53AF,    Lithomax,12,5,17,pokemon,other,,
0x001B53BC,    Lithomax,12,5,17,pokemon,other,,
0x001B53C9,    Insectomax,14,3,17,pokemon,other,,
0x001B53D8,  Insectomax,12,3,15,pokemon,other,,
0x001B53E5,  Spectromax,12,3,15,pokemon,other,,
0x001B53F2,  Spectromax,12,3,15,pokemon,other,,
0x001B5403,tallomax,8,3,11,pokemon,other,,
0x001B5410,tallomax,8,3,11,pokemon,other,,
0x001B5419,  Pyromax,9,6,15,pokemon,other,,
0x001B5423,     Pyromax,12,6,18,pokemon,other,,
0x001B5430,     Hydromax,13,5,18,pokemon,other,,
0x001B543E,    Hydromax,12,5,17,pokemon,other,,
0x001B544B,    Phytomax,12,5,17,pokemon,other,,
0x001B5458,    Phytomax,12,5,17,pokemon,other,,
0x001B5465,    Fulguromax,14,3,17,pokemon,other,,
0x001B5474,  Fulguromax,12,3,15,pokemon,other,,
0x001B5481,  Psychomax,11,4,15,pokemon,other,,
0x001B548D,   Psychomax,12,4,16,pokemon,other,,
0x001B549A,   Cryomax,10,6,16,pokemon,other,,
0x001B54A5,     Cryomax,12,6,18,pokemon,other,,
0x001B54B2,     Dracomax,13,5,18,pokemon,other,,
0x001B54C0,    Dracomax,12,5,17,pokemon,other,,
0x001B54CD,    Sinistromax,15,2,17,pokemon,other,,
0x001B54DD, Sinistromax,12,2,14,pokemon,other,,
0x001B54EA, Enchantomax,12,2,14,pokemon,other,,
0x001B54F7, Enchantomax,12,2,14,pokemon,other,,
0x001B5504, Fouet,6,8,14,pokemon,other,,
0x001B550B,       Fouet,12,8,20,pokemon,other,,
0x001B5518,       Fournaise,16,4,20,pokemon,other,,
0x001B5529,   Fournaise,12,4,16,pokemon,other,,
0x001B5536,   Canonnade,12,4,16,pokemon,other,,
0x001B5543,   Canonnade,12,4,16,pokemon,other,,
0x001B5550,   Illusion,11,5,16,pokemon,other,,
0x001B555C,    Illusion,12,5,17,pokemon,other,,
0x001B5569,    Foudre,10,7,17,pokemon,other,,
0x001B5574,      Foudre,12,7,19,pokemon,other,,
0x001B5581,      Pactole,13,6,19,pokemon,other,,
0x001B558F,     Pactole,12,6,18,pokemon,other,,
0x001B559C,     Frappe,11,7,18,pokemon,other,,
0x001B55A8,      Frappe,12,7,19,pokemon,other,,
0x001B55B5,      Hantise,13,6,19,pokemon,other,,
0x001B55C3,     Hantise,12,6,18,pokemon,other,,
0x001B55D0,     Bulles,11,7,18,pokemon,other,,
0x001B55DC,      Bulles,12,7,19,pokemon,other,,
0x001B55F1,sonance,7,4,11,pokemon,other,,
0x001B55FE,sonance,7,4,11,pokemon,other,,
0x001B5625,colte,5,6,11,pokemon,other,,
0x001B5632,colte,5,6,11,pokemon,other,,
0x001B5638,     Pestilence,15,3,18,pokemon,other,,
0x001B5648,  Pestilence,12,3,15,pokemon,other,,
0x001B5655,  Fonte,7,8,15,pokemon,other,,
0x001B565D,       Fonte,12,8,20,pokemon,other,,
0x001B566A,       Percussion,17,3,20,pokemon,other,,
0x001B567C,  Percussion,12,3,15,pokemon,other,,
0x001B5689,  Pyroball,10,5,15,pokemon,other,,
0x001B5694,    Pyroball,12,5,17,pokemon,other,,
0x001B56A7,chette,6,5,11,pokemon,other,,
0x001B56B4,chette,6,5,11,pokemon,other,,
0x001B56D7,  Ondes,7,23254,23261,pokemon,other,,
0x001BC334,"Which of our services do you wish
to use?",41,1,42,pokemon,dialogue,,
0x001BC392,"mon with another player
using a GBA Game Link cable.",52,1,53,pokemon,description,,
0x001BC3C7,"You may battle another Trainer
using a GBA Game Link cable.",59,1,60,pokemon,dialogue,,
0x001BC4C6, Cancel,7,1,8,pokemon,system,,
0x001BC68A,Please do visit again.,22,1,23,pokemon,other,,
0x001BCB42,Cancels the selected MENU item.,31,1,32,pokemon,system,,
0x001BCCA8,Please do come again.,21,1,22,pokemon,other,,
0x001BD338,"Which Battle Mode would you like
to play?",41,1,42,pokemon,dialogue,,
0x001BD502,"mon
in battle at a time.",24,1,25,pokemon,other,,
0x001BDFE3,"This tree looks like it can be cut
down!",40,1,41,pokemon,dialogue,,
0x001BE100,"mon
may be able to smash it.",28,1,29,pokemon,other,,
0x001BE20F,"s Strength made it
possible to move boulders around!",52,1,53,pokemon,dialogue,,
0x001BE262,"mon
may be able to push it aside.",33,1,34,pokemon,description,,
0x001BE284,"Strength made it possible to move
boulders around.",50,1,51,pokemon,description,,
0x001BE30A,"A wall of water is crashing down
with a mighty roar.",52,1,53,pokemon,description,,
0x001BFB5A,Huh?,4,1,5,pokemon,dialogue,,
0x001C0DC9,"mon
books.",10,1,11,pokemon,other,,
0x001C0DF1,A Town Map.,11,1,12,pokemon,location,,
0x001C0E0E,mon stuff!,10,1,11,pokemon,dialogue,,
0x001C0E19,"Dishes and plates are neatly
lined up.",38,1,39,pokemon,description,,
0x001C0E5E,s been cooking here.,20,1,21,pokemon,other,,
0x001C0E76,"s a nicely made dresser.
It will hold a lot of stuff.",53,1,54,pokemon,description,,
0x001C0EEE,mon Mart,8,1,9,pokemon,other,,
0x001C0F0E,mon Center,10,1,11,pokemon,other,,
0x001C0F99,"It should be packed with all kinds
of delicious things to eat.",62,1,63,pokemon,description,,
0x001C1060,"What could this machine be?
Better not mess around with it!",59,1,60,pokemon,dialogue,,
0x001C1217,"Lights in different colors are
flashing on and off.",51,1,52,pokemon,description,,
0x001C1276,"s a machine of some sort.
It sure is impressive.",48,1,49,pokemon,description,,
0x001C55C9,Would you like to save the game?,32,1,33,pokemon,dialogue,,
0x001C55EA,"There is already a saved file.
Is it okay to overwrite it?",58,1,59,pokemon,dialogue,,
0x001C5631,T TURN OFF THE POWER.,21,1,22,pokemon,other,,
0x001C5649, saved the game.,16,1,17,pokemon,system,,
0x001C570A,"Are you sure you want to save now
and overwrite the other save file?",68,1,69,pokemon,dialogue,,
0x00236632,"These goggles protect the holder 
from both weather-related damage
and powder.",78,240,318,pokemon,description,,
0x00236C5C,"mon. It
is a stone tablet that boosts the
power of Fighting-type moves.",71,1,72,pokemon,description,,
0x00236CC0,"mon. It
is a stone tablet that boosts the
power of Flying-type moves.",69,1,70,pokemon,description,,
0x00236D22,"mon. It
is a stone tablet that boosts the
power of Poison-type moves.",69,1,70,pokemon,description,,
0x00236D84,"mon. It
is a stone tablet that boosts the
power of Ground-type moves.",69,1,70,pokemon,description,,
0x00236DE6,"mon. It
is a stone tablet that boosts the
power of Rock-type moves.",67,1,68,pokemon,description,,
0x00236E46,"mon. It
is a stone tablet that boosts the
power of Bug-type moves.",66,1,67,pokemon,description,,
0x00236EA5,"mon. It
is a stone tablet that boosts the
power of Ghost-type moves.",68,1,69,pokemon,description,,
0x00236F06,"mon. It
is a stone tablet that boosts the
power of Steel-type moves.",68,1,69,pokemon,description,,
0x00236F67,"mon. It
is a stone tablet that boosts the
power of Fire-type moves.",67,1,68,pokemon,description,,
0x00236FC7,"mon. It
is a stone tablet that boosts the
power of Water-type moves.",68,1,69,pokemon,description,,
0x00237028,"mon. It
is a stone tablet that boosts the
power of Bug-type moves.",66,1,67,pokemon,description,,
0x00237087,"mon. It
is a stone tablet that boosts the
power of Electric-type moves.",71,1,72,pokemon,description,,
0x002370EB,"mon. It
is a stone tablet that boosts the
power of Psychic-type moves.",70,1,71,pokemon,description,,
0x0023714E,"mon. It
is a stone tablet that boosts the
power of Ice-type moves.",66,1,67,pokemon,description,,
0x002371AD,"mon. It
is a stone tablet that boosts the
power of Dragon-type moves.",69,1,70,pokemon,description,,
0x0023720F,"mon. It
is a stone tablet that boosts the
power of Dark-type moves.",67,1,68,pokemon,description,,
0x0023726F,"mon. It
is a stone tablet that boosts the
power of Fairy-type moves.",68,13,81,pokemon,description,,
0x002372F8,Comet Shard,11,1,12,pokemon,location,,
0x00237314,Pearl String,12,1,13,pokemon,location,,
0x00237328,Big Nugget,10,206,216,pokemon,location,,
0x0023745B,Balm Mushroom,13,1,14,pokemon,location,,
0x00237469,Big Malasada,12,1,13,pokemon,location,,
0x002374B9,Old Gateau,10,1,11,pokemon,location,,
0x002374DE,Shalour Sable,13,1,14,pokemon,location,,
0x002375B0,Helix Fossil,12,1,13,pokemon,location,,
0x002375BD,Dome Fossil,11,1,12,pokemon,location,,
0x002375C9,Old Amber,9,1,10,pokemon,location,,
0x002375D3,Root Fossil,11,1,12,pokemon,location,,
0x002375DF,Claw Fossil,11,1,12,pokemon,location,,
0x002375EB,Skull Fossil,12,1,13,pokemon,location,,
0x002375F8,Armor Fossil,12,1,13,pokemon,location,,
0x00238D6A,Cancel,6,16,22,pokemon,system,,
0x0023E567, Trainer,8,3,11,pokemon,other,,
0x0023E57F,Agent,5,8,13,pokemon,other,,
0x0023E599,Waitress,8,5,13,pokemon,other,,
0x0023E5B3,Cyclist,7,6,13,pokemon,other,,
0x0023E5C0,Idol,4,9,13,pokemon,other,,
0x0023E5DA,Nurse,5,8,13,pokemon,other,,
0x0023E5F8, Kid,4,5,9,pokemon,other,,
0x0023E601,Rich Boy,8,5,13,pokemon,location,,
0x0023E628,Skier,5,8,13,pokemon,other,,
0x0023E635,Guitarist,9,4,13,pokemon,other,,
0x0023E642,Kindler,7,6,13,pokemon,other,,
0x0023E64F,Shocker,7,6,13,pokemon,other,,
0x0023E65C,Bug Maniac,10,3,13,pokemon,location,,
0x0023E669,Officer,7,6,13,pokemon,other,,
0x0023E683,Rich Girl,9,4,13,pokemon,location,,
0x0023E690,Successor,9,4,13,pokemon,other,,
0x0023E69D,School Kid,10,3,13,pokemon,location,,
0x0023E6C4,Expert,6,7,13,pokemon,other,,
0x0023E6D1,Rancher,7,6,13,pokemon,other,,
0x0023E6F8,Jogger,6,7,13,pokemon,other,,
0x0023E705,Dragon Tamer,12,1,13,pokemon,location,,
0x0023E71F,Ninja Boy,9,4,13,pokemon,location,,
0x0023E72C,Mega Trainer,12,1,13,pokemon,location,,
0x0023E739,Parasol Lady,12,1,13,pokemon,location,,
0x0023E76D,Developer,9,4,13,pokemon,other,,
0x0023E787,Collector,9,4,13,pokemon,other,,
0x0023E7A1,Black Emboar,12,1,13,pokemon,location,,
0x0023E7C8,Shadow Admin,12,1,13,pokemon,location,,
0x0023E7E2,Bug Catcher,11,2,13,pokemon,location,,
0x0023E83D,Youngster,9,4,13,pokemon,dialogue,,
0x0023E84A,Bug Catcher,11,2,13,pokemon,location,,
0x0023E857,Lass,4,9,13,pokemon,other,,
0x0023E864,Sailor,6,7,13,pokemon,other,,
0x0023E871,Camper,6,7,13,pokemon,other,,
0x0023E87E,Picnicker,9,4,13,pokemon,other,,
0x0023E88F, Maniac,7,2,9,pokemon,other,,
0x0023E898,Super Nerd,10,3,13,pokemon,location,,
0x0023E8A5,Hiker,5,8,13,pokemon,other,,
0x0023E8B2,Biker,5,8,13,pokemon,other,,
0x0023E8BF,Burglar,7,6,13,pokemon,other,,
0x0023E8CC,Worker,6,7,13,pokemon,other,,
0x0023E8D9,Fisherman,9,4,13,pokemon,other,,
0x0023E8F3,Roughneck,9,4,13,pokemon,other,,
0x0023E900,Gambler,7,6,13,pokemon,other,,
0x0023E90D,Beauty,6,7,13,pokemon,other,,
0x0023E927,Psychic,7,6,13,pokemon,other,,
0x0023E941,Juggler,7,6,13,pokemon,other,,
0x0023E94E,Tamer,5,8,13,pokemon,other,,
0x0023E95B,Bird Keeper,11,2,13,pokemon,location,,
0x0023E968,Black Belt,10,3,13,pokemon,location,,
0x0023E982,Scientist,9,4,13,pokemon,other,,
0x0023E98F,Boss,4,9,13,pokemon,other,,
0x0023E99C,Leader,6,7,13,pokemon,other,,
0x0023E9A9,Shadow,6,7,13,pokemon,other,,
0x0023E9B6,Ace Trainer,11,2,13,pokemon,location,,
0x0023E9C3,Elite Four,10,3,13,pokemon,location,,
0x0023E9D0,Gentleman,9,4,13,pokemon,other,,
0x0023E9EC, Trainer,8,3,11,pokemon,other,,
0x0023E9F7,Medium,6,7,13,pokemon,other,,
0x0023EA04,Twins,5,8,13,pokemon,other,,
0x0023EA5F,Battle Girl,11,2,13,pokemon,location,,
0x0023EA6C,Tuber,5,8,13,pokemon,other,,
0x0023EA7B, Breeder,8,3,11,pokemon,other,,
0x0023EA88, Ranger,7,4,11,pokemon,other,,
0x0023EA93,Aroma Lady,10,3,13,pokemon,location,,
0x0023EAA0,Ruin Maniac,11,2,13,pokemon,location,,
0x0023EABA,Painter,7,7,14,pokemon,other,,
0x0023ECFC,Grunt,5,19,24,pokemon,other,,
0x0023EE8C,Maxima,6,6,12,pokemon,other,,
0x0023F79C,Big Mo,6,6,12,pokemon,location,,
0x0023F7C4,Big Mo,6,6,12,pokemon,location,,
0x0023F7EC,Big Mo,6,6,12,pokemon,location,,
0x0023F864,Benjamin,8,4,12,pokemon,other,,
0x0023F88C,Benjamin,8,4,12,pokemon,other,,
0x00240944,Goon,4,20,24,pokemon,other,,
0x0024096C,Goon,4,20,24,pokemon,other,,
0x00240994,Goon,4,20,24,pokemon,other,,
0x002409BC,Goon,4,20,24,pokemon,other,,
0x00240A0C,Goon,4,20,24,pokemon,other,,
0x00240A34,Goon,4,20,24,pokemon,other,,
0x002412F4,Gruff,5,19,24,pokemon,other,,
0x00242014,Scientist,9,15,24,pokemon,other,,
0x0024203C,Scientist,9,15,24,pokemon,other,,
0x002421A4,Grunt,5,19,24,pokemon,other,,
0x0024221C,Grunt,5,19,24,pokemon,other,,
0x00242244,Grunt,5,19,24,pokemon,other,,
0x0024226C,Grunt,5,19,24,pokemon,other,,
0x00242294,Grunt,5,19,24,pokemon,other,,
0x002422BC,Grunt,5,19,24,pokemon,other,,
0x002422E4,Grunt,5,19,24,pokemon,other,,
0x0024230C,Grunt,5,19,24,pokemon,other,,
0x00242334,Grunt,5,19,24,pokemon,other,,
0x0024235C,Grunt,5,19,24,pokemon,other,,
0x00242384,Grunt,5,19,24,pokemon,other,,
0x002423AC,Grunt,5,19,24,pokemon,other,,
0x002423D4,Grunt,5,19,24,pokemon,other,,
0x002423FC,Grunt,5,19,24,pokemon,other,,
0x00242424,Grunt,5,19,24,pokemon,other,,
0x0024244C,Grunt,5,19,24,pokemon,other,,
0x00242474,Grunt,5,19,24,pokemon,other,,
0x0024249C,Grunt,5,19,24,pokemon,other,,
0x002424C4,Grunt,5,19,24,pokemon,other,,
0x002424EC,Grunt,5,19,24,pokemon,other,,
0x00242514,Grunt,5,19,24,pokemon,other,,
0x0024253C,Grunt,5,19,24,pokemon,other,,
0x0024258C,Grunt,5,19,24,pokemon,other,,
0x002425B4,Scientist,9,15,24,pokemon,other,,
0x002425DC,Grunt,5,19,24,pokemon,other,,
0x00242604,Grunt,5,19,24,pokemon,other,,
0x0024262C,Grunt,5,19,24,pokemon,other,,
0x00242654,Grunt,5,19,24,pokemon,other,,
0x0024267C,Grunt,5,19,24,pokemon,other,,
0x002426A4,Grunt,5,19,24,pokemon,other,,
0x002426F4,Grunt,5,19,24,pokemon,other,,
0x0024271C,Grunt,5,19,24,pokemon,other,,
0x00242744,Grunt,5,19,24,pokemon,other,,
0x0024276C,Grunt,5,19,24,pokemon,other,,
0x00242794,Grunt,5,19,24,pokemon,other,,
0x002427BC,GRUNT,5,19,24,pokemon,other,,
0x002427E4,Grunt,5,19,24,pokemon,other,,
0x002428FC,Osean,5,7,12,pokemon,other,,
0x00242B04,Elias,5,7,12,pokemon,other,,
0x00242C44,Big Mo,6,6,12,pokemon,location,,
0x00242C6C,Benjamin,8,4,12,pokemon,other,,
0x0024339C,Scientist,9,3,12,pokemon,other,,
0x00243414,Scientist,9,3,12,pokemon,other,,
0x0024343C,Scientist,9,15,24,pokemon,other,,
0x00243D24,Goon,4,20,24,pokemon,other,,
0x00243D4C,Goon,4,20,24,pokemon,other,,
0x00243D74,Goon,4,20,24,pokemon,other,,
0x00243D9C,Goon,4,20,24,pokemon,other,,
0x00244364,Goon,4,20,24,pokemon,other,,
0x002443B4,Goon,4,20,24,pokemon,other,,
0x00244404,Goon,4,20,24,pokemon,other,,
0x0024451C,Goon,4,20,24,pokemon,other,,
0x00244572, May,4,10,14,pokemon,other,,
0x0024483C,Goon,4,20,24,pokemon,other,,
0x00244864,Goon,4,20,24,pokemon,other,,
0x0024488C,Goon,4,20,24,pokemon,other,,
0x002448B4,Goon,4,20,24,pokemon,other,,
0x002448DC,Goon,4,20,24,pokemon,other,,
0x00244904,Goon,4,20,24,pokemon,other,,
0x0024492C,Goon,4,8,12,pokemon,other,,
0x00244954,Goon,4,20,24,pokemon,other,,
0x0024497C,Goon,4,20,24,pokemon,other,,
0x002449A4,Goon,4,20,24,pokemon,other,,
0x002449CC,Goon,4,20,24,pokemon,other,,
0x002449F4,Goon,4,20,24,pokemon,other,,
0x00244AE4,Goon,4,20,24,pokemon,other,,
0x00244B0C,Goon,4,20,24,pokemon,other,,
0x00244B34,Goon,4,20,24,pokemon,other,,
0x00244B5C,Goon,4,20,24,pokemon,other,,
0x00244B84,Goon,4,20,24,pokemon,other,,
0x00244BAC,Grunt,5,19,24,pokemon,other,,
0x00244BD4,Grunt,5,19,24,pokemon,other,,
0x00244BFC,Grunt,5,19,24,pokemon,other,,
0x00244C24,Grunt,5,19,24,pokemon,other,,
0x00244C4C,Grunt,5,19,24,pokemon,other,,
0x00244C74,Grunt,5,19,24,pokemon,other,,
0x00244C9C,Grunt,5,19,24,pokemon,other,,
0x00244CC4,Grunt,5,19,24,pokemon,other,,
0x00244CEC,Goon,4,20,24,pokemon,other,,
0x00244D14,Goon,4,20,24,pokemon,other,,
0x002450AC,Gruff,5,7,12,pokemon,other,,
0x002450D4,Gruff,5,7,12,pokemon,other,,
0x0024528C,Grunt,5,19,24,pokemon,other,,
0x002452B4,Grunt Elite,11,13,24,pokemon,location,,
0x002452DC,Grunt,5,19,24,pokemon,other,,
0x00245304,Grunt Elite,11,13,24,pokemon,location,,
0x00245584,Maxima,6,6,12,pokemon,other,,
0x002455AC,Maxima,6,6,12,pokemon,other,,
0x002455D4,Maxima,6,6,12,pokemon,other,,
0x00245944,Elias,5,7,12,pokemon,other,,
0x0024596C,Elias,5,7,12,pokemon,other,,
0x00245994,Elias,5,7,12,pokemon,other,,
0x00245DF4,Big Mo,6,6,12,pokemon,location,,
0x00245E1C,Big Mo,6,6,12,pokemon,location,,
0x00245E44,Big Mo,6,6,12,pokemon,location,,
0x00245E6C,Benjamin,8,4,12,pokemon,other,,
0x00245E94,Benjamin,8,4,12,pokemon,other,,
0x00245EBC,Benjamin,8,4,12,pokemon,other,,
0x0024F3C2,  No special ability.,21,1,22,pokemon,other,,
0x0024F3ED,mon.,4,1,5,pokemon,other,,
0x0024F3F2,Summons rain in battle.,23,1,24,pokemon,other,,
0x0024F40A,Gradually boosts Speed.,23,1,24,pokemon,location,,
0x0024F422,Blocks critical hits.,21,1,22,pokemon,location,,
0x0024F438,Negates 1-hit KO attacks.,25,1,26,pokemon,other,,
0x0024F452,Prevents self-destruction.,26,1,27,pokemon,location,,
0x0024F46D,Prevents paralysis.,19,1,20,pokemon,location,,
0x0024F481,Ups evasion in a sandstorm.,27,1,28,pokemon,other,,
0x0024F49D,Paralyzes on contact.,21,1,22,pokemon,location,,
0x0024F4B3,Turns electricity into HP.,26,1,27,pokemon,other,,
0x0024F4CE,Changes water into HP.,22,1,23,pokemon,other,,
0x0024F4E5,Prevents attraction.,20,1,21,pokemon,location,,
0x0024F4FA,Negates weather effects.,24,1,25,pokemon,location,,
0x0024F513,Raises accuracy.,16,1,17,pokemon,location,,
0x0024F524,Prevents sleep.,15,1,16,pokemon,location,,
0x0024F548,s move.,7,1,8,pokemon,other,,
0x0024F550,Prevents poisoning.,19,1,20,pokemon,location,,
0x0024F564,Powers up if hit by fire.,25,1,26,pokemon,other,,
0x0024F57E,Prevents added effects.,23,1,24,pokemon,location,,
0x0024F596,Prevents confusion.,19,1,20,pokemon,location,,
0x0024F5AA,Firmly anchors the body.,24,1,25,pokemon,other,,
0x0024F5D2,s Attack.,9,1,10,pokemon,other,,
0x0024F5ED,s escape.,9,1,10,pokemon,other,,
0x0024F5F7,Hurts to touch.,15,1,16,pokemon,location,,
0x0024F618, hits.,6,1,7,pokemon,other,,
0x0024F61F,Not hit by Ground attacks.,26,1,27,pokemon,other,,
0x0024F63A,Leaves spores on contact.,25,1,26,pokemon,other,,
0x0024F654,Passes on status problems.,26,1,27,pokemon,other,,
0x0024F66F,Prevents stat reduction.,24,1,25,pokemon,location,,
0x0024F68B,Heals upon switching out.,25,1,26,pokemon,other,,
0x0024F6A5,Draws electrical moves.,23,1,24,pokemon,location,,
0x0024F6BD,Promotes added effects.,23,1,24,pokemon,location,,
0x0024F6D5,Raises Speed in rain.,21,1,22,pokemon,other,,
0x0024F6EB,Raises Speed in sunshine.,25,1,26,pokemon,other,,
0x0024F705,Encounter rate increases.,25,1,26,pokemon,location,,
0x0024F71F,Copies special ability.,23,1,24,pokemon,location,,
0x0024F737,Raises Attack.,14,1,15,pokemon,location,,
0x0024F746,Poisons foe on contact.,23,1,24,pokemon,other,,
0x0024F75E,Prevents flinching.,19,1,20,pokemon,location,,
0x0024F772,Prevents freezing.,18,1,19,pokemon,location,,
0x0024F785,Prevents burns.,15,1,16,pokemon,location,,
0x0024F7AA,mon.,4,1,5,pokemon,other,,
0x0024F7AF,Avoids sound-based moves.,25,1,26,pokemon,location,,
0x0024F7C9,Slight HP recovery in rain.,27,1,28,pokemon,other,,
0x0024F7E5,Summons a sandstorm.,20,1,21,pokemon,location,,
0x0024F805,s PP usage.,11,1,12,pokemon,other,,
0x0024F811,Heat-and-cold protection.,25,1,26,pokemon,location,,
0x0024F82B,Awakens quickly from sleep.,27,1,28,pokemon,other,,
0x0024F847,Burns the foe on contact.,25,1,26,pokemon,other,,
0x0024F861,Makes escaping easier.,22,1,23,pokemon,location,,
0x0024F878,Prevents loss of accuracy.,26,1,27,pokemon,other,,
0x0024F893,Prevents Attack reduction.,26,1,27,pokemon,location,,
0x0024F8AE,May pick up items.,18,1,19,pokemon,other,,
0x0024F8C1,Moves only every two turns.,27,1,28,pokemon,other,,
0x0024F8DD,Trades accuracy for power.,26,1,27,pokemon,other,,
0x0024F8F8,Infatuates on contact.,22,1,23,pokemon,location,,
0x0024F90F,Powers up with Minus.,21,1,22,pokemon,other,,
0x0024F925,Powers up with Plus.,20,1,21,pokemon,other,,
0x0024F93A,Changes with the weather.,25,1,26,pokemon,other,,
0x0024F954,Prevents item theft.,20,1,21,pokemon,location,,
0x0024F969,Heals the body by shedding.,27,1,28,pokemon,other,,
0x0024F985,Ups Attack if suffering.,24,1,25,pokemon,other,,
0x0024F99E,Ups Defense if suffering.,25,1,26,pokemon,other,,
0x0024F9B8,Draining causes injury.,23,1,24,pokemon,location,,
0x0024F9D0,Ups Grass moves in a pinch.,27,1,28,pokemon,other,,
0x0024F9EC,Ups Fire moves in a pinch.,26,1,27,pokemon,other,,
0x0024FA07,Ups Water moves in a pinch.,27,1,28,pokemon,other,,
0x0024FA23,Ups Bug moves in a pinch.,25,1,26,pokemon,other,,
0x0024FA3D,Prevents recoil damage.,23,1,24,pokemon,location,,
0x0024FA55,Summons sunlight in battle.,27,1,28,pokemon,other,,
0x0024FA71,Prevents fleeing.,17,1,18,pokemon,location,,
0x0024FA83,Prevents sleep.,15,1,16,pokemon,location,,
0x0024FA93,Prevents stat reduction.,24,4,28,pokemon,location,,
0x0024FAAF,Raises Attack.,14,1,15,pokemon,location,,
0x0024FABE,Blocks critical hits.,21,1,22,pokemon,location,,
0x0024FAD4,Avoids sound-based moves.,25,1,26,pokemon,location,,
0x0024FAEE,Negates weather effects.,24,2,26,pokemon,location,,
0x0026D002,  The Top,9,5,14,pokemon,other,,
0x0026D5BA,mon?,4,1,5,pokemon,dialogue,,
0x0026D5BF,Thanks for battling with me!,28,1,29,pokemon,dialogue,,
0x0027795D,"Pointed stones float in the air
around the opposing team!",57,3,60,pokemon,dialogue,,
0x003D520D,ternise.,8,78,86,pokemon,other,,
0x003D5295,"nement
particulier.",19,10,29,pokemon,other,,
0x003D52ED,mon.,4,131,135,pokemon,other,,
0x003D53A4,mon.,4,199,203,pokemon,other,,
0x003D54B0,mon.,4,1,5,pokemon,other,,
0x003D54F1,mon.,4,14,18,pokemon,other,,
0x003D553E,mon.,4,86,90,pokemon,other,,
0x003D55D6," de ses
PV max.",15,70,85,pokemon,other,,
0x003D565E,mon.,4,28,32,pokemon,other,,
0x003D56AE,mon.,4,16,20,pokemon,other,,
0x003D56F3,mon.,4,15,19,pokemon,other,,
0x003D5739,mon.,4,18,22,pokemon,other,,
0x003D5789,mon.,4,17,21,pokemon,other,,
0x003D57CE,mon.,4,177,181,pokemon,other,,
0x003D5924,mon.,4,392,396,pokemon,other,,
0x003D5AB0,appear.,7,71,78,pokemon,other,,
0x003D5AFE,appear.,7,1,8,pokemon,other,,
0x003D5B41,mon.,4,213,217,pokemon,other,,
0x003D5C4F,s ancien.,9,14,23,pokemon,other,,
0x003D5C9A,s ancien.,9,16,25,pokemon,other,,
0x003D5CE8,s ancien.,9,17,26,pokemon,other,,
0x003D5D36,s ancien.,9,17,26,pokemon,other,,
0x003D5D8D,mon.,4,5,9,pokemon,other,,
0x003D5DD6,mon.,4,11,15,pokemon,other,,
0x003D5E26,mon.,4,11,15,pokemon,other,,
0x003D5E76,mon.,4,9,13,pokemon,other,,
0x003D5ECC,mon.,4,80,84,pokemon,other,,
0x003D5FA5,mon.,4,10,14,pokemon,other,,
0x003D6033,"quipe
pendant 5 tours.",22,95,117,pokemon,other,,
0x003D60EA,"mon
is withdrawn.",17,1,18,pokemon,other,,
0x003D613F,"mon
is withdrawn.",17,1,18,pokemon,other,,
0x003D6192,"mon
is withdrawn.",17,1,18,pokemon,other,,
0x003D61E8,mon is withdrawn.,17,1,18,pokemon,other,,
0x003D623D,mon is withdrawn.,17,145,162,pokemon,other,,
0x003D62F0,"mon sauvages
faibles pendant 200 pas.",37,3,40,pokemon,description,,
0x003D6329,"mon sauvages
faibles pendant 250 pas.",37,78,115,pokemon,description,,
0x003D63AD,"mon sauvages
faibles pendant 100 pas.",37,3,40,pokemon,description,,
0x003D6408,"mon evolve.
It is as red as the sun.",36,1,37,pokemon,description,,
0x003D6460,"mon evolve.
It is as black as the night sky.",44,1,45,pokemon,description,,
0x003D64C0,"mon evolve.
It is colored orange.",33,1,34,pokemon,description,,
0x003D6515,"mon evolve.
It has a thunderbolt pattern.",41,1,42,pokemon,description,,
0x003D6572,"mon evolve.
It is a clear light blue.",37,1,38,pokemon,description,,
0x003D65CB,"mon evolve.
It has a leaf pattern.",34,1,35,pokemon,description,,
0x003D65EE,"A small and rare mushroom.
It is quite popular among certain
people.",68,1,69,pokemon,description,,
0x003D6633,"A large and rare mushroom.
It is very popular among certain
people.",67,1,68,pokemon,description,,
0x003D6677,"A relatively small pearl that
sparkles in a pretty silver color.
It can be sold cheaply.",88,1,89,pokemon,description,,
0x003D66D0,"A quite-large pearl that sparkles
in a pretty silver color.
It can be sold at a high price.",91,1,92,pokemon,description,,
0x003D672C,"A pretty red sand with a loose,
silky feel.
It can be sold at a high price.",75,1,76,pokemon,description,,
0x003D6778,"A shard of a pretty gem that
sparkles in a red color.
It can be sold at a high price.",85,1,86,pokemon,description,,
0x003D67CE,"A nugget of pure gold that gives
off a lustrous gleam.
It can be sold at a high price.",86,1,87,pokemon,description,,
0x003D6825,"A pretty, heart-shaped scale that
is extremely rare. It glows faintly
in the colors of a rainbow.",97,1,98,pokemon,description,,
0x003D68D3,mon.,4,1,5,pokemon,other,,
0x003D6922,mon.,4,1,5,pokemon,other,,
0x003D6971,mon.,4,1,5,pokemon,other,,
0x003D69C2,mon.,4,1,5,pokemon,other,,
0x003D6A11,mon.,4,1,5,pokemon,other,,
0x003D6A60,mon.,4,1,5,pokemon,other,,
0x003D6AB0,mon holding it.,15,1,16,pokemon,other,,
0x003D6B0A,mon.,4,1,5,pokemon,other,,
0x003D6B5B,mon.,4,1,5,pokemon,other,,
0x003D6BAB,mon holding it.,15,1,16,pokemon,other,,
0x003D6C0E,mon.,4,1,5,pokemon,other,,
0x003D6C66,mon.,4,1,5,pokemon,other,,
0x003D6C7E,"mon, it will be
used in battle to heal paralysis.",49,1,50,pokemon,description,,
0x003D6CC3,"mon, it will be
used in battle to wake up.",42,1,43,pokemon,description,,
0x003D6D01,"mon, it will be
used in battle to cure poison.",46,1,47,pokemon,description,,
0x003D6D43,"mon, it will be
used in battle to heal a burn.",46,1,47,pokemon,description,,
0x003D6D85,"mon, it will be
used in battle for defrosting.",46,1,47,pokemon,description,,
0x003D6DC7,"mon, it will be
used in battle to restore 10 PP.",48,1,49,pokemon,description,,
0x003D6E0B,"mon, it will be
used in battle to restore 10 HP.",48,1,49,pokemon,description,,
0x003D6E4F,"mon, it will be
used in battle to lift confusion.",49,1,50,pokemon,description,,
0x003D6E94,"mon, it will be
used in battle to heal any problem.",51,1,52,pokemon,description,,
0x003D6EDB,"mon, it will be
used in battle to restore 30 HP.",48,1,49,pokemon,description,,
0x003D6F0C,"A held item that restores HP but
may cause confusion when used.",63,1,64,pokemon,description,,
0x003D6F4C,"A held item that restores HP but
may cause confusion when used.",63,1,64,pokemon,description,,
0x003D6F8C,"A held item that restores HP but
may cause confusion when used.",63,1,64,pokemon,description,,
0x003D6FCC,"A held item that restores HP but
may cause confusion when used.",63,1,64,pokemon,description,,
0x003D700C,"A held item that restores HP but
may cause confusion when used.",63,1,64,pokemon,description,,
0x003D704C,"Can be ground up into a powder as
an ingredient for medicine.",61,1,62,pokemon,description,,
0x003D708A,"Can be ground up into a powder as
an ingredient for medicine.",61,1,62,pokemon,description,,
0x003D70C8,"Can be ground up into a powder as
an ingredient for medicine.",61,1,62,pokemon,description,,
0x003D7106,"Can be ground up into a powder as
an ingredient for medicine.",61,1,62,pokemon,description,,
0x003D7144,"Can be ground up into a powder as
an ingredient for medicine.",61,1,62,pokemon,description,,
0x003D7182,"Can be ground up into a powder as
an ingredient for medicine.",61,1,62,pokemon,description,,
0x003D7537,"mon, it raises
the Attack stat in a pinch.",42,1,43,pokemon,description,,
0x003D7575,"mon, it raises
the Defense stat in a pinch.",43,1,44,pokemon,description,,
0x003D75B4,"mon, it raises
the Speed stat in a pinch.",41,1,42,pokemon,description,,
0x003D75F1,"mon, it raises
the Sp. Atk stat in a pinch.",43,1,44,pokemon,description,,
0x003D7630,"mon, it raises
the Sp. Def stat in a pinch.",43,1,44,pokemon,description,,
0x003D766F,"mon, it raises
the critical-hit ratio in a pinch.",49,1,50,pokemon,description,,
0x003D76B4,"mon, it sharply
raises one stat in a pinch.",43,1,44,pokemon,description,,
0x003D7770,s accuracy.,11,1,12,pokemon,other,,
0x003D7798,"mon.
It restores any lowered stat in
battle. It can be used only once.",70,1,71,pokemon,description,,
0x003D77FB,"mon.
It promotes strong growth but
lowers Speed while it is held.",65,1,66,pokemon,description,,
0x003D7864,"mon on your team to receive
Exp. Points from battles.     ",58,1,59,pokemon,dialogue,,
0x003D78BB,"mon.
A light and sharp claw. The holder
may be able to strike first.",68,1,69,pokemon,description,,
0x003D791C,"mon.
A bell with a comforting chime that
makes the holder calm and friendly.",76,1,77,pokemon,description,,
0x003D7985,"mon.
It snaps the holder out of
infatuation. It can be used once.",65,1,66,pokemon,description,,
0x003D7A3E,"mon.
It may cause the foe to flinch
upon taking damage.",55,1,56,pokemon,description,,
0x003D7A92,"mon.
A shiny silver powder that boosts
the power of Bug-type moves.",67,1,68,pokemon,description,,
0x003D7B6A,"mon if the
holder is first in the party.",40,1,41,pokemon,description,,
0x003D7BE5,"An item to be held by Clamperl.
A fang that gleams a sharp silver.
It raises the Sp. Atk stat. ",95,1,96,pokemon,description,,
0x003D7C45,"An item to be held by Clamperl.
A scale that shines a faint pink.
It raises the Sp. Def stat. ",94,1,95,pokemon,description,,
0x003D7CF4,mon for sure.,13,1,14,pokemon,other,,
0x003D7D33,"mon is prevented
from evolving.",31,1,32,pokemon,description,,
0x003D7D84,"mon may endure an
attack, leaving just 1 HP.",44,1,45,pokemon,description,,
0x003D7DCD,"mon.
An egg filled with happiness that
earns extra Exp. points in battle.",73,1,74,pokemon,description,,
0x003D7E75,mon.,4,1,5,pokemon,other,,
0x003D7E96,"mon.
A special metallic film that boosts
the power of Steel-type moves.",71,1,72,pokemon,description,,
0x003D7F0F,"mon gradually
regains HP during battle.",39,1,40,pokemon,description,,
0x003D7F62,"mon may be
holding it.",22,1,23,pokemon,other,,
0x003D7F79,"An orb to be held by Pikachu
that boosts the attacking stats.
Touching it may cause shocks.",91,1,92,pokemon,description,,
0x003D7FF1,"mon.
A loose, silky sand that boosts the
power of Ground-type moves.",68,1,69,pokemon,description,,
0x003D8052,"mon.
An unbreakable stone that boosts
the power of Rock-type moves.",67,1,68,pokemon,description,,
0x003D80B2,"mon.
A seed imbued with life that boosts
the power of Grass-type moves.",71,1,72,pokemon,description,,
0x003D8116,"mon.
A shady-looking pair of glasses
that boosts Dark-type moves.",65,1,66,pokemon,description,,
0x003D8174,"mon.
A belt that boosts determination
and Fighting-type moves.",62,1,63,pokemon,description,,
0x003D81CF,"mon.
A powerful magnet that boosts the
power of Electric-type moves.",68,1,69,pokemon,description,,
0x003D8230,"mon.
A teardrop-shaped gem that boosts
the power of Water-type moves.",69,1,70,pokemon,description,,
0x003D8292,"mon.
A long, sharp beak that boosts the
power of Flying-type moves.",67,1,68,pokemon,description,,
0x003D82F2,"mon.
A small, poisonous barb that boosts
the power of Poison-type moves.",72,1,73,pokemon,description,,
0x003D8357,"mon.
A piece of ice that repels heat
and boosts Ice-type moves.",63,1,64,pokemon,description,,
0x003D83B3,"mon.
A sinister, eerie tag that boosts
Ghost-type moves.",56,1,57,pokemon,description,,
0x003D8408,"mon.
A spoon imbued with telekinetic
power boosts Psychic-type moves.",69,1,70,pokemon,description,,
0x003D846A,"mon.
A combustible fuel that boosts the
power of Fire-type moves.",65,1,66,pokemon,description,,
0x003D84C8,"mon.
A hard and sharp fang that boosts
the power of Dragon-type moves.",70,1,71,pokemon,description,,
0x003D852B,"mon.
A sumptuous scarf that boosts the
power of Normal-type moves.",66,1,67,pokemon,description,,
0x003D856E,"A transparent device filled with all
sorts of data.
It is made by Silph Co.",75,1,76,pokemon,description,,
0x003D85EB,"mon regains some
HP upon striking the foe.",42,1,43,pokemon,description,,
0x003D8632,"mon.
It slightly boosts the power of
Water-type moves.",54,1,55,pokemon,description,,
0x003D86B4,s accuracy.,11,1,12,pokemon,other,,
0x003D86F3,"s critical-hit
ratio.",21,1,22,pokemon,other,,
0x003D8744,s Defense stat.,15,1,16,pokemon,other,,
0x003D8754,"A hard bone of some sort to be
held by a Cubone or Marowak.
It raises the Attack stat.",86,1,87,pokemon,description,,
0x003D87EC,"s
critical-hit ratio.",21,1,22,pokemon,other,,
0x003D8841,"s
COOL condition in CONTESTS.",29,1,30,pokemon,other,,
0x003D889E,"s
BEAUTY condition in CONTESTS.",31,1,32,pokemon,description,,
0x003D8A66,"A device used for finding items.
If there is a hidden item nearby
when it is used, it emits a signal.",101,1,102,pokemon,description,,
0x003D8B1E,mon.,4,1,5,pokemon,other,,
0x003D8B76,mon.,4,1,5,pokemon,other,,
0x003D8BCF,mon.,4,1,5,pokemon,other,,
0x003D8BD4,"A ticket required for sailing
between West and East Borrius.
It has a drawing of a ship. ",89,1,90,pokemon,description,,
0x003D8F2A,"An orb that glows red.
It is said to contain an incredible
power from ancient times.",84,1,85,pokemon,description,,
0x003D8F7F,"An orb that glows blue.
It is said to contain an incredible
power from ancient times.",85,1,86,pokemon,description,,
0x003D9025,"A pair of protective goggles.
They enable a Trainer to travel
through even desert sandstorms.",93,1,94,pokemon,description,,
0x003D90FA," electric barrier in
Thundercap Mt.",35,28,63,pokemon,description,,
0x003D9187, base.,6,14,20,pokemon,other,,
0x003D91E9, base.,6,14,20,pokemon,other,,
0x003D924B, base.,6,14,20,pokemon,other,,
0x003D92EE,"mon. It appears to be
part of a plant root.",43,1,44,pokemon,description,,
0x003D9349,"mon. It appears to be
part of a claw.",37,1,38,pokemon,description,,
0x003D93A6,"mon.
It is made by the Devon Corp.",34,1,35,pokemon,description,,
0x003DA80E,"mon
Mart.  ",11,1,12,pokemon,other,,
0x003DA866,"A pair of grimy socks found in the
Antisis City Sewers.                      ",77,1,78,pokemon,dialogue,,
0x003DA8CF,"dex
for your rival.",19,37,56,pokemon,dialogue,,
0x003DA995,"mon.
It is clear with a reddish tint.",37,1,38,pokemon,description,,
0x003DAA93,"mon. It appears to be
part of a seashell.",41,1,42,pokemon,description,,
0x003DAAEC,"mon. It appears to be
part of a shell.",38,1,39,pokemon,description,,
0x003DAB9F,"A very convenient map that can be
viewed anytime. It even shows your 
present location.",87,1,88,pokemon,dialogue,,
0x003DABF7,"A device that indicates Trainers
who want to battle. The battery
charges while traveling.",89,1,90,pokemon,description,,
0x003DAC7E,"ve heard and seen
about famous people.",38,1,39,pokemon,description,,
0x003DACDD,"s
sector for important items.",29,7,36,pokemon,other,,
0x003DAD38,"s
sector for important items.",29,7,36,pokemon,other,,
0x003DB49C,    Fresh Water,15,3,18,pokemon,other,,
0x003DB4C8,    Soda Pop,12,6,18,pokemon,other,,
0x003DB4F4,    Lemonade,12,6,18,pokemon,other,,
0x003DB90C,            Heal Ball,21,5,26,pokemon,other,,
0x003DB941,   Quick Ball,13,4,17,pokemon,other,,
0x003DB96C,    Dusk Ball,13,5,18,pokemon,other,,
0x003DB998,    Life Orb,12,6,18,pokemon,other,,
0x003DB9BC,            Toxic Orb,21,5,26,pokemon,other,,
0x003DB9E8,            Flame Orb,21,5,26,pokemon,other,,
0x003DBA14,            Black Sludge,24,2,26,pokemon,other,,
0x003DBAF0,            HP UP,17,9,26,pokemon,other,,
0x003DBB1C,            Protein,19,7,26,pokemon,other,,
0x003DBB48,            Iron,16,10,26,pokemon,other,,
0x003DBB74,            Carbos,18,8,26,pokemon,other,,
0x003DBBA0,            Calcium,19,7,26,pokemon,other,,
0x003DBBCC,            Rare Candy,22,4,26,pokemon,other,,
0x003DBC50,            PP Max,18,8,26,pokemon,other,,
0x003DBDEC, Doll,5,5,10,pokemon,other,,
0x003DBE10,    Fluffy Tail,15,3,18,pokemon,other,,
0x003DBF10,            Adamant Orb,23,9,32,pokemon,other,,
0x003DBF3C,            Lustrous Orb,24,8,32,pokemon,other,,
0x003DBF68,            Griseous Orb,24,8,32,pokemon,other,,
0x003DC018,            Sun Stone,21,5,26,pokemon,other,,
0x003DC044,            Moon Stone,22,4,26,pokemon,other,,
0x003DC0F4,            Leaf Stone,22,4,26,pokemon,other,,
0x003DC120,            Dusk Stone,22,4,26,pokemon,other,,
0x003DC14C,            Dawn Stone,22,4,26,pokemon,other,,
0x003DC178,            Shiny Stone,23,3,26,pokemon,other,,
0x003DC1A4,            Oval Stone,22,10,32,pokemon,other,,
0x003DC1D0,            TinyMushroom,24,2,26,pokemon,other,,
0x003DC228,            Odd Keystone,24,8,32,pokemon,other,,
0x003DC2AC,            Stardust,20,6,26,pokemon,other,,
0x003DC35C,            Big Nugget,22,4,26,pokemon,other,,
0x003DC388,            Pearl String,24,2,26,pokemon,other,,
0x003DC3E0,            Balm Mushroom,25,1,26,pokemon,other,,
0x003DC464,            Mega Anklet,23,3,26,pokemon,other,,
0x003DC701,   Cheri Berry,14,3,17,pokemon,dialogue,,
0x003DC72C,    Chesto Berry,16,2,18,pokemon,other,,
0x003DC758,    Pecha Berry,15,3,18,pokemon,other,,
0x003DC784,    Rawst Berry,15,3,18,pokemon,other,,
0x003DC7B0,    Aspear Berry,16,2,18,pokemon,other,,
0x003DC7DC,    Leppa Berry,15,3,18,pokemon,other,,
0x003DC808,    Oran Berry,14,4,18,pokemon,other,,
0x003DC834,    Persim Berry,16,2,18,pokemon,other,,
0x003DC860,    Lum Berry,13,5,18,pokemon,other,,
0x003DC88C,    Sitrus Berry,16,2,18,pokemon,other,,
0x003DC934,            Aguav Berry,23,3,26,pokemon,other,,
0x003DC960,            Iapapa Berry,24,2,26,pokemon,other,,
0x003DC98C,            Razz Berry,22,4,26,pokemon,other,,
0x003DC9B8,            Bluk Berry,22,4,26,pokemon,other,,
0x003DC9E4,            Nanab Berry,23,3,26,pokemon,other,,
0x003DCA10,            Wepear Berry,24,2,26,pokemon,other,,
0x003DCA3C,            Pinap Berry,23,3,26,pokemon,other,,
0x003DCA68,            Pomeg Berry,23,3,26,pokemon,other,,
0x003DCA94,            Kelpsy Berry,24,2,26,pokemon,other,,
0x003DCAC0,            Qualot Berry,24,2,26,pokemon,other,,
0x003DCAEC,            Hondew Berry,24,2,26,pokemon,other,,
0x003DCB18,            Grepa Berry,23,3,26,pokemon,other,,
0x003DCB44,            Tamato Berry,24,2,26,pokemon,other,,
0x003DCB70,            Cornn Berry,23,3,26,pokemon,other,,
0x003DCB9C,            Magost Berry,24,2,26,pokemon,other,,
0x003DCBC8,            Rabuta Berry,24,2,26,pokemon,other,,
0x003DCBF4,            Nomel Berry,23,3,26,pokemon,other,,
0x003DCC20,            Spelon Berry,24,2,26,pokemon,other,,
0x003DCC4C,            Pamtre Berry,24,2,26,pokemon,other,,
0x003DCC78,            Watmel Berry,24,2,26,pokemon,other,,
0x003DCCA4,            Durin Berry,23,3,26,pokemon,other,,
0x003DCCD0,            Belue Berry,23,3,26,pokemon,other,,
0x003DCCFC,            Liechi Berry,24,2,26,pokemon,dialogue,,
0x003DCD28,            Ganlon Berry,24,2,26,pokemon,other,,
0x003DCD54,            Salac Berry,23,3,26,pokemon,other,,
0x003DCD80,            Petaya Berry,24,2,26,pokemon,other,,
0x003DCDAC,            Apicot Berry,24,2,26,pokemon,other,,
0x003DCDD8,            Lansat Berry,24,2,26,pokemon,other,,
0x003DCE04,            Starf Berry,23,3,26,pokemon,other,,
0x003DCE64,    Choice Band,15,3,18,pokemon,other,,
0x003DCE90,    Choice Specs,16,2,18,pokemon,other,,
0x003DCEB4,            Choice Scarf,24,2,26,pokemon,other,,
0x003DCF0C,            White Herb,22,4,26,pokemon,other,,
0x003DCF38,            Macho Brace,23,3,26,pokemon,other,,
0x003DCF64,            Exp. Share,22,4,26,pokemon,other,,
0x003DCF90,            Quick Claw,22,4,26,pokemon,other,,
0x003DCFBC,            Soothe Bell,23,3,26,pokemon,other,,
0x003DD014,            Choice Band,23,3,26,pokemon,other,,
0x003DD051,s Rock,6,3,9,pokemon,other,,
0x003DD098,            Amulet Coin,23,3,26,pokemon,other,,
0x003DD0C4,            Cleanse Tag,23,3,26,pokemon,other,,
0x003DD0F0,            Soul Dew,20,6,26,pokemon,other,,
0x003DD174,            Smoke Ball,22,4,26,pokemon,other,,
0x003DD1CC,            Focus Band,22,4,26,pokemon,other,,
0x003DD1F8,            Lucky Egg,21,5,26,pokemon,other,,
0x003DD224,            Scope Lens,22,4,26,pokemon,other,,
0x003DD250,            Metal Coat,22,4,26,pokemon,other,,
0x003DD27C,            Leftovers,21,5,26,pokemon,other,,
0x003DD2A8,            Dragon Scale,24,2,26,pokemon,other,,
0x003DD2D4,            Light Ball,22,4,26,pokemon,other,,
0x003DD300,            Soft Sand,21,5,26,pokemon,other,,
0x003DD358,            Miracle Seed,24,2,26,pokemon,other,,
0x003DD3B0,            Black Belt,22,4,26,pokemon,other,,
0x003DD3DC,            Magnet,18,8,26,pokemon,other,,
0x003DD4E4,            TwistedSpoon,24,2,26,pokemon,other,,
0x003DD510,            Charcoal,20,6,26,pokemon,other,,
0x003DD644,            Lucky Punch,23,3,26,pokemon,other,,
0x003DD670,            Metal Powder,24,2,26,pokemon,other,,
0x003DD69C,            Thick Club,22,4,26,pokemon,other,,
0x003DD74C,            Magmarizer,22,4,26,pokemon,other,,
0x003DD7A4,            Razor Claw,22,4,26,pokemon,other,,
0x003DD7D0,            Razor Fang,22,4,26,pokemon,other,,
0x003DD880,            Expert Belt,23,9,32,pokemon,other,,
0x003DD8AC,            Power Herb,22,10,32,pokemon,other,,
0x003DD8D8,            Wide Lens,21,11,32,pokemon,other,,
0x003DD904,            Zoom Lens,21,11,32,pokemon,other,,
0x003DD930,            Destiny Knot,24,8,32,pokemon,other,,
0x003DDA0C,            Power Bracer,24,8,32,pokemon,other,,
0x003DDA38,            Power Belt,22,10,32,pokemon,other,,
0x003DDA64,            Power Lens,22,10,32,pokemon,other,,
0x003DDABC,            Power Anklet,24,8,32,pokemon,other,,
0x003DDAE8,            Power Weight,24,8,32,pokemon,other,,
0x003DDD24,            Old Rod,19,7,26,pokemon,other,,
0x003DDD50,            Good Rod,20,6,26,pokemon,other,,
0x003DDD85,   Super Rod,12,5,17,pokemon,other,,
0x003DDDB1,   SS. Ticket,13,4,17,pokemon,other,,
0x003DDF95,   Red Orb,10,7,17,pokemon,other,,
0x003DDFB8,            Blue Orb,20,6,26,pokemon,other,,
0x003DE144,            Root Fossil,23,3,26,pokemon,other,,
0x003DE170,            Claw Fossil,23,3,26,pokemon,other,,
0x003DECC8,            Mega Ring,21,5,26,pokemon,other,,
0x003DECF4,            Old Amber,21,5,26,pokemon,other,,
0x003DED78,            Helix Fossil,24,2,26,pokemon,other,,
0x003DEDA4,            Dome Fossil,23,3,26,pokemon,other,,
0x003DEE28,            Town Map,20,6,26,pokemon,other,,
0x003DEED8,            Berry Pouch,23,3,26,pokemon,other,,
0x003DF038,            Lunar Wing,22,4,26,pokemon,other,,
0x003EAA90,Close,5,1,6,pokemon,other,,
0x003EB532,Store,5,1,6,pokemon,other,,
0x003ECAAC,Cancel,6,1,7,pokemon,system,,
0x003EED08,Bellin Town,11,15,26,pokemon,location,,
0x003EED22,Crater Town,11,58,69,pokemon,location,,
0x003EED67,Tarmigan Town,13,3,16,pokemon,location,,
0x003EED93,Route 4,7,1,8,pokemon,location,,
0x003EED9B,Route 10,8,1,9,pokemon,location,,
0x003EEDA4,Route 1,7,1,8,pokemon,location,,
0x003EEDAC,Route 2,7,1,8,pokemon,location,,
0x003EEDB4,Route 3,7,1,8,pokemon,location,,
0x003EEDBC,ROUTE 4,7,1,8,pokemon,location,,
0x003EEDC4,Route 5,7,1,8,pokemon,location,,
0x003EEDCC,Route 6,7,1,8,pokemon,location,,
0x003EEDD4,Route 7,7,1,8,pokemon,location,,
0x003EEDDC,Route 8,7,1,8,pokemon,location,,
0x003EEDE4,Route 9,7,1,8,pokemon,location,,
0x003EEDEC,ROUTE 10,8,1,9,pokemon,location,,
0x003EEDF5,Route 11,8,1,9,pokemon,location,,
0x003EEDFE,Route 12,8,1,9,pokemon,location,,
0x003EEE07,Route 13,8,1,9,pokemon,location,,
0x003EEE10,Route 14,8,1,9,pokemon,location,,
0x003EEE19,Route 15,8,1,9,pokemon,location,,
0x003EEE22,Route 16,8,1,9,pokemon,location,,
0x003EEE2B,Route 17,8,1,9,pokemon,location,,
0x003EEE34,Route 18,8,64,72,pokemon,location,,
0x003EEE7C,Grim Woods,10,25,35,pokemon,location,,
0x003EEE9F,Underground Pass,16,18,34,pokemon,location,,
0x003EEEC1,Valley Cave,11,4,15,pokemon,location,,
0x003EEED0,Victory Road,12,54,66,pokemon,location,,
0x003EEF16,mon League,10,13,23,pokemon,other,,
0x003EEF2D,Rift Cave,9,7,16,pokemon,location,,
0x003EEF3D,Vivill Woods,12,2,14,pokemon,location,,
0x003EEF4B,Icicle Cave,11,62,73,pokemon,location,,
0x003EEF94,Cube Corp.,10,2,12,pokemon,location,,
0x003EEFEA,Cave of Being,13,157,170,pokemon,location,,
0x003EF133,Battle Mine,11,6,17,pokemon,location,,
0x003EF144,Battle Tower,12,51,63,pokemon,location,,
0x003EF183,Autl Woods,10,6,16,pokemon,location,,
0x003EF193,Cliff Cave,10,17,27,pokemon,location,,
0x003EF1AE,Battleground,12,31,43,pokemon,other,,
0x003EF1E8,Ferrothorn Turf,15,16,31,pokemon,location,,
0x003FB225,", come back!",12,1,13,pokemon,dialogue,,
0x003FB23B,", come back!",12,1,13,pokemon,dialogue,,
0x003FB255,", come back!",12,1,13,pokemon,dialogue,,
0x003FB283, a boosted,10,1,11,pokemon,other,,
0x003FB366,mon?,4,1,5,pokemon,dialogue,,
0x003FB381,"
protected itself!",18,1,19,pokemon,dialogue,,
0x003FB3D5," avoided
the attack!",20,23,43,pokemon,dialogue,,
0x003FB557,"
fell asleep!",13,1,14,pokemon,dialogue,,
0x003FB57E," is
already asleep!",19,1,20,pokemon,dialogue,,
0x003FB594," is
already asleep!",19,1,20,pokemon,dialogue,,
0x003FB5BE,"
was poisoned!",14,1,15,pokemon,dialogue,,
0x003FB5E4," is hurt
by poison!",19,1,20,pokemon,dialogue,,
0x003FB5FA," is already
poisoned.",21,1,22,pokemon,other,,
0x003FB612," is badly
poisoned!",19,1,20,pokemon,dialogue,,
0x003FB628," had its
energy drained!",24,1,25,pokemon,dialogue,,
0x003FB643, was burned!,12,1,13,pokemon,dialogue,,
0x003FB665," is hurt
by its burn!",21,1,22,pokemon,dialogue,,
0x003FB711," is paralyzed!
It may be unable to move!",40,1,41,pokemon,dialogue,,
0x003FB750,It may be unable to move!,25,1,26,pokemon,dialogue,,
0x003FB782,t move!,7,1,8,pokemon,dialogue,,
0x003FB78C," is
already paralyzed!",22,1,23,pokemon,dialogue,,
0x003FB7A5," was
healed of paralysis!",25,1,26,pokemon,dialogue,,
0x003FB7E1,t go higher!,12,1,13,pokemon,dialogue,,
0x003FB846," is
confused!",13,1,14,pokemon,dialogue,,
0x003FB856," snapped
out of confusion!",26,1,27,pokemon,dialogue,,
0x003FB873," became
confused!",17,1,18,pokemon,dialogue,,
0x003FB887," is
already confused!",21,1,22,pokemon,dialogue,,
0x003FB89F,"
fell in love!",14,1,15,pokemon,dialogue,,
0x003FB8C7," is
immobilized by love!",24,1,25,pokemon,dialogue,,
0x003FB923," regained
health!",17,1,18,pokemon,dialogue,,
0x003FB9BA," team is covered
by a veil!",27,1,28,pokemon,dialogue,,
0x003FBA01," team is no longer
protected by Safeguard!",42,1,43,pokemon,dialogue,,
0x003FBA31," went
to sleep!",15,1,16,pokemon,dialogue,,
0x003FBA60," whipped
up a whirlwind!",24,1,25,pokemon,dialogue,,
0x003FBA7B," took
in sunlight!",18,1,19,pokemon,dialogue,,
0x003FBA90," lowered
its head!",18,16,34,pokemon,dialogue,,
0x003FBAB4," flew
up high!",14,1,15,pokemon,dialogue,,
0x003FBAE7, sprang up!,11,1,12,pokemon,dialogue,,
0x003FBB09,s Bind!,7,1,8,pokemon,dialogue,,
0x003FBB13," was trapped
in the vortex!",27,1,28,pokemon,dialogue,,
0x003FBB9B," kept going
and crashed!",24,1,25,pokemon,dialogue,,
0x003FBBEB," is getting
pumped!",19,1,20,pokemon,dialogue,,
0x003FBC01," is hit
with recoil!",20,1,21,pokemon,dialogue,,
0x003FBC18," protected
itself!",18,1,19,pokemon,dialogue,,
0x003FBC2D," is buffeted
by the sandstorm!",30,1,31,pokemon,dialogue,,
0x003FBC4E," is pelted
by Hail!",19,1,20,pokemon,dialogue,,
0x003FBC76, was seeded!,12,1,13,pokemon,dialogue,,
0x003FBC85," evaded
the attack!",19,1,20,pokemon,dialogue,,
0x003FBC9C,"s health is
sapped by Leech Seed!",33,1,34,pokemon,dialogue,,
0x003FBCC0," is fast
asleep.",16,1,17,pokemon,other,,
0x003FBCD3, woke up!,9,1,10,pokemon,dialogue,,
0x003FBE02," is storing
energy!",19,1,20,pokemon,dialogue,,
0x003FBE18," unleashed
energy!",18,1,19,pokemon,dialogue,,
0x003FBE2D," became
confused due to fatigue!",32,1,33,pokemon,dialogue,,
0x003FBE8D," made
a Substitute!",19,1,20,pokemon,dialogue,,
0x003FBEA3," already
has a Substitute!",26,1,27,pokemon,dialogue,,
0x003FBEFC," must
recharge!",15,1,16,pokemon,dialogue,,
0x003FBF0F,"s Rage
is building!",19,1,20,pokemon,dialogue,,
0x003FBF53," got
an Encore!",15,1,16,pokemon,dialogue,,
0x003FBF9B," is trying
to take its foe with it!",35,1,36,pokemon,dialogue,,
0x003FC074," is afflicted
by the Curse!",27,1,28,pokemon,dialogue,,
0x003FC10E," braced
itself!",15,1,16,pokemon,dialogue,,
0x003FC142," cut its own HP
and maximized Attack!",37,1,38,pokemon,dialogue,,
0x003FC1C8," fled from
battle!",18,1,19,pokemon,dialogue,,
0x003FC1DD," foresaw
an attack!",19,1,20,pokemon,dialogue,,
0x003FC2AC," was subjected
to Torment!",26,1,27,pokemon,dialogue,,
0x003FC2C9," is tightening
its focus!",25,1,26,pokemon,dialogue,,
0x003FC2E5," fell for
the Taunt!",20,1,21,pokemon,dialogue,,
0x003FC314," switched
items with its opponent!",34,1,35,pokemon,dialogue,,
0x003FC39D,"s Wish
came true!",17,1,18,pokemon,dialogue,,
0x003FC3B1," planted its
roots!",19,1,20,pokemon,dialogue,,
0x003FC3C7," absorbed
nutrients with its roots!",35,1,36,pokemon,dialogue,,
0x003FC418, drowsy!,8,1,9,pokemon,dialogue,,
0x003FC43B," swapped
abilities with its opponent!",37,1,38,pokemon,dialogue,,
0x003FC485," wants the
opponent to bear a Grudge!",37,1,38,pokemon,dialogue,,
0x003FC4B1," 
lost all its PP due to the Grudge!",36,1,37,pokemon,dialogue,,
0x003FC560,"s power was
weakened!",21,1,22,pokemon,dialogue,,
0x003FC57B,"s power was
weakened!",21,1,22,pokemon,dialogue,,
0x003FC91A,"
restored its HP!",17,2,19,pokemon,dialogue,,
0x003FCA15," took the
attack!",17,1,18,pokemon,dialogue,,
0x003FCB41,sharply ,8,1,9,pokemon,other,,
0x003FCB4A,rose!,5,1,6,pokemon,dialogue,,
0x003FCB50,harshly ,8,1,9,pokemon,other,,
0x003FCB59,fell!,5,1,6,pokemon,dialogue,,
0x003FCBB4,"t
go any higher!",16,1,17,pokemon,dialogue,,
0x003FCBE4,A critical hit!,15,1,16,pokemon,dialogue,,
0x003FCBF7,s a one-hit KO!,15,1,16,pokemon,dialogue,,
0x003FCC77,s super effective!,18,1,19,pokemon,dialogue,,
0x003FCDF2,But nothing happened!,21,1,22,pokemon,dialogue,,
0x003FCE08,But it failed!,14,1,15,pokemon,dialogue,,
0x003FCE17,"It hurt itself in its
confusion!",32,1,33,pokemon,dialogue,,
0x003FCE38,The Mirror Move failed!,23,1,24,pokemon,dialogue,,
0x003FCE50,It started to rain!,19,1,20,pokemon,dialogue,,
0x003FCE64,A downpour started!,19,1,20,pokemon,dialogue,,
0x003FCE78,Rain continues to fall.,23,1,24,pokemon,other,,
0x003FCE90,The downpour continues.,23,1,24,pokemon,location,,
0x003FCEA8,The rain stopped.,17,1,18,pokemon,location,,
0x003FCEBA,A sandstorm brewed!,19,1,20,pokemon,dialogue,,
0x003FCECE,The sandstorm rages.,20,1,21,pokemon,location,,
0x003FCEE3,The sandstorm subsided.,23,1,24,pokemon,location,,
0x003FCEFB,The sunlight got bright!,24,1,25,pokemon,dialogue,,
0x003FCF14,The sunlight is strong.,23,1,24,pokemon,other,,
0x003FCF2C,The sunlight faded.,19,1,20,pokemon,location,,
0x003FCF40,It started to hail!,19,1,20,pokemon,dialogue,,
0x003FCF54,Hail continues to fall.,23,1,24,pokemon,other,,
0x003FCF6C,The hail stopped.,17,1,18,pokemon,location,,
0x003FCF7E,"But it failed to Spit Up
a thing!",33,1,34,pokemon,dialogue,,
0x003FCFA0,"But it failed to Swallow
a thing!",33,1,34,pokemon,dialogue,,
0x003FCFC2,"The wind turned into a
Heat Wave!",33,1,34,pokemon,dialogue,,
0x003FCFE4,"All stat changes were
eliminated!",33,1,34,pokemon,dialogue,,
0x003FD006,Coins scattered everywhere!,27,1,28,pokemon,dialogue,,
0x003FD022,"It was too weak to make
a Substitute!",37,1,38,pokemon,dialogue,,
0x003FD048,"The battlers shared
their pain!",31,1,32,pokemon,dialogue,,
0x003FD068,A bell chimed!,14,1,15,pokemon,dialogue,,
0x003FD088,"mon will
faint in three turns!",30,1,31,pokemon,dialogue,,
0x003FD0CA,"But there was no PP left
for the move!",38,1,39,pokemon,dialogue,,
0x003FD0F3," ignored
orders while asleep!",29,1,30,pokemon,dialogue,,
0x003FD113," ignored
orders!",16,1,17,pokemon,dialogue,,
0x003FD126, began to nap!,14,1,15,pokemon,dialogue,,
0x003FD137," is
loafing around!",19,1,20,pokemon,dialogue,,
0x003FD152,"t
obey!",7,1,8,pokemon,dialogue,,
0x003FD15C, turned away!,13,1,14,pokemon,dialogue,,
0x003FD16C," pretended
not to notice!",25,1,26,pokemon,dialogue,,
0x003FD1B3,mon?,4,1,5,pokemon,dialogue,,
0x003FD21A," is watching
carefully!",23,1,24,pokemon,dialogue,,
0x003FD234, is angry!,10,1,11,pokemon,dialogue,,
0x003FD241, is eating!,11,1,12,pokemon,dialogue,,
0x003FD4D6,"s enough!
Come back!",20,1,21,pokemon,dialogue,,
0x003FD4EC," , come back!",13,1,14,pokemon,dialogue,,
0x003FD4FB," , OK!
Come back!",17,1,18,pokemon,dialogue,,
0x003FD50E," , good!
Come back!",19,1,20,pokemon,dialogue,,
0x003FD593,Attack,6,1,7,pokemon,other,,
0x003FD59A,Defense,7,1,8,pokemon,other,,
0x003FD5A2,Speed,5,1,6,pokemon,other,,
0x003FD5A8,Sp. Atk,7,1,8,pokemon,location,,
0x003FD5B0,Sp. Def,7,1,8,pokemon,location,,
0x003FD5B8,accuracy,8,1,9,pokemon,other,,
0x003FD5C1,evasiveness,11,4,15,pokemon,other,,
0x003FD697,The Trainer blocked the Ball!,29,1,30,pokemon,dialogue,,
0x003FD6B9,t be a thief!,13,1,14,pokemon,dialogue,,
0x003FD6F3,t be caught!,12,1,13,pokemon,dialogue,,
0x003FD713,mon!,4,1,5,pokemon,dialogue,,
0x003FD728,mon broke free!,15,1,16,pokemon,dialogue,,
0x003FD738,"Aww!
It appeared to be caught!",30,1,31,pokemon,dialogue,,
0x003FD757,"Aargh!
Almost had it!",21,1,22,pokemon,dialogue,,
0x003FD76D,"Shoot!
It was so close, too!",28,1,29,pokemon,dialogue,,
0x003FD850,It is raining.,14,1,15,pokemon,location,,
0x003FD96F,  problem!,10,1,11,pokemon,dialogue,,
0x003FD9A0,"
restored health!",17,1,18,pokemon,dialogue,,
0x003FD9F0,"
restored its HP!",17,2,19,pokemon,dialogue,,
0x003FE6E1, do?,4,1,5,pokemon,dialogue,,
0x003FE6F2,"
throw?",7,1,8,pokemon,dialogue,,
0x003FE6FA,"What will the
old man do?",25,1,26,pokemon,dialogue,,
0x003FE799,"Yes
No",6,1,7,pokemon,other,,
0x003FE7A8,"Switch
which?",13,1,14,pokemon,dialogue,,
0x003FE7D4,Attack ,7,1,8,pokemon,location,,
0x003FE7DC,Defense,7,1,8,pokemon,other,,
0x003FE7E4,Sp. Atk,7,1,8,pokemon,location,,
0x003FE7EC,Sp. Def,7,1,8,pokemon,location,,
0x003FE90B,a ??? move,10,1,11,pokemon,dialogue,,
0x00415A6E,New Game,8,1,9,pokemon,location,,
0x00415A77,Continue,8,1,9,pokemon,other,,
0x00415C1B,"The previous save file will be
loaded.",38,1,39,pokemon,system,,
0x00415C42,"The save file has been
deleted...",33,1,34,pokemon,dialogue,,
0x00415C64,"The 1M sub-circuit board is
not installed.",42,1,43,pokemon,description,,
0x00415CE8,TIME,4,1,5,pokemon,other,,
0x00415D70,Cancel,6,2,8,pokemon,system,,
0x00415D83,Cancel,6,3,9,pokemon,system,,
0x00415DA0,dex   Table of Contents,23,1,24,pokemon,other,,
0x00415DD7,National,8,1,9,pokemon,other,,
0x00415DEA,mon Habitats,12,1,13,pokemon,other,,
0x00415E8E,Search,6,1,7,pokemon,other,,
0x00415E95,Numerical Mode,14,1,15,pokemon,location,,
0x00415EA4,A To Z Mode,11,1,12,pokemon,other,,
0x00415EB6,Other,5,1,6,pokemon,other,,
0x00415ED5,Type Mode,9,1,10,pokemon,location,,
0x00415EDF,Lightest Mode,13,1,14,pokemon,location,,
0x00415EED,Smallest Mode,13,1,14,pokemon,location,,
0x00415F05,mon List,8,1,9,pokemon,other,,
0x00415F1D, Kanto,6,1,7,pokemon,other,,
0x00415F33, National,9,1,10,pokemon,other,,
0x00415F41,mon List,8,1,9,pokemon,other,,
0x00415F4A,Search,6,1,7,pokemon,other,,
0x00415F5F,Cancel,6,1,7,pokemon,system,,
0x00415F88,Cancel,6,2,8,pokemon,system,,
0x00415FC1,Cancel,6,1,7,pokemon,system,,
0x00415FC9, Next,5,1,6,pokemon,other,,
0x00415FDA,Previous Data,13,1,14,pokemon,location,,
0x00415FE8,Area,4,1,5,pokemon,other,,
0x00415FED,Size,4,1,5,pokemon,other,,
0x00415FF2,Area Unknown,12,1,13,pokemon,location,,
0x00416002,Page,4,2,6,pokemon,other,,
0x00416007, Welcome to the Hall of Fame!,29,4,33,pokemon,dialogue,,
0x0041608F," The Hall of Fame data is
corrupted.",36,1,37,pokemon,description,,
0x004160C8,"League Champion!
CONGRATULATIONS!",33,3,36,pokemon,dialogue,,
0x004160F1,   Lv. ,7,4,11,pokemon,other,,
0x004160F9,   Name,7,4,11,pokemon,other,,
0x00416101,   IDNo.,8,1,9,pokemon,other,,
0x0041617A,Player,6,1,7,pokemon,other,,
0x004161A9,Register,8,1,9,pokemon,other,,
0x004161B2,Give,4,1,5,pokemon,other,,
0x004161C1,Cancel,6,1,7,pokemon,system,,
0x004161C8,Exit,4,2,6,pokemon,other,,
0x004161D4,Item,4,1,5,pokemon,other,,
0x004161DE,Take,4,1,5,pokemon,other,,
0x004161E3,Store,5,1,6,pokemon,other,,
0x004161EF,None,4,1,5,pokemon,other,,
0x004161F9,Deselect,8,1,9,pokemon,system,,
0x0041623D,"Yes
No",6,1,7,pokemon,other,,
0x00416244,"Go back to the
previous menu.",29,1,30,pokemon,system,,
0x00416262,What would you like to do?,26,1,27,pokemon,dialogue,,
0x004162A2,Retire,6,1,7,pokemon,other,,
0x004162C7,Coins,5,1,6,pokemon,other,,
0x004162CD,Items,5,1,6,pokemon,other,,
0x004162DE,Key Items,9,1,10,pokemon,location,,
0x004162E8,Deposit Item,12,1,13,pokemon,location,,
0x00416301," is
selected.",13,1,14,pokemon,system,,
0x00416352,"
be placed?",11,1,12,pokemon,dialogue,,
0x004163C1,"s no room to
store items.",25,1,26,pokemon,other,,
0x00416416," of
this item?",14,1,15,pokemon,dialogue,,
0x004166D3,TM Case,7,1,8,pokemon,location,,
0x004166DB,Close,5,1,6,pokemon,other,,
0x004166E1,"The TM Case will be
put away.",29,1,30,pokemon,other,,
0x0041670A,Berry Pouch,11,1,12,pokemon,location,,
0x00416716,"The Berry Pouch will be
put away.",33,1,34,pokemon,description,,
0x00416757,Quit shopping.,14,1,15,pokemon,location,,
0x00416768,"? Certainly.
How many would you like?",37,1,38,pokemon,dialogue,,
0x004167B3,. Okay?,7,1,8,pokemon,dialogue,,
0x004167E7,"Here you are!
Thank you!",24,1,25,pokemon,dialogue,,
0x0041689E,Is there anything else I can do?,32,1,33,pokemon,dialogue,,
0x00416913,"?
How many would you like to sell?",34,1,35,pokemon,dialogue,,
0x00416943,".
Would that be okay?",21,1,22,pokemon,dialogue,,
0x0041697E,Shift,5,1,6,pokemon,other,,
0x00416984,Send Out,8,1,9,pokemon,location,,
0x0041698D,Switch,6,1,7,pokemon,other,,
0x00416994,Summary,7,1,8,pokemon,other,,
0x004169A9,No Entry,8,1,9,pokemon,location,,
0x004169C5,Sp. Atk,7,1,8,pokemon,location,,
0x004169CD,Sp. Def,7,1,8,pokemon,location,,
0x00416C67,"Would you like to switch the
two items?",39,1,40,pokemon,dialogue,,
0x004171F1,Move to where?,14,1,15,pokemon,dialogue,,
0x00417210,mon?,4,1,5,pokemon,dialogue,,
0x00417226,mon?,4,1,5,pokemon,dialogue,,
0x0041723D,mon?,4,1,5,pokemon,dialogue,,
0x0041725E,s nothing to Cut.,17,1,18,pokemon,other,,
0x00417270,No Surfing here!,16,1,17,pokemon,dialogue,,
0x00417285,re already Surfing.,19,1,20,pokemon,other,,
0x0041729D,t use that here.,16,1,17,pokemon,other,,
0x004172AE,Restore which move?,19,1,20,pokemon,dialogue,,
0x004172D5,Do what with an item?,21,1,22,pokemon,dialogue,,
0x004172EB,No battling this way!,21,1,22,pokemon,dialogue,,
0x00417361,The current is much too fast!,29,1,30,pokemon,dialogue,,
0x004173A1,mon or Cancel.,14,1,15,pokemon,system,,
0x004173BB,mon and confirm.,16,1,17,pokemon,other,,
0x00417411,No use.,7,1,8,pokemon,location,,
0x00417419,ABLE,4,1,5,pokemon,other,,
0x00417431,ABLE,4,1,5,pokemon,other,,
0x00417436,NOT ABLE,8,1,9,pokemon,location,,
0x0041743F,ABLE!,5,1,6,pokemon,dialogue,,
0x00417445,NOT ABLE!,9,1,10,pokemon,dialogue,,
0x0041744F,LEARNED,7,1,8,pokemon,other,,
0x00417533,Cut a tree or grass.,20,1,21,pokemon,other,,
0x00417548,Fly to a known town.,20,1,21,pokemon,other,,
0x0041755D,Travel on water.,16,1,17,pokemon,location,,
0x0041756E,Move heavy boulders.,20,1,21,pokemon,location,,
0x00417583,Light up darkness.,18,1,19,pokemon,location,,
0x00417596,Shatter a cracked rock.,23,1,24,pokemon,other,,
0x004175AE,Climb a waterfall.,18,1,19,pokemon,location,,
0x004175CC,Escape from here.,17,1,18,pokemon,location,,
0x004175EC,mon.,4,1,5,pokemon,other,,
0x004175F1,Share HP.,9,1,10,pokemon,location,,
0x004175FB,Return to a healing spot.,25,1,26,pokemon,other,,
0x00417674,Attack,6,1,7,pokemon,other,,
0x0041767B,Defense,7,1,8,pokemon,other,,
0x0041768D,Speed,5,1,6,pokemon,other,,
0x004176E2,Turn Off,8,1,9,pokemon,location,,
0x004176F1,Item Storage,12,1,13,pokemon,location,,
0x004176FE,Mailbox,7,1,8,pokemon,other,,
0x00417706,Deposit Item,12,1,13,pokemon,location,,
0x00417713,Withdraw Item,13,1,14,pokemon,location,,
0x0041772A,Store items in the PC.,22,1,23,pokemon,other,,
0x00417741,Take out items from the PC.,27,1,28,pokemon,other,,
0x0041778A,"There is no more
room in the BAG.",33,1,34,pokemon,description,,
0x00417828,s Mail?,7,1,8,pokemon,dialogue,,
0x00417830,"The message will be lost.
Is that okay?",39,1,40,pokemon,dialogue,,
0x004178A7,"Withdraw
Item",13,1,14,pokemon,other,,
0x004178B5,Withdraw,8,1,9,pokemon,other,,
0x004178BE,Return to the PC.,17,1,18,pokemon,other,,
0x004178E6,Info,4,1,5,pokemon,other,,
0x00417944,SINGLE BATTLE,13,1,14,pokemon,location,,
0x00417952,DOUBLE BATTLE,13,1,14,pokemon,location,,
0x00417BA7,s PC,4,1,5,pokemon,other,,
0x00417BB1,s PC,4,1,5,pokemon,other,,
0x00417BB9,s PC,4,1,5,pokemon,other,,
0x00417BBE,Hall of Fame,12,1,13,pokemon,location,,
0x00417BCB,Log Off,7,1,8,pokemon,location,,
0x00417BDD,s PC,4,1,5,pokemon,other,,
0x00417C0F,Fresh Water,11,1,12,pokemon,location,,
0x00417C1B,Soda Pop,8,1,9,pokemon,location,,
0x00417C24,Lemonade,8,1,9,pokemon,other,,
0x00417C2D,Coins,5,1,6,pokemon,other,,
0x00417D56,HELIX FOSSIL,12,1,13,pokemon,location,,
0x00417D63,DOME FOSSIL,11,1,12,pokemon,location,,
0x00417D6F,OLD AMBER,9,1,10,pokemon,location,,
0x00417D79,Trade Center,12,1,13,pokemon,location,,
0x00417D86,Colosseum,9,1,10,pokemon,other,,
0x00417DA9,Items Sector,12,1,13,pokemon,location,,
0x00417DB6,Key Items Sector,16,1,17,pokemon,location,,
0x00417DCB, Balls Sector,13,1,14,pokemon,other,,
0x00417DD9,TM Case,7,1,8,pokemon,location,,
0x00417DE1,Berry Pouch,11,1,12,pokemon,location,,
0x00418177,s BATTLE RESULTS,16,1,17,pokemon,other,,
0x00418208,Exit from the Box.,18,1,19,pokemon,other,,
0x0041821B,What do you want to do?,23,1,24,pokemon,dialogue,,
0x00418233,Please pick a theme.,20,1,21,pokemon,other,,
0x00418248,Pick the wallpaper.,19,1,20,pokemon,location,,
0x0041825D,  is selected.,14,1,15,pokemon,system,,
0x0041826C,Jump to which Box?,18,1,19,pokemon,dialogue,,
0x0041827F,Deposit in which Box?,21,1,22,pokemon,dialogue,,
0x004182A7,The Box is full.,16,1,17,pokemon,other,,
0x004182C9,mon?,4,1,5,pokemon,dialogue,,
0x004182CF,  was released.,15,1,16,pokemon,other,,
0x004182FA,mon.,4,1,5,pokemon,other,,
0x00418314,mon!,4,1,5,pokemon,dialogue,,
0x00418324,s full!,7,1,8,pokemon,dialogue,,
0x00418341,mon!,4,1,5,pokemon,dialogue,,
0x00418346,Which one will you take?,24,1,25,pokemon,dialogue,,
0x00418367,t release an Egg.,17,1,18,pokemon,other,,
0x00418379,Continue Box operations?,24,1,25,pokemon,dialogue,,
0x004183C5,Please remove the Mail.,23,1,24,pokemon,other,,
0x004183F0,Placed item in Cube V3.,23,1,24,pokemon,other,,
0x00418408,Cube V3 is full.,16,1,17,pokemon,other,,
0x00418419,Put this item in Cube V3?,25,1,26,pokemon,dialogue,,
0x00418434,  is now held.,14,1,15,pokemon,other,,
0x0041845B,t be stored!,12,1,13,pokemon,dialogue,,
0x00418468,Cancel,6,1,7,pokemon,system,,
0x0041846F,Store,5,1,6,pokemon,other,,
0x00418475,Withdraw,8,1,9,pokemon,other,,
0x0041847E,Shift,5,1,6,pokemon,other,,
0x00418484,Move,4,1,5,pokemon,other,,
0x0041848F,Summary,7,1,8,pokemon,other,,
0x00418497,Release,7,1,8,pokemon,other,,
0x0041849F,Mark,4,1,5,pokemon,other,,
0x004184A9,Jump,4,1,5,pokemon,other,,
0x004184AE,Wallpaper,9,1,10,pokemon,other,,
0x004184B8,Take,4,1,5,pokemon,other,,
0x004184BD,Give,4,1,5,pokemon,other,,
0x004184D2,Scenery 1,9,1,10,pokemon,location,,
0x004184DC,Scenery 2,9,1,10,pokemon,location,,
0x004184E6,Scenery 3,9,1,10,pokemon,location,,
0x004184F0,Etcetera,8,1,9,pokemon,other,,
0x004184F9,Forest,6,1,7,pokemon,other,,
0x00418500,City,4,1,5,pokemon,other,,
0x00418505,Desert,6,1,7,pokemon,other,,
0x0041850C,Savanna,7,1,8,pokemon,other,,
0x00418514,Crag,4,1,5,pokemon,other,,
0x00418519,Volcano,7,1,8,pokemon,other,,
0x00418521,Snow,4,1,5,pokemon,other,,
0x00418526,Cave,4,1,5,pokemon,other,,
0x0041852B,Beach,5,1,6,pokemon,other,,
0x00418531,Seafloor,8,1,9,pokemon,other,,
0x0041853A,River,5,1,6,pokemon,other,,
0x00418544,Stars,5,1,6,pokemon,other,,
0x0041854E,Center,6,1,7,pokemon,other,,
0x00418555,Tiles,5,1,6,pokemon,other,,
0x0041855B,Simple,6,1,7,pokemon,other,,
0x004185A5,See Ya!,7,1,8,pokemon,dialogue,,
0x004185C4,"mon if you
have any in a Box.",29,1,30,pokemon,dialogue,,
0x00418601,mon in any Box.,15,1,16,pokemon,other,,
0x00418622,"mon that are
stored in any Box.",31,1,32,pokemon,description,,
0x00418665,mon in a Box or your party.,27,1,28,pokemon,dialogue,,
0x00418681,See you later!,14,1,15,pokemon,dialogue,,
0x004186AB,mon!,4,1,5,pokemon,dialogue,,
0x004186C8,mon.,4,1,5,pokemon,other,,
0x00418E52,Box Name?,9,1,10,pokemon,dialogue,,
0x00418E5D,s nickname?,11,1,12,pokemon,dialogue,,
0x00418E85,Back,4,4,8,pokemon,other,,
0x00418E8E, Guide,6,1,7,pokemon,other,,
0x00418E96, Cancel,7,1,8,pokemon,system,,
0x00418E9F, Cancel,7,1,8,pokemon,system,,
0x00418EB7,Move,4,1,5,pokemon,other,,
0x00419783,"  nature.
Met in a trade.",25,1,26,pokemon,other,,
0x0041979E,"  nature.
Met in a trade.",25,1,26,pokemon,other,,
0x00419A48,"mon Egg found by the
Day-Care couple.",37,1,38,pokemon,description,,
0x00419A79,"mon Egg obtained from
the traveling man.",40,1,41,pokemon,description,,
0x00419ABC,"mon Egg
obtained at a nice place.",33,1,34,pokemon,description,,
0x00419AE9,"mon Egg obtained from
an old woman at the SPA.",46,1,47,pokemon,description,,
0x00419B27,"mon Egg obtained
in a trade.",28,1,29,pokemon,other,,
0x00419B44,"It looks like this
Egg will take a
long time to hatch.",54,1,55,pokemon,description,,
0x00419B7B,"What will hatch
from this? It will
take some time.",50,1,51,pokemon,dialogue,,
0x00419BAE,"It occasionally
moves. It should
hatch soon.",44,1,45,pokemon,description,,
0x00419BF2,"s almost ready
to hatch!",24,1,25,pokemon,dialogue,,
0x00419C21,mon Info,8,1,9,pokemon,other,,
0x00419C2E,mon Skills,10,1,11,pokemon,other,,
0x00419C39,Known Moves,11,1,12,pokemon,location,,
0x00419C6A, Cancel,7,1,8,pokemon,system,,
0x00419C73, Cancel,7,1,8,pokemon,system,,
0x00419C7D,Page,4,1,5,pokemon,other,,
0x00419C8A, Detail,7,1,8,pokemon,other,,
0x00419C9A, Switch,7,1,8,pokemon,other,,
0x00419CA4,Pick,4,1,5,pokemon,other,,
0x00419CE1,IDNo.,5,1,6,pokemon,other,,
0x00419CFD,TIME,4,1,5,pokemon,other,,
0x00419DEB,Battle Style,12,1,13,pokemon,location,,
0x00419E0A,Frame,5,8,13,pokemon,other,,
0x00419E2C,Shift,5,1,6,pokemon,other,,
0x00419E6B,Cancel,6,1,7,pokemon,system,,
0x00419F60,T TURN OFF THE POWER.,21,1,22,pokemon,other,,
0x0041B2B7,Attack,6,1,7,pokemon,other,,
0x0041B2BE,Defense,7,1,8,pokemon,other,,
0x0041B2C6,Speed,5,1,6,pokemon,other,,
0x0041B2CC,Sp. Atk,7,1,8,pokemon,location,,
0x0041B2D4,Sp. Def,7,1,8,pokemon,location,,
0x0041B329,Huh?,4,1,5,pokemon,dialogue,,
0x0041B4B0,T TURN OFF THE POWER.,21,1,22,pokemon,other,,
0x0041B6D5,Player,6,1,7,pokemon,other,,
0x0041B6FF, hatched from the Egg!,22,1,23,pokemon,dialogue,,
0x0041B836,Cancel,6,1,7,pokemon,system,,
0x0041CC4E,T TURN OFF THE POWER.,21,1,22,pokemon,other,,
0x0041DFC2,Cancel,6,1,7,pokemon,system,,
0x0041DFD7,Cancel,6,1,7,pokemon,system,,
0x0041E051,TIME,4,1,5,pokemon,other,,
0x0041E0B9,Cancel,6,1,7,pokemon,system,,
0x0041E2EE,Cancel,6,1,7,pokemon,system,,
0x0041E388,"t seem to like
each other much.",31,1,32,pokemon,description,,
0x0041E3CE,mon than each other.,20,1,21,pokemon,other,,
0x0041E5E2,Cancel,6,1,7,pokemon,system,,
0x00444C54,"mon. It iscurrently under investigation. No detailed
information is available at this time.",91,99,190,pokemon,description,,
0x00444D5B,"brer
sa floraison.",18,10,28,pokemon,other,,
0x00444DD8,mon.,4,3,7,pokemon,other,,
0x00444E81,"toile dans son repaire
montagneux.",34,10,44,pokemon,description,,
0x00444EE4,s un combat difficile.,22,30,52,pokemon,other,,
0x00444F67,re occasion.,12,13,25,pokemon,other,,
0x00444FCF, populaire.,11,112,123,pokemon,other,,
0x004450A6,res.,4,101,105,pokemon,other,,
0x00445161, de pollen.,11,103,114,pokemon,other,,
0x0044522A,voluer.,7,3,10,pokemon,other,,
0x0044528B,camper.,7,4,11,pokemon,other,,
0x004452F1,agresse.,8,101,109,pokemon,other,,
0x004453AD,raciner les arbres.,19,8,27,pokemon,other,,
0x0044540B," tous
les terrains.",19,98,117,pokemon,other,,
0x004454D6,herbe avec le bec.,18,2,20,pokemon,other,,
0x004455A1,"y
attend le moins.",18,106,124,pokemon,other,,
0x0044566F,lectrique.,10,13,23,pokemon,other,,
0x004456CC," dans le
sol.",13,18,31,pokemon,other,,
0x00445742,ger.,4,6,10,pokemon,other,,
0x0044580E,rer fatale.,11,194,205,pokemon,other,,
0x00445925,fend avec sa corne toxique.,27,10,37,pokemon,other,,
0x00445970,"ennemi sur sa corne qui distille un
poison puissant.",52,12,64,pokemon,dialogue,,
0x004459E8,"phonique comme une
allumette.",29,214,243,pokemon,other,,
0x00445B00,"ge,
ses six queues en forment de nouvelles.",43,8,51,pokemon,description,,
0x00445B54,"tiennent un pouvoir mystique. Il peut
vivre pendant mille ans.",62,2,64,pokemon,dialogue,,
0x00445B9B,"il roule ses grands yeux ronds,
il entonne une berceuse qui endort son
auditoire.",81,14,95,pokemon,dialogue,,
0x00445C52,air.,4,12,16,pokemon,other,,
0x00445C92,mis par sa gueule.,18,39,57,pokemon,other,,
0x00445CFF,"paisse des peaux et
sucer le sang de la victime.",48,6,54,pokemon,description,,
0x00445D7E,"ne en
semant des graines.",25,10,35,pokemon,other,,
0x00445DFB,tres.,5,8,13,pokemon,other,,
0x00445FB0,"cailles poudreuses en
battant des ailes. Elles sont toxiques
au toucher.",72,18,90,pokemon,description,,
0x00446052,"re du
jour.",11,28,39,pokemon,other,,
0x004460D8,tres.,5,6,11,pokemon,other,,
0x00446121,mon nocturne.,13,121,134,pokemon,other,,
0x004461CA,"rieux
lui font subir de constantes migraines.",45,29,74,pokemon,dialogue,,
0x00446247," font de lui un
nageur exceptionnel.",36,9,45,pokemon,dialogue,,
0x004462AD,"nerve, toute la colonie
suit son exemple.",41,16,57,pokemon,description,,
0x00446314,"enfuit et devient fou de rage quand
on le frappe.",49,7,56,pokemon,description,,
0x0044637E," ce que son Dresseur lui
donne un ordre.",40,12,52,pokemon,description,,
0x004463FA,"ur des
hommes.",14,15,29,pokemon,other,,
0x00446457," peine sur
ses nouveaux pieds.",30,103,133,pokemon,other,,
0x00446521,"an
Pacifique.",13,18,31,pokemon,other,,
0x0044657E,"il dort 18 heures
par jour.",27,94,121,pokemon,other,,
0x00446636,"es par la
puissance de son esprit.",34,12,46,pokemon,description,,
0x004466B2,"
la fois.",9,119,128,pokemon,other,,
0x0044674D," de ses
quatre bras puissants font des ravages
sur ses adversaires.",67,11,78,pokemon,description,,
0x004468B0,mement corrosif.,16,8,24,pokemon,other,,
0x0044690A,"cher sur la
terre ferme.",24,22,46,pokemon,other,,
0x0044695B,"emprisonner ses adversaires dans un
redoutable filet venimeux.",62,109,171,pokemon,description,,
0x00446A66,ter!,4,2,6,pokemon,dialogue,,
0x00446A6C,"Aucun explosif ne pourrait entamer sa
carapace de pierre. Il mue une fois par
an.",81,29,110,pokemon,description,,
0x00446B29,"
force de galoper.",18,7,25,pokemon,other,,
0x00446B85,tincelles ardentes.,19,8,27,pokemon,other,,
0x00446BBA,"cheur adroit
qui utilise sa queue. Elle est
insensible aux morsures.",68,4,72,pokemon,dialogue,,
0x00446C58, mordre.,8,105,113,pokemon,other,,
0x00446D24,visions.,8,3,11,pokemon,other,,
0x00446D79,"ril
de sa vie.",14,16,30,pokemon,other,,
0x00446DE1,pathique.,9,121,130,pokemon,other,,
0x00446EA2,"te pour briser
la banquise.",27,130,157,pokemon,other,,
0x00446F64,"
aux rayons X de la lune. Il vit dans les
ordures.",50,18,68,pokemon,description,,
0x00446FDD,"ment les plantes et les
arbres au contact.",42,112,154,pokemon,description,,
0x0044707F,"fend en fermant sa coquille et
projette des piquants qui repoussent ses
agresseurs.",83,24,107,pokemon,dialogue,,
0x00447120,"importe qui en
quelques secondes.",33,17,50,pokemon,dialogue,,
0x004471A4,paule.,6,8,14,pokemon,other,,
0x004471F2,"rement un
Ectoplasma.",21,24,45,pokemon,other,,
0x004472AF,"autrui. Il adore les songes
amusants.",37,26,63,pokemon,description,,
0x00447344,veiller.,8,7,15,pokemon,other,,
0x00447353,"Il creuse son terrier sur des plages
sablonneuses. Ses pinces repoussent si
on les brise.",89,9,98,pokemon,description,,
0x0044740B, manier.,8,99,107,pokemon,other,,
0x004474C9,clater.,7,10,17,pokemon,other,,
0x00447531,pare.,5,112,117,pokemon,other,,
0x004475F3,"ne
creux.",9,11,20,pokemon,other,,
0x0044768E,"allongent, ce
qui ne manque jamais de surprendre au
premier combat.",67,99,166,pokemon,dialogue,,
0x0044778D,es entre elles.,15,100,115,pokemon,other,,
0x0044784C,ils soient fort rares.,22,5,27,pokemon,other,,
0x004478B5,il soit stupide.,16,7,23,pokemon,other,,
0x004478FD,"a rendu plus intelligent,
mais il est distrait.",47,3,50,pokemon,description,,
0x004479C7,"un fin duvet. Il est
chatouilleux.",34,7,41,pokemon,description,,
0x00447A37,"r
pour les laisser jouer dehors.",32,6,38,pokemon,description,,
0x00447AB1,encre opaque.,13,5,18,pokemon,other,,
0x00447B0F,decine traditionnelle.,22,7,29,pokemon,other,,
0x00447B3A,"gance quand il nage, ses
coups de corne sont redoutables.",57,208,265,pokemon,description,,
0x00447C88,"rieux vers
le ciel nocturne.",28,101,129,pokemon,other,,
0x00447DBD, les comprendre.,16,9,25,pokemon,other,,
0x00447E0A," ses coups. Profitez-en
pour filer!",35,15,50,pokemon,dialogue,,
0x00447E9F, voir.,6,108,114,pokemon,other,,
0x00447F59," pour
sa nature violente.",25,8,33,pokemon,other,,
0x00447FCB,est tout...,11,93,104,pokemon,dialogue,,
0x00448066,"mon sur son dos. Il comprend
le langage humain.",47,4,51,pokemon,description,,
0x004480F0,il voit.,8,4,12,pokemon,other,,
0x00448139," son
environnement.",19,15,34,pokemon,other,,
0x004481B1,fier.,5,23,28,pokemon,other,,
0x00448222,charges.,8,2,10,pokemon,other,,
0x00448262,"e de son corps,
atteignant les 1 700 C.",39,23,62,pokemon,description,,
0x004482AF," par des scientifiques
peut arpenter librement le cyberespace.",62,31,93,pokemon,description,,
0x00448341,"un fossile. Il
peuplait autrefois les mers.",43,3,46,pokemon,description,,
0x004483B3,"tait devenue
trop grosse.",25,121,146,pokemon,other,,
0x00448488,"volution de
ses proies.",23,11,34,pokemon,other,,
0x004484FC, des scies.,11,10,21,pokemon,other,,
0x00448511,"Une fois le ventre plein, il est trop
amorphe pour lever le petit doigt.
Sautez sur son ventre!",95,16,111,pokemon,dialogue,,
0x004485D8,air.,4,103,107,pokemon,other,,
0x0044868D,"e du
printemps.",15,16,31,pokemon,other,,
0x004486E7,couvert sa mue.,15,121,136,pokemon,other,,
0x004487C1, la terre ferme.,16,205,221,pokemon,other,,
0x004488E0,"te. Il
raffole des bains de soleil.",35,4,39,pokemon,description,,
0x0044893E, qui vous donne du tonus.,25,15,40,pokemon,dialogue,,
0x004489B2,tries.,6,16,22,pokemon,other,,
0x00448A16,il prend peur.,14,109,123,pokemon,other,,
0x00448AE8,il produit.,11,2,13,pokemon,other,,
0x00448B50,fier.,5,5,10,pokemon,other,,
0x00448B71,"che pas prise
avant que ses crocs se brisent. Ils
repoussent par la suite.",74,3,77,pokemon,description,,
0x00448C02,"clair pour
mordre sa proie.",27,8,35,pokemon,other,,
0x00448C33,"s nerveux prend appui sur
sa queue pour observer ses alentours.",63,28,91,pokemon,dialogue,,
0x00448CE0, sa vitesse.,12,15,27,pokemon,other,,
0x00448D18,"me heure.
Dans certaines cultures, il incarne la
sagesse.",57,20,77,pokemon,description,,
0x00448DA8,"s
sombre.",9,16,25,pokemon,other,,
0x00448E1E,odeur.,6,4,10,pokemon,other,,
0x00448E4C,"toiles. Plus il y en a et plus ses
motifs dorsaux sont grands.",62,3,65,pokemon,description,,
0x00448EE4,une proie.,10,7,17,pokemon,other,,
0x00448F2C,"en servira pour la
retrouver, elle et ses amis.",47,2,49,pokemon,description,,
0x00448FB7, marcher.,9,115,124,pokemon,other,,
0x00449071,"toile des
profondeurs.",22,17,39,pokemon,other,,
0x004490E5,lectrocuter.,12,16,28,pokemon,other,,
0x00449122,"toile
filante. Il se montre souvent quand on
en voit.",53,93,146,pokemon,description,,
0x004491F2,"il stocke dans sa
coquille.",27,5,32,pokemon,other,,
0x00449247,tres bons.,10,38,48,pokemon,other,,
0x004492BA,"pines. Il
ne tient pas en place.",32,8,40,pokemon,description,,
0x00449314,". Il guette sans cesse la
course du soleil.",43,11,54,pokemon,description,,
0x00449384," statique. Son
contact peut choquer.",36,7,43,pokemon,description,,
0x00449452,"en servait pour
envoyer des signaux.",36,17,53,pokemon,description,,
0x004494CC," par la
chaleur du soleil.",26,113,139,pokemon,other,,
0x004495B0,eau.,4,6,10,pokemon,other,,
0x00449606,eau et fuit la pluie.,21,10,31,pokemon,other,,
0x00449625,"Il rassemble ses pairs pour les
commander. Il utilise son cri pour
diriger Ptitard.",83,206,289,pokemon,dialogue,,
0x0044974C," par les vents saisonniers, il
fait le tour du globe en semant des
spores de coton.",83,19,102,pokemon,description,,
0x004497B2,"Sa queue est aussi agile que ses mains.
Il vit en haut des grands arbres.",73,28,101,pokemon,dialogue,,
0x00449872, froid.,7,9,16,pokemon,other,,
0x004498EA,"La vitesse de ses ailes lui permet un
vol stationnaire. Il surveille ainsi
tout son territoire.",95,12,107,pokemon,dialogue,,
0x004499A8,shydratation.,13,9,22,pokemon,other,,
0x00449A00,"cifs et
autres bateaux de passage.",34,203,237,pokemon,description,,
0x00449AED,"Quand il est en danger, il tente de
semer ses poursuivants dans les chemins
montagneux.",87,106,193,pokemon,description,,
0x00449BAE,"Il fait peur aux aventuriers en pleine
nuit et se nourrit de leur frayeur.",74,120,194,pokemon,description,,
0x00449CB6,"elle
renferme un secret.",24,7,31,pokemon,other,,
0x00449D32,res.,4,99,103,pokemon,other,,
0x00449DBC,"acier. Ses yeux vigilants sont la
seule partie visible de son corps.",68,3,71,pokemon,description,,
0x00449E53, peine voler.,13,3,16,pokemon,other,,
0x00449E97," son visage et la frapper
avec son dard.",40,10,50,pokemon,description,,
0x00449EF2," cause du fer contenu dans la terre
dont il se nourrit.",55,4,59,pokemon,description,,
0x00449F5A,"mon. Par contre, les femmes le
trouvent mignon.",47,107,154,pokemon,description,,
0x0044A044,tre nageur.,11,11,22,pokemon,other,,
0x0044A0A3,attaque.,8,22,30,pokemon,other,,
0x0044A110,licieux.,8,9,17,pokemon,other,,
0x0044A157," grand renfort de coups de
corne.",33,12,45,pokemon,description,,
0x0044A1C7,"entre eux
faisant diversion.",28,3,31,pokemon,other,,
0x0044A239,t unique.,9,9,18,pokemon,other,,
0x0044A24B,"Il marque de ses griffes les arbres de
son territoire qui portent des Baies ou
des fruits.",90,9,99,pokemon,dialogue,,
0x0044A2CD,"il cesse
de bouger, il refroidit et durcit.",43,27,70,pokemon,description,,
0x0044A31B,"rature corporelle avoisine les
10 000 C. Des flammes fusent des
fissures de sa coquille.",88,296,384,pokemon,description,,
0x0044A4EC,eau.,4,17,21,pokemon,other,,
0x0044A54A,"encre
sur ses proies.",21,10,31,pokemon,other,,
0x0044A5BA,s en montagne.,14,9,23,pokemon,other,,
0x0044A775,"placements provoque des
tourbillons. Il vit dans les grottes
sous-marines.",74,9,83,pokemon,description,,
0x0044A801," porter un humain
adulte sur son dos.",37,201,238,pokemon,description,,
0x0044A944,attirait.,9,101,110,pokemon,other,,
0x0044A9F0,"fiant des ennemis
plus grands.",30,9,39,pokemon,other,,
0x0044AA57,"cuple sa
puissance destructrice.",32,3,35,pokemon,description,,
0x0044AB5E,"rature de son corps peut atteindre
600 C.",41,99,140,pokemon,description,,
0x0044AC3C, apporter la joie.,18,98,116,pokemon,other,,
0x0044ACED,"ruption quelque
part.",21,19,40,pokemon,other,,
0x0044AD4D,"es. Il accompagne le vent
du nord.",34,14,48,pokemon,description,,
0x0044ADC7,endort pour grandir.,20,3,23,pokemon,other,,
0x0044AE23,"e en
expulsant des gaz.",23,113,136,pokemon,other,,
0x0044AEFE,te de 40 jours.,15,3,18,pokemon,other,,
0x0044AF5B,ternelle.,9,19,28,pokemon,other,,
0x0044AFC7,en temps de paix.,17,7,24,pokemon,other,,
0x0044B006,"pines lui permettant de marcher au
mur et au plafond.",53,12,65,pokemon,dialogue,,
0x0044B047,"Il vit dans les jungles denses. Il saute
de branche en branche pour approcher de
sa proie.",90,196,286,pokemon,description,,
0x0044B1BD,ennemi.,7,2,9,pokemon,other,,
0x0044B1C6,"Flames spout from its wrists, envelopingits knuckles. The stronger the foes, the
more intensely they burn.",106,3,109,pokemon,description,,
0x0044B266,"te. Il est assez fort
pour soulever des rochers.",48,9,57,pokemon,description,,
0x0044B368,pais.,5,13,18,pokemon,other,,
0x0044B41F,"un bon
Dresseur.",16,35,51,pokemon,other,,
0x0044B49F,herbe ou sous terre.,20,3,23,pokemon,other,,
0x0044B4F6,"vier sa
course et loupe souvent sa cible.",41,15,56,pokemon,description,,
0x0044B574,"pines
venimeuses.",17,27,44,pokemon,other,,
0x0044B5F1,eau de pluie.,13,10,23,pokemon,other,,
0x0044B65C,range.,6,109,115,pokemon,other,,
0x0044B723,arbres urbains.,15,14,29,pokemon,other,,
0x0044B784,"mon qui ne
savent pas nager.",28,9,37,pokemon,dialogue,,
0x0044B801,ranger.,7,8,15,pokemon,other,,
0x0044B860,cher de danser.,15,8,23,pokemon,other,,
0x0044B8C5,mon.,4,36,40,pokemon,other,,
0x0044B99A,"s
capables de souffler une maison.",34,2,36,pokemon,description,,
0x0044BA11,te de climats chauds.,21,12,33,pokemon,other,,
0x0044BA89,clair.,6,123,129,pokemon,other,,
0x0044BBCF,chauffe.,8,9,17,pokemon,other,,
0x0044BC28,nergie.,7,17,24,pokemon,other,,
0x0044BC73,"er un mini trou noir par sa
seule force mentale.",48,99,147,pokemon,dialogue,,
0x0044BD4C," voler
dans toutes les directions.",34,15,49,pokemon,description,,
0x0044BDAE,"es. Il est dangereux de les
inhaler.",36,25,61,pokemon,description,,
0x0044BE40,un boxeur pro.,14,10,24,pokemon,other,,
0x0044BEA7,iller.,6,19,25,pokemon,other,,
0x0044BEF2,"est pourquoi il ne tient pas
en place.",38,9,47,pokemon,dialogue,,
0x0044BF5A,"conomiser ses forces et
contre-attaquer.",40,25,65,pokemon,description,,
0x0044BFC5," ses antennes car ses yeux sont
quasiment aveugles.",51,187,238,pokemon,description,,
0x0044C112,action.,7,101,108,pokemon,other,,
0x0044C1B7,"mettent toutes
sortes de bruits.",32,30,62,pokemon,description,,
0x0044C242,arbres abattus.,15,113,128,pokemon,other,,
0x0044C316,s puissante.,12,110,122,pokemon,other,,
0x0044C390,"Il poursuit tout ce qui bouge. On le
voit parfois courir en cercle, chassant
sa propre queue.",93,20,113,pokemon,dialogue,,
0x0044C443,"de pas de
nid.",14,119,133,pokemon,other,,
0x0044C4FF,"te. Elle peut broyer des
barres de fer.",39,13,52,pokemon,description,,
0x0044C56D,"vore parfois des
rails et des voitures.",39,105,144,pokemon,description,,
0x0044C65F,cie.,4,15,19,pokemon,other,,
0x0044C6BE,ditation.,9,16,25,pokemon,other,,
0x0044C71A,"aura de ses
adversaires.",24,15,39,pokemon,other,,
0x0044C788," dans
sa fourrure.",18,12,30,pokemon,other,,
0x0044C7E2,"orage pour appeler la
foudre.",29,13,42,pokemon,other,,
0x0044C863,tincelles.,10,6,16,pokemon,other,,
0x0044C8A4,"tincelles quand il est en
mauvaise posture.",43,99,142,pokemon,description,,
0x0044C964,"crire des arabesques dans le
ciel nocturne.",43,13,56,pokemon,description,,
0x0044C9DA,"able et relaxant
pour son entourage.",36,5,41,pokemon,description,,
0x0044CA5C,il avale.,9,8,17,pokemon,other,,
0x0044CAC9,ennemi.,7,99,106,pokemon,other,,
0x0044CB75,"appelle tyran
des mers.",23,303,326,pokemon,other,,
0x0044CD0F,ruption.,8,118,126,pokemon,other,,
0x0044CE49,ler ses ennemis.,16,106,122,pokemon,other,,
0x0044CF1E,buche.,6,3,9,pokemon,other,,
0x0044CFDC,sert.,5,4,9,pokemon,other,,
0x0044D019,"sert peut survivre 30
jours sans boire.",39,186,225,pokemon,description,,
0x0044D0FA,"Il aime enlacer ses amis dans ses ailes
cotonneuses et ronronner.",65,32,97,pokemon,description,,
0x0044D1A0,"es sont
son meilleur atout.",27,21,48,pokemon,other,,
0x0044D1F8,"te la lame de sa queue sur les
rochers avant le combat.",55,9,64,pokemon,description,,
0x0044D250," au cycle
lunaire, car il ne sort que les soirs de
pleine lune.",63,26,89,pokemon,description,,
0x0044D2F9,re en tournoyant.,17,94,111,pokemon,other,,
0x0044D391,clenchant des secousses terribles.,34,26,60,pokemon,description,,
0x0044D41F,chent jamais prise.,19,3,22,pokemon,other,,
0x0044D477,"mon hors de
sa mare.",20,29,49,pokemon,other,,
0x0044D4E8,"couvert dans
de vieilles ruines.",32,17,49,pokemon,description,,
0x0044D577,trange.,7,8,15,pokemon,other,,
0x0044D5BC,"es. La science a permis
de le ressusciter.",42,14,56,pokemon,description,,
0x0044D649,e se retire.,12,3,15,pokemon,other,,
0x0044D67E,"un
fossile. Il vivait en mer et chassait
avec ses pinces.",57,2,59,pokemon,description,,
0x0044D6D7,"volution.
Une armure robuste recouvre son corps.",48,135,183,pokemon,description,,
0x0044D7DF,angle de vue.,13,7,20,pokemon,other,,
0x0044D855,eau.,4,5,9,pokemon,other,,
0x0044D90A,"res des
gens vindicatifs.",25,111,136,pokemon,other,,
0x0044D9CF,"entre eux en
traversant les murs.",33,7,40,pokemon,description,,
0x0044DAA3," la base de son
cou.",20,24,44,pokemon,other,,
0x0044DB18,lodieuses et saisissantes.,26,3,29,pokemon,other,,
0x0044DB7B,"attention sur lui, il vit reclus.",33,3,36,pokemon,description,,
0x0044DCAB,air.,4,20,24,pokemon,other,,
0x0044DD1C, la nage.,9,3,12,pokemon,other,,
0x0044DD65,"tre leur odeur et
leur texture.",31,14,45,pokemon,description,,
0x0044DDD2,"ge du
froid, mais aussi des attaques.",37,94,131,pokemon,dialogue,,
0x0044DE86,"dules avec sa queue qui
rappelle un petit poisson.",50,15,65,pokemon,description,,
0x0044DF00,"on sache pourquoi.
Il vit au fond de la mer.",44,212,256,pokemon,description,,
0x0044E03B,"ne en sautant du
haut des falaises.",35,5,40,pokemon,description,,
0x0044E0B0,voluant.,8,313,321,pokemon,other,,
0x0044E242,un superordinateur.,19,8,27,pokemon,other,,
0x0044E2BA,parer.,6,12,18,pokemon,other,,
0x0044E31A,"
de -200 C.",11,15,26,pokemon,other,,
0x0044E3DC,re et le rend invisible.,24,18,42,pokemon,other,,
0x0044E44B,"action
en repliant ses ailes.",29,205,234,pokemon,other,,
0x0044E54D,"ozone, au dessus
des nuages. Il est invisible depuis le
sol.",60,108,168,pokemon,description,,
0x0045747E,Cancel,6,4,10,pokemon,system,,
0x00458FDC,Cancel,6,2,8,pokemon,system,,
0x0045938F,LLv.,4,1,5,pokemon,other,,
0x00463D60,                                                                                            Hardy,97,1,98,pokemon,description,,
0x00463DC2,Lonely,6,1,7,pokemon,other,,
0x00463DC9,Brave,5,1,6,pokemon,other,,
0x00463DCF,Adamant,7,1,8,pokemon,other,,
0x00463DD7,Naughty,7,1,8,pokemon,other,,
0x00463DDF,Bold,4,1,5,pokemon,other,,
0x00463DE4,Docile,6,1,7,pokemon,other,,
0x00463DEB,Relaxed,7,1,8,pokemon,other,,
0x00463DF3,Impish,6,1,7,pokemon,other,,
0x00463DFE,Timid,5,1,6,pokemon,other,,
0x00463E04,Hasty,5,1,6,pokemon,other,,
0x00463E0A,Serious,7,1,8,pokemon,other,,
0x00463E12,Jolly,5,1,6,pokemon,other,,
0x00463E18,Naive,5,1,6,pokemon,other,,
0x00463E1E,Modest,6,1,7,pokemon,other,,
0x00463E25,Mild,4,1,5,pokemon,other,,
0x00463E2A,Quiet,5,1,6,pokemon,other,,
0x00463E30,Bashful,7,1,8,pokemon,other,,
0x00463E38,Rash,4,1,5,pokemon,other,,
0x00463E3D,Calm,4,1,5,pokemon,other,,
0x00463E42,Gentle,6,1,7,pokemon,other,,
0x00463E49,Sassy,5,1,6,pokemon,other,,
0x00463E4F,Careful,7,1,8,pokemon,other,,
0x00463E57,Quirky,6,3,9,pokemon,other,,
0x004659FA,"""""""""",4,5,9,ascii,other,,
0x00465A97,ffff,4,0,4,ascii,other,,
0x00465B40,633@c ,6,0,6,ascii,other,,
0x00465B47,c3ck63,6,0,6,ascii,other,,
0x00465B4E,ff3c,4,1,5,ascii,other,,
0x00465B8D,wwwwD,5,0,5,ascii,other,,
0x00465BAE,733s ,5,0,5,ascii,other,,
0x00465BB5,s3s|73ww$3s,11,1,12,ascii,other,,
0x00465C03,???3,4,0,4,ascii,dialogue,,
0x00465CE8,UFDX`U,6,0,6,ascii,other,,
0x00465D12,"#""U?""""dD",8,1,9,ascii,dialogue,,
0x00465D25,"_U""""",4,0,4,ascii,other,,
0x00465E5E, S@d,4,0,4,ascii,other,,
0x00465EC0,dffh,4,0,4,ascii,other,,
0x00465EC5,f?fd,4,1,5,ascii,dialogue,,
0x00465EF2,V(CC,4,0,4,ascii,other,,
0x00465F09,ddddvv,6,0,6,ascii,other,,
0x00465F14,GGGGdHhf,8,1,9,ascii,other,,
0x00465F7C,@1p9,4,1,5,ascii,other,,
0x00465FD9,xxVV,4,0,4,ascii,other,,
0x00465FE9,64eeEC,6,0,6,ascii,other,,
0x0046600C,W1/Ao@,6,0,6,ascii,other,,
0x0046604F,"""""/-",4,0,4,ascii,other,,
0x004660E9,a@&!,4,0,4,ascii,dialogue,,
0x00466106,d:dYTi6,7,0,7,ascii,other,,
0x004661A1,(y!),4,0,4,ascii,dialogue,,
0x00466221,@M ?L,5,1,6,ascii,dialogue,,
0x0046629C,@b@g,4,0,4,ascii,other,,
0x004662B2,?j0k0l0m,8,1,9,ascii,dialogue,,
0x004662DA,@m4l4,5,0,5,ascii,other,,
0x004662E0,k4j4,4,0,4,ascii,other,,
0x004662E5,?t0u,4,1,5,ascii,dialogue,,
0x004662EA,0v0w0,5,0,5,ascii,other,,
0x004662F5,D:@QW,5,0,5,ascii,other,,
0x00466300,+L0%w4v4,8,0,8,ascii,other,,
0x00466309,u4t ?~0,7,0,7,ascii,dialogue,,
0x0046631D,@E`?Hp,6,0,6,ascii,dialogue,,
0x00466327, ED0%,5,0,5,ascii,other,,
0x00466331, 4~ ?,5,0,5,ascii,dialogue,,
0x00466347,"`5,`",4,0,4,ascii,other,,
0x00466350,@D0%,4,0,4,ascii,other,,
0x0046635C, ?203040,8,1,9,ascii,dialogue,,
0x0046636E,p?<`,4,0,4,ascii,dialogue,,
0x00466375,?0%54,5,0,5,ascii,dialogue,,
0x0046637B,44342 ?n0,9,1,10,ascii,dialogue,,
0x00466385,o0p0q0,6,0,6,ascii,other,,
0x00466391,@F`+Ip,6,0,6,ascii,other,,
0x0046639B,FD0%q4p4,8,0,8,ascii,other,,
0x004663A4,o4n ?x0y0,9,1,10,ascii,dialogue,,
0x004663AE,z0{0,4,0,4,ascii,other,,
0x004663C0, %{4,4,0,4,ascii,other,,
0x004663C5,z4y4x ?,7,0,7,ascii,dialogue,,
0x004663EE, ?r0s0|0},9,1,10,ascii,dialogue,,
0x00466401,`+Jp,4,0,4,ascii,other,,
0x00466408,GD0%},5,0,5,ascii,other,,
0x0046640E,4|4s4r ?A,9,1,10,ascii,dialogue,,
0x00466418,0B0C0D0,7,0,7,ascii,other,,
0x0046642B," :L0%D4C4B""4A ?U0",17,0,17,ascii,dialogue,,
0x00466457,01U ?V@?2,9,0,9,ascii,dialogue,,
0x00466474,01V ?DW@?,9,0,9,ascii,dialogue,,
0x00466491, %@-,4,0,4,ascii,other,,
0x00466497,W ?M,4,0,4,ascii,dialogue,,
0x004664B7,9013,4,0,4,ascii,other,,
0x00470E54,AAAAiiiizzzz9999,16,8,24,pokemon,other,,
0x00471E61,|{o3o,5,0,5,ascii,other,,
0x0048283D,"ennemi avec
les pattes avant, la
queue, etc.",44,11,55,pokemon,dialogue,,
0x00482969,"une
puissance incroyable.",25,71,96,pokemon,other,,
0x00482A06,ler.,4,7,11,pokemon,other,,
0x00482A7F,"ennemi.
Peut le paralyser.",26,52,78,pokemon,other,,
0x00482DFA,apeurer.,8,67,75,pokemon,other,,
0x00482E7B,ennemi.,7,136,143,pokemon,other,,
0x00482F42,cision.,7,3,10,pokemon,other,,
0x00482F7D,ennemi. ,8,75,83,pokemon,other,,
0x00482FF3,"e avec
un bec ou une corne.",27,78,105,pokemon,other,,
0x00483070,"ennemi et le
percute de tout son
corps.",39,153,192,pokemon,dialogue,,
0x00483159,"rement le
lanceur.",18,359,377,pokemon,other,,
0x00483301, 5 fois.,8,79,87,pokemon,other,,
0x0048338E,apeurer.,8,144,152,pokemon,other,,
0x0048343C,"ennemi dans un
profond sommeil.",31,77,108,pokemon,dialogue,,
0x004835FA,ler.,4,77,81,pokemon,other,,
0x00483667,"ennemi en arc
de cercle.",24,20,44,pokemon,dialogue,,
0x004836BA,ennemi.,7,94,101,pokemon,other,,
0x0048371F,"The foe is struck
with an icy beam.
It may freeze the
foe solid.",64,1,65,pokemon,description,,
0x00483760,"The foe is blasted
with a blizzard.
It may freeze the
foe solid.",64,1,65,pokemon,description,,
0x004837BB,"ennemi. Peut
aussi le rendre
confus.",36,267,303,pokemon,dialogue,,
0x004838EA,"Une attaque utilisant
le bec comme une
perceuse.",48,360,408,pokemon,description,,
0x00483AB8,"s
en PV.",8,5,13,pokemon,other,,
0x00483AFB,"s
en PV.",8,84,92,pokemon,other,,
0x00483B60,"s body is
forced to grow,
raising the SP.
ATK stat.",51,143,194,pokemon,description,,
0x00483C42,ennemi.,7,20,27,pokemon,other,,
0x00483C75,"ennemi une poudre
qui le paralyse.",34,4,38,pokemon,dialogue,,
0x00483CA8,"pand une
poudre soporifique
qui endort la cible.",48,216,264,pokemon,dialogue,,
0x00483DE8,"
5 tours.",9,274,283,pokemon,other,,
0x00483F25,ennemi.,7,990,997,pokemon,other,,
0x00484330,fense ennemie.,14,90,104,pokemon,other,,
0x004843D4," de
ses PV max.",15,2,17,pokemon,other,,
0x0048441F,fense.,6,347,353,pokemon,other,,
0x004845BB,fense.,6,413,419,pokemon,other,,
0x00484793,me attaque.,11,413,424,pokemon,other,,
0x0048497D,ler.,4,148,152,pokemon,other,,
0x00484A4F,ennemi.,7,76,83,pokemon,other,,
0x00484AD1, 5 fois.,8,334,342,pokemon,other,,
0x00484C4B," son
regard terrifiant
pour le paralyser.",41,141,182,pokemon,description,,
0x00484D28,ennemi.,7,305,312,pokemon,other,,
0x00484E85,duire sa Vitesse.,17,79,96,pokemon,other,,
0x00484EF2,"pand un
nuage de spores qui
endort.",35,298,333,pokemon,description,,
0x0048510A," 5
fois.",8,422,430,pokemon,other,,
0x004852B8,"A simultaneous
3-beam attack that
may paralyze, burn,
or freeze the foe.",72,60,132,pokemon,description,,
0x00485593," un
ennemi endormi.",19,632,651,pokemon,dialogue,,
0x0048581E,"Blasts the foe with
a snowy gust.
It may cause
freezing.",56,75,131,pokemon,description,,
0x004858A1,"Coup de poing
fulgurant. Frappe en
premier.",43,22,65,pokemon,description,,
0x00485908,"duit fortement sa
Vitesse.",26,140,166,pokemon,other,,
0x004859E3, des PV max.,12,705,717,pokemon,other,,
0x00485CCE," 5 fois
avec un os.",19,15,34,pokemon,other,,
0x00485CFD,"ennemi
pour ne pas le rater
au tour suivant.",44,152,196,pokemon,description,,
0x00485DF7,"s
en PV.",8,1052,1060,pokemon,other,,
0x00486228,"mon aime
son Dresseur, plus
cette attaque est
puissante.",56,359,415,pokemon,description,,
0x00486401,ennemi.,7,151,158,pokemon,other,,
0x004864D5,"e
durant 3 tours.",17,76,93,pokemon,other,,
0x00486532,"An attack that
frees the user from
Bind, Wrap, Leech
Seed, and Spikes.",70,1399,1469,pokemon,description,,
0x00486B1F, 5 tours.,9,428,437,pokemon,other,,
0x00486D12,ennemi.,7,152,159,pokemon,other,,
0x00486DE5,ciale.,6,357,363,pokemon,other,,
0x00486F72,"attaquent que le
lanceur.",25,338,363,pokemon,other,,
0x00487104,ciale.,6,20,26,pokemon,other,,
0x00487146,"
des PV max au tour
suivant.",28,135,163,pokemon,other,,
0x00487222,"fense du
lanceur.",17,261,278,pokemon,other,,
0x00487354,"endort au tour
suivant.",23,559,582,pokemon,other,,
0x004875CF,environnement.,14,3005,3019,pokemon,other,,
0x004881CA,"cher sa
fuite.",14,9,23,pokemon,other,,
0x004881E1,"The user howls to
raise its spirit and
boost its Attack
stat.",61,1,62,pokemon,description,,
0x004883BF,ennemi.,7,802,809,pokemon,other,,
0x004CCBE1,?-?9Lv,6,1,7,pokemon,dialogue,,
0x0071CA60,Dresco Town,11,5,16,pokemon,location,,
0x0071CA70,Tehl Town,9,7,16,pokemon,location,,
0x0071FC80,Blizzard City,13,2075,2088,pokemon,location,,
0x00720E74,Fallshore City,14,6,20,pokemon,location,,
0x00720E88,Frost Mountain,14,2,16,pokemon,location,,
0x00720F5C,Frozen Heights,14,3,17,pokemon,location,,
0x00721134,Lost Tunnel,11,13,24,pokemon,location,,
0x007212A4,                                                                                                Icy Hole,104,32,136,pokemon,description,,
0x00721437, KBT Expressway,15,6,21,pokemon,other,,
0x00721464,Crystal Peak,12,12,24,pokemon,location,,
0x007214E8,Glimmer Isle,12,5,17,pokemon,location,,
0x00721690,Auburn Waterway,15,13,28,pokemon,location,,
0x007216AC,Game Corner,11,5,16,pokemon,location,,
0x007218F0,Great Desert,12,76,88,pokemon,location,,
0x00721968,Epidimy Town,12,28,40,pokemon,dialogue,,
0x00728463,"mon evolve.
It shines with a dazzling light.",44,97,141,pokemon,description,,
0x007403BD,Taaaaales!,10,1,11,pokemon,dialogue,,
0x00744D32,Fallshore City,14,1,15,pokemon,location,,
0x00745DE8,mon?,4,1,5,pokemon,dialogue,,
0x00745DED,Thanks for battling with me!,28,1,29,pokemon,dialogue,,
0x007464F6,Dile!,5,2,7,pokemon,dialogue,,
0x0074AC1B,Top!,4,1,5,pokemon,dialogue,,
0x0074B2EE,The waterfall capital of Borrius.,33,1,34,pokemon,description,,
0x0074BD0D,"All will fall beneath your head
spike!",38,4,42,pokemon,dialogue,,
0x0074BD5D,mon Day Care,12,4,16,pokemon,other,,
0x0074C340,re aiming for the top.,22,2,24,pokemon,other,,
0x0074C3E8,ll be in for a real shocker!,28,1,29,pokemon,dialogue,,
0x0074E216,Because why would we get a day off?,35,1,36,pokemon,dialogue,,
0x0075106D,The trash can is empty.,23,2,25,pokemon,other,,
0x007526ED,"If you want to battle me again,
leave and come back inside.  ",61,1,62,pokemon,dialogue,,
0x0075C9C8,mon are gone.,13,1,14,pokemon,other,,
0x0075D9ED,Would you be able to...,23,1,24,pokemon,dialogue,,
0x00764E37,mon somewhere!,14,1,15,pokemon,dialogue,,
0x007656F1,"If you want to battle me again,
leave and come back inside.",59,1,60,pokemon,dialogue,,
0x0076F28F,Grab him now!,13,1,14,pokemon,dialogue,,
0x00770DD2, Frozen Heights,15,1,16,pokemon,other,,
0x00770EBF, Dresco Town,12,1,13,pokemon,other,,
0x00770F39,mon for free!,13,1,14,pokemon,dialogue,,
0x007729A2,Please come again!,18,1,19,pokemon,dialogue,,
0x0077389C,Fallshore City,14,1,15,pokemon,location,,
0x0077590B,"mon appears to be heading
towards Icicle Cave.",46,1,47,pokemon,description,,
0x00776125,Icicle Cave.,12,1,13,pokemon,location,,
0x0077F003,Frost Mountain,14,1,15,pokemon,location,,
0x0077F145,A town built from ash.,22,1,23,pokemon,other,,
0x0077F6CF,Didja? Didja?,13,1,14,pokemon,dialogue,,
0x00780B93,"An attack which
distorts time. The
user must rest on
the next turn.",67,1,68,pokemon,description,,
0x00780BD7,"An attack that
tears the space
around it. Critical
hits land more
easily.",73,1,74,pokemon,description,,
0x00780C21,"A maelstrom of fire
rages that traps
the target for four
to five turns.",71,1,72,pokemon,description,,
0x007812AC,"mon evolve.
It sparkles like eyes.",34,1,35,pokemon,description,,
0x00781302,"mon evolve. It has 
an unmistakable snowflake pattern.  ",56,1,57,pokemon,description,,
0x0078136D,mon evolve. ,12,1,13,pokemon,other,,
0x007813CE,mon. ,5,1,6,pokemon,other,,
0x00787E32,"Your opponents are my partners in
life!",39,1,40,pokemon,dialogue,,
0x00787E5A,"Thank you my friends, for all you
hard work.",44,1,45,pokemon,dialogue,,
0x00787E9E,"mon will
stick with me until the end!",37,1,38,pokemon,dialogue,,
0x00788607,Move,4,1,5,pokemon,other,,
0x00788AE0,"Yes, sir!",9,1,10,pokemon,dialogue,,
0x0078930C,Didja? Didja?,13,1,14,pokemon,dialogue,,
0x0078A2A6,Would you like to watch it?,27,1,28,pokemon,dialogue,,
0x0078B802,"Please bring them as soon as you
can.",37,1,38,pokemon,dialogue,,
0x0078CEB9,"re not one of us,
scram, kid!",29,1,30,pokemon,dialogue,,
0x0078D4C3,"Yes, sir!",9,1,10,pokemon,dialogue,,
0x0078D4CD,You learn something new every day!,34,1,35,pokemon,dialogue,,
0x0078D4F0,"Oh, look at you, smarty pants.",30,1,31,pokemon,dialogue,,
0x0078D662,Bellin Town,11,1,12,pokemon,location,,
0x0078D6A9,Ruins of Void,13,1,14,pokemon,location,,
0x0078D764,Shadow Base,11,1,12,pokemon,location,,
0x0078D7EC,Bellin Town,11,1,12,pokemon,location,,
0x0078D86B,Route 9,7,1,8,pokemon,location,,
0x0078E441,"s start you off with some
Fresh Water.",38,1,39,pokemon,dialogue,,
0x0078E536,Good luck out there!,20,1,21,pokemon,dialogue,,
0x0078F61D,"Ack!
I got caught in an electric web!",37,1,38,pokemon,dialogue,,
0x00791B8B,"The strange creature was sucked into
the Cube!",46,1,47,pokemon,dialogue,,
0x00791BDD,"
of cells.",10,1,11,pokemon,other,,
0x007946D0,Antisis City,12,1,13,pokemon,location,,
0x007A2565,Tarmigan Town,13,1,14,pokemon,location,,
0x007A96CD,format you play best in!,24,1,25,pokemon,dialogue,,
0x007B3C1C,"nement
particulier.",19,59,78,pokemon,other,,
0x007B3CA5,mon.,4,36,40,pokemon,other,,
0x007B3CD4," tenir. Orbe bizarre
empoisonnant gravement son porteur
durant le combat.",73,14,87,pokemon,description,,
0x007B3D4A,"lant
son porteur durant le combat.",34,324,358,pokemon,description,,
0x007B3F02,"mon
sauvage.",12,114,126,pokemon,other,,
0x007B3F80,"A hold item that extends the
duration of moves like Reflect and
Light Screen used by the holder.",96,1,97,pokemon,description,,
0x007B4014,"mon evolve. It is as
dark as dark can be.",41,1,42,pokemon,description,,
0x007B4071,"mon evolve. It is
shaped like an egg.",37,1,38,pokemon,description,,
0x007B40F5,mon.,4,1,5,pokemon,other,,
0x007B4124,"mon archeology. It can be
sold for a high price to shops.",57,19,76,pokemon,description,,
0x007B41BC,mon.,4,1,5,pokemon,other,,
0x007B4220,mon.,4,1,5,pokemon,other,,
0x007B4251,"mon. It shines in
rainbow colors.",33,1,34,pokemon,description,,
0x007B428F,"mon.
This headband ups Attack, but
allows the use of only one move.",67,1,68,pokemon,description,,
0x007B42EF,"mon.
These glasses raise Sp. Atk, but
allows the use of only one move.",70,1,71,pokemon,description,,
0x007B4352,"mon.
This scarf boosts Speed, but
allows the use of only one move.",66,1,67,pokemon,description,,
0x007B4406,"Very large pearls that sparkle in a
pretty silver color. A maniac will
buy them for a high price.",97,1,98,pokemon,description,,
0x007B4468,"A big nugget of pure gold that
gives off a lustrous gleam. A
maniac will buy it for a high price.",97,1,98,pokemon,description,,
0x007B484B,The door is locked.,19,1,20,pokemon,other,,
0x007B5A7E,mon attacked!,13,1,14,pokemon,dialogue,,
0x007B8A1C,"ll tell you which
one gets you to the next route!",49,7,56,pokemon,dialogue,,
0x007B97B9,Seyyyy!,7,1,8,pokemon,dialogue,,
0x007BA648,"Yes, sir!",9,1,10,pokemon,dialogue,,
0x007BA857,"Here, take some potions.",24,1,25,pokemon,other,,
0x007BB5B1,", bye-bye!
Thank you!",21,1,22,pokemon,dialogue,,
0x007BB9A1,Vire!,5,1,6,pokemon,dialogue,,
0x007BBD91,Vire!,5,1,6,pokemon,dialogue,,
0x007C09B0,Distortion World,16,1,17,pokemon,location,,
0x007C13AF,"9My hidden power is telling me that
you want this!",50,1,51,pokemon,dialogue,,
0x007C1620,"s always the most enjoyable part
of my day.",43,1,44,pokemon,dialogue,,
0x007C2A2E,this job exists.,16,1,17,pokemon,other,,
0x007C3516,"these names are hard to read
sometimes.",39,1,40,pokemon,description,,
0x007C3620, Balls?,7,1,8,pokemon,dialogue,,
0x007C364C,mon trained even more!,22,1,23,pokemon,dialogue,,
0x007C3685,m energetic!,12,1,13,pokemon,dialogue,,
0x007C6E18,"s there
to be scared about?",27,1,28,pokemon,dialogue,,
0x007C91CE,A critical hit!,15,1,16,pokemon,dialogue,,
0x007CF105,s a seashell.,13,1,14,pokemon,other,,
0x007CF26E,Seaport City in the meantime.,29,1,30,pokemon,other,,
0x007E8748,"Those torches are our only reliable
source of heat right now.",61,1,62,pokemon,description,,
0x007E8CF8,The door is locked.,19,1,20,pokemon,other,,
0x007E9283,Really bad!,11,1,12,pokemon,dialogue,,
0x007E9322,s somewhere in this tunnel!,27,1,28,pokemon,dialogue,,
0x007E94C6,way.,4,1,5,pokemon,other,,
0x007E95A7,really do!,10,1,11,pokemon,dialogue,,
0x007E98F0,really do!,10,1,11,pokemon,dialogue,,
0x007EB7B8,while I sit here retired.,25,1,26,pokemon,dialogue,,
0x007EB831, Wiseman Gifts,14,1,15,pokemon,other,,
0x007EC851,No Thanks,9,1,10,pokemon,location,,
0x007EC85B,You already own this TM.,24,1,25,pokemon,dialogue,,
0x007ECF06,The magma glistens a crimson red.,33,1,34,pokemon,description,,
0x007ED806,"s get you all fixed up!
Just leave it up to me!",47,1,48,pokemon,dialogue,,
0x007F3245,Nope,4,1,5,pokemon,other,,
0x007F7117,"What kind of person are you, to be
drawn to a barren area, like this?",69,1,70,pokemon,dialogue,,
0x007FD4BE,Stay here.,10,1,11,pokemon,location,,
0x007FD4CB,"m gonna knock ya right outta the
ring before ya can even get going!",67,1,68,pokemon,dialogue,,
0x007FD53E,Hiyah!,6,1,7,pokemon,dialogue,,
0x007FD8A5,Flying,6,1,7,pokemon,other,,
0x00800FC0,Cube,4,12,16,pokemon,other,,
0x00800FDF, Borrius,8,9,17,pokemon,other,,
0x0080DC12," lost some
of its HP!",21,9,30,pokemon,dialogue,,
0x00825524,s move scale it?,16,1,17,pokemon,dialogue,,
0x0082FFED,"  regained its
true power through Ultra Burst!",46,1,47,pokemon,dialogue,,
0x00876254,    Hyper Ball,14,4,18,pokemon,other,,
0x00876305,   Filet Ball,13,4,17,pokemon,other,,
0x00876331,   Scuba Ball,13,4,17,pokemon,other,,
0x0087635D,   Faiblo Ball,14,3,17,pokemon,other,,
0x00876389,   Bis Ball,11,6,17,pokemon,other,,
0x008763B5,   Chrono Ball,14,3,17,pokemon,other,,
0x008763E1,   Luxe Ball,12,5,17,pokemon,other,,
0x00876439,   Potion,9,8,17,pokemon,other,,
0x00876464,    Antidote,12,6,18,pokemon,other,,
0x008764BC,    Antigel,11,7,18,pokemon,other,,
0x008764EE,veil,4,8,12,pokemon,other,,
0x00876514,    Anti-Para,13,5,18,pokemon,other,,
0x00876547,rison,5,6,11,pokemon,other,,
0x0087656C,    Potion Max,14,4,18,pokemon,other,,
0x00876598,    Hyper Potion,16,2,18,pokemon,other,,
0x008765C4,    Super Potion,16,2,18,pokemon,other,,
0x008765F0,    Total Soin,14,4,18,pokemon,other,,
0x0087661C,    Rappel,10,8,18,pokemon,other,,
0x00876648,    Rappel Max,14,4,18,pokemon,other,,
0x008766A0,    Soda Cool,13,5,18,pokemon,other,,
0x008766CC,    Limonade,12,6,18,pokemon,other,,
0x008766F8,    Lait Meumeu,15,3,18,pokemon,other,,
0x0087672E,nergie,6,2,8,pokemon,other,,
0x0087675A,nergie,6,2,8,pokemon,other,,
0x0087677C,    Poudre Soin,15,3,18,pokemon,other,,
0x008767A8,    Herbe Rappel,16,2,18,pokemon,other,,
0x008767D4,    Huile,9,9,18,pokemon,other,,
0x00876800,    Huile Max,13,5,18,pokemon,other,,
0x00876831,lixir,5,8,13,pokemon,other,,
0x0087685D,lixir Max,9,4,13,pokemon,other,,
0x00876884,    Lava Cookie,15,3,18,pokemon,other,,
0x008768B7,te Bleue,8,3,11,pokemon,other,,
0x008768E3,te Jaune,8,3,11,pokemon,other,,
0x0087690F,te Rouge,8,3,11,pokemon,other,,
0x0087693B,te Noire,8,3,11,pokemon,other,,
0x00876967,teBlanche,9,2,11,pokemon,other,,
0x00876984,            Jus de Baie,23,3,26,pokemon,other,,
0x008769DC,            Sea Salt,20,6,26,pokemon,other,,
0x00876A08,            Sea Shell,21,5,26,pokemon,other,,
0x00876A34,            Tesson Rouge,24,2,26,pokemon,other,,
0x00876A60,            Tesson Bleu,23,3,26,pokemon,other,,
0x00876A8C,            Tesson Jaune,24,2,26,pokemon,other,,
0x00876AB8,            Tesson Vert,23,3,26,pokemon,other,,
0x00876AE4,            Parc Ball,21,5,26,pokemon,other,,
0x00876B1E,moire Ball,10,2,12,pokemon,other,,
0x00876B70,    Orbe Vie,12,6,18,pokemon,other,,
0x00876B94,            Orbe Toxique,24,2,26,pokemon,other,,
0x00876BC2,          Orbe Flamme,21,3,24,pokemon,other,,
0x00876BEE,          Boue Noire,20,4,24,pokemon,other,,
0x00876C20,    Max Powder,14,4,18,pokemon,other,,
0x00876C4C,    Sombre Ball,15,3,18,pokemon,other,,
0x00876C78,    Soin Ball,13,5,18,pokemon,other,,
0x00876CA5,   Rapide Ball,14,3,17,pokemon,other,,
0x00876CD0,    PV Plus,11,7,18,pokemon,other,,
0x00876D20,            Fer,15,11,26,pokemon,other,,
0x00876D4C,            Carbone,19,7,26,pokemon,other,,
0x00876D78,            Calcium,19,7,26,pokemon,other,,
0x00876DA4,            Super Bonbon,24,2,26,pokemon,other,,
0x00876DD0,            PP Plus,19,7,26,pokemon,other,,
0x00876E28,            PP Max,18,8,26,pokemon,other,,
0x00876E80,            Garde-Stats,23,3,26,pokemon,other,,
0x00876EB4,    Muscle ,11,7,18,pokemon,other,,
0x00876EE0,    Attaque ,12,6,18,pokemon,other,,
0x00876F12,fense ,6,6,12,pokemon,other,,
0x00876F38,    Vitesse ,12,6,18,pokemon,other,,
0x00876F6B,cision ,7,4,11,pokemon,other,,
0x00876FE8,    Queue Skitty,16,2,18,pokemon,other,,
0x00877040,    Sup. Repouss,16,2,18,pokemon,other,,
0x0087706C,    Repousse Max,16,2,18,pokemon,other,,
0x00877090,            Corde Sortie,24,2,26,pokemon,other,,
0x008770BC,            Repousse,20,6,26,pokemon,other,,
0x00877140,            Dream Mist,22,1,23,pokemon,other,,
0x0087716C,            Light Clay,22,1,23,pokemon,other,,
0x00877198,            Link Stone,22,4,26,pokemon,other,,
0x008771C4,            Magma Stone,23,3,26,pokemon,other,,
0x008771F0,            Sun Stone,21,5,26,pokemon,other,,
0x0087721C,            Moon Stone,22,4,26,pokemon,other,,
0x00877248,            Fire Stone,22,4,26,pokemon,other,,
0x00877274,            Thunderstone,24,2,26,pokemon,other,,
0x008772A0,            Water Stone,23,3,26,pokemon,other,,
0x008772CC,            Leaf Stone,22,4,26,pokemon,other,,
0x008772F8,            Dusk Stone,22,4,26,pokemon,other,,
0x00877324,            Dawn Stone,22,4,26,pokemon,other,,
0x00877350,            Shiny Stone,23,3,26,pokemon,other,,
0x0087737C,            Oval Stone,22,6,28,pokemon,other,,
0x008773A8,            TinyMushroom,24,2,26,pokemon,other,,
0x008773D4,            Big Mushroom,24,2,26,pokemon,other,,
0x00877400,            Ice Stone,21,1,22,pokemon,other,,
0x0087742C,            Pearl,17,9,26,pokemon,other,,
0x00877458,            Big Pearl,21,5,26,pokemon,other,,
0x00877484,            Stardust,20,6,26,pokemon,other,,
0x008774B0,            Star Piece,22,4,26,pokemon,other,,
0x008774DC,            Nugget,18,8,26,pokemon,other,,
0x00877508,            Heart Scale,23,3,26,pokemon,other,,
0x00877560,            Magmarizer,22,1,23,pokemon,other,,
0x0087758C,            Rare Bone,21,5,26,pokemon,other,,
0x008775B8,            Prism Scale,23,1,24,pokemon,other,,
0x008775E4,            Sachet,18,1,19,pokemon,other,,
0x008775F7,ring,4,3,7,pokemon,other,,
0x00877610,            Whip Dream,22,1,23,pokemon,other,,
0x00877668,            Mega Cuff,21,2,23,pokemon,other,,
0x00877694,            Mega Tiara,22,4,26,pokemon,other,,
0x008776C0,            Orange Mail,23,3,26,pokemon,other,,
0x008776EC,            Harbor Mail,23,3,26,pokemon,other,,
0x00877721,   Glitter Mail,15,2,17,pokemon,other,,
0x0087774D,   Mech Mail,12,5,17,pokemon,other,,
0x00877779,   Wood Mail,12,5,17,pokemon,other,,
0x008777A5,   Wave Mail,12,5,17,pokemon,other,,
0x008777D1,   Bead Mail,12,5,17,pokemon,other,,
0x008777FD,   Shadow Mail,14,3,17,pokemon,other,,
0x00877829,   Tropic Mail,14,3,17,pokemon,other,,
0x00877855,   Dream Mail,13,4,17,pokemon,other,,
0x00877881,   Fab Mail,11,6,17,pokemon,other,,
0x008778AD,   Retro Mail,13,4,17,pokemon,other,,
0x008778D9,   Cheri Berry,14,3,17,pokemon,dialogue,,
0x00877904,    Chesto Berry,16,2,18,pokemon,other,,
0x00877930,    Pecha Berry,15,3,18,pokemon,other,,
0x0087795C,    Rawst Berry,15,3,18,pokemon,other,,
0x00877988,    Aspear Berry,16,2,18,pokemon,other,,
0x008779B4,    Leppa Berry,15,3,18,pokemon,other,,
0x008779E0,    Oran Berry,14,4,18,pokemon,other,,
0x00877A0C,    Persim Berry,16,2,18,pokemon,other,,
0x00877A38,    Lum Berry,13,5,18,pokemon,other,,
0x00877A64,    Sitrus Berry,16,2,18,pokemon,other,,
0x00877A90,    Figy Berry,14,4,18,pokemon,other,,
0x00877AB4,            Wiki Berry,22,4,26,pokemon,dialogue,,
0x00877AE0,            Mago Berry,22,4,26,pokemon,other,,
0x00877B0C,            Aguav Berry,23,3,26,pokemon,other,,
0x00877B38,            Iapapa Berry,24,2,26,pokemon,other,,
0x00877B64,            Razz Berry,22,4,26,pokemon,other,,
0x00877B90,            Bluk Berry,22,4,26,pokemon,other,,
0x00877BBC,            Nanab Berry,23,3,26,pokemon,other,,
0x00877BE8,            Wepear Berry,24,2,26,pokemon,other,,
0x00877C14,            Pinap Berry,23,3,26,pokemon,other,,
0x00877C40,            Pomeg Berry,23,3,26,pokemon,other,,
0x00877C78,Kelpsy Berry,12,2,14,pokemon,location,,
0x00877CA4,Qualot Berry,12,2,14,pokemon,location,,
0x00877CD0,Hondew Berry,12,2,14,pokemon,location,,
0x00877CFC,Grepa Berry,11,3,14,pokemon,location,,
0x00877D28,Tamato Berry,12,2,14,pokemon,location,,
0x00877D54,Cornn Berry,11,3,14,pokemon,location,,
0x00877D74,            Magost Berry,24,2,26,pokemon,other,,
0x00877DA0,            Rabuta Berry,24,2,26,pokemon,other,,
0x00877DCC,            Nomel Berry,23,3,26,pokemon,other,,
0x00877DF8,            Spelon Berry,24,2,26,pokemon,other,,
0x00877E24,            Pamtre Berry,24,2,26,pokemon,other,,
0x00877E50,            Watmel Berry,24,2,26,pokemon,other,,
0x00877E7C,            Durin Berry,23,3,26,pokemon,other,,
0x00877EA8,            Belue Berry,23,3,26,pokemon,other,,
0x00877ED4,            Liechi Berry,24,2,26,pokemon,dialogue,,
0x00877F00,            Ganlon Berry,24,2,26,pokemon,other,,
0x00877F2C,            Salac Berry,23,3,26,pokemon,other,,
0x00877F58,            Petaya Berry,24,2,26,pokemon,other,,
0x00877F84,            Apicot Berry,24,2,26,pokemon,other,,
0x00877FB0,            Lansat Berry,24,2,26,pokemon,other,,
0x00877FDC,            Starf Berry,23,3,26,pokemon,other,,
0x0087803C,    Choice Band,15,3,18,pokemon,other,,
0x00878068,    Choice Specs,16,2,18,pokemon,other,,
0x0087808C,            Choice Scarf,24,2,26,pokemon,other,,
0x008780E4,            White Herb,22,4,26,pokemon,other,,
0x00878110,            Macho Brace,23,3,26,pokemon,other,,
0x0087813C,            Exp. Share,22,4,26,pokemon,other,,
0x00878168,            Quick Claw,22,4,26,pokemon,other,,
0x00878194,            Soothe Bell,23,3,26,pokemon,other,,
0x008781C0,            Mental Herb,23,3,26,pokemon,other,,
0x00878229,s Rock,6,3,9,pokemon,other,,
0x00878270,            Amulet Coin,23,3,26,pokemon,other,,
0x0087829C,            Cleanse Tag,23,3,26,pokemon,other,,
0x008782C8,            Soul Dew,20,6,26,pokemon,other,,
0x0087834C,            Smoke Ball,22,4,26,pokemon,other,,
0x00878378,            Everstone,21,5,26,pokemon,other,,
0x008783A4,            Focus Band,22,4,26,pokemon,other,,
0x008783D0,            Lucky Egg,21,5,26,pokemon,other,,
0x008783FC,            Scope Lens,22,4,26,pokemon,other,,
0x00878428,            Metal Coat,22,4,26,pokemon,other,,
0x00878454,            Leftovers,21,5,26,pokemon,other,,
0x00878480,            Dragon Scale,24,2,26,pokemon,other,,
0x008784AC,            Light Ball,22,4,26,pokemon,other,,
0x008784DA,          Soft Sand,19,5,24,pokemon,other,,
0x00878504,            Hard Stone,22,4,26,pokemon,other,,
0x00878530,            Miracle Seed,24,2,26,pokemon,other,,
0x00878588,            Black Belt,22,4,26,pokemon,other,,
0x008785B4,            Magnet,18,8,26,pokemon,other,,
0x008785E0,            Mystic Water,24,2,26,pokemon,dialogue,,
0x0087860C,            Sharp Beak,22,4,26,pokemon,other,,
0x00878638,            Poison Barb,23,3,26,pokemon,other,,
0x00878690,            Spell Tag,21,5,26,pokemon,other,,
0x008786E8,            Charcoal,20,6,26,pokemon,other,,
0x00878714,            Dragon Fang,23,3,26,pokemon,other,,
0x00878740,            Silk Scarf,22,4,26,pokemon,other,,
0x0087876C,            Up-Grade,20,6,26,pokemon,other,,
0x00878798,            Shell Bell,22,4,26,pokemon,other,,
0x008787C4,            Sea Incense,23,3,26,pokemon,other,,
0x008787F0,            Lax Incense,23,3,26,pokemon,other,,
0x0087881C,            Lucky Punch,23,3,26,pokemon,other,,
0x00878848,            Metal Powder,24,2,26,pokemon,other,,
0x00878874,            Thick Club,22,4,26,pokemon,other,,
0x008788A0,            Leek,16,10,26,pokemon,other,,
0x008788CC,            Rocky Helmet,24,2,26,pokemon,other,,
0x008788F8,            Weak Policy,23,3,26,pokemon,other,,
0x00878924,            Pearl String,24,2,26,pokemon,other,,
0x00878950,            Big Nugget,22,4,26,pokemon,other,,
0x0087897C,            Razor Claw,22,4,26,pokemon,other,,
0x008789A8,            Razor Fang,22,4,26,pokemon,other,,
0x008789D6,          Reaper Cloth,22,2,24,pokemon,other,,
0x00878A00,            Dubious Disc,24,2,26,pokemon,other,,
0x00878A2C,            Electirizer,23,3,26,pokemon,other,,
0x00878A58,            Expert Belt,23,3,26,pokemon,other,,
0x00878A84,            Power Herb,22,4,26,pokemon,other,,
0x00878AB0,            Wide Lens,21,5,26,pokemon,other,,
0x00878ADC,            Zoom Lens,21,5,26,pokemon,other,,
0x00878B08,            Destiny Knot,24,2,26,pokemon,other,,
0x00878B34,            Smooth Rock,23,3,26,pokemon,other,,
0x00878B60,            Damp Rock,21,1,22,pokemon,other,,
0x00878B8C,            Heat Rock,21,5,26,pokemon,other,,
0x00878BB8,            Icy Rock,20,6,26,pokemon,other,,
0x00878BE4,            Power Bracer,24,2,26,pokemon,other,,
0x00878C10,            Power Belt,22,4,26,pokemon,other,,
0x00878C3C,            Power Lens,22,4,26,pokemon,other,,
0x00878C68,            Power Band,22,4,26,pokemon,other,,
0x00878C94,            Power Anklet,24,2,26,pokemon,other,,
0x00878CC0,            Power Weight,24,2,26,pokemon,other,,
0x00878CEC,            Big Root,20,6,26,pokemon,other,,
0x00878D18,            Odd Keystone,24,2,26,pokemon,other,,
0x00878D44,            Luck Incense,24,2,26,pokemon,other,,
0x00878D70,            Full Incense,24,2,26,pokemon,other,,
0x00878D9C,            Odd Incense,23,3,26,pokemon,other,,
0x00878DC8,            Pure Incense,24,4,28,pokemon,other,,
0x00878DF4,            Rock Incense,24,3,27,pokemon,other,,
0x00878E20,            Rose Incense,24,2,26,pokemon,other,,
0x00878E4C,            Wave Incense,24,2,26,pokemon,other,,
0x00878EA4,            Coin Case,21,5,26,pokemon,other,,
0x00878EFC,            Old Rod,19,7,26,pokemon,other,,
0x00878F28,            Good Rod,20,6,26,pokemon,other,,
0x00878F5D,   Super Rod,12,5,17,pokemon,other,,
0x00878F89,   SS. Ticket,13,4,17,pokemon,other,,
0x00878FAC,            Grubby Hanky,24,2,26,pokemon,other,,
0x0087916D,   Red Orb,10,7,17,pokemon,other,,
0x00879190,            Blue Orb,20,6,26,pokemon,other,,
0x008791BC,            Stat Scanner,24,2,26,pokemon,other,,
0x008791E8,            Go-Goggles,22,4,26,pokemon,other,,
0x00879240,            Barrier Key,23,3,26,pokemon,other,,
0x0087931C,            Root Fossil,23,3,26,pokemon,other,,
0x00879348,            Claw Fossil,23,3,26,pokemon,other,,
0x00879374,            Devon Scope,23,3,26,pokemon,other,,
0x008793A0,            TM01,16,10,26,pokemon,other,,
0x008793C8,                TM02,20,10,30,pokemon,other,,
0x008793F4,                TM03,20,10,30,pokemon,other,,
0x00879420,                TM04,20,10,30,pokemon,other,,
0x0087944C,                TM05,20,10,30,pokemon,other,,
0x00879478,                TM06,20,10,30,pokemon,other,,
0x008794A4,                TM07,20,10,30,pokemon,other,,
0x008794D0,                TM08,20,10,30,pokemon,other,,
0x008794FC,                TM09,20,10,30,pokemon,other,,
0x00879528,                TM10,20,10,30,pokemon,other,,
0x00879554,                TM11,20,10,30,pokemon,other,,
0x00879580,                TM12,20,10,30,pokemon,other,,
0x008795AC,                TM13,20,10,30,pokemon,other,,
0x008795D8,                TM14,20,10,30,pokemon,other,,
0x00879604,                TM15,20,10,30,pokemon,other,,
0x00879630,                TM16,20,10,30,pokemon,other,,
0x0087965C,                TM17,20,10,30,pokemon,other,,
0x00879688,                TM18,20,10,30,pokemon,other,,
0x008796B4,                TM19,20,10,30,pokemon,other,,
0x008796E0,                TM20,20,10,30,pokemon,other,,
0x0087970C,                TM21,20,10,30,pokemon,other,,
0x00879738,                TM22,20,10,30,pokemon,other,,
0x00879764,                TM23,20,10,30,pokemon,other,,
0x00879790,                TM24,20,10,30,pokemon,other,,
0x008797BC,                TM25,20,10,30,pokemon,other,,
0x008797E8,                TM26,20,10,30,pokemon,other,,
0x00879814,                TM27,20,10,30,pokemon,other,,
0x00879840,                TM28,20,10,30,pokemon,other,,
0x0087986C,                TM29,20,10,30,pokemon,other,,
0x00879898,                TM30,20,10,30,pokemon,other,,
0x008798C4,                TM31,20,10,30,pokemon,other,,
0x008798F0,                TM32,20,10,30,pokemon,other,,
0x0087991C,                TM33,20,10,30,pokemon,other,,
0x00879948,                TM34,20,10,30,pokemon,other,,
0x00879974,                TM35,20,10,30,pokemon,other,,
0x008799A0,                TM36,20,10,30,pokemon,other,,
0x008799CC,                TM37,20,10,30,pokemon,other,,
0x008799F8,                TM38,20,10,30,pokemon,other,,
0x00879A24,                TM39,20,10,30,pokemon,other,,
0x00879A50,                TM40,20,10,30,pokemon,other,,
0x00879A7C,                TM41,20,10,30,pokemon,other,,
0x00879AA8,                TM42,20,10,30,pokemon,other,,
0x00879AD4,                TM43,20,10,30,pokemon,other,,
0x00879B00,                TM44,20,10,30,pokemon,other,,
0x00879B2C,                TM45,20,10,30,pokemon,other,,
0x00879B58,                TM46,20,10,30,pokemon,other,,
0x00879B84,                TM47,20,10,30,pokemon,other,,
0x00879BB0,                TM48,20,10,30,pokemon,other,,
0x00879BDC,                TM49,20,10,30,pokemon,other,,
0x00879C08,                TM50,20,10,30,pokemon,other,,
0x00879C34,                TM51,20,10,30,pokemon,other,,
0x00879C60,                TM52,20,10,30,pokemon,other,,
0x00879C8C,                TM53,20,10,30,pokemon,other,,
0x00879CB8,                TM54,20,10,30,pokemon,other,,
0x00879CE4,                TM55,20,10,30,pokemon,other,,
0x00879D10,                TM56,20,10,30,pokemon,other,,
0x00879D3C,                TM57,20,10,30,pokemon,other,,
0x00879D68,                TM58,20,10,30,pokemon,other,,
0x00879DC4,            Costume Box,23,3,26,pokemon,other,,
0x00879DFC,Parcel,6,1,7,pokemon,other,,
0x00879E1C,            Jade Orb,20,1,21,pokemon,other,,
0x00879E50,    Grimy Socks,15,3,18,pokemon,dialogue,,
0x00879E74,            Package,19,1,20,pokemon,other,,
0x00879EA0,            Mega Ring,21,5,26,pokemon,other,,
0x00879ECC,            Old Amber,21,5,26,pokemon,other,,
0x00879F24,            Time Turner,23,3,26,pokemon,other,,
0x00879F50,            Helix Fossil,24,2,26,pokemon,other,,
0x00879F7C,            Dome Fossil,23,3,26,pokemon,other,,
0x00879FA8,            Baby Monitor,24,2,26,pokemon,other,,
0x00879FD4,            Motorcycle,22,4,26,pokemon,other,,
0x0087A000,            Town Map,20,6,26,pokemon,other,,
0x0087A02C,            VS Seeker,21,5,26,pokemon,other,,
0x0087A084,            TM Case,19,7,26,pokemon,other,,
0x0087A0B0,            Berry Pouch,23,3,26,pokemon,other,,
0x0087A108,            Notebook,20,1,21,pokemon,other,,
0x0087A134,            Porta-PC,20,1,21,pokemon,other,,
0x0087A210,            Lunar Wing,22,4,26,pokemon,other,,
0x0087A23C,            Member Card,23,3,26,pokemon,other,,
0x0087A268,            TM59,16,10,26,pokemon,other,,
0x0087A290,                TM60,20,10,30,pokemon,other,,
0x0087A2BC,                TM61,20,10,30,pokemon,other,,
0x0087A2E8,                TM62,20,10,30,pokemon,other,,
0x0087A314,                TM63,20,10,30,pokemon,other,,
0x0087A340,                TM64,20,10,30,pokemon,other,,
0x0087A36C,                TM65,20,10,30,pokemon,other,,
0x0087A398,                TM66,20,10,30,pokemon,other,,
0x0087A3C4,                TM67,20,10,30,pokemon,other,,
0x0087A3F0,                TM68,20,10,30,pokemon,other,,
0x0087A41C,                TM69,20,10,30,pokemon,other,,
0x0087A448,                TM70,20,10,30,pokemon,other,,
0x0087A474,                TM71,20,10,30,pokemon,other,,
0x0087A4A0,                TM72,20,10,30,pokemon,other,,
0x0087A4CC,                TM73,20,10,30,pokemon,other,,
0x0087A4F8,                TM74,20,10,30,pokemon,other,,
0x0087A524,                TM75,20,10,30,pokemon,other,,
0x0087A550,                TM76,20,10,30,pokemon,other,,
0x0087A57C,                TM77,20,10,30,pokemon,other,,
0x0087A5A8,                TM78,20,10,30,pokemon,other,,
0x0087A5D4,                TM79,20,10,30,pokemon,other,,
0x0087A600,                TM80,20,10,30,pokemon,other,,
0x0087A62C,                TM81,20,10,30,pokemon,other,,
0x0087A658,                TM82,20,10,30,pokemon,other,,
0x0087A684,                TM83,20,10,30,pokemon,other,,
0x0087A6B0,                TM84,20,10,30,pokemon,other,,
0x0087A6DC,                TM85,20,10,30,pokemon,other,,
0x0087A708,                TM86,20,10,30,pokemon,other,,
0x0087A734,                TM87,20,10,30,pokemon,other,,
0x0087A760,                TM88,20,10,30,pokemon,other,,
0x0087A78C,                TM89,20,10,30,pokemon,other,,
0x0087A7B8,                TM90,20,10,30,pokemon,other,,
0x0087A7E4,                TM91,20,10,30,pokemon,other,,
0x0087A810,                TM92,20,10,30,pokemon,other,,
0x0087A83C,                TM93,20,10,30,pokemon,other,,
0x0087A868,                TM94,20,10,30,pokemon,other,,
0x0087A894,                TM95,20,10,30,pokemon,other,,
0x0087A8C0,                TM96,20,10,30,pokemon,other,,
0x0087A8EC,                TM97,20,10,30,pokemon,other,,
0x0087A918,                TM98,20,10,30,pokemon,other,,
0x0087A944,                TM99,20,10,30,pokemon,other,,
0x0087A970,                TM100,21,9,30,pokemon,other,,
0x0087A99C,                TM101,21,9,30,pokemon,other,,
0x0087A9C8,                TM102,21,9,30,pokemon,other,,
0x0087A9F4,                TM103,21,9,30,pokemon,other,,
0x0087AA20,                TM104,21,9,30,pokemon,other,,
0x0087AA4C,                TM105,21,9,30,pokemon,other,,
0x0087AA78,                TM106,21,9,30,pokemon,other,,
0x0087AAA4,                TM107,21,9,30,pokemon,other,,
0x0087AAD0,                TM108,21,9,30,pokemon,other,,
0x0087AAFC,                TM109,21,9,30,pokemon,other,,
0x0087AB28,                TM110,21,9,30,pokemon,other,,
0x0087AB54,                TM111,21,9,30,pokemon,other,,
0x0087AB80,                TM112,21,9,30,pokemon,other,,
0x0087ABAC,                TM113,21,9,30,pokemon,other,,
0x0087ABD8,                TM114,21,9,30,pokemon,other,,
0x0087AC04,                TM115,21,9,30,pokemon,other,,
0x0087AC30,                TM116,21,9,30,pokemon,other,,
0x0087AC5C,                TM117,21,9,30,pokemon,other,,
0x0087AC88,                TM118,21,9,30,pokemon,other,,
0x0087ACB4,                TM119,21,9,30,pokemon,other,,
0x0087ACE0,                TM120,21,9,30,pokemon,other,,
0x0087AD0C,                HM01,20,10,30,pokemon,other,,
0x0087AD38,                HM02,20,10,30,pokemon,other,,
0x0087AD64,                HM03,20,10,30,pokemon,other,,
0x0087AD90,                HM04,20,10,30,pokemon,other,,
0x0087ADBC,                HM05,20,10,30,pokemon,other,,
0x0087ADE8,                HM06,20,10,30,pokemon,other,,
0x0087AE14,                HM07,20,10,30,pokemon,other,,
0x0087AE40,                HM08,20,10,30,pokemon,other,,
0x0087AEA4,    Venusaurite,15,3,18,pokemon,other,,
0x0087AED0,    Charizite X,15,3,18,pokemon,other,,
0x0087AEFC,    Charizite Y,15,3,18,pokemon,other,,
0x0087AF28,    Blastoisite,15,3,18,pokemon,other,,
0x0087AF54,    Beedrillite,15,3,18,pokemon,other,,
0x0087AF80,    Pidgeotite,14,4,18,pokemon,other,,
0x0087AFAC,    Alakazite,13,1,14,pokemon,other,,
0x0087AFD8,    Slowbronite,15,3,18,pokemon,other,,
0x0087B004,    Gengarite,13,1,14,pokemon,other,,
0x0087B030,    Kangaskhite,15,3,18,pokemon,other,,
0x0087B05C,    Pinsirite,13,1,14,pokemon,other,,
0x0087B088,    Gyaradosite,15,3,18,pokemon,other,,
0x0087B0B4,    Aerodactite,15,3,18,pokemon,other,,
0x0087B0E0,    Mewtwonite X,16,2,18,pokemon,other,,
0x0087B10C,    Mewtwonite Y,16,2,18,pokemon,other,,
0x0087B138,    Ampharosite,15,3,18,pokemon,other,,
0x0087B164,    Steelixite,14,1,15,pokemon,other,,
0x0087B190,    Scizorite,13,1,14,pokemon,other,,
0x0087B1BC,    Heracronite,15,3,18,pokemon,other,,
0x0087B1E8,    Houndoomite,15,3,18,pokemon,other,,
0x0087B214,    Tyranitarite,16,2,18,pokemon,other,,
0x0087B240,    Sceptilite,14,4,18,pokemon,other,,
0x0087B26C,    Blazikenite,15,3,18,pokemon,other,,
0x0087B298,    Swampertite,15,3,18,pokemon,other,,
0x0087B2C4,    Gardevoirite,16,2,18,pokemon,other,,
0x0087B2F0,    Sablenite,13,5,18,pokemon,other,,
0x0087B31C,    Mawilite,12,6,18,pokemon,other,,
0x0087B348,    Aggronite,13,5,18,pokemon,other,,
0x0087B374,    Medichamite,15,3,18,pokemon,other,,
0x0087B3A0,    Manectite,13,1,14,pokemon,other,,
0x0087B3CC,    Sharpedonite,16,2,18,pokemon,other,,
0x0087B3F8,    Cameruptite,15,3,18,pokemon,other,,
0x0087B424,    Altarianite,15,3,18,pokemon,other,,
0x0087B450,    Banettite,13,1,14,pokemon,other,,
0x0087B47C,    Absolite,12,6,18,pokemon,other,,
0x0087B4A8,    Glalitite,13,5,18,pokemon,other,,
0x0087B4D4,    Salamencite,15,3,18,pokemon,other,,
0x0087B500,    Metagrossite,16,2,18,pokemon,other,,
0x0087B52C,    Latiasite,13,1,14,pokemon,other,,
0x0087B558,    Latiosite,13,5,18,pokemon,other,,
0x0087B584,    Lopunnite,13,5,18,pokemon,other,,
0x0087B5B0,    Garchompite,15,3,18,pokemon,other,,
0x0087B5DC,    Lucarionite,15,3,18,pokemon,other,,
0x0087B608,    Abomasite,13,1,14,pokemon,other,,
0x0087B634,    Galladite,13,1,14,pokemon,other,,
0x0087B660,    Audinite,12,6,18,pokemon,other,,
0x0087B68C,    Diancite,12,1,13,pokemon,other,,
0x0087B6E4,    Assault Vest,16,2,18,pokemon,other,,
0x0087B708,            Eviolite,20,6,26,pokemon,other,,
0x0087B734,            Fist Plate,22,4,26,pokemon,other,,
0x0087B760,            Sky Plate,21,5,26,pokemon,other,,
0x0087B78C,            Toxic Plate,23,3,26,pokemon,other,,
0x0087B7B8,            Earth Plate,23,3,26,pokemon,other,,
0x0087B7E4,            Stone Plate,23,3,26,pokemon,other,,
0x0087B810,            Insect Plate,24,2,26,pokemon,other,,
0x0087B83C,            Spooky Plate,24,2,26,pokemon,other,,
0x0087B868,            Iron Plate,22,4,26,pokemon,other,,
0x0087B894,            Flame Plate,23,3,26,pokemon,other,,
0x0087B8C0,            Splash Plate,24,2,26,pokemon,other,,
0x0087B8EC,            Meadow Plate,24,2,26,pokemon,other,,
0x0087B918,            Zap Plate,21,5,26,pokemon,other,,
0x0087B940,                Mind Plate,26,4,30,pokemon,other,,
0x0087B970,            Icicle Plate,24,2,26,pokemon,other,,
0x0087B99C,            Draco Plate,23,3,26,pokemon,other,,
0x0087B9C8,            Dread Plate,23,4,27,pokemon,other,,
0x0087B9F4,            Pixie Plate,23,4,27,pokemon,other,,
0x0087BA20,            Comet Shard,23,4,27,pokemon,other,,
0x0087BA78,            Big Malasada,24,2,26,pokemon,other,,
0x0087BAAC,    Casteliacone,16,2,18,pokemon,other,,
0x0087BAD8,    Lumiose Gale,16,2,18,pokemon,other,,
0x0087BB04,    Ragecandybar,16,2,18,pokemon,other,,
0x0087BB5C,    Old Gateau,14,6,20,pokemon,other,,
0x0087BB88,    Skull Fossil,16,2,18,pokemon,other,,
0x0087BBAC,            Armor Fossil,24,2,26,pokemon,other,,
0x0087BBD8,            Cover Fossil,24,2,26,pokemon,other,,
0x0087BC04,            Plume Fossil,24,2,26,pokemon,other,,
0x0087BC30,            Jaw Fossil,22,4,26,pokemon,other,,
0x0087BC5C,            Sail Fossil,23,3,26,pokemon,other,,
0x0087BC88,            Mega Earing,23,3,26,pokemon,other,,
0x0087BCB4,            Mega Charm,22,4,26,pokemon,other,,
0x0087BD0C,            Mega Anklet,23,3,26,pokemon,other,,
0x0087BD38,            Mega Pendant,24,2,26,pokemon,other,,
0x0087BD64,            Adamant Orb,23,3,26,pokemon,other,,
0x0087BD90,            Lustrous Orb,24,2,26,pokemon,other,,
0x0087BDBC,            Griseous Orb,24,2,26,pokemon,other,,
0x0087BE40,            Reveal Glass,24,2,26,pokemon,other,,
0x0087BE98,            Occa Berry,22,4,26,pokemon,other,,
0x0087BEC4,            Passho Berry,24,2,26,pokemon,other,,
0x0087BEF0,            Wacan Berry,23,3,26,pokemon,other,,
0x0087BF1C,            Rindo Berry,23,3,26,pokemon,other,,
0x0087BF48,            Yache Berry,23,3,26,pokemon,other,,
0x0087BF74,            Chople Berry,24,2,26,pokemon,other,,
0x0087BFA0,            Kebia Berry,23,3,26,pokemon,other,,
0x0087BFCC,            Shuca Berry,23,3,26,pokemon,other,,
0x0087BFF8,            Coba Berry,22,4,26,pokemon,other,,
0x0087C024,            Payapa Berry,24,2,26,pokemon,other,,
0x0087C050,            Tanga Berry,23,3,26,pokemon,other,,
0x0087C07C,            Charti Berry,24,2,26,pokemon,dialogue,,
0x0087C0A8,            Kasib Berry,23,3,26,pokemon,other,,
0x0087C0D4,            Haban Berry,23,3,26,pokemon,other,,
0x0087C100,            Colbur Berry,24,2,26,pokemon,other,,
0x0087C12C,            Babiri Berry,24,2,26,pokemon,dialogue,,
0x0087C158,            Chilan Berry,24,2,26,pokemon,other,,
0x0087C184,            Micle Berry,23,3,26,pokemon,other,,
0x0087C1B0,            Custap Berry,24,2,26,pokemon,other,,
0x0087C1DC,            Jaboca Berry,24,2,26,pokemon,other,,
0x0087C234,            Roseli Berry,24,2,26,pokemon,dialogue,,
0x0087C260,            Kee Berry,21,1,22,pokemon,other,,
0x0087C28C,            Marang Berry,24,2,26,pokemon,other,,
0x0087C2B8,            Absorb Bulb,23,3,26,pokemon,other,,
0x0087C2E4,            Air Balloon,23,3,26,pokemon,other,,
0x0087C310,            Adrenal Orb,23,3,26,pokemon,other,,
0x0087C33C,            Binding Band,24,2,26,pokemon,other,,
0x0087C368,            Cell Battery,24,2,26,pokemon,other,,
0x0087C394,            Eject Button,24,2,26,pokemon,other,,
0x0087C3C0,            Float Stone,23,3,26,pokemon,other,,
0x0087C3EC,            Focus Sash,22,3,25,pokemon,other,,
0x0087C418,            Grip Claw,21,5,26,pokemon,other,,
0x0087C444,            Iron Ball,21,5,26,pokemon,other,,
0x0087C470,            Lagging Tail,24,2,26,pokemon,other,,
0x0087C4C8,            Quick Powder,24,2,26,pokemon,other,,
0x0087C4F4,            Metronome,21,5,26,pokemon,other,,
0x0087C520,            Muscle Band,23,3,26,pokemon,other,,
0x0087C54C,            Protect Pads,24,2,26,pokemon,other,,
0x0087C578,            Red Card,20,6,26,pokemon,other,,
0x0087C5A4,            Ring Target,23,3,26,pokemon,other,,
0x0087C5D0,            Shed Shell,22,4,26,pokemon,other,,
0x0087C5FC,            Snowball,20,6,26,pokemon,other,,
0x0087C62A,          Sticky Barb,21,3,24,pokemon,other,,
0x0087C654,            Terrain Ext.,24,2,26,pokemon,other,,
0x0087C680,            Wise Glasses,24,2,26,pokemon,other,,
0x0087C6D8,            Grassy Seed,23,3,26,pokemon,other,,
0x0087C704,            Misty Seed,22,1,23,pokemon,other,,
0x0087C730,            Psychic Seed,24,2,26,pokemon,other,,
0x0087C75C,            Normal Gem,22,4,26,pokemon,other,,
0x0087C788,            Fighting Gem,24,2,26,pokemon,other,,
0x0087C7B4,            Flying Gem,22,4,26,pokemon,other,,
0x0087C7E0,            Poison Gem,22,4,26,pokemon,other,,
0x0087C80C,            Ground Gem,22,4,26,pokemon,other,,
0x0087C838,            Rock Gem,20,6,26,pokemon,other,,
0x0087C864,            Bug Gem,19,7,26,pokemon,other,,
0x0087C890,            Ghost Gem,21,5,26,pokemon,other,,
0x0087C8BC,            Steel Gem,21,5,26,pokemon,other,,
0x0087C8E8,            Fire Gem,20,6,26,pokemon,other,,
0x0087C914,            Water Gem,21,5,26,pokemon,other,,
0x0087C940,            Grass Gem,21,5,26,pokemon,other,,
0x0087C96C,            Electric Gem,24,2,26,pokemon,other,,
0x0087C998,            Psychic Gem,23,3,26,pokemon,other,,
0x0087C9C4,            Ice Gem,19,1,20,pokemon,other,,
0x0087C9F0,            Dragon Gem,22,4,26,pokemon,other,,
0x0087CA1C,            Dark Gem,20,6,26,pokemon,other,,
0x0087CA48,            Fairy Gem,21,5,26,pokemon,other,,
0x0087CAA0,            Health Wing,23,3,26,pokemon,other,,
0x0087CAD8,Muscle Wing,11,3,14,pokemon,location,,
0x0087CB04,Resist Wing,11,3,14,pokemon,location,,
0x0087CB30,Genius Wing,11,3,14,pokemon,location,,
0x0087CB5C,Clever Wing,11,3,14,pokemon,location,,
0x0087CB88,Swift Wing,10,4,14,pokemon,location,,
0x0087CBB4,Pretty Wing,11,3,14,pokemon,location,,
0x0087CBD4,            Bottle Cap,22,4,26,pokemon,other,,
0x0087CC2C,            Red Nectar,22,4,26,pokemon,other,,
0x0087CC90,Pink Nectar,11,3,14,pokemon,location,,
0x0087CCBC,Purp Nectar,11,3,14,pokemon,location,,
0x0087CCE8,Fast Ball,9,5,14,pokemon,location,,
0x0087CD10,    Level Ball,14,4,18,pokemon,other,,
0x0087CD3C,    Lure Ball,13,5,18,pokemon,other,,
0x0087CD68,    Heavy Ball,14,4,18,pokemon,other,,
0x0087CD94,    Love Ball,13,5,18,pokemon,other,,
0x0087CDC0,    Friend Ball,15,3,18,pokemon,other,,
0x0087CDEC,    Moon Ball,13,5,18,pokemon,other,,
0x0087CE18,    Sport Ball,14,4,18,pokemon,other,,
0x0087CE44,    Beast Ball,14,4,18,pokemon,other,,
0x0087CE70,    Dream Ball,14,4,18,pokemon,other,,
0x0087CE9C,    Oval Charm,14,4,18,pokemon,other,,
0x0087CEC0,            Shiny Charm,23,3,26,pokemon,other,,
0x0087CEEC,            Burn Drive,22,4,26,pokemon,other,,
0x0087CF18,            Douse Drive,23,3,26,pokemon,other,,
0x0087CF44,            Shock Drive,23,3,26,pokemon,other,,
0x0087CF70,            Chill Drive,23,3,26,pokemon,other,,
0x0087CF9C,            Fist Memory,23,3,26,pokemon,other,,
0x0087CFC8,            Sky Memory,22,1,23,pokemon,other,,
0x0087CFF4,            Toxic Memory,24,2,26,pokemon,other,,
0x0087D020,            Earth Memory,24,2,26,pokemon,other,,
0x0087D04C,            Rock Memory,23,3,26,pokemon,other,,
0x0087D078,            Bug Memory,22,4,26,pokemon,other,,
0x0087D0A4,            Ghost Memory,24,2,26,pokemon,other,,
0x0087D0D0,            Steel Memory,24,2,26,pokemon,other,,
0x0087D0FC,            Fire Memory,23,3,26,pokemon,other,,
0x0087D128,            Water Memory,24,2,26,pokemon,other,,
0x0087D154,            Grass Memory,24,2,26,pokemon,other,,
0x0087D180,            Zap Memory,22,1,23,pokemon,other,,
0x0087D1AC,            Psych Memory,24,2,26,pokemon,other,,
0x0087D1D8,            Ice Memory,22,4,26,pokemon,other,,
0x0087D204,            Draco Memory,24,2,26,pokemon,other,,
0x0087D230,            Dark Memory,23,3,26,pokemon,other,,
0x0087D25C,            Fairy Memory,24,2,26,pokemon,other,,
0x0087D288,            Rainbow Wing,24,2,26,pokemon,other,,
0x0087D2B4,            Silver Wing,23,3,26,pokemon,other,,
0x0087D2E0,            N-Solarizer,23,3,26,pokemon,other,,
0x0087D30C,            N-Lunarizer,23,3,26,pokemon,other,,
0x0087D338,            Sun Flute,21,5,26,pokemon,other,,
0x0087D3E8,            Relic Copper,24,2,26,pokemon,other,,
0x0087D414,            Relic Silver,24,2,26,pokemon,other,,
0x0087D440,            Relic Gold,22,4,26,pokemon,other,,
0x0087D46C,            Relic Vase,22,4,26,pokemon,other,,
0x0087D498,            Relic Band,22,4,26,pokemon,other,,
0x0087D4C4,            Relic Statue,24,2,26,pokemon,other,,
0x0087D4F0,            Relic Crown,23,3,26,pokemon,other,,
0x0087D51C,            Normalium Z,23,3,26,pokemon,other,,
0x0087D548,            Fightinium Z,24,2,26,pokemon,other,,
0x0087D574,            Flyinium Z,22,4,26,pokemon,other,,
0x0087D5A0,            Poisonium Z,23,3,26,pokemon,other,,
0x0087D5CC,            Groundium Z,23,3,26,pokemon,other,,
0x0087D5F8,            Rockium Z,21,1,22,pokemon,other,,
0x0087D624,            Buginium Z,22,4,26,pokemon,other,,
0x0087D650,            Ghostium Z,22,4,26,pokemon,other,,
0x0087D67C,            Steelium Z,22,4,26,pokemon,other,,
0x0087D6A8,            Firium Z,20,2,22,pokemon,other,,
0x0087D6D4,            Waterium Z,22,4,26,pokemon,other,,
0x0087D700,            Grassium Z,22,4,26,pokemon,other,,
0x0087D72C,            Electrium Z,23,3,26,pokemon,other,,
0x0087D758,            Psychium Z,22,4,26,pokemon,other,,
0x0087D784,            Icium Z,19,1,20,pokemon,other,,
0x0087D7B0,            Dragonium Z,23,3,26,pokemon,other,,
0x0087D7DC,            Darkinium Z,23,3,26,pokemon,other,,
0x0087D808,            Fairium Z,21,1,22,pokemon,other,,
0x0087D834,            Alorichium Z,24,2,26,pokemon,other,,
0x0087D860,            Decidium Z,22,4,26,pokemon,other,,
0x0087D88C,            Eevium Z,20,2,22,pokemon,other,,
0x0087D8B8,            Incinium Z,22,4,26,pokemon,other,,
0x0087D8E4,            Kommonium Z,23,3,26,pokemon,other,,
0x0087D910,            Lunalium Z,22,4,26,pokemon,other,,
0x0087D93C,            Lycanium Z,22,4,26,pokemon,other,,
0x0087D968,            Marshadium Z,24,2,26,pokemon,other,,
0x0087D994,            Mewnium Z,21,1,22,pokemon,other,,
0x0087D9C0,            Mimikium Z,22,4,26,pokemon,other,,
0x0087D9EC,            Pikanium Z,22,4,26,pokemon,other,,
0x0087DA18,            Pikasunium Z,24,2,26,pokemon,other,,
0x0087DA44,            Primarium Z,23,3,26,pokemon,other,,
0x0087DA70,            Snorlium Z,22,4,26,pokemon,other,,
0x0087DA9C,            Solganium Z,23,3,26,pokemon,other,,
0x0087DAC8,            Tapunium Z,22,4,26,pokemon,other,,
0x0087DAF4,            Eject Pack,22,4,26,pokemon,other,,
0x0087DB20,            Room Service,24,2,26,pokemon,other,,
0x0087DB78,            Heavy Boots,23,3,26,pokemon,other,,
0x0087DBD0,            Throat Spray,24,2,26,pokemon,other,,
0x0087DC54,            Sweet Apple,23,3,26,pokemon,other,,
0x0087DC80,            Tart Apple,22,4,26,pokemon,other,,
0x0087DCAC,            Cracked Pot,23,3,26,pokemon,other,,
0x0087DCD8,            Chipped Pot,23,3,26,pokemon,other,,
0x0087DD30,            Berry Sweet,23,3,26,pokemon,other,,
0x0087DD5C,            Love Sweet,22,4,26,pokemon,other,,
0x0087DD88,            Clover Sweet,24,2,26,pokemon,other,,
0x0087DDE0,            Ribbon Sweet,24,2,26,pokemon,other,,
0x0087DE0C,            Star Sweet,22,4,26,pokemon,other,,
0x0087DE90,            Reins of Uni,24,2,26,pokemon,other,,
0x0087DEE8,            Peat Block,22,1,23,pokemon,other,,
0x0087DF14,            Hisui Rock,22,4,26,pokemon,dialogue,,
0x008A0E52," was burned
by the Flame Orb!",29,1,30,pokemon,dialogue,,
0x008AA966, Poof!,6,1,7,pokemon,dialogue,,
0x008B7F33,"s disguise
served as its decoy!",31,14,45,pokemon,dialogue,,
0x008B91D0,"The twisted dimensions returned
to normal!",42,1,43,pokemon,dialogue,,
0x008B9F80,Grass grew to cover the battlefield!,36,12,48,pokemon,dialogue,,
0x008BA000,Mist swirls around the battlefield!,35,13,48,pokemon,dialogue,,
0x008BB202," floats in
the air with its Air Balloon!",40,6,46,pokemon,dialogue,,
0x008BBEA3,"s
Heal Block wore off!",22,7,29,pokemon,dialogue,,
0x008BC230,"An electric current runs across
the battlefield.",48,16,64,pokemon,description,,
0x008BC290,Mist swirls around the battlefield.,35,13,48,pokemon,description,,
0x008BC992," was
prevented from healing!",28,2,30,pokemon,dialogue,,
0x008BC9B7,"t use
items anymore!",20,5,25,pokemon,dialogue,,
0x008BC9D2," is covered
in powder!",22,8,30,pokemon,dialogue,,
0x008BD155,The wild ,9,18,27,pokemon,location,,
0x008BF9F3,"s illusion
wore off!",20,9,29,pokemon,dialogue,,
0x008C5720,Remove foggy weather.,21,11,32,pokemon,location,,
0x008C57A0, blew away the fog!,19,1,20,pokemon,dialogue,,
0x008CD67E,"Are you well versed in Borrian
history?",39,1,40,pokemon,dialogue,,
0x008CD6F9,jog your memory.,16,1,17,pokemon,dialogue,,
0x0090661F," shielded the
opposing team from critical hits!",47,2,49,pokemon,dialogue,,
0x00907070,"An electric current runs across
the battlefield!",48,1,49,pokemon,dialogue,,
0x00907C42, is drowsing!,13,1,14,pokemon,dialogue,,
0x009085A3,"s stat changes
were removed!",28,17,45,pokemon,dialogue,,
0x00909D88,s team!,7,1,8,pokemon,dialogue,,
0x0090C850,"Pointed stones float in the air
around your team!",49,15,64,pokemon,dialogue,,
0x0090D417,"
activated!",11,14,25,pokemon,dialogue,,
0x0090D9B2, became nimble!,15,16,31,pokemon,dialogue,,
0x0090F582," twisted
the dimensions!",24,6,30,pokemon,dialogue,,
0x0090F8F2," switched
its Attack and Defense!",33,13,46,pokemon,dialogue,,
0x00920A3F," The user sends a
wave of vacuum at
the foe. It will
strike first.         ",75,2,77,pokemon,description,,
0x00922241,"The user uses its
psychic power to
switch changes to
its Defense and Sp.
Def with the foe.",90,1,91,pokemon,description,,
0x0092262C,"The area around the
user is swamped by
a giant sludge wave.
It may also poison
those hit.",89,1,90,pokemon,description,,
0x00922A21,Takes one hit with no damage.,29,1,30,pokemon,other,,
0x00922A91,Changes type to match Memory.,29,1,30,pokemon,other,,
0x00922AEA,Boosts speed in Hail.,21,1,22,pokemon,other,,
0x00922B00,Knockouts boost Sp. Atk.,24,1,25,pokemon,other,,
0x00922B19,Taking a hit raises Defense.,28,1,29,pokemon,other,,
0x00922B36,Powers up Steel-type moves.,27,1,28,pokemon,other,,
0x00922B52,Gives priority to healing moves.,32,1,33,pokemon,description,,
0x00922B73,Ups water attacks. Prevents burn.,33,1,34,pokemon,description,,
0x00922BD1,Changes type to match held plate.,33,1,34,pokemon,description,,
0x00922D21, Reverses stats changes.,24,1,25,pokemon,other,,
0x00922D8B,Halves weight.,14,1,15,pokemon,location,,
0x00922D9A,Flinching raises Speed.,23,1,24,pokemon,location,,
0x00922E50,Protects against mental problems.,33,1,34,pokemon,description,,
0x00922EB9,t use items.,12,1,13,pokemon,other,,
0x00922FA4,Summons extremely harsh sunlight.,33,1,34,pokemon,description,,
0x00923063,Picks up Honey after battle.,28,1,29,pokemon,other,,
0x00923147,Acts as if asleep.,18,1,19,pokemon,other,,
0x00923197,s ability.,10,1,11,pokemon,other,,
0x0092FB9F,Desolate Land,13,1,14,pokemon,location,,
0x0092FBCA,Electric Surge,14,1,15,pokemon,location,,
0x0095117C,"mon.
If the holder is hit, the attacker
will also be damaged upon contact.",74,10,84,pokemon,description,,
0x0095BCFD,"ments dont il a
besoin pour grandir.",36,95,131,pokemon,description,,
0x0095BDDC,sistant.,8,92,100,pokemon,other,,
0x0095BEA0,voluer.,7,89,96,pokemon,other,,
0x0095BF60,ennemi.,7,89,96,pokemon,other,,
0x0095BFEB,"une proie avant de fondre sur elle
toutes griffes en avant.",59,90,149,pokemon,description,,
0x0095C0AD,"e de ses crocs. Il peut
transpercer un mur de parpaings.",56,91,147,pokemon,description,,
0x0095C199, par la peur.,13,90,103,pokemon,other,,
0x0095C207,"mon dresse ses piquants en cas de
danger. Ils poussent moins vite que ceux
de Nidorino.",87,98,185,pokemon,description,,
0x0095C2DB,"cailles
solides. Il donnera sa vie pour secourir
les petits de son terrier.",75,90,165,pokemon,description,,
0x0095C3D1,tront un grand bonheur.,23,88,111,pokemon,other,,
0x0095C49C,1 km.,5,95,100,pokemon,other,,
0x0095C610,bats parmi ses fans.,20,92,112,pokemon,dialogue,,
0x0095C6D4,trange torpeur.,15,93,108,pokemon,other,,
0x0095C795,ondes alpha.,12,95,107,pokemon,other,,
0x0095C867,nant!,5,84,89,pokemon,dialogue,,
0x0095C910,une poudre toxique.,19,93,112,pokemon,other,,
0x0095C9E3,garde!,6,87,93,pokemon,dialogue,,
0x0095CA9B,re est grande.,14,87,101,pokemon,other,,
0x0095CC20,dateurs.,8,88,96,pokemon,other,,
0x0095CCD0,ner sa large langue.,20,92,112,pokemon,other,,
0x0095CD87,"lectrifier
au toucher.",22,99,121,pokemon,other,,
0x0095CE29,"te devient trop grosse, elle tombe et
produit un Noeunoeuf.",59,92,151,pokemon,description,,
0x0095CF01,"essouffle
au bout de 3 minutes.",31,96,127,pokemon,description,,
0x0095CFDE,tides.,6,92,98,pokemon,other,,
0x0095D072,"serves de graisse et arbore
des couleurs chatoyantes.",53,89,142,pokemon,description,,
0x0095D15C, minuit.,8,92,100,pokemon,other,,
0x0095D20C,"er
un mur invisible devant lui.",31,85,116,pokemon,description,,
0x0095D2C6,"y arrive
pas, il les jette au loin.",35,87,122,pokemon,description,,
0x0095D39D,entoure.,8,91,99,pokemon,other,,
0x0095D44F,"
par une coquille robuste.",26,87,113,pokemon,other,,
0x0095D515,le la foudre.,13,94,107,pokemon,other,,
0x0095D5C7,"il peuple
les mers et les lacs.",31,90,121,pokemon,description,,
0x0095D6A0,roce.,5,91,96,pokemon,other,,
0x0095D818, combattre.,11,93,104,pokemon,other,,
0x0095D8B3,"gatives du bout des
antennes pour paralyser sa proie.",53,88,141,pokemon,description,,
0x0095D995,ter.,4,103,107,pokemon,other,,
0x0095DA21,"huile
fait office de flotteur et lui permet de
ne pas couler.",61,98,159,pokemon,dialogue,,
0x0095DADE,"sence en
nombre dans les champs et les montagnes
annonce le printemps.",70,92,162,pokemon,description,,
0x0095DB9C,"ratures
remontent. Il flotte dans le ciel pour
absorber les rayons du soleil.",77,87,164,pokemon,description,,
0x0095DC9F,il fera.,8,89,97,pokemon,other,,
0x0095DD56,rieux pouvoir.,14,92,106,pokemon,other,,
0x0095DE17,un prix Nobel.,14,91,105,pokemon,other,,
0x0095DED7,rieux pouvoir.,14,91,105,pokemon,other,,
0x0095DF80,"mon Oiseaux
qui le picorent par erreur.",39,89,128,pokemon,dialogue,,
0x0095E053,normes crocs.,13,96,109,pokemon,other,,
0x0095E0D8,"tecte
champignons, Baies et sources chaudes
enfouis sous la glace.",66,102,168,pokemon,description,,
0x0095E1D8,es de glace.,12,92,104,pokemon,other,,
0x0095E355,versibles.,10,97,107,pokemon,other,,
0x0095E417,un seul coup.,13,92,105,pokemon,other,,
0x0095E4D9,chec.,5,98,103,pokemon,other,,
0x0095E584,"nombre plus
de 5 000 marques.",29,95,124,pokemon,other,,
0x0095E642," ne pas y
mettre la main!",25,101,126,pokemon,dialogue,,
0x0095E6F0,"meuh deviennent des adultes
braves et robustes.",47,97,144,pokemon,description,,
0x0095E7C9,"ce
aux nuages sur son dos.",26,93,119,pokemon,other,,
0x0095E855,"re, il abat des
montagnes et enterre des fleuves. On
doit alors modifier les cartes.",84,87,171,pokemon,description,,
0x0095E93F,"est le
meilleur combattant des jungles.",39,90,129,pokemon,description,,
0x0095EA13, 1 000 C.,9,100,109,pokemon,other,,
0x0095EB8E,"
transporter la nourriture.",27,87,114,pokemon,other,,
0x0095EC4E,"
attirer ses proies.",20,94,114,pokemon,other,,
0x0095ED18,ve des arbres.,14,90,104,pokemon,other,,
0x0095EDE1,rieur.,6,89,95,pokemon,other,,
0x0095EE85,"pigne
pour augmenter sa force.",30,93,123,pokemon,other,,
0x0095EF35,"mon. Ses coups de paume
peuvent projeter un camion.",51,88,139,pokemon,description,,
0x0095F017,tallique.,9,96,105,pokemon,other,,
0x0095F0B1,"mon des grottes obscures sont
devenus des joyaux.",49,94,143,pokemon,description,,
0x0095F1A3,acier.,6,87,93,pokemon,other,,
0x0095F232,"rieur la nuit. Il adore le doux
parfum de Lumivole.",51,91,142,pokemon,description,,
0x0095F304,"es peuvent
couler un navire.",28,96,124,pokemon,other,,
0x0095F3DF,vent.,5,156,161,pokemon,other,,
0x0096172C," une profondeur de 3 000 m en
retenant son souffle.",51,97,148,pokemon,description,,
0x009617C0,"Son dos bossu renferme une lave
bouillonnante. Elle refroidit par temps
de pluie, ce qui le ralentit.",101,91,192,pokemon,dialogue,,
0x009618A8,"le dans sa carapace et crache de la
suie noire en cas de danger.",64,104,168,pokemon,description,,
0x00961B8E, ???,4,4,8,pokemon,dialogue,,
0x00961B93,   Fire,7,3,10,pokemon,other,,
0x00964A7E,"Capture for
more information!",29,1,30,pokemon,dialogue,,
0x00965B96, is tormented!,14,1,15,pokemon,dialogue,,
0x00965C19,"s illusion
wore off!",20,1,21,pokemon,dialogue,,
0x00965C49,"s disguise
served as its decoy!",31,1,32,pokemon,dialogue,,
0x00965C6C,"s disguise
was busted!",22,1,23,pokemon,dialogue,,
0x009660FD,"The Water-type attack evaporated
in the harsh sunlight!",55,1,56,pokemon,dialogue,,
0x00966135,"The Fire-type attack fizzled
out in the heavy rain!",51,1,52,pokemon,dialogue,,
0x0096616B," surrounds itself
with psychic terrain!",39,1,40,pokemon,dialogue,,
0x009661CB," transformed
into its blade form!",33,1,34,pokemon,dialogue,,
0x009661EF," transformed
into its shield form!",34,1,35,pokemon,dialogue,,
0x00966214," surrounded
itself with its Z-Power!",36,1,37,pokemon,dialogue,,
0x0096623B," unleashes
its full-force Z-move!",33,1,34,pokemon,dialogue,,
0x00966260,"s illusion
wore off!",20,1,21,pokemon,dialogue,,
0x00966587," floats in
the air with its Air Balloon!",40,1,41,pokemon,dialogue,,
0x009665B3,"s aura
flared to life!",22,1,23,pokemon,dialogue,,
0x00966601,"An electric current runs across
the battlefield.",48,1,49,pokemon,description,,
0x00966690," started
heating up its beak!",29,1,30,pokemon,dialogue,,
0x00966B69," was
poisoned by the Toxic Spikes!",34,1,35,pokemon,dialogue,,
0x00966B8E," is badly
poisoned by the Toxic Spikes!",39,1,40,pokemon,dialogue,,
0x00966BD9," was
poisoned by the Baneful Bunker!",36,1,37,pokemon,dialogue,,
0x00966C63," cut its own
HP to power up its attack!",39,1,40,pokemon,dialogue,,
0x00966C8D," lost some
of its HP!",21,1,22,pokemon,dialogue,,
0x0096756B,s health!,9,1,10,pokemon,dialogue,,
0x0096758F,s health!,9,1,10,pokemon,dialogue,,
0x009675DF,"s
Heal Block wore off!",22,1,23,pokemon,dialogue,,
0x00967673,"Wonder Room wore off, and the Defense
and Sp. Def. stats returned to normal!",76,1,77,pokemon,dialogue,,
0x0096771D,The terrain returned to normal!,31,1,32,pokemon,dialogue,,
0x0096779E,"
activated!",11,1,12,pokemon,dialogue,,
0x009677B1,"
deactivated!",13,1,14,pokemon,dialogue,,
0x0096BE51, became nimble!,15,1,16,pokemon,dialogue,,
0x0096BEC4," concentrated
intensely!",24,1,25,pokemon,dialogue,,
0x0096BF48,"s stockpiled
effect wore off!",29,1,30,pokemon,dialogue,,
0x0096BF84," surrounded
itself with a veil of water!",40,1,41,pokemon,dialogue,,
0x0096C02F," became fully
charged due to its Power Herb!",44,1,45,pokemon,dialogue,,
0x0096C05E," switched
its Attack and Defense!",33,1,34,pokemon,dialogue,,
0x0096C136," shared its
power with the target!",34,1,35,pokemon,dialogue,,
0x0096C15B," shared its
guard with the target!",34,1,35,pokemon,dialogue,,
0x0096C292," was
prevented from healing!",28,1,29,pokemon,dialogue,,
0x0096C2B6,"t use
items anymore!",20,1,21,pokemon,dialogue,,
0x0096C2CD," is covered
in powder!",22,1,23,pokemon,dialogue,,
0x0096C2E6," was hurled
into the air!",25,1,26,pokemon,dialogue,,
0x0096C377,"
took the kind offer!",21,1,22,pokemon,dialogue,,
0x0096C3A8," levitated
with electromagnetism!",33,1,34,pokemon,dialogue,,
0x0096C9B9, activated!,11,1,12,pokemon,dialogue,,
0x0096CCA8," regained its
true power through Ultra Burst!",45,1,46,pokemon,dialogue,,
0x0096DB97,The extremely harsh sunlight faded!,35,1,36,pokemon,dialogue,,
0x0096DBBB,"The mysterious air current has
dissipated!",42,1,43,pokemon,dialogue,,
0x0096DD11,using its Z-Power!,18,1,19,pokemon,dialogue,,
0x0096DD26," boosted its
stats using its Z-Power!",37,1,38,pokemon,dialogue,,
0x0096DD4E," boosted its
critical-hit ratio using its Z-Power!",50,1,51,pokemon,dialogue,,
0x0096DD83," restored its
HP using its Z-Power!",35,1,36,pokemon,dialogue,,
0x0096DDC7,s HP using its Z-Power!,23,1,24,pokemon,dialogue,,
0x00A34F61,Keeps user and allies awake.,28,1,29,pokemon,other,,
0x00A34F7E,Multi-hit moves hit five times.,31,1,32,pokemon,description,,
0x00A34F9E,Turns electricity into Speed.,29,1,30,pokemon,other,,
0x00A34FBC,Reduces damage at full HP.,26,1,27,pokemon,other,,
0x00A34FD7,Boosts weaker moves.,20,1,21,pokemon,location,,
0x00A35005,mon.,4,1,5,pokemon,other,,
0x00A3500A,Critical hits land more often.,30,1,31,pokemon,other,,
0x00A35029,Boosts critical hits.,21,1,22,pokemon,location,,
0x00A3503F,Heals upon switching out.,25,1,26,pokemon,other,,
0x00A35059,Status moves hit first.,23,1,24,pokemon,other,,
0x00A35071,Boosts same type attacks.,25,1,26,pokemon,other,,
0x00A3508B,Prevents Defense reduction.,27,1,28,pokemon,location,,
0x00A350A7,Reflects status moves.,22,1,23,pokemon,location,,
0x00A350BE,Boosts moves with recoil.,25,1,26,pokemon,other,,
0x00A350D8,Trades added effects for power.,31,1,32,pokemon,description,,
0x00A350F8,Boosts punching moves.,22,1,23,pokemon,location,,
0x00A3510F,Ups power against same gender.,30,1,31,pokemon,other,,
0x00A3512E,Boosts moves in a sandstorm.,28,1,29,pokemon,other,,
0x00A3514B,Trades HP for power in sunshine.,32,1,33,pokemon,description,,
0x00A3516C,Heat protection.,16,1,17,pokemon,location,,
0x00A3517D,Prefers the rain to heat.,25,1,26,pokemon,other,,
0x00A351B2, moves.,7,1,8,pokemon,other,,
0x00A351BA,Weakens super effective moves.,30,1,31,pokemon,other,,
0x00A351D9,Passes through barriers and Fog.,32,1,33,pokemon,description,,
0x00A35211,s stats.,8,1,9,pokemon,other,,
0x00A3521A,Restores HP if poisoned.,24,1,25,pokemon,other,,
0x00A35233,Slight HP recovery in hail.,27,1,28,pokemon,other,,
0x00A3524F,Ups one stat and downs another.,31,1,32,pokemon,description,,
0x00A3526F,Heals status problems in rain.,30,1,31,pokemon,other,,
0x00A3529C,s status problems.,18,1,19,pokemon,other,,
0x00A352AF,Ups evasion in hail.,20,1,21,pokemon,other,,
0x00A352C4,Ups evasion if confused.,24,1,25,pokemon,other,,
0x00A352DD,Summons a hailstorm in battle.,30,1,31,pokemon,other,,
0x00A352FC,Ups Speed if suffering.,23,1,24,pokemon,other,,
0x00A35314,Boosts Attack if hit by Grass.,30,1,31,pokemon,other,,
0x00A35333,Immune to weather and powder.,29,1,30,pokemon,other,,
0x00A35351,Only damaged by attacks.,24,1,25,pokemon,other,,
0x00A3536A,Avoids ball and bomb moves.,27,1,28,pokemon,other,,
0x00A35386,Flying-type moves hit first.,28,1,29,pokemon,other,,
0x00A353A3,Knockouts boost Attack.,23,1,24,pokemon,location,,
0x00A353BB,Fainting damages the foe.,25,1,26,pokemon,other,,
0x00A353E7,s move.,7,1,8,pokemon,other,,
0x00A353FE,s Speed if hit.,15,1,16,pokemon,other,,
0x00A3540E,Spreads with contact.,21,1,22,pokemon,location,,
0x00A35424,Hurts to touch.,15,1,16,pokemon,location,,
0x00A35434,Raises Speed in a sandstorm.,28,1,29,pokemon,other,,
0x00A35451,Moving last boosts power.,25,1,26,pokemon,other,,
0x00A3546B,Ensures that all moves land.,28,1,29,pokemon,other,,
0x00A35488,Boosts aura and pulse moves.,28,1,29,pokemon,other,,
0x00A354A5,Boosts moves that make contact.,31,1,32,pokemon,description,,
0x00A354C5,Boosts biting moves.,20,1,21,pokemon,location,,
0x00A354EE,s accuracy.,11,1,12,pokemon,other,,
0x00A354FA,Draws in water to up Sp. Atk.,29,1,30,pokemon,other,,
0x00A35518,Powers up Dark-type moves.,26,1,27,pokemon,other,,
0x00A35533,Powers up Fairy-type moves.,27,1,28,pokemon,other,,
0x00A3554F,Reverses Aura Abilities.,24,1,25,pokemon,location,,
0x00A35568,Normal moves become Ice.,24,1,25,pokemon,other,,
0x00A35581,Normal moves become Fairy.,26,1,27,pokemon,other,,
0x00A3559C,Normal moves become Flying.,27,1,28,pokemon,other,,
0x00A355B8,All moves become Normal-type.,29,1,30,pokemon,other,,
0x00A355D6,Doubles Speed if item is lost.,30,1,31,pokemon,other,,
0x00A355F5,Doubles stat changes.,21,1,22,pokemon,location,,
0x00A35617,s stat changes.,15,1,16,pokemon,other,,
0x00A35627,Attack rises when stats fall.,29,1,30,pokemon,other,,
0x00A35645,Sp. Atk rises when stats fall.,30,1,31,pokemon,other,,
0x00A35664,Gives up at half HP.,20,1,21,pokemon,other,,
0x00A35679,Takes a while to get going.,27,1,28,pokemon,other,,
0x00A35695,Attack rises when poisoned.,27,1,28,pokemon,other,,
0x00A356B1,Sp. Atk rises when burned.,26,1,27,pokemon,other,,
0x00A356CC,Halves physical damage.,23,1,24,pokemon,location,,
0x00A356E4,Ups status move evasion.,24,1,25,pokemon,other,,
0x00A356FD,Changes type to match move.,27,1,28,pokemon,other,,
0x00A35719,Moves get a weaker second hit.,30,1,31,pokemon,other,,
0x00A35738,Moves ignore Abilities.,23,1,24,pokemon,location,,
0x00A35750,Transforms below half HP.,25,1,26,pokemon,other,,
0x00A3576A,Transforms after a KO.,22,1,23,pokemon,other,,
0x00A35781,KOing a foe ups highest stat.,29,1,30,pokemon,other,,
0x00A3579F,May poison any type.,20,1,21,pokemon,other,,
0x00A357B4,Takes one hit with no damage.,29,1,30,pokemon,other,,
0x00A35825,Transforms below half HP.,25,1,26,pokemon,other,,
0x00A3583F,Changes type to match Memory.,29,1,30,pokemon,other,,
0x00A3585D,Schools up with high HP.,24,1,25,pokemon,other,,
0x00A35876,Reduces damage at full HP.,26,1,27,pokemon,other,,
0x00A35891,Lowers shields below half HP.,29,1,30,pokemon,other,,
0x00A358AF,Boosts speed in Hail.,21,1,22,pokemon,other,,
0x00A358C5,Knockouts boost Sp. Atk.,24,1,25,pokemon,other,,
0x00A358DE,Taking a hit raises Defense.,28,1,29,pokemon,other,,
0x00A358FB,Powers up Steel-type moves.,27,1,28,pokemon,other,,
0x00A35917,Gives priority to healing moves.,32,1,33,pokemon,description,,
0x00A35938,Ups Water attacks. Prevents burn.,33,1,34,pokemon,description,,
0x00A35979,Often attacks last.,19,1,20,pokemon,location,,
0x00A3598D,Changes type to match held Plate.,33,1,34,pokemon,description,,
0x00A359AF,Creates an Electric Terrain.,28,1,29,pokemon,other,,
0x00A359CC,Creates a Grassy Terrain.,25,1,26,pokemon,other,,
0x00A359E6,Creates a Misty Terrain.,24,1,25,pokemon,other,,
0x00A359FF,Creates a Psychic Terrain.,26,1,27,pokemon,other,,
0x00A35A1A,Boosts Speed on Electric Terrain.,33,1,34,pokemon,description,,
0x00A35A3C,Ups Defense on Grassy Terrain.,30,1,31,pokemon,other,,
0x00A35A5B,Maxes Attack after a critical hit.,34,1,35,pokemon,description,,
0x00A35A7E,Senses super effective moves.,29,1,30,pokemon,other,,
0x00A35ACF,s held item.,12,1,13,pokemon,other,,
0x00A35ADC,Reverses stat changes.,22,1,23,pokemon,location,,
0x00A35AF3,Stops the foe from eating Berries.,34,1,35,pokemon,description,,
0x00A35B16,Hits up Speed but drop Defense.,31,1,32,pokemon,description,,
0x00A35B36,Doubles weight.,15,1,16,pokemon,location,,
0x00A35B46,Halves weight.,14,1,15,pokemon,location,,
0x00A35B55,Flinching raises Speed.,23,1,24,pokemon,location,,
0x00A35B8E,Dark-type hits raise Attack.,28,1,29,pokemon,other,,
0x00A35BAB,Scary move types raise Speed.,29,1,30,pokemon,other,,
0x00A35BC9,Critically hits poisoned foes.,30,1,31,pokemon,other,,
0x00A35BE8,Protects against mental problems.,33,1,34,pokemon,description,,
0x00A35C0A,Protects Grass-types from status.,33,1,34,pokemon,description,,
0x00A35C2C,Protects from status when sunny.,32,1,33,pokemon,description,,
0x00A35C51,t use items.,12,1,13,pokemon,other,,
0x00A35C5E,Powers up team when sunny.,26,1,27,pokemon,other,,
0x00A35C79,Hurts sleeping foes.,20,1,21,pokemon,location,,
0x00A35CC5,Can poison foe on contact.,26,1,27,pokemon,other,,
0x00A35CEE,s item after attack.,20,1,21,pokemon,other,,
0x00A35D21,Summons a heavy rainstorm.,26,1,27,pokemon,other,,
0x00A35D3C,Summons extremely harsh sunlight.,33,1,34,pokemon,description,,
0x00A35D5E,Summons a mysterious air current.,33,1,34,pokemon,dialogue,,
0x00A35D80,Ups Sp. Atk below half HP.,26,1,27,pokemon,other,,
0x00A35DB0,Sound moves become Water-type.,30,1,31,pokemon,other,,
0x00A35DCF,Blocks priority moves.,22,1,23,pokemon,location,,
0x00A35DE6,Fainting damages the foe.,25,1,26,pokemon,other,,
0x00A35E00,Blocks priority moves.,22,1,23,pokemon,location,,
0x00A35E17,Eats Berries early.,19,1,20,pokemon,location,,
0x00A35E2B,Picks up Honey after battle.,28,1,29,pokemon,other,,
0x00A35E48,Reduces damage done to allies.,30,1,31,pokemon,other,,
0x00A35E67,Can regain consumed Berries.,28,1,29,pokemon,other,,
0x00A35E99, moves.,7,1,8,pokemon,other,,
0x00A35EA1,Enters battle disguised.,24,1,25,pokemon,location,,
0x00A35EBA,Eating Berries restores HP.,27,1,28,pokemon,other,,
0x00A35ED6,Gives item to ally after use.,29,1,30,pokemon,other,,
0x00A35EF4,Doubles damage on replacements.,31,1,32,pokemon,description,,
0x00A35F14,Acts as if asleep.,18,1,19,pokemon,other,,
0x00A35F27,Copies dance moves.,19,1,20,pokemon,location,,
0x00A35F64,s Ability.,10,1,11,pokemon,other,,
0x00A35F6F,Powers up super effective hits.,31,1,32,pokemon,description,,
0x00A35FAD,Ups Attack on entry.,20,1,21,pokemon,other,,
0x00A35FC2,Ups Defense on entry.,21,1,22,pokemon,other,,
0x00A36071,Fire and Water hits boost Speed.,32,1,33,pokemon,description,,
0x00A36092,Ups and resists sound moves.,28,1,29,pokemon,other,,
0x00A360AF,Creates a sandstorm when hit.,29,1,30,pokemon,other,,
0x00A360CD,Halves special damage.,22,1,23,pokemon,location,,
0x00A360E4,Doubles Berry effects.,22,1,23,pokemon,location,,
0x00A3611B,Powers up ally moves.,21,1,22,pokemon,other,,
0x00A361C9,"Ups Attack, but allows one move.",32,1,33,pokemon,description,,
0x00A3623A,Contact moves bypass Protect.,29,1,30,pokemon,other,,
0x00A36258,Powers up Dragon-type moves.,28,1,29,pokemon,other,,
0x00A36275,Powers up Electric-type moves.,30,1,31,pokemon,other,,
0x00A36294,Knockouts boost Sp. Atk.,24,1,25,pokemon,other,,
0x00A362CA,Both Unnerve and Chilling Neigh.,32,1,33,pokemon,description,,
0x00A363A9,Stench,6,11,17,pokemon,other,,
0x00A363BA,Drizzle,7,10,17,pokemon,other,,
0x00A363CB,Speed Boost,11,6,17,pokemon,location,,
0x00A363DC,Battle Armor,12,5,17,pokemon,location,,
0x00A363ED,Sturdy,6,11,17,pokemon,other,,
0x00A363FE,Damp,4,13,17,pokemon,other,,
0x00A3640F,Limber,6,11,17,pokemon,other,,
0x00A36420,Sand Veil,9,8,17,pokemon,location,,
0x00A36431,Static,6,11,17,pokemon,other,,
0x00A36442,Volt Absorb,11,6,17,pokemon,location,,
0x00A36453,Water Absorb,12,5,17,pokemon,location,,
0x00A36464,Oblivious,9,8,17,pokemon,other,,
0x00A36475,Cloud Nine,10,7,17,pokemon,location,,
0x00A36486,Compound Eyes,13,4,17,pokemon,location,,
0x00A36497,Insomnia,8,9,17,pokemon,other,,
0x00A364A8,Color Change,12,5,17,pokemon,location,,
0x00A364B9,Immunity,8,9,17,pokemon,other,,
0x00A364CA,Flash Fire,10,7,17,pokemon,location,,
0x00A364DB,Shield Dust,11,6,17,pokemon,location,,
0x00A364EC,Own Tempo,9,8,17,pokemon,location,,
0x00A364FD,Suction Cups,12,5,17,pokemon,location,,
0x00A3650E,Intimidate,10,7,17,pokemon,other,,
0x00A3651F,Shadow Tag,10,7,17,pokemon,location,,
0x00A36530,Rough Skin,10,7,17,pokemon,location,,
0x00A36541,Wonder Guard,12,5,17,pokemon,location,,
0x00A36552,Levitate,8,9,17,pokemon,other,,
0x00A36563,Effect Spore,12,5,17,pokemon,location,,
0x00A36574,Synchronize,11,6,17,pokemon,other,,
0x00A36585,Clear Body,10,7,17,pokemon,location,,
0x00A36596,Natural Cure,12,5,17,pokemon,location,,
0x00A365A7,Lightning Rod,13,4,17,pokemon,location,,
0x00A365B8,Serene Grace,12,5,17,pokemon,location,,
0x00A365C9,Swift Swim,10,7,17,pokemon,location,,
0x00A365DA,Chlorophyll,11,6,17,pokemon,other,,
0x00A365EB,Illuminate,10,7,17,pokemon,other,,
0x00A365FC,Trace,5,12,17,pokemon,other,,
0x00A3660D,Huge Power,10,7,17,pokemon,location,,
0x00A3661E,Poison Point,12,5,17,pokemon,location,,
0x00A3662F,Inner Focus,11,6,17,pokemon,location,,
0x00A36640,Magma Armor,11,6,17,pokemon,location,,
0x00A36651,Water Veil,10,7,17,pokemon,location,,
0x00A36662,Magnet Pull,11,6,17,pokemon,location,,
0x00A36673,Soundproof,10,7,17,pokemon,other,,
0x00A36684,Rain Dish,9,8,17,pokemon,location,,
0x00A36695,Sand Stream,11,6,17,pokemon,location,,
0x00A366A6,Pressure,8,9,17,pokemon,other,,
0x00A366B7,Thick Fat,9,8,17,pokemon,location,,
0x00A366C8,Early Bird,10,7,17,pokemon,location,,
0x00A366D9,Flame Body,10,7,17,pokemon,location,,
0x00A366EA,Run Away,8,9,17,pokemon,location,,
0x00A366FB,Keen Eye,8,9,17,pokemon,location,,
0x00A3670C,Hyper Cutter,12,5,17,pokemon,location,,
0x00A3671D,Pickup,6,11,17,pokemon,other,,
0x00A3672E,Truant,6,11,17,pokemon,other,,
0x00A3673F,Hustle,6,11,17,pokemon,other,,
0x00A36750,Cute Charm,10,7,17,pokemon,location,,
0x00A36761,Plus,4,13,17,pokemon,other,,
0x00A36772,Minus,5,12,17,pokemon,other,,
0x00A36783,Forecast,8,9,17,pokemon,other,,
0x00A36794,Sticky Hold,11,6,17,pokemon,location,,
0x00A367A5,Shed Skin,9,8,17,pokemon,location,,
0x00A367B6,Guts,4,13,17,pokemon,other,,
0x00A367C7,Marvel Scale,12,5,17,pokemon,location,,
0x00A367D8,Liquid Ooze,11,6,17,pokemon,location,,
0x00A367E9,Overgrow,8,9,17,pokemon,other,,
0x00A367FA,Blaze,5,12,17,pokemon,other,,
0x00A3680B,Torrent,7,10,17,pokemon,other,,
0x00A3681C,Swarm,5,12,17,pokemon,other,,
0x00A3682D,Rock Head,9,8,17,pokemon,location,,
0x00A3683E,Drought,7,10,17,pokemon,other,,
0x00A3684F,Arena Trap,10,7,17,pokemon,location,,
0x00A36878,s Maw,5,5,10,pokemon,other,,
0x00A36882,Neutralize Gas,14,3,17,pokemon,location,,
0x00A36893,Shell Armor,11,6,17,pokemon,location,,
0x00A368A4,Hunger Switch,13,4,17,pokemon,location,,
0x00A368B5,Unused,6,11,17,pokemon,other,,
0x00A368C6,Sweet Veil,10,7,17,pokemon,location,,
0x00A368D7,Skill Link,10,7,17,pokemon,location,,
0x00A368E8,Motor Drive,11,6,17,pokemon,location,,
0x00A368F9,Multiscale,10,7,17,pokemon,other,,
0x00A3690A,Technician,10,7,17,pokemon,other,,
0x00A3691B,Scrappy,7,10,17,pokemon,other,,
0x00A3692C,Super Luck,10,7,17,pokemon,location,,
0x00A3693D,Sniper,6,11,17,pokemon,other,,
0x00A3694E,Regenerator,11,6,17,pokemon,other,,
0x00A3695F,Prankster,9,8,17,pokemon,other,,
0x00A36970,Adaptability,12,5,17,pokemon,other,,
0x00A36981,Big Pecks,9,8,17,pokemon,location,,
0x00A36992,Magic Bounce,12,5,17,pokemon,location,,
0x00A369A3,Reckless,8,9,17,pokemon,other,,
0x00A369B4,Sheer Force,11,6,17,pokemon,location,,
0x00A369C5,Iron Fist,9,8,17,pokemon,location,,
0x00A369D6,Rivalry,7,10,17,pokemon,other,,
0x00A369E7,Sand Force,10,7,17,pokemon,location,,
0x00A369F8,Solar Power,11,6,17,pokemon,location,,
0x00A36A09,Heatproof,9,8,17,pokemon,other,,
0x00A36A1A,Dry Skin,8,9,17,pokemon,location,,
0x00A36A2B,Tinted Lens,11,6,17,pokemon,location,,
0x00A36A3C,Unseen Fist,11,6,17,pokemon,location,,
0x00A36A4D,Filter,6,11,17,pokemon,other,,
0x00A36A6F,Download,8,9,17,pokemon,other,,
0x00A36A80,Poison Heal,11,6,17,pokemon,location,,
0x00A36A91,Ice Body,8,9,17,pokemon,location,,
0x00A36AA2,Moody,5,12,17,pokemon,other,,
0x00A36AB3,Hydration,9,8,17,pokemon,other,,
0x00A36AC4,Healer,6,11,17,pokemon,other,,
0x00A36AD5,Snow Cloak,10,7,17,pokemon,location,,
0x00A36AE6,Tangled Feet,12,5,17,pokemon,location,,
0x00A36AF7,Snow Warning,12,5,17,pokemon,location,,
0x00A36B08,Quick Feet,10,7,17,pokemon,location,,
0x00A36B19,Sap Sipper,10,7,17,pokemon,location,,
0x00A36B2A,Overcoat,8,9,17,pokemon,other,,
0x00A36B3B,Magic Guard,11,6,17,pokemon,location,,
0x00A36B4C,Bulletproof,11,6,17,pokemon,other,,
0x00A36B5D,Gale Wings,10,7,17,pokemon,location,,
0x00A36B6E,Moxie,5,12,17,pokemon,other,,
0x00A36B7F,Aftermath,9,8,17,pokemon,other,,
0x00A36B90,Cursed Body,11,6,17,pokemon,location,,
0x00A36BA1,Gooey,5,12,17,pokemon,other,,
0x00A36BB2,Mummy,5,12,17,pokemon,dialogue,,
0x00A36BC3,Grim Neigh,10,7,17,pokemon,location,,
0x00A36BD4,Sand Rush,9,8,17,pokemon,location,,
0x00A36BE5,Analytic,8,9,17,pokemon,other,,
0x00A36BF6,No Guard,8,9,17,pokemon,location,,
0x00A36C07,Mega Launcher,13,4,17,pokemon,location,,
0x00A36C18,Tough Claws,11,6,17,pokemon,location,,
0x00A36C29,Strong Jaw,10,7,17,pokemon,location,,
0x00A36C3A,Victory Star,12,5,17,pokemon,location,,
0x00A36C4B,Storm Drain,11,6,17,pokemon,location,,
0x00A36C5C,Dark Aura,9,8,17,pokemon,location,,
0x00A36C6D,Fairy Aura,10,7,17,pokemon,location,,
0x00A36C7E,Aura Break,10,7,17,pokemon,location,,
0x00A36C8F,Refrigerate,11,6,17,pokemon,other,,
0x00A36CA0,Pixilate,8,9,17,pokemon,other,,
0x00A36CB1,Aerilate,8,9,17,pokemon,other,,
0x00A36CC2,Normalize,9,8,17,pokemon,other,,
0x00A36CD3,Unburden,8,9,17,pokemon,other,,
0x00A36CF5,Unaware,7,10,17,pokemon,other,,
0x00A36D06,Defiant,7,10,17,pokemon,other,,
0x00A36D17,Competitive,11,6,17,pokemon,other,,
0x00A36D28,Defeatist,9,8,17,pokemon,other,,
0x00A36D39,Slow Start,10,7,17,pokemon,location,,
0x00A36D4A,Toxic Boost,11,6,17,pokemon,location,,
0x00A36D5B,Flare Boost,11,6,17,pokemon,location,,
0x00A36D6C,Fur Coat,8,9,17,pokemon,location,,
0x00A36D7D,Wonder Skin,11,6,17,pokemon,location,,
0x00A36D8E,Protean,7,10,17,pokemon,other,,
0x00A36D9F,Parental Bond,13,4,17,pokemon,location,,
0x00A36DB0,Mold Breaker,12,5,17,pokemon,location,,
0x00A36DC1,As One,6,11,17,pokemon,location,,
0x00A36DD2,As One,6,11,17,pokemon,location,,
0x00A36DE3,Zen Mode,8,9,17,pokemon,location,,
0x00A36DF4,Battle Bond,11,6,17,pokemon,location,,
0x00A36E05,Beast Boost,11,6,17,pokemon,location,,
0x00A36E27,Disguise,8,9,17,pokemon,other,,
0x00A36E38,Emergency Exit,14,3,17,pokemon,location,,
0x00A36E49,Fluffy,6,11,17,pokemon,other,,
0x00A36E5A,Steely Spirit,13,4,17,pokemon,location,,
0x00A36E6B,Perish Body,11,6,17,pokemon,location,,
0x00A36E7C,Wandering Soul,14,3,17,pokemon,location,,
0x00A36E8D,Power Construct,15,2,17,pokemon,location,,
0x00A36E9E,Prism Armor,11,6,17,pokemon,location,,
0x00A36EAF,RKS System,10,7,17,pokemon,location,,
0x00A36EC0,Schooling,9,8,17,pokemon,other,,
0x00A36ED1,Shadow Shield,13,4,17,pokemon,location,,
0x00A36EE2,Shields Down,12,5,17,pokemon,location,,
0x00A36EF3,Slush Rush,10,7,17,pokemon,location,,
0x00A36F04,Soul-Heart,10,7,17,pokemon,other,,
0x00A36F15,Stamina,7,10,17,pokemon,other,,
0x00A36F26,Steelworker,11,6,17,pokemon,other,,
0x00A36F37,Full Metal Body,15,2,17,pokemon,location,,
0x00A36F48,Triage,6,11,17,pokemon,other,,
0x00A36F59,Water Bubble,12,5,17,pokemon,location,,
0x00A36F6A,Water Compact,13,4,17,pokemon,location,,
0x00A36F7B,Stall,5,12,17,pokemon,other,,
0x00A36F8C,Multitype,9,8,17,pokemon,other,,
0x00A36F9D,Electric Surge,14,3,17,pokemon,location,,
0x00A36FAE,Grassy Surge,12,5,17,pokemon,location,,
0x00A36FBF,Misty Surge,11,6,17,pokemon,location,,
0x00A36FD0,Psychic Surge,13,4,17,pokemon,location,,
0x00A36FE1,Surge Surfer,12,5,17,pokemon,location,,
0x00A36FF2,Grass Pelt,10,7,17,pokemon,location,,
0x00A37003,Anger Point,11,6,17,pokemon,location,,
0x00A37014,Anticipation,12,5,17,pokemon,other,,
0x00A37025,Forewarn,8,9,17,pokemon,other,,
0x00A37036,Frisk,5,12,17,pokemon,other,,
0x00A37047,Contrary,8,9,17,pokemon,other,,
0x00A37058,Unnerve,7,10,17,pokemon,other,,
0x00A37069,Weak Armor,10,7,17,pokemon,location,,
0x00A3707A,Heavy Metal,11,6,17,pokemon,location,,
0x00A3708B,Light Metal,11,6,17,pokemon,location,,
0x00A3709C,Steadfast,9,8,17,pokemon,other,,
0x00A370AD,Imposter,8,9,17,pokemon,other,,
0x00A370BE,Justified,9,8,17,pokemon,other,,
0x00A370CF,Rattled,7,10,17,pokemon,other,,
0x00A370E0,Merciless,9,8,17,pokemon,other,,
0x00A370F1,Aroma Veil,10,7,17,pokemon,location,,
0x00A37102,Flower Veil,11,6,17,pokemon,location,,
0x00A37113,Leaf Guard,10,7,17,pokemon,location,,
0x00A37124,Klutz,5,12,17,pokemon,other,,
0x00A37135,Flower Gift,11,6,17,pokemon,location,,
0x00A37146,Bad Dreams,10,7,17,pokemon,location,,
0x00A37157,Pickpocket,10,7,17,pokemon,other,,
0x00A37168,Portal Power,12,5,17,pokemon,location,,
0x00A37179,Poison Touch,12,5,17,pokemon,location,,
0x00A3718A,Magician,8,9,17,pokemon,other,,
0x00A3719B,Stance Change,13,4,17,pokemon,location,,
0x00A371AC,Primordial Sea,14,3,17,pokemon,location,,
0x00A371BD,Desolate Land,13,4,17,pokemon,location,,
0x00A371CE,Delta Stream,12,5,17,pokemon,location,,
0x00A371DF,Gorilla Tactics,15,2,17,pokemon,location,,
0x00A371F0,Berserk,7,10,17,pokemon,other,,
0x00A37201,Long Reach,10,7,17,pokemon,location,,
0x00A37212,Liquid Voice,12,5,17,pokemon,location,,
0x00A37223,Quick Draw,10,7,17,pokemon,location,,
0x00A37234,Innards Out,11,6,17,pokemon,location,,
0x00A37245,Dazzling,8,9,17,pokemon,other,,
0x00A37256,Gluttony,8,9,17,pokemon,other,,
0x00A37267,Honey Gather,12,5,17,pokemon,location,,
0x00A37278,Friend Guard,12,5,17,pokemon,location,,
0x00A37289,Harvest,7,10,17,pokemon,other,,
0x00A3729A,Telepathy,9,8,17,pokemon,other,,
0x00A372AB,Illusion,8,9,17,pokemon,other,,
0x00A372BC,Cheek Pouch,11,6,17,pokemon,location,,
0x00A372DE,Stakeout,8,9,17,pokemon,other,,
0x00A372EF,Comatose,8,9,17,pokemon,other,,
0x00A37300,Dancer,6,11,17,pokemon,other,,
0x00A37311,Battery,7,10,17,pokemon,other,,
0x00A37322,Receiver,8,9,17,pokemon,other,,
0x00A37333,Odd Medicine,12,5,17,pokemon,location,,
0x00A37344,Neuroforce,10,7,17,pokemon,other,,
0x00A37355,Galvanize,9,8,17,pokemon,other,,
0x00A37366,Intrepid Sword,14,3,17,pokemon,location,,
0x00A37377,Valiant Shield,14,3,17,pokemon,location,,
0x00A37388,Ball Fetch,10,7,17,pokemon,location,,
0x00A37399,Cotton Down,11,6,17,pokemon,location,,
0x00A373AA,Mirror Armor,12,5,17,pokemon,location,,
0x00A373BB,Gulp Missile,12,5,17,pokemon,location,,
0x00A373CC,Stalwart,8,9,17,pokemon,other,,
0x00A373DD,Steam Engine,12,5,17,pokemon,location,,
0x00A373FF,Sand Spit,9,8,17,pokemon,location,,
0x00A37410,Ice Scales,10,7,17,pokemon,location,,
0x00A37421,Ripen,5,12,17,pokemon,other,,
0x00A37432,Ice Face,8,9,17,pokemon,location,,
0x00A37443,Power Spot,10,7,17,pokemon,location,,
0x00A37454,Mimicry,7,10,17,pokemon,other,,
0x00A37465,Screen Cleaner,14,3,17,pokemon,location,,
0x00A37476,Pastel Veil,11,6,17,pokemon,location,,
0x00A37498,Air Lock,8,9,17,pokemon,location,,
0x00A374A9,Vital Spirit,12,5,17,pokemon,location,,
0x00A374BA,White Smoke,11,6,17,pokemon,location,,
0x00A374CB,Pure Power,10,7,17,pokemon,location,,
0x00A374DC,Iron Barbs,10,7,17,pokemon,location,,
0x00A374ED,Solid Rock,10,7,17,pokemon,location,,
0x00A374FE,Turboblaze,10,7,17,pokemon,other,,
0x00A3750F,Teravolt,8,9,17,pokemon,other,,
0x00A37520,Chilling Neigh,14,3,17,pokemon,location,,
0x00A37542,Tangling Hair,13,4,17,pokemon,location,,
0x00A37553,Wimp Out,8,9,17,pokemon,location,,
0x00A37564,Queenly Majesty,15,2,17,pokemon,location,,
0x00A37575,Alchemic Power,14,3,17,pokemon,location,,
0x00A37586,Propeller Tail,14,3,17,pokemon,location,,
0x00A37597,Nine Lives,10,7,17,pokemon,location,,
0x00A375A8,Focus Belt,10,7,17,pokemon,location,,
0x00A375B9,Evaporate,9,8,17,pokemon,other,,
0x00A375CA,Fiery Neigh,11,6,17,pokemon,location,,
0x00A375DB,Shocking Neigh,14,3,17,pokemon,location,,
0x00A375EC,Pride,5,12,17,pokemon,other,,
0x00A375FD,Multieye,8,9,17,pokemon,other,,
0x00A3760E,Subterfuge,10,7,17,pokemon,other,,
0x00A3761F,Honey Armor,11,6,17,pokemon,location,,
0x00A37630,Tangling Wool,13,4,17,pokemon,location,,
0x00A37641,Brain Bond,10,7,17,pokemon,location,,
0x00A37674,Drill Beak,10,7,17,pokemon,location,,
0x00A37685,Cotton Cloud,12,5,17,pokemon,location,,
0x00A376B8,Icy Skin,8,9,17,pokemon,location,,
0x00A376C9,Dusty Scales,12,5,17,pokemon,location,,
0x00A376DA,Crabby Tactics,14,3,17,pokemon,location,,
0x00A376EB,Face Shield,11,6,17,pokemon,location,,
0x00A376FC,Royal Roar,10,8,18,pokemon,location,,
0x00A37710,"The effects of weather
disappeared.",35,1,36,pokemon,description,,
0x00A37736," is exerting
its pressure!",26,1,27,pokemon,dialogue,,
0x00A37753," breaks
the mold!",17,1,18,pokemon,dialogue,,
0x00A37767," is radiating
a bursting aura!",30,1,31,pokemon,dialogue,,
0x00A37788," is radiating
a blazing aura!",29,1,30,pokemon,dialogue,,
0x00A377BF," team is too
nervous to eat Berries!",36,1,37,pokemon,dialogue,,
0x00A377E6," is radiating
a dark aura!",26,1,27,pokemon,dialogue,,
0x00A37803," is radiating
a fairy aura!",27,1,28,pokemon,dialogue,,
0x00A3783D,s auras!,8,1,9,pokemon,dialogue,,
0x00A37848, is drowsing!,13,1,14,pokemon,dialogue,,
0x00A3789F,It is hailing.,14,1,15,pokemon,location,,
0x00A378DB,The sunlight turned extremely harsh!,36,1,37,pokemon,dialogue,,
0x00A3793C,"The mysterious strong winds
weakened the attack!",48,1,49,pokemon,dialogue,,
0x00A3796D,"But the extremely harsh sunlight
was not lessened at all!",57,1,58,pokemon,dialogue,,
0x00A379A7,"But there is no relief from the
heavy rain!",43,1,44,pokemon,dialogue,,
0x00A379D3,"But the mysterious strong winds
blow on regardless!",51,1,52,pokemon,dialogue,,
0x00A37A5D,"s
Fire-type moves rose!",23,1,24,pokemon,dialogue,,
0x00A37A8A,  problem!,10,1,11,pokemon,dialogue,,
0x00A37AAA,  problem!,10,1,11,pokemon,dialogue,,
0x00A37B78,Neutralizing Gas fills the area!,32,1,33,pokemon,dialogue,,
0x00A37B99,"The effects of Neutralizing Gas
wore off!",41,1,42,pokemon,dialogue,,
0x00A37BC6,"s stat changes
were removed!",28,1,29,pokemon,dialogue,,
0x00A37BE5, was hurt!,10,1,11,pokemon,dialogue,,
0x00A37C5A,No move information.,20,1,21,pokemon,location,,
0x00A37C96,"ennemi. Peut le
geler.",22,13,35,pokemon,other,,
0x00A37CD4,"ennemi. Peut
aussi le geler.",28,244,272,pokemon,dialogue,,
0x00A37E22,ennemi.,7,83,90,pokemon,other,,
0x00A37E7C,"Le lanceur hurle pour
se rassurer, ce qui
augmente son Attaque.",63,1450,1513,pokemon,description,,
0x00A3847F,"ennemi. Peut
aussi paralyser la
cible.",38,1103,1141,pokemon,dialogue,,
0x00A38919,"ennemi. Peut aussi
le rendre confus.",36,133,169,pokemon,description,,
0x00A389FE, de ses PV max.,15,788,803,pokemon,other,,
0x00A38D45,"effet est toujours
critique.",28,861,889,pokemon,other,,
0x00A390DB,"effet est
toujours critique.",28,528,556,pokemon,other,,
0x00A3986E, la cible.,10,833,843,pokemon,other,,
0x00A39BDF,ennemi.,7,87,94,pokemon,other,,
0x00A39C58,"lin. Peut
diminuer son Attaque.",31,1550,1581,pokemon,description,,
0x00A3A2C8,ennemi.,7,4,11,pokemon,other,,
0x00A3A2F4,"bres. Il
tombe dans un profond
sommeil.",39,419,458,pokemon,description,,
0x00A3A4F9," 5
tours.",9,314,323,pokemon,other,,
0x00A3A63C,"A physical attackin which the user
charges, full body,
into the foe.",68,86,154,pokemon,description,,
0x00A3A721,"mon de
type Eau.",16,145,161,pokemon,other,,
0x00A3A7F3,"e avec
sa queue robuste.",24,22,46,pokemon,other,,
0x00A3AC42,"abattent
sur la cible.",22,11,33,pokemon,other,,
0x00A3AD51,ler.,4,386,390,pokemon,other,,
0x00A3AF16," son pouvoir
de suggestion.",27,3,30,pokemon,other,,
0x00A3AF57,"ennemi a de PV,
plus cette attaque
est puissante.",49,264,313,pokemon,dialogue,,
0x00A3B0DD,fense du lanceur.,17,5,22,pokemon,other,,
0x00A3B11E,"mon autour du
lanceur. Peut aussi
empoisonner.",46,613,659,pokemon,description,,
0x00A3B82B,ler.,4,7,11,pokemon,other,,
0x00A3B861,"ennemi au second
tour. Peut aussi le
paralyser.",47,187,234,pokemon,dialogue,,
0x00A3B997,"clair
Croix.",12,4,16,pokemon,other,,
0x00A3B9E8,"influence de Flamme
Croix.",26,2,28,pokemon,other,,
0x00A3BB81,"Inverse tous les
changements de stats
de la cible.",50,38,88,pokemon,description,,
0x00A3BC0B," ce tour,
elle perd aussi son
talent.",37,4,41,pokemon,dialogue,,
0x00A3BC82,ennemi confus.,14,445,459,pokemon,dialogue,,
0x00A3BE82," 1
PV.",6,194,200,pokemon,other,,
0x00A3BF5E,"mon dans les
airs. Dans ce cas, la
cible retombe au sol.",56,10,66,pokemon,description,,
0x00A3BFED,chapper.,8,277,285,pokemon,other,,
0x00A3C4A4,fense.,6,29,35,pokemon,other,,
0x00A3C4FE,"au
premier tour.",16,17,33,pokemon,other,,
0x00A3C55F,ciale du lanceur.,17,13,30,pokemon,other,,
0x00A3C59B," la cible.
Plus efficace sur un
Champ Herbu.",44,121,165,pokemon,description,,
0x00A3C640,"Le lanceur attaque
violemment en
utilisant tout son
poids.",58,67,125,pokemon,description,,
0x00A3C6E1,"r de porter un coup
critique au tour
suivant.",45,14,59,pokemon,description,,
0x00A3C731,"ennemi avec des
feuilles.",25,192,217,pokemon,dialogue,,
0x00A3C83B,"rieux.
Ignore le talent de
la cible.",36,1223,1259,pokemon,description,,
0x00A3CD77,attaque.,8,49,57,pokemon,other,,
0x00A3CDF1,enfuir.,7,14,21,pokemon,other,,
0x00A3CE49," le
viser.",10,169,179,pokemon,other,,
0x00A3CF4E,ennemi.,7,190,197,pokemon,other,,
0x00A3D028,"
de venin. Empoisonne
la cible et baisse sa
Vitesse.",52,1364,1416,pokemon,description,,
0x00A3D5EB,"
chaque tour.",13,9,22,pokemon,other,,
0x00A3D6F2,il tient.,9,104,113,pokemon,other,,
0x00A3D789," la
fois de type Combat
et de type Vol.",39,810,849,pokemon,description,,
0x00A3DB0F,me type.,8,90,98,pokemon,other,,
0x00A3DB90,"eau sur sa
cible, qui devient de
type Eau.",42,820,862,pokemon,dialogue,,
0x00A3DF2E,"mon de fuir au
prochain tour.",29,282,311,pokemon,other,,
0x00A3E08D,"
agir en dernier.",17,2,19,pokemon,other,,
0x00A3E0DE,"
la fin.",8,2667,2675,pokemon,other,,
0x00A3EB51,"The user attackswith its thick leek.
The user must rest
on the next turn.",73,1420,1493,pokemon,description,,
0x00A3F2DB,ennemi.,7,367,374,pokemon,other,,
0x00A3F493,mon.,4,2,6,pokemon,other,,
0x00A3F4D8,"un
blizzard.",12,7,19,pokemon,other,,
0x00A3F4EB,"A slash that maypoison, paralyze, or
sleep the foe. It
has a high crit ratio.",77,2,79,pokemon,description,,
0x00A3F57D,s Defense too.,14,2,16,pokemon,other,,
0x00A3F58D,"The user swaps itsoffensive and
defensive stats.",48,2,50,pokemon,description,,
0x00A3F5BF,"The foe is hit withan axe that leaves
behind splinters. It
has a high crit ratio.",81,2,83,pokemon,description,,
0x00A3F612,"After dealing damage,the user raises the
higher stats of its
offenses or defenses.",82,2,84,pokemon,description,,
0x00A3F666,"The user rampagesand spews vicious
flames for two to
three turns.",65,2,67,pokemon,description,,
0x00A3F6A9,"The user slams intothe target, hurting
itself a little. This
move strikes first.",80,2,82,pokemon,description,,
0x00A3F6FB,"The user launches itsamassed chlorophyll
at the foe. This also
hurts the user.",78,2,80,pokemon,description,,
0x00A3F74B,"The user hurls giantchunks of ice at
the foe that may
cause it to flinch.",73,2,75,pokemon,description,,
0x00A3F796,"The user dances tousher in victory.
This raises Attack,
Defense, and Speed.",75,2,77,pokemon,description,,
0x00A3F814,"s Defense
and Sp. Def stats.",28,2,30,pokemon,other,,
0x00A3F832,"Barbs that may poisonare shot at the foe.
Its power doubles if
the foe is poisoned.",83,2,85,pokemon,description,,
0x00A3F887,"The foe is slashedwith wings of light.
This goes first and
has a high crit ratio.",81,2,83,pokemon,description,,
0x00A3F8DA,"The user attacks andmay inflict the foe
with frostbite. Its
power doubles if the
foe has frostbite.",99,2,101,pokemon,description,,
0x00A3F93F,"The user makes itsskin iron-hard to
raise its Defense
and its Speed.",68,2,70,pokemon,description,,
0x00A3F9CC,s Defense.,10,2,12,pokemon,other,,
0x00A3F9D8,"Myriad fireballs thatmay burn hit the foe.
Its power doubles if
the foe is burned.",82,2,84,pokemon,dialogue,,
0x00A3FA2C,"The foe is slashed.This leaves behind
splinters. It has a
high crit ratio.",74,2,76,pokemon,description,,
0x00A3FA78,"The user attackswith savagely cold
winds. This may
cause a frostbite.",69,2,71,pokemon,description,,
0x00A3FABF,"The user savagelyattacks with wind
and lightning. This
may cause paralysis.",75,2,77,pokemon,description,,
0x00A3FB0C,"The user attackswith fierce winds
and hot sand. This
may cause a burn.",70,2,72,pokemon,description,,
0x00A3FB97,s form.,7,2,9,pokemon,other,,
0x00A3FBA0,"The user heals itsown statuses and
restores HP. It also
raises evasiveness.",75,2,77,pokemon,description,,
0x00A3FBED,"The user heals itsown statuses and
raises its Sp. Atk
and Sp. Def.",66,2,68,pokemon,description,,
0x00A3FC31,"Enables the user toevade all attacks.
It may fail if used
in succession.",72,2,74,pokemon,description,,
0x00A3FC7B,"Fire-Type Dynamaxmove. It causes the
sun to intensify
for five turns.",69,2,71,pokemon,description,,
0x00A3FCED,"s
Sp. Atk stat.",15,2,17,pokemon,other,,
0x00A3FCFE,"Electric Dynamaxmove. It activates
Electric Terrain
for five turns.",67,2,69,pokemon,description,,
0x00A3FD71,"s Speed
stat.",13,2,15,pokemon,other,,
0x00A3FDAD,"s
Attack stats.",15,2,17,pokemon,other,,
0x00A3FDEB,"s
Defense stat.",15,2,17,pokemon,other,,
0x00A3FDFC,"Ice-Type Dynamaxmove. It summons
a hailstorm for
five turns.",60,2,62,pokemon,description,,
0x00A3FE6A,"s
Sp. Atk stats.",16,2,18,pokemon,other,,
0x00A3FE7C,"Water-Type Dynamaxmove. It summons
rain that falls
for five turns.",66,2,68,pokemon,description,,
0x00A3FEF0,"s
Speed stats.",14,2,16,pokemon,other,,
0x00A3FF00,"Fairy-Type Dynamaxmove. It activates
Misty Terrain for
five turns.",66,2,68,pokemon,description,,
0x00A3FF72,"s Attack
stat.",14,2,16,pokemon,other,,
0x00A3FF82,"Psychic Dynamaxmove. It activates
Psychic Terrain
for five turns.",65,2,67,pokemon,description,,
0x00A3FFC5,"Rock-Type Dynamaxmove. It summons
a sandstorm that
lasts five turns.",68,2,70,pokemon,description,,
0x00A4003B,"s
Sp. Def stats.",16,2,18,pokemon,other,,
0x00A40079,"s
Sp. Def stat.",15,2,17,pokemon,other,,
0x00A4008A,"Grass-Type Dynamaxmove. It activates
Grassy Terrain for
five turns.",67,2,69,pokemon,description,,
0x00A400FE,"s
Defense stats.",16,2,18,pokemon,other,,
0x00A4011F,"ssignature move. It
deals damage for
four turns.",48,2,50,pokemon,description,,
0x00A40161,"ssignature move. It
deals damage for
four turns.",48,2,50,pokemon,description,,
0x00A401A3,"ssignature move. It
deals damage for
four turns.",48,2,50,pokemon,description,,
0x00A401E6,"ssignature move. It
causes paralysis,
sleep, or poison.",55,2,57,pokemon,description,,
0x00A4022D,"ssignature move.
It paralyzes the
target.",41,2,43,pokemon,description,,
0x00A40265,"ssignature move. It
confuses the foe
and creates money.",55,2,57,pokemon,description,,
0x00A402AC,"ssignature move. It
raises the chance
of critical hits.",55,2,57,pokemon,description,,
0x00A402F2,"ssignature move. It
prevents the foe
from escaping.",51,2,53,pokemon,description,,
0x00A40363,s Speed.,8,2,10,pokemon,other,,
0x00A4037A,"ssignature move. It
reduces damage
for five turns.",50,2,52,pokemon,description,,
0x00A403BA,"ssignature move.
It infatuates
the target.",42,2,44,pokemon,description,,
0x00A403F4,"ssignature move. It
restores Berries
that were eaten.",53,2,55,pokemon,description,,
0x00A4043A,"ssignature move.
It poisons the
target.",39,2,41,pokemon,description,,
0x00A40472,"ssignature move. It
prevents the foe
from repeating moves.",58,2,60,pokemon,description,,
0x00A404F3,s ability.,10,2,12,pokemon,other,,
0x00A40544,s ability.,10,2,12,pokemon,other,,
0x00A40594,s ability.,10,2,12,pokemon,other,,
0x00A405B2,"ssignature move. It
removes the effect
of screen moves.",55,2,57,pokemon,description,,
0x00A405FA,"ssignature move. It
changes gravity
for five turns.",51,2,53,pokemon,description,,
0x00A40AE1, viser.,7,88,95,pokemon,other,,
0x00A40B98,sert.,5,99,104,pokemon,other,,
0x00A40C47,"re
avec ses ailes.",18,103,121,pokemon,other,,
0x00A40DE5,eau.,4,87,91,pokemon,other,,
0x00A40EA3,taire.,6,87,93,pokemon,other,,
0x00A40F00,"On dit que des groupes entiers de
Stalgamin vivent en harmonie sous des
feuilles gigantesques.",94,98,192,pokemon,description,,
0x00A40FFF,"elle amplifie
les pouvoirs psychiques.",38,91,129,pokemon,description,,
0x00A4119F,ternel.,7,90,97,pokemon,other,,
0x00A4124C,est vu pousser des ailes.,25,91,116,pokemon,other,,
0x00A41316,unisson.,8,98,106,pokemon,other,,
0x00A413D9,action.,7,96,103,pokemon,other,,
0x00A4144A,"il a fait monter les eaux en
causant des pluies diluviennes. Il
somnolait dans une fosse marine.",96,86,182,pokemon,description,,
0x00A41536,"roce contre Kyogre, il
y a longtemps de cela.",45,93,138,pokemon,description,,
0x00A41611,ux durant une semaine.,22,89,111,pokemon,other,,
0x00A416DC,tique.,6,94,100,pokemon,other,,
0x00A41786,", plus
elle est humide.",23,99,122,pokemon,other,,
0x00A41852,mon sur son dos.,16,94,110,pokemon,other,,
0x00A418E3,"tre
sur son dos et y passer toute leur vie.",43,114,157,pokemon,description,,
0x00A419B1,"teindre la flamme de sa
queue avant de se coucher.",50,93,143,pokemon,description,,
0x00A41A98, distance.,10,94,104,pokemon,other,,
0x00A41B1C,", il est
capable de faire des ravages avec ses
ailes tranchantes.",65,99,164,pokemon,description,,
0x00A41BE4,"
vivre en groupe, mais ils se chamaillent
souvent.",50,106,156,pokemon,description,,
0x00A41C80,"Conscient de sa propre faiblesse, il vit
toujours en groupe, piaillant bruyamment
quand il est seul.",100,92,192,pokemon,description,,
0x00A41D40,"Quand il tombe du haut de ses petites
pattes, ses antennes font un bruit de
xylophone.",86,106,192,pokemon,description,,
0x00A41E39," on organise des
concours en leur honneur.",42,93,135,pokemon,description,,
0x00A41F08,illumine en cas de danger.,26,94,120,pokemon,other,,
0x00A41FDC, ses proies.,12,88,100,pokemon,other,,
0x00A4213B,"il fleurit
quand il sent la chaleur du soleil.",46,87,133,pokemon,description,,
0x00A42208,"ner de
puissants coups.",23,97,120,pokemon,other,,
0x00A42395,assommer.,9,98,107,pokemon,other,,
0x00A42448,"trable
muraille.",16,104,120,pokemon,other,,
0x00A42517,il soit.,8,97,105,pokemon,other,,
0x00A425CC,senter divers aspects.,22,94,116,pokemon,other,,
0x00A42693, un Apitrini.,13,96,109,pokemon,other,,
0x00A4271A,"romones pour
donner des ordres de combat aux larves
dans son abdomen.",69,97,166,pokemon,description,,
0x00A428C5,"eau et
trancher les algues.",27,96,123,pokemon,other,,
0x00A42994,s puissante.,12,96,108,pokemon,other,,
0x00A42A1C,"chappe de
son corps, ne lui appuyez pas dessus.",47,117,164,pokemon,dialogue,,
0x00A42B0A," de son
dos.",12,106,118,pokemon,other,,
0x00A42BC8,"s
rarement de ses bras.",23,97,120,pokemon,other,,
0x00A42D54,on les voit.,12,96,108,pokemon,other,,
0x00A42E0B,licates oreilles.,17,100,117,pokemon,other,,
0x00A42EBA,"appelle le crieur de
mauvais augure.",36,98,134,pokemon,description,,
0x00A42F99, temps.,7,96,103,pokemon,other,,
0x00A4302E,"tre plus grand. Il soutient un
regard des heures.",49,97,146,pokemon,description,,
0x00A43107,mon dans un rayon de 2 km.,26,95,121,pokemon,other,,
0x00A431CC,attaquer par les airs.,22,94,116,pokemon,other,,
0x00A43295,un miroir.,10,97,107,pokemon,other,,
0x00A43362,colte.,6,88,94,pokemon,other,,
0x00A43415, des larmes.,12,95,107,pokemon,other,,
0x00A434C8,"ner
dans les pieds des gens.",28,92,120,pokemon,other,,
0x00A43575,"imiter habilement le
langage humain.",36,103,139,pokemon,description,,
0x00A436DA,"objets
brillants, il arpente les grottes pour
constituer son butin.",67,89,156,pokemon,description,,
0x00A43776,Gravitas,8,5,13,pokemon,other,,
0x00A43783,Stonesurge,10,3,13,pokemon,other,,
0x00A43790,Stonesurge,10,3,13,pokemon,other,,
0x00A4379D,Volcalith,9,4,13,pokemon,other,,
0x00A437AA,Volcalith,9,4,13,pokemon,other,,
0x00A437B7,Tartness,8,5,13,pokemon,other,,
0x00A437C4,Tartness,8,5,13,pokemon,other,,
0x00A437D1,Sweetness,9,4,13,pokemon,other,,
0x00A437DE,Sweetness,9,4,13,pokemon,other,,
0x00A437EB,Sandblast,9,4,13,pokemon,other,,
0x00A437F8,Sandblast,9,4,13,pokemon,other,,
0x00A43805,Stunshock,9,4,13,pokemon,other,,
0x00A43812,Stunshock,9,4,13,pokemon,other,,
0x00A4381F,Centiferno,10,3,13,pokemon,other,,
0x00A4382C,Centiferno,10,3,13,pokemon,other,,
0x00A43839,Smite,5,8,13,pokemon,other,,
0x00A43846,Smite,5,8,13,pokemon,other,,
0x00A43853,Snooze,6,7,13,pokemon,other,,
0x00A43860,Snooze,6,7,13,pokemon,other,,
0x00A4386D,Finale,6,7,13,pokemon,other,,
0x00A4387A,Finale,6,7,13,pokemon,other,,
0x00A43887,Steelsurge,10,3,13,pokemon,other,,
0x00A43894,Steelsurge,10,3,13,pokemon,other,,
0x00A438A1,Depletion,9,4,13,pokemon,other,,
0x00A438AE,Depletion,9,4,13,pokemon,other,,
0x00A438BB,One Blow,8,5,13,pokemon,location,,
0x00A438C8,One Blow,8,5,13,pokemon,location,,
0x00A438D5,Rapid Flow,10,3,13,pokemon,location,,
0x00A438E2,Rapid Flow,10,4,14,pokemon,location,,
0x00A439B0,Water,5,1,6,pokemon,other,,
0x00A43A3C,Capture first!,14,1,15,pokemon,dialogue,,
0x00A43A70,Super Rod,9,1,10,pokemon,location,,
0x00A43A9A,Super Rod,9,1,10,pokemon,location,,
0x00A43AB3,Unavailable,11,1,12,pokemon,other,,
0x00A43ACD,Cancel,6,1,7,pokemon,system,,
0x00A43C0D, got away!,10,1,11,pokemon,dialogue,,
0x00A43C45,mon got away!,13,1,14,pokemon,dialogue,,
0x00A43C81,"There is no reaction.
The signal was lost!",42,1,43,pokemon,dialogue,,
0x00A43CAE, cannot be found here.,22,1,23,pokemon,other,,
0x00A43CD4," cannot
be found here.",22,1,23,pokemon,other,,
0x00A43CF5,"t be found nearby.
Try looking in a different area!",51,1,52,pokemon,dialogue,,
0x00A43D4B,mon!,4,1,5,pokemon,dialogue,,
0x00A43D7C,mon!,4,1,5,pokemon,dialogue,,
0x00A43D8E,Cube,4,2,6,pokemon,other,,
0x00A43DB7, team!,6,1,7,pokemon,dialogue,,
0x00A43DE8, team!,6,1,7,pokemon,dialogue,,
0x00A43E18, team!,6,1,7,pokemon,dialogue,,
0x00A43EEB," is hurt
by the Spikes!",23,1,24,pokemon,dialogue,,
0x00A43F68,s feet!,7,1,8,pokemon,dialogue,,
0x00A43FBB, Single Battle Record,21,1,22,pokemon,other,,
0x00A43FD1,Double Battle Record,20,1,21,pokemon,location,,
0x00A43FE6,Multi Battle Record,19,1,20,pokemon,dialogue,,
0x00A43FFA,Link Multi Battle Record,24,1,25,pokemon,dialogue,,
0x00A44013,Rand Single Btl Record,22,1,23,pokemon,other,,
0x00A4402A,Rand Double Btl Record,22,1,23,pokemon,other,,
0x00A44041,Rand Multi Btl Record,21,1,22,pokemon,dialogue,,
0x00A44065,Double Battle,13,1,14,pokemon,location,,
0x00A44092,Random Single Battle,20,1,21,pokemon,location,,
0x00A440D0,Level 5,7,1,8,pokemon,location,,
0x00A440D8,Level 50,8,1,9,pokemon,location,,
0x00A440E1,Level 100,9,1,10,pokemon,location,,
0x00A44125,6 v 6,5,1,6,pokemon,other,,
0x00A4412B,Standard,8,1,9,pokemon,other,,
0x00A44160,Smogon Ubers,12,1,13,pokemon,location,,
0x00A4416D,Smogon Little Cup,17,1,18,pokemon,location,,
0x00A4417F,Middle Cup,10,1,11,pokemon,location,,
0x00A4418A,Smogon Monotype,15,1,16,pokemon,location,,
0x00A4419A,GS Cup,6,1,7,pokemon,location,,
0x00A441B1,Uber Camomons,13,1,14,pokemon,location,,
0x00A441BF,Little Cup Camomons,19,1,20,pokemon,location,,
0x00A441D3,Middle Cup Camomons,19,1,20,pokemon,location,,
0x00A441F7,Smogon Scalemons,16,1,17,pokemon,location,,
0x00A4422A,Smogon Benjamin Butterfree,26,1,27,pokemon,location,,
0x00A44250,Dynamax Standard,16,1,17,pokemon,location,,
0x00A44261,Smogon National Dex OU,22,1,23,pokemon,other,,
0x00A44278,Smogon Metronome,16,1,17,pokemon,location,,
0x00A442B9,Cave Format,11,1,12,pokemon,location,,
0x00A442C5,Mountain Format,15,1,16,pokemon,location,,
0x00A442D5,Pebble Format,13,1,14,pokemon,location,,
0x00A442E3,Cordillera Format,17,1,18,pokemon,location,,
0x00A44304,not be able,11,1,12,pokemon,other,,
0x00A44319,Current,7,1,8,pokemon,other,,
0x00A44325,None,4,1,5,pokemon,other,,
0x00A44361,"t fall asleep
and have stronger Electric-moves!",47,1,48,pokemon,dialogue,,
0x00A443BB,"mon have stronger
Grass-moves and heal every turn!",50,1,51,pokemon,dialogue,,
0x00A4444C,with status conditions!,23,1,24,pokemon,dialogue,,
0x00A444BE,by priority moves!,18,1,19,pokemon,dialogue,,
0x00A444D1,in the rain!,12,1,13,pokemon,dialogue,,
0x00A444DE,in the sun!,11,1,12,pokemon,dialogue,,
0x00A444EA,in a sandstorm!,15,1,16,pokemon,dialogue,,
0x00A444FA,in a hailstorm!,15,1,16,pokemon,dialogue,,
0x00A44535,"mon take less
damage from super effective moves!",48,1,49,pokemon,dialogue,,
0x00A44582,mon get to move first!,22,1,23,pokemon,dialogue,,
0x00A445AA,Most held items have no effect!,31,1,32,pokemon,dialogue,,
0x00A445DC,"Defense and Sp. Def stats are
swapped!",38,1,39,pokemon,dialogue,,
0x00A44620,mon will remain airborne!,25,1,26,pokemon,dialogue,,
0x00A44683,t be hit by Ground-type moves!,30,1,31,pokemon,dialogue,,
0x00A446CB,"mon will be able to switch
out!",31,1,32,pokemon,dialogue,,
0x00A44712,"mon will have their
lowest defensive stat boosted!",50,1,51,pokemon,dialogue,,
0x00A447E7,will be hurt each turn!,23,1,24,pokemon,dialogue,,
0x00A44815,All type matchups are reversed!,31,1,32,pokemon,dialogue,,
0x00A448B3,"Ultra Burst, or use Z-Moves!",28,1,29,pokemon,dialogue,,
0x00A44918,mon at random!,14,1,15,pokemon,dialogue,,
0x00A44964,"mon may inflict status
conditions on another!",45,1,46,pokemon,dialogue,,
0x00A449CE,"mon may have their stats
lowered by another!",44,1,45,pokemon,dialogue,,
0x00A44A4D,"mon will be
damaged each turn!",30,1,31,pokemon,dialogue,,
0x00A44AA5,"All moves have their secondary
effect chance doubled!",53,1,54,pokemon,dialogue,,
0x00A44AE8,mon confused!,13,1,14,pokemon,dialogue,,
0x00A44B10,No status moves can be used!,28,1,29,pokemon,dialogue,,
0x00A44B49,No move can be used twice in a row.,35,1,36,pokemon,description,,
0x00A44B93,mon will be able to heal!,25,1,26,pokemon,dialogue,,
0x00A44BCE,No sound-based moves can be used!,33,1,34,pokemon,dialogue,,
0x00A44C10,"Moves will always score critical
hits!",38,1,39,pokemon,dialogue,,
0x00A44C55,score a critical hit!,21,1,22,pokemon,dialogue,,
0x00A44C89,abilities suppressed!,21,2,23,pokemon,dialogue,,
0x00A44EAF,Elias,5,1,6,pokemon,other,,
0x00A4524B,Big Mo,6,1,7,pokemon,location,,
0x00A452DA,m not weak.,11,1,12,pokemon,other,,
0x00A4532D,"t a
pushover!",13,1,14,pokemon,dialogue,,
0x00A4535B,"t let you stand between me
and greatness!",41,1,42,pokemon,dialogue,,
0x00A45385,"That was a good battle!
I look forward to our rematch.",54,1,55,pokemon,dialogue,,
0x00A45400,"m just a young kid, you should
go easy on me!",45,1,46,pokemon,dialogue,,
0x00A45437,m telling on you!,17,1,18,pokemon,dialogue,,
0x00A45460,"
How can you sleep at night?",28,1,29,pokemon,dialogue,,
0x00A4547D,"The way of the Bug Catcher!
Bear witness to it!",47,1,48,pokemon,dialogue,,
0x00A454AD,All hail Bug Catchers!,22,1,23,pokemon,dialogue,,
0x00A454C4,"This is the way of the Bug
Catcher!",35,1,36,pokemon,dialogue,,
0x00A454EA,ll snag you with my net!,24,1,25,pokemon,dialogue,,
0x00A4550C,t run away!,11,1,12,pokemon,dialogue,,
0x00A4551B,s in the bag!,13,1,14,pokemon,dialogue,,
0x00A45550,mon.,4,1,5,pokemon,other,,
0x00A4556C,"mon some
more!",14,1,15,pokemon,dialogue,,
0x00A45582,ve raised them pretty good.,27,1,28,pokemon,other,,
0x00A455A0,"m on the lookout for adorable
accessories.",42,1,43,pokemon,description,,
0x00A455CB,I wish I could dress up!,24,1,25,pokemon,dialogue,,
0x00A455E4,"Let me know if you find any nice
accessories!",45,1,46,pokemon,dialogue,,
0x00A45612,"I make it a policy to wear
miniskirts!",38,1,39,pokemon,dialogue,,
0x00A4563E,s your policy?,14,1,15,pokemon,dialogue,,
0x00A4564D,Miniskirts are the ultimate!,28,1,29,pokemon,dialogue,,
0x00A4566A,Here goes!,10,1,11,pokemon,dialogue,,
0x00A45675,"How could you bully a poor little
girl?",39,1,40,pokemon,dialogue,,
0x00A4569D,Caught you snoozing!,20,1,21,pokemon,dialogue,,
0x00A456B2,"The sea, my beautiful sea!",26,1,27,pokemon,dialogue,,
0x00A456CD,"I want to become a big man.
Big like the sea big.",49,1,50,pokemon,dialogue,,
0x00A4572D,"m the Sailor among Sailors!
I was born on the high seas!",56,1,57,pokemon,dialogue,,
0x00A457A6,"The waves rocked me to sleep!
The sea was my mother!",52,1,53,pokemon,dialogue,,
0x00A457DB,"Come on! Take a run at me! I can
take it!",41,1,42,pokemon,dialogue,,
0x00A45805,Good job! Way to overcome my size!,34,1,35,pokemon,dialogue,,
0x00A45831,"d you think?
I was too burly for you to handle?",47,1,48,pokemon,dialogue,,
0x00A45868,mon trained in forests.,23,1,24,pokemon,other,,
0x00A45882,m going back to the forest.,27,1,28,pokemon,other,,
0x00A458A1,s the power of the forests.,27,1,28,pokemon,other,,
0x00A458BD,"The indefatigable Camper makes his
stand!",41,1,42,pokemon,dialogue,,
0x00A458E7,"I wish I could become your
devotee.",35,1,36,pokemon,dialogue,,
0x00A4592B,"d
like.",7,1,8,pokemon,other,,
0x00A45933,Hunh? Where is everyone?,24,1,25,pokemon,dialogue,,
0x00A45989,"Hey, guys! Where are you?!",26,1,27,pokemon,dialogue,,
0x00A459BB,"m on a
picnic!",14,1,15,pokemon,dialogue,,
0x00A459EA,"t
let me win.",13,1,14,pokemon,other,,
0x00A459F8,Lalala!,7,1,8,pokemon,dialogue,,
0x00A45A11,"s not bear any
grudges.",23,1,24,pokemon,other,,
0x00A45A36,t ever forget this!,19,1,20,pokemon,dialogue,,
0x00A45A4A,"Yay, yay, yay! We did it!",25,1,26,pokemon,dialogue,,
0x00A45A78,"s fun about
battling.",21,1,22,pokemon,other,,
0x00A45AAE,re the greatest!,16,1,17,pokemon,dialogue,,
0x00A45AD9,t it?,5,1,6,pokemon,dialogue,,
0x00A45AF0,"mon more than me!
No one!",25,1,26,pokemon,dialogue,,
0x00A45B20,"mon is stronger
than mine?",26,1,27,pokemon,dialogue,,
0x00A45B5E,mon trumped yours!,18,1,19,pokemon,dialogue,,
0x00A45B98,"t be shy now, come on.",22,1,23,pokemon,other,,
0x00A45BAF,"I see! Cute, and yet tough.",27,1,28,pokemon,dialogue,,
0x00A45BD2,Cute but on the weak side.,26,1,27,pokemon,other,,
0x00A45C06,"t need
anything else.",21,1,22,pokemon,other,,
0x00A45C3D,t it?,5,1,6,pokemon,dialogue,,
0x00A45C4F,"mon, I can be happy
every day.",30,1,31,pokemon,dialogue,,
0x00A45CA5," chance of
beating me.",22,1,23,pokemon,other,,
0x00A45CBC,What? You have defied the odds!,31,1,32,pokemon,dialogue,,
0x00A45CDC,"Clearly you should return to
school.",36,1,37,pokemon,dialogue,,
0x00A45D3D,The odds are not in your favour.,32,1,33,pokemon,dialogue,,
0x00A45D62, I need to study more.,22,1,23,pokemon,dialogue,,
0x00A45D79,"You are merely a statistic,
conforming to the norm.",51,1,52,pokemon,dialogue,,
0x00A45DAD,You are no match for my intellect.,34,1,35,pokemon,dialogue,,
0x00A45DD0,"You are clearly in the 97th
percentile. Impressive.",51,1,52,pokemon,dialogue,,
0x00A45E04,"Another match to analyze and learn
from.",40,1,41,pokemon,description,,
0x00A45E4C,"s
way of life!",14,1,15,pokemon,dialogue,,
0x00A45E8D,live!,5,1,6,pokemon,dialogue,,
0x00A45EB7,t you?,6,1,7,pokemon,dialogue,,
0x00A45EC8,"s a long way away from
the mountains here!",42,1,43,pokemon,dialogue,,
0x00A45F05,hahahaaACHOOO!!,15,1,16,pokemon,dialogue,,
0x00A45F15,Hahah! Keep it coming!,22,1,23,pokemon,dialogue,,
0x00A45F62,t ya?,5,1,6,pokemon,dialogue,,
0x00A45F98,"Yahoooooo! Yahoooooooo!
Hear my cry of triumph!",47,1,48,pokemon,dialogue,,
0x00A4600D,ll take out my anger on you!,28,1,29,pokemon,dialogue,,
0x00A4602A,What?! My bike is out of gas!,29,1,30,pokemon,dialogue,,
0x00A46048,"Eat dust, loser!",16,1,17,pokemon,dialogue,,
0x00A46059,"After our battle, we should race!",33,1,34,pokemon,dialogue,,
0x00A4607B,Noooo! Mommy!,13,1,14,pokemon,dialogue,,
0x00A460BD,Heh heh heh.,12,1,13,pokemon,location,,
0x00A460CA,"Can you keep up with me at a full
run?",38,1,39,pokemon,dialogue,,
0x00A460FC,s no way I can beat you.,24,1,25,pokemon,dialogue,,
0x00A46159,a bike race.,12,1,13,pokemon,other,,
0x00A46176,re attacking at top speed!,26,1,27,pokemon,dialogue,,
0x00A46193,"m taking it to a zone beyond
speed!",35,1,36,pokemon,dialogue,,
0x00A461B7,Kaboom!,7,1,8,pokemon,dialogue,,
0x00A461D3,Together!,9,1,10,pokemon,dialogue,,
0x00A461E7,t leave me behind!,18,1,19,pokemon,dialogue,,
0x00A461FA,Gooooooooaaaaal!,16,1,17,pokemon,dialogue,,
0x00A4620D,"d rather cycle casually than go
full speed.",43,1,44,pokemon,description,,
0x00A46265,s take it easy.,15,1,16,pokemon,other,,
0x00A46275,"I was a thief, but I went straight
as a Trainer.",48,1,49,pokemon,dialogue,,
0x00A462A6,I surrender!,12,1,13,pokemon,dialogue,,
0x00A462B3,Too late to surrender!,22,1,23,pokemon,dialogue,,
0x00A46307,thief-type?,11,1,12,pokemon,dialogue,,
0x00A46337,d use that to win!,18,1,19,pokemon,dialogue,,
0x00A4637F,s streaks.,10,1,11,pokemon,other,,
0x00A463EE,utter anonymity.,16,1,17,pokemon,other,,
0x00A463FF,"A good politician is quite as
unthinkable as an honest burglar.",63,1,64,pokemon,description,,
0x00A46456,"s more than
one way to skin a streak.",37,1,38,pokemon,description,,
0x00A4647C,"It was me who put up the buildings
around these parts.",54,1,55,pokemon,description,,
0x00A464B3,"My dream is to make a building
taller than a mountain!",54,1,55,pokemon,dialogue,,
0x00A464EA,"So, what do you think?
Cool stuff, huh?",39,1,40,pokemon,dialogue,,
0x00A46514,ll scrap you.,13,1,14,pokemon,dialogue,,
0x00A46522,Think ecology. Think green.,27,1,28,pokemon,other,,
0x00A46540,ll recycle you.,15,1,16,pokemon,dialogue,,
0x00A46562,ve got deliveries to make!,26,1,27,pokemon,dialogue,,
0x00A465A2,ve got deep muscle pain!,24,1,25,pokemon,dialogue,,
0x00A465BB,"What? You want me to deliver you
somewhere, too?",48,1,49,pokemon,dialogue,,
0x00A46612,m gonna fish it all up!,23,1,24,pokemon,dialogue,,
0x00A4662A,"Oh, waah!
I let that get away!",30,1,31,pokemon,dialogue,,
0x00A46649,"Kahahah!
I am at the top of my game!",36,1,37,pokemon,dialogue,,
0x00A4666E,"My cohorts call me the emperor of
fishing!",42,1,43,pokemon,dialogue,,
0x00A466D5,I landed another big one today!,31,1,32,pokemon,dialogue,,
0x00A46724,Check it out!,13,1,14,pokemon,dialogue,,
0x00A4676F,"See it?
Surprised, I bet!",25,1,26,pokemon,dialogue,,
0x00A46789,"When you get as good as me, you
can win easily, even if asleep.",63,1,64,pokemon,dialogue,,
0x00A467E0,"t rightly say I much like
battling, I tell you.",47,1,48,pokemon,dialogue,,
0x00A46875,"s your chance, punk!",20,1,21,pokemon,dialogue,,
0x00A4688A,"Waah!
I want my mommy!",22,1,23,pokemon,dialogue,,
0x00A468A1,"Geheheh!
I told you!",20,1,21,pokemon,dialogue,,
0x00A468C5,s play a game!,14,1,15,pokemon,dialogue,,
0x00A468D4,"Drat!
Came up short!",20,1,21,pokemon,dialogue,,
0x00A468F5,t work for you today.,21,1,22,pokemon,dialogue,,
0x00A4690D,"m a rambling, gaming dude!",26,1,27,pokemon,dialogue,,
0x00A46928,Missed the big chance!,22,1,23,pokemon,dialogue,,
0x00A4695E,m on a winning streak!,22,1,23,pokemon,dialogue,,
0x00A46988,t get enough!,13,1,14,pokemon,dialogue,,
0x00A46996,I had a chance!,15,1,16,pokemon,dialogue,,
0x00A469D0,mon!,4,1,5,pokemon,dialogue,,
0x00A469D5,"My beauty is what makes me
strong.",34,1,35,pokemon,dialogue,,
0x00A46A14,t ready for my beauty.,22,1,23,pokemon,dialogue,,
0x00A46A60,Hold still!,11,1,12,pokemon,dialogue,,
0x00A46A6C,"Ooh, no!
That hurts!",20,1,21,pokemon,dialogue,,
0x00A46A81,"There!
Done!",12,1,13,pokemon,dialogue,,
0x00A46AD3,"Winning makes all my worries seem
trivial!",42,1,43,pokemon,dialogue,,
0x00A46B79,Look into my eyes!,18,1,19,pokemon,dialogue,,
0x00A46B8C,"My power of suggestion failed to
charm you!",43,1,44,pokemon,dialogue,,
0x00A46BB8,You fell under my spell!,24,1,25,pokemon,dialogue,,
0x00A46BF2,Did it.,7,1,8,pokemon,location,,
0x00A46C28,"I thought I could lull you to
sleep.",36,1,37,pokemon,dialogue,,
0x00A46C4D,"That was the countdown to my
victory!",37,1,38,pokemon,dialogue,,
0x00A46C84,s no trickery about them!,25,1,26,pokemon,dialogue,,
0x00A46CBB,This is psychic power!,22,1,23,pokemon,dialogue,,
0x00A46D03,Are you feeling dizzy?,22,1,23,pokemon,dialogue,,
0x00A46D36,m tuned in to your wavelength!,30,1,31,pokemon,dialogue,,
0x00A46D55,Tch! Losing threw off my rhythm!,32,1,33,pokemon,dialogue,,
0x00A46D76,Tadaaaah!,9,1,10,pokemon,dialogue,,
0x00A46D80,"You should channel your feelings
into songs with sincerity, man.",64,1,65,pokemon,dialogue,,
0x00A46DC1,"The way I feel now is kind of
folksy.",37,1,38,pokemon,dialogue,,
0x00A46DFE,s rock!,7,1,8,pokemon,dialogue,,
0x00A46E0A,s get this session on!,22,1,23,pokemon,dialogue,,
0x00A46E55,"re obviously short on
practice.",31,1,32,pokemon,description,,
0x00A46E75,"Howdy!
Are you a member of my fan club?",39,1,40,pokemon,dialogue,,
0x00A46EDC,all the girls scream and shout!,31,1,32,pokemon,dialogue,,
0x00A46F1E,"Yah, yah!",9,1,10,pokemon,dialogue,,
0x00A46F28,"Yah, yah!
Shard de lose!",24,1,25,pokemon,dialogue,,
0x00A46F41,"Yah, yah!
Shard de win!",23,1,24,pokemon,dialogue,,
0x00A46F59,Behold my dexterity and grace!,30,1,31,pokemon,dialogue,,
0x00A46F78,Whew! That was a jolt!,22,1,23,pokemon,dialogue,,
0x00A46FBC,mon!,4,1,5,pokemon,dialogue,,
0x00A46FC1,"The credo of the Dragon Tamer!
Number one!",42,1,43,pokemon,dialogue,,
0x00A46FEC,"Even in defeat, roar!
Roar with your dragon!",44,1,45,pokemon,dialogue,,
0x00A47019,"In victory, roar!
Roar with your dragon!",40,1,41,pokemon,dialogue,,
0x00A47067,Probably!,9,1,10,pokemon,dialogue,,
0x00A47095,I confer it on you!,19,1,20,pokemon,dialogue,,
0x00A470D2,Probably!,9,1,10,pokemon,dialogue,,
0x00A470DC,Mighty! Like a dragon!,22,1,23,pokemon,dialogue,,
0x00A47110,"Strong, I am!",13,1,14,pokemon,dialogue,,
0x00A47130,re going to rule this battle!,29,1,30,pokemon,dialogue,,
0x00A47151,re gonna crash!,15,1,16,pokemon,dialogue,,
0x00A47161,Zoom!,5,1,6,pokemon,dialogue,,
0x00A47184,"s credo number
one!",19,1,20,pokemon,dialogue,,
0x00A47198,Rest your wings on a loss!,26,1,27,pokemon,dialogue,,
0x00A471B3,Soar high on a win!,19,1,20,pokemon,dialogue,,
0x00A471E7,"t
go the way you want.",22,1,23,pokemon,dialogue,,
0x00A47204,"Yippee!
Things went my way!",27,1,28,pokemon,dialogue,,
0x00A47220,"A battle is deadly earnest!
Not a moment of inattention!",56,1,57,pokemon,dialogue,,
0x00A4727E,Never let down your guard!,26,1,27,pokemon,dialogue,,
0x00A47299,"My spirit burns, my fists are
steel, and my sweat cascades!",59,1,60,pokemon,dialogue,,
0x00A472D7,"ve fallen in defeat?
Gw-gwaaah!",31,1,32,pokemon,dialogue,,
0x00A472F7,"I sweated more.
That makes me the victor!",41,1,42,pokemon,dialogue,,
0x00A4735D,opponent!,9,1,10,pokemon,dialogue,,
0x00A47367,"Please! Let me call you Master
Trainer from now on!",51,1,52,pokemon,dialogue,,
0x00A4739B,Full power is how I win!,24,1,25,pokemon,dialogue,,
0x00A473BB,"mon have black belt-level
strength!",35,1,36,pokemon,dialogue,,
0x00A4740E,ve been humiliated!,19,1,20,pokemon,dialogue,,
0x00A4742E,s be quick about this!,22,1,23,pokemon,dialogue,,
0x00A47445,"Yup! Good going!
I like the way you battle!",43,1,44,pokemon,dialogue,,
0x00A474A5,mon!,4,1,5,pokemon,dialogue,,
0x00A474B7,s no holding anything back!,27,1,28,pokemon,dialogue,,
0x00A47506,"Hiyah! I put you in your place!
You better appreciate it!",57,1,58,pokemon,dialogue,,
0x00A47543,s the power of science!,23,1,24,pokemon,dialogue,,
0x00A4756F,"How could the power of science be
defeated?",43,1,44,pokemon,dialogue,,
0x00A475BE,s the power of science!,23,1,24,pokemon,dialogue,,
0x00A475EA,"Demonstrate the fruits of our
experimentation!",46,1,47,pokemon,dialogue,,
0x00A47638,s classified.,13,1,14,pokemon,other,,
0x00A4766A,ll get my professorship now!,28,1,29,pokemon,dialogue,,
0x00A476A3,t see straight.,15,1,16,pokemon,other,,
0x00A476C9,t see enough to tell.,21,1,22,pokemon,other,,
0x00A476F4,t see enough to tell.,21,1,22,pokemon,other,,
0x00A4770A,"Steadily and surely. You build
from the little things up.",57,1,58,pokemon,dialogue,,
0x00A4776A,Steadily and surely is how I won!,33,1,34,pokemon,dialogue,,
0x00A477A5,d better teach you.,19,1,20,pokemon,dialogue,,
0x00A477BD,"ve got good skills. You tried
hard, too. Excellent!",51,1,52,pokemon,dialogue,,
0x00A47802,"t do at all.
Up on your feet. Never give up!",44,1,45,pokemon,dialogue,,
0x00A4785C,"s fun, why question it?",23,1,24,pokemon,dialogue,,
0x00A4788F,s cool!,7,1,8,pokemon,dialogue,,
0x00A478B3,t see a problem!,16,1,17,pokemon,dialogue,,
0x00A478CF,mon are on the go!,18,1,19,pokemon,dialogue,,
0x00A478E2,I like the sense you show!,26,1,27,pokemon,dialogue,,
0x00A478FD,You surprise me! Not too shabby!,32,1,33,pokemon,dialogue,,
0x00A4791E,"OK, bring it!",13,1,14,pokemon,dialogue,,
0x00A4792C,"Hoh! You are tough!
Give me a rematch!",38,1,39,pokemon,dialogue,,
0x00A47953,Hah! Too weak! Keep trying!,27,1,28,pokemon,dialogue,,
0x00A47971,"ve caught you now.
Give up.",27,1,28,pokemon,dialogue,,
0x00A479B6,s meet again.,13,1,14,pokemon,other,,
0x00A479C4,You need to be serious with me!,31,1,32,pokemon,dialogue,,
0x00A47A03,s it?,5,1,6,pokemon,dialogue,,
0x00A47A0F,"I must say I like the look in your
eyes.",40,1,41,pokemon,dialogue,,
0x00A47A38,"Your eyes shine brighter than any
big gemstone I keep at home!",62,1,63,pokemon,dialogue,,
0x00A47A77,"Your eyes remain unclouded in
defeat. Like jewels they are!",59,1,60,pokemon,dialogue,,
0x00A47AB3,"When I was your age, I was quite
the daredevil, I must say.",59,1,60,pokemon,dialogue,,
0x00A47AFE,"re quite the
daredevil yourself!",32,1,33,pokemon,dialogue,,
0x00A47B1F,"Seeing you reminds me of my own
wild youth.",43,1,44,pokemon,dialogue,,
0x00A47B4B,"I shall regress to my childhood
for this battle.",48,1,49,pokemon,dialogue,,
0x00A47B80,re no ordinary trainer.,23,1,24,pokemon,other,,
0x00A47B98,"You still got a long road,
young one.",37,1,38,pokemon,dialogue,,
0x00A47BBE,"I like rivers more than the sea.
Which do you prefer?",53,1,54,pokemon,dialogue,,
0x00A47BFA,"t like the sea because the
salty water burns my eyes!",53,1,54,pokemon,dialogue,,
0x00A47C30,"Water in rivers is cold,
but it feels just super.",49,1,50,pokemon,description,,
0x00A47C79,mon!,4,1,5,pokemon,dialogue,,
0x00A47C9D,mon!,4,1,5,pokemon,dialogue,,
0x00A47CC4,mon!,4,1,5,pokemon,dialogue,,
0x00A47CE6,t need my inner tube!,21,1,22,pokemon,dialogue,,
0x00A47D01,m not lying!,12,1,13,pokemon,dialogue,,
0x00A47D15,s true!,7,1,8,pokemon,dialogue,,
0x00A47D5B,"Ouch, ouch, ouch!",17,1,18,pokemon,dialogue,,
0x00A47D6D,I love the sea!,15,1,16,pokemon,dialogue,,
0x00A47D7F,"m a girl in love with her inner
tube! Nice to meet you!",55,1,56,pokemon,dialogue,,
0x00A47DC3,"m a girl in love with her inner
tube!",37,1,38,pokemon,dialogue,,
0x00A47DF6,"m a girl in love with her inner
tube!",37,1,38,pokemon,dialogue,,
0x00A47E30,"t swim.
I just like my inner tube.",34,1,35,pokemon,dialogue,,
0x00A47E53,"Flip, flop!",11,1,12,pokemon,dialogue,,
0x00A47E5F,"Splish, splash!",15,1,16,pokemon,dialogue,,
0x00A47E6F,"Let me introduce to you my
cherished partners!",46,1,47,pokemon,dialogue,,
0x00A47EBC,"s
important.",12,1,13,pokemon,other,,
0x00A47EC9,"How did you find them?
My cherished partners.",45,1,46,pokemon,dialogue,,
0x00A47F03,"mon takes a lot of
honest effort!",33,1,34,pokemon,dialogue,,
0x00A47F4D,mon!,4,1,5,pokemon,dialogue,,
0x00A47F85,mon!,4,1,5,pokemon,dialogue,,
0x00A47FA2,m just not much of a battler.,29,1,30,pokemon,other,,
0x00A48000,"mon have
grown for you.",23,1,24,pokemon,dialogue,,
0x00A48043,"mon really
thoroughly.",22,1,23,pokemon,other,,
0x00A4807F,"s not up to
par.",16,1,17,pokemon,other,,
0x00A480D5,"mon Breeder is a deep
and complex challenge.",44,1,45,pokemon,description,,
0x00A48126,mon.,4,1,5,pokemon,other,,
0x00A4814C,mon!,4,1,5,pokemon,dialogue,,
0x00A4815E,re so cute!,11,1,12,pokemon,dialogue,,
0x00A4816A,"Cute, yet strong! Right?",24,1,25,pokemon,dialogue,,
0x00A4819D,"mon made
a Ranger out of me!",28,1,29,pokemon,dialogue,,
0x00A481BE," I still love to
battle, too.",29,1,30,pokemon,dialogue,,
0x00A481DC,"I love to battle, too!",22,1,23,pokemon,dialogue,,
0x00A481F3,"Hi! Have you ever considered a
career as a Ranger?",50,1,51,pokemon,dialogue,,
0x00A4822F,"ve got the mettle.
Being a Ranger is a lot of fun!",50,1,51,pokemon,dialogue,,
0x00A48262,"Well, you might not make it at
your skill level.",48,1,49,pokemon,dialogue,,
0x00A48293,"Win or lose, a battle happens only
once!",40,1,41,pokemon,dialogue,,
0x00A482BC,I have no regrets!,18,1,19,pokemon,dialogue,,
0x00A482CF,Do you have any regret?,23,1,24,pokemon,dialogue,,
0x00A48318,mon in it.,10,1,11,pokemon,other,,
0x00A48346,s a lot to enjoy every day.,27,1,28,pokemon,other,,
0x00A48365,"s a rewarding career.
How does it sound to you?",47,1,48,pokemon,dialogue,,
0x00A48395,"The power of nature!
Let me show you!",37,1,38,pokemon,dialogue,,
0x00A483DC,This is the power of nature!,28,1,29,pokemon,dialogue,,
0x00A48400,"t sleep while trying to
come up with this new strategy!",55,1,56,pokemon,dialogue,,
0x00A48463,My strategy worked!,19,1,20,pokemon,dialogue,,
0x00A48495,"ll
get to enjoy a nice aroma!",29,1,30,pokemon,dialogue,,
0x00A484F9,"s what you get for
swooning to my aroma!",40,1,41,pokemon,dialogue,,
0x00A48552," Oh, really? I lost?",20,1,21,pokemon,dialogue,,
0x00A4856D," Oh? Are we finished
so soon?",29,1,30,pokemon,dialogue,,
0x00A48599," the sweet scent of
victory!",28,1,29,pokemon,dialogue,,
0x00A485B6,"Can you smell that?
The scent of defeat!",40,1,41,pokemon,dialogue,,
0x00A485F4,"t all fun
and games!",20,1,21,pokemon,dialogue,,
0x00A48609,Danger lurks everywhere in ruins!,33,1,34,pokemon,dialogue,,
0x00A48652,t make a good Ruin Maniac.,26,1,27,pokemon,other,,
0x00A4866D,"I travel around in search of lost
treasures.",44,1,45,pokemon,dialogue,,
0x00A4869A,You sure seem to be hectic.,27,1,28,pokemon,dialogue,,
0x00A486B6,"The rest of the time, I fish and
tend to crops every single day.",64,1,65,pokemon,dialogue,,
0x00A486F7,"These mates of mine traveled the
world with me!",47,1,48,pokemon,dialogue,,
0x00A4874E,"What do you say?
Pretty tough, right?",37,1,38,pokemon,dialogue,,
0x00A4877E,"s one of the richest
people in Borrius.",39,1,40,pokemon,description,,
0x00A487A6,My father will hear about this!,31,1,32,pokemon,dialogue,,
0x00A487C6,"Money speaks louder than
determination, I see.",46,1,47,pokemon,dialogue,,
0x00A48832,best seats at all the shows.,28,1,29,pokemon,other,,
0x00A4887E,m rich.,7,1,8,pokemon,other,,
0x00A488BE,"ll win, right?",14,1,15,pokemon,dialogue,,
0x00A488F7,"m not interested in what was an
inevitable result.",50,1,51,pokemon,description,,
0x00A4894A,"t buy.
Money can buy battles!",29,1,30,pokemon,dialogue,,
0x00A4898A,ll let me win.,14,1,15,pokemon,other,,
0x00A489B8,"t
buy.",6,1,7,pokemon,other,,
0x00A489C2,"s fine, fine.
No need to say a word.",36,1,37,pokemon,description,,
0x00A489EA,"s fine, fine.
No need to say a word.",36,1,37,pokemon,description,,
0x00A48A12,"s fine, fine.
You tried your best, I know.",42,1,43,pokemon,dialogue,,
0x00A48A4A,"re good, huh?",13,1,14,pokemon,dialogue,,
0x00A48A7D,re no big deal. Hmm?,20,1,21,pokemon,dialogue,,
0x00A48A92,"Let us paint a picture to last an
eternity!",43,1,44,pokemon,dialogue,,
0x00A48B04,"mon are
dull.",13,1,14,pokemon,other,,
0x00A48B17," hold still right there!
I must paint that powerful pose!",57,1,58,pokemon,dialogue,,
0x00A48B8A,mon.,4,1,5,pokemon,other,,
0x00A48B8F,"Oh, my dears! Your vivid colors
have shone through!",51,1,52,pokemon,dialogue,,
0x00A48BCB,t my only talent!,17,1,18,pokemon,dialogue,,
0x00A48BDD,"Aargh! I got some paint in
my eyes!",35,1,36,pokemon,dialogue,,
0x00A48C01,"I guess a style change from city
skylines to battles was warranted!",67,1,68,pokemon,dialogue,,
0x00A48C45,"May I take your order, please?",30,1,31,pokemon,dialogue,,
0x00A48C64,"Ah, an excellent choice.
A win served fresh.",44,1,45,pokemon,description,,
0x00A48C91,"Ah, a fine choice.
One loss served fresh.",41,1,42,pokemon,description,,
0x00A48CBB,"For battles and order taking,
speed is essential!",49,1,50,pokemon,dialogue,,
0x00A48D16,s hot!,6,1,7,pokemon,dialogue,,
0x00A48D1D,"Like, chop-chop!
You got served.",32,1,33,pokemon,dialogue,,
0x00A48D4D,m your server today!,20,1,21,pokemon,dialogue,,
0x00A48D62,Thank you so much!,18,1,19,pokemon,dialogue,,
0x00A48D75,"Would you care to settle your
bill?",35,1,36,pokemon,dialogue,,
0x00A48DC1,t expect me to serve here.,26,1,27,pokemon,other,,
0x00A48DFF,t make friends that way!,24,1,25,pokemon,dialogue,,
0x00A48E18,How may I serve you?,20,1,21,pokemon,dialogue,,
0x00A48E2D,"What I really hoped to become was
a cook.",41,1,42,pokemon,dialogue,,
0x00A48E57,"I just find it hard talking to
strangers.",41,1,42,pokemon,dialogue,,
0x00A48E87,"t mind this job now, mind
you.",30,1,31,pokemon,dialogue,,
0x00A48EC8,ll serve you right!,19,1,20,pokemon,dialogue,,
0x00A48EE7,"m not done serving
you.",23,1,24,pokemon,dialogue,,
0x00A48EFF,"Well, were you happy with the way
I served you?",47,1,48,pokemon,dialogue,,
0x00A48F4C,"It would be quite the honour for
you!",37,1,38,pokemon,dialogue,,
0x00A48F72,"My management team will have
something to say about this!",57,1,58,pokemon,dialogue,,
0x00A48FB3,"d won, I would have even
given you my autograph!",48,1,49,pokemon,dialogue,,
0x00A48FE4,Thanks for supporting me!,25,1,26,pokemon,dialogue,,
0x00A4902C,re not my fan?,14,1,15,pokemon,dialogue,,
0x00A4903B,Watch me! All eyes on me!,25,1,26,pokemon,dialogue,,
0x00A49055,"I became an idol because I wanted
everyone to see me!",53,1,54,pokemon,dialogue,,
0x00A490BE,m never losing to you!,22,1,23,pokemon,dialogue,,
0x00A490E3,"Yeehah! Yippee!
I won, I won!",29,1,30,pokemon,dialogue,,
0x00A49101,Kneel down before me!,21,1,22,pokemon,dialogue,,
0x00A49117,"My mommy always says that to my
daddy!",38,1,39,pokemon,dialogue,,
0x00A4913E,"Hee hee hee.
Just what I wanted!",32,1,33,pokemon,dialogue,,
0x00A4917D,re not very tough!,18,1,19,pokemon,dialogue,,
0x00A491B1,s all that matters.,19,1,20,pokemon,other,,
0x00A491C5,Oh? We won? Seriously?,22,1,23,pokemon,dialogue,,
0x00A491DC,"Ready, start!",13,1,14,pokemon,dialogue,,
0x00A491EA,Waah! Wait for me!,18,1,19,pokemon,dialogue,,
0x00A491FD,First across the finish line!,29,1,30,pokemon,dialogue,,
0x00A4923E,s great!,8,1,9,pokemon,dialogue,,
0x00A49247,"So I lost! I can still run great
marathons!",43,1,44,pokemon,dialogue,,
0x00A49273,"My buff physique makes for easy
wins!",37,1,38,pokemon,dialogue,,
0x00A4929B,"ll run on the spot while battling
for the good of my health.",60,1,61,pokemon,dialogue,,
0x00A492D8,"Gasp! My ankle!
I rolled my ankle!",34,1,35,pokemon,dialogue,,
0x00A492FB,Run! Faster!,12,1,13,pokemon,dialogue,,
0x00A4933B,s do this!,10,1,11,pokemon,dialogue,,
0x00A4937D,"re
sure tough!",14,1,15,pokemon,dialogue,,
0x00A493AB,"t matter which, but sorry.",26,1,27,pokemon,other,,
0x00A493C6,"All right, take a run at me!
My barrel chest can take it!",57,1,58,pokemon,dialogue,,
0x00A4944E,"ve got?
You can take a harder run at me!",40,1,41,pokemon,dialogue,,
0x00A49477,"My favorite drink is Moomoo Milk.
Got some?",43,1,44,pokemon,dialogue,,
0x00A494A3,"Gwaah! Moomoo Milk!
Bring me some Moomoo Milk!",46,1,47,pokemon,dialogue,,
0x00A494ED,s celebrate over some milk!,27,1,28,pokemon,dialogue,,
0x00A49509,Do your best! My beloved children!,34,1,35,pokemon,dialogue,,
0x00A49533,mon are my beloved family.,26,1,27,pokemon,dialogue,,
0x00A49566,s proud of you!,15,1,16,pokemon,dialogue,,
0x00A49599,t overexert myself.,19,1,20,pokemon,dialogue,,
0x00A495CE,s a sparkle about you.,22,1,23,pokemon,dialogue,,
0x00A495E5,"What I lack in youth, I make up
for in experience.",50,1,51,pokemon,dialogue,,
0x00A49629,"s the smell of hay clinging
to my body.",39,1,40,pokemon,dialogue,,
0x00A49691,love.,5,1,6,pokemon,other,,
0x00A49697,Whoa!,5,1,6,pokemon,dialogue,,
0x00A496A3,"t lose to a child like you
who knows nothing of battles.",56,1,57,pokemon,dialogue,,
0x00A49709, I had no idea!,15,1,16,pokemon,dialogue,,
0x00A4978E,Please show a little kindness.,30,1,31,pokemon,other,,
0x00A497AD,"You are very sharp! You did not
fall for my illness act.",56,1,57,pokemon,dialogue,,
0x00A497E6,"I lied when I said I did not feel
well! Experts do anything to win!",67,1,68,pokemon,dialogue,,
0x00A49862,mon.,4,1,5,pokemon,other,,
0x00A4988A,"And yet defeat is also part of
life.",36,1,37,pokemon,description,,
0x00A498E4,t it?,5,1,6,pokemon,dialogue,,
0x00A498FF,"Come, I promise to be nice in
this battle.",42,1,43,pokemon,dialogue,,
0x00A49950,s play again sometime.,22,1,23,pokemon,other,,
0x00A4999B,ll be waiting.,14,1,15,pokemon,other,,
0x00A499AA,"Oh, you are still a child.
Who said you could come here?",56,1,57,pokemon,dialogue,,
0x00A49A4F,"ve learned
something.",21,1,22,pokemon,other,,
0x00A49A85,s mind is always blooming.,26,1,27,pokemon,other,,
0x00A49ADA,heart is forever young.,23,1,24,pokemon,dialogue,,
0x00A49B1B,"ll stay fit and ready all my
life.",34,1,35,pokemon,dialogue,,
0x00A49B4B,"fans.
Your life will be happy!",30,1,31,pokemon,dialogue,,
0x00A49B7E,"fans, your
life will be saved!",30,1,31,pokemon,dialogue,,
0x00A49BB1,"fans, you will
be strong like me!",33,1,34,pokemon,dialogue,,
0x00A49C05,fan!,4,1,5,pokemon,dialogue,,
0x00A49C2F,fan!,4,1,5,pokemon,dialogue,,
0x00A49C54,mon!,4,1,5,pokemon,dialogue,,
0x00A49C86,fan.,4,1,5,pokemon,other,,
0x00A49CB0,fan.,4,1,5,pokemon,other,,
0x00A49CBD,fan is power.,13,1,14,pokemon,other,,
0x00A49CCB,"I took this job because I wanted to
be needed by someone.",57,1,58,pokemon,dialogue,,
0x00A49D05,"When a patient leaves the hospital,
I feel happy but a bit sad.",63,1,64,pokemon,dialogue,,
0x00A49D45,"My job is hard, but I am happy to
help people.",46,1,47,pokemon,dialogue,,
0x00A49D74,"Grown-ups have a lot of hobbies.
Actually, I am a uniform collector.",68,1,69,pokemon,dialogue,,
0x00A49DDE,"Yes, I am just a uniform collector.",35,1,36,pokemon,dialogue,,
0x00A49E02,"I am not a Nurse.
I wear this uniform just for fun.",51,1,52,pokemon,dialogue,,
0x00A49E68,s fight hard.,13,1,14,pokemon,other,,
0x00A49E76,"You went too far! I will bill you
the cost of my medical expenses!",66,1,67,pokemon,dialogue,,
0x00A49EB9,"Sorry! I went too far. Do you
require immediate hospitalization?",64,1,65,pokemon,dialogue,,
0x00A49EFA,"Amazing!
Against all odds, you triumphed!",41,1,42,pokemon,dialogue,,
0x00A49F2E,"Tighten your bonds, and come
challenge me again!",48,1,49,pokemon,dialogue,,
0x00A49F8F,"re doing
after all.",19,1,20,pokemon,other,,
0x00A4A00C,Keep that in mind for next time!,32,1,33,pokemon,dialogue,,
0x00A4A04A,re a true rising star!,22,1,23,pokemon,dialogue,,
0x00A4A06E,"Ladies and gentlemen, boys and
girls, I hope you enjoyed the show!",66,1,67,pokemon,dialogue,,
0x00A4A12B,s have a fun time!,18,1,19,pokemon,dialogue,,
0x00A4A13E,"Alright!
That was fun!",22,1,23,pokemon,dialogue,,
0x00A4A157,"m looking forward to battling you
again in the future!",54,1,55,pokemon,dialogue,,
0x00A4A1E8,"s see what you can do against
my strategy!",42,1,43,pokemon,dialogue,,
0x00A4A254,"I look forward to battling you
again with some new tricks!",58,1,59,pokemon,dialogue,,
0x00A4A2DE, Thanasis!,10,1,11,pokemon,dialogue,,
0x00A4A2E9,"I have to admit, you really are
something special.",50,1,51,pokemon,dialogue,,
0x00A4A329,"re not ready to face
me just yet!",33,1,34,pokemon,dialogue,,
0x00A4A3B1,"Now, prepare for a flurry of those
animations!",46,1,47,pokemon,dialogue,,
0x00A4A3E0,"That battle was almost as beautiful
as the animations!",54,1,55,pokemon,dialogue,,
0x00A4A41D,"That battle was close to being as
beautiful as the animations!",62,1,63,pokemon,dialogue,,
0x00A4A489,t be any letup from me!,23,1,24,pokemon,dialogue,,
0x00A4A50D,mon.,4,1,5,pokemon,other,,
0x00A4A57F,"s see what you can do to
the kingpin of Antisis City!",53,1,54,pokemon,dialogue,,
0x00A4A60E, better!,8,1,9,pokemon,dialogue,,
0x00A4A6B8,Ha ha ha!,9,1,10,pokemon,dialogue,,
0x00A4A6C2,"Whoa, ya sure showed me how to
battle! Ha ha ha!",48,1,49,pokemon,dialogue,,
0x00A4A701,"t even at any
disadvantage! Ha ha ha!",37,1,38,pokemon,dialogue,,
0x00A4A804,Get ready to lose!,18,1,19,pokemon,dialogue,,
0x00A4A82A,re worthy of lots of respect.,29,1,30,pokemon,other,,
0x00A4A86D,t lose!,7,1,8,pokemon,dialogue,,
0x00A4A875,"For your insolence, you will feel
a world of pain!",50,1,51,pokemon,dialogue,,
0x00A4A8A8,"What? Me, lose?!",16,1,17,pokemon,dialogue,,
0x00A4A8B9,"Ha!
That was a truly intense fight!",35,2,37,pokemon,dialogue,,
0x00A4A992,A critical hit!,15,1,16,pokemon,dialogue,,
0x00A4A9F2," twisted
the dimensions!",24,1,25,pokemon,dialogue,,
0x00A4AA0B,"It created a bizarre area in which
the Def and Sp. Def stats are swapped!",73,1,74,pokemon,dialogue,,
0x00A4AB14,"An electric current runs across
the battlefield!",48,1,49,pokemon,dialogue,,
0x00A4AB45,"Grass grew to cover the
battlefield!",36,1,37,pokemon,dialogue,,
0x00A4AB6A,"Mist swirls around the
battlefield!",35,1,36,pokemon,dialogue,,
0x00A4AB8E,The battlefield got weird!,26,1,27,pokemon,dialogue,,
0x00A4ACC8, team!,6,1,7,pokemon,dialogue,,
0x00A4ACEA, team from critical hits!,25,1,26,pokemon,dialogue,,
0x00A4AD34,"s stat changes
were removed!",28,1,29,pokemon,dialogue,,
0x00A4AD69," has been
afflicted with an Infestation!",40,1,41,pokemon,dialogue,,
0x00A4AE3C, team!,6,1,7,pokemon,dialogue,,
0x00A4AE5A, team!,6,1,7,pokemon,dialogue,,
0x00A4AF01," can no longer
escape!",22,1,23,pokemon,dialogue,,
0x00A4AF9E," can act
faster!",16,1,17,pokemon,dialogue,,
0x00A4AFB1," is
overflowing with space power!",33,1,34,pokemon,dialogue,,
0x00A4B123," already has
a status condition!",32,1,33,pokemon,dialogue,,
0x00A4B23E, got frostbite!,15,1,16,pokemon,dialogue,,
0x00A4B250," is hurt
by its frostbite!",26,1,27,pokemon,dialogue,,
0x00A4B28E,"s frostbite
was cured!",22,1,23,pokemon,dialogue,,
0x00A4B2DF,"s stats were
not lowered!",25,1,26,pokemon,dialogue,,
0x00A4B2FF," 
was not lowered!",18,1,19,pokemon,dialogue,,
0x00A4B38E," 
wore off!",11,1,12,pokemon,dialogue,,
0x00A4B3C9," team
against physical and special moves!",41,1,42,pokemon,dialogue,,
0x00A4B3F5," team became
shrouded in Mist!",30,1,31,pokemon,dialogue,,
0x00A4B41F," 
wore off!",11,1,12,pokemon,dialogue,,
0x00A4B42E,"s Taunt
wore off!",17,1,18,pokemon,dialogue,,
0x00A4B448,"s tailwind
petered out!",23,1,24,pokemon,dialogue,,
0x00A4B521," cut its own HP
and minimized Attack!",37,1,38,pokemon,dialogue,,
0x00A4B8D7,"t
fully protect itself and got hurt!",36,1,37,pokemon,dialogue,,
0x00A4B9FC, from it?,9,1,10,pokemon,dialogue,,
0x00A4BA1D,  and placed in the Bag.,24,1,25,pokemon,other,,
0x00A4BA4D,  and placed in the Cube.,25,1,26,pokemon,other,,
0x00A4BAED," devolved and
forgot the move it was going to use!",50,1,51,pokemon,dialogue,,
0x00A4BB5D, -type!,7,1,8,pokemon,dialogue,,
0x00A4BB81,-type!,6,1,7,pokemon,dialogue,,
0x00A4BBAA," is
tormented by the negative emotions!",39,1,40,pokemon,dialogue,,
0x00A4BBFE,mon!,4,1,5,pokemon,dialogue,,
0x00A4BC05," is
levitating with electromagnetism!",37,1,38,pokemon,dialogue,,
0x00A4BC5E,"mon will always move
first!",27,1,28,pokemon,dialogue,,
0x00A4BCB4,"mon, the
faster it will be!",27,1,28,pokemon,dialogue,,
0x00A4BD0D," is buffeted
by the vicious sandstorm!",38,1,39,pokemon,dialogue,,
0x00A4BD69,"mon will take half
damage when at full health!",46,1,47,pokemon,dialogue,,
0x00A4BE21,Pixies are flying around the field!,35,1,36,pokemon,dialogue,,
0x00A4BEAA,"The chance of secondary effects used
by Dragon-types has been doubled!",70,1,71,pokemon,dialogue,,
0x00A4C037,"But the move was blocked by the
power of Dynamax!",49,1,50,pokemon,dialogue,,
0x00A4C069,"The item was blocked by the
power of Dynamax!",45,1,46,pokemon,dialogue,,
0x00A4C099," appears
to be massive!",23,1,24,pokemon,dialogue,,
0x00A4C0B1,A storm started brewing above you.,34,1,35,pokemon,dialogue,,
0x00A4C0D6," is getting
desperate!",22,1,23,pokemon,dialogue,,
0x00A4C106,"Its attacks are growing more
aggressive!",40,1,41,pokemon,dialogue,,
0x00A4C15C,and is protecting it from attacks!,34,1,35,pokemon,dialogue,,
0x00A4C1A7,from the impacts of the move!,29,1,30,pokemon,dialogue,,
0x00A4C1F3,disappeared!,12,1,13,pokemon,dialogue,,
0x00A4C249,"The storm raging above you is
growing stronger!",47,1,48,pokemon,dialogue,,
0x00A4C279,"The storm is growing even
stronger!",35,1,36,pokemon,dialogue,,
0x00A4C603,drastically ,12,1,13,pokemon,other,,
0x00A4C61A,The opposing ,13,1,14,pokemon,location,,
0x00A4C628,the opposing ,13,1,14,pokemon,other,,
0x00A4C640,The Shadow ,11,1,12,pokemon,location,,
0x00A4C64C,The opposing,12,1,13,pokemon,location,,
0x00A4C659,the opposing,12,1,13,pokemon,other,,
0x00A4C666,your,4,1,5,pokemon,dialogue,,
0x00A4C67A," 
for winning!",14,1,15,pokemon,dialogue,,
0x00A4C826,Back,4,1,5,pokemon,other,,
0x00A4C854,Back,4,1,5,pokemon,other,,
0x00A4C86F," is weak!
Throw a Ball now!",27,1,28,pokemon,dialogue,,
0x00A4C891,s Team,6,1,7,pokemon,other,,
0x00A4C89B,s Team ,7,1,8,pokemon,other,,
0x00A4C8B6,s Team,6,1,7,pokemon,other,,
0x00A4C8D2,"The rest of your team gained Exp.
Points thanks to the Exp. Share!",66,1,67,pokemon,dialogue,,
0x00A4CA3C,"Would you like to forfeit the match
and quit now?",49,1,50,pokemon,dialogue,,
0x00A4CA6E,Are you sure you want to run away?,34,1,35,pokemon,dialogue,,
0x00A4CA93, forfeited the match!,21,1,22,pokemon,dialogue,,
0x00A4CAA9,Black ,6,1,7,pokemon,location,,
0x00A4CAB0,unknown location,16,1,17,pokemon,other,,
0x00A4CAC1,Ex Shadow Admin,15,2,17,pokemon,location,,
0x00A4CB14,Contact,7,1,8,pokemon,other,,
0x00A4CB1C,No Contact,10,1,11,pokemon,location,,
0x00A4CB9D, Foes,5,1,6,pokemon,other,,
0x00A4CBA3,Set ,4,2,6,pokemon,location,,
0x00A4CBA8, Weather,8,2,10,pokemon,other,,
0x00A4CBB1, Terrain,8,1,9,pokemon,other,,
0x00A4CBBA,Sunny,5,1,6,pokemon,other,,
0x00A4CBC0,Rainy,5,1,6,pokemon,other,,
0x00A4CBC6,Sandstorm,9,1,10,pokemon,other,,
0x00A4CBD5,Electric,8,1,9,pokemon,other,,
0x00A4CBDE,Grassy,6,1,7,pokemon,other,,
0x00A4D082,"If your emulator was not mentioned,
please change emulators.",60,1,61,pokemon,dialogue,,
0x00A4D113,",
and make sure the time is correct.",36,1,37,pokemon,description,,
0x00A4D53A,"Please refrain from tampering
with the RTC again.",49,1,50,pokemon,description,,
0x00A4D64D, for easy use.,14,1,15,pokemon,other,,
0x00A4D73B," survived the Poison.
The Poison faded away!",44,1,45,pokemon,dialogue,,
0x00A4D7C6,"s effect wore off!
Would you like to use another one?",53,1,54,pokemon,dialogue,,
0x00A4D818,s effect wore off!,18,1,19,pokemon,dialogue,,
0x00A4D9CC,s move scale it?,16,1,17,pokemon,dialogue,,
0x00A4D9DF, blew away the fog!,19,1,20,pokemon,dialogue,,
0x00A4D9F6,"s a large waterfall.
Would you like to use the ADM?",51,1,52,pokemon,dialogue,,
0x00A4DA2D,"s a large waterfall.
Would you like to climb it?",48,1,49,pokemon,dialogue,,
0x00A4DAB4,"
Would you like to Surf?",24,1,25,pokemon,dialogue,,
0x00A4DAEB,"
Would you like to use the ADM?",31,1,32,pokemon,dialogue,,
0x00A4DB26,"
Would you like to use the ADM?",31,1,32,pokemon,dialogue,,
0x00A4DB5C,"
as a floating device!",22,1,23,pokemon,dialogue,,
0x00A4DBB6,"
Would you like to surf on it?",30,1,31,pokemon,dialogue,,
0x00A4DBD7," started surfing on
the magma!",30,1,31,pokemon,dialogue,,
0x00A4DC48,"The sea is deep here.
Would you like to use the ADM?",52,1,53,pokemon,dialogue,,
0x00A4DC7D,"The ADM allowed you to go
underwater!",37,1,38,pokemon,dialogue,,
0x00A4DCE1,"Light is filtering down from above.
Would you like to use the ADM?",66,1,67,pokemon,dialogue,,
0x00A4DD24,The ADM allowed you to resurface!,33,1,34,pokemon,dialogue,,
0x00A4DD62,"mon
may be able to go underwater.",33,1,34,pokemon,description,,
0x00A4DDAE,mon may be able to surface.,27,1,28,pokemon,other,,
0x00A4DE69,"This message is sponsored by
Cube Corp.",39,1,40,pokemon,description,,
0x00A4DE91,The door is locked.,19,1,20,pokemon,other,,
0x00A4DEA5,"There appears to be some sort of
Psychic barrier in the way.",60,1,61,pokemon,description,,
0x00A4DF2A,Will you follow it?,19,1,20,pokemon,dialogue,,
0x00A4DFA0,"s a formidable tree that
looks like it can be headbutted!",57,1,58,pokemon,dialogue,,
0x00A4DFDA,"The wall is bulging slightly.
Try digging into it?",50,1,51,pokemon,dialogue,,
0x00A4E024,. Okay?,7,1,8,pokemon,dialogue,,
0x00A4E058,"s
items how?",12,1,13,pokemon,dialogue,,
0x00A4E065,Type,4,1,5,pokemon,other,,
0x00A4E086,type,4,1,5,pokemon,other,,
0x00A4E137,FIRST,5,1,6,pokemon,other,,
0x00A4E13D,SECOND,6,1,7,pokemon,other,,
0x00A4E144,THIRD,5,1,6,pokemon,other,,
0x00A4E14A,FOURTH,6,1,7,pokemon,other,,
0x00A4E151,FIFTH,5,1,6,pokemon,other,,
0x00A4E157,SIXTH,5,1,6,pokemon,other,,
0x00A4E164,mon are needed.,15,1,16,pokemon,other,,
0x00A4E1B1,Purchased,9,1,10,pokemon,other,,
0x00A4E1F1,Move,4,1,5,pokemon,other,,
0x00A4E205,Scale rocky cliffs.,19,1,20,pokemon,location,,
0x00A4E219,Remove foggy weather.,21,1,22,pokemon,location,,
0x00A4E46D,Cancel,6,1,7,pokemon,system,,
0x00A4E48A,"mon faint
10 turns pass",23,1,24,pokemon,other,,
0x00A4E4A2,Available Partners,18,2,20,pokemon,location,,
0x00A4E4BF,Mission Log,11,1,12,pokemon,location,,
0x00A4E4DB,mon List,8,1,9,pokemon,other,,
0x00A4E4E4,Cube V3,7,1,8,pokemon,location,,
0x00A4E4EC,Save Game,9,1,10,pokemon,location,,
0x00A4E4F6,Game Settings,13,1,14,pokemon,location,,
0x00A4E974,"s gotta be a way to turn
this around somehow!",45,1,46,pokemon,dialogue,,
0x00A4E9CD,s down for the count!,21,1,22,pokemon,dialogue,,
0x00A4EABF,re really made of!,18,1,19,pokemon,dialogue,,
0x00A4EADB,Fight,5,2,7,pokemon,other,,
0x00A4EAE2,Flying,6,1,7,pokemon,other,,
0x00A4EAE9,Poison,6,1,7,pokemon,other,,
0x00A4EAF0,Ground,6,1,7,pokemon,other,,
0x00A4EAF7,Rock,4,3,7,pokemon,other,,
0x00A4EB05,Ghost,5,2,7,pokemon,other,,
0x00A4EB0C,Steel,5,2,7,pokemon,other,,
0x00A4EB1A,Fire,4,3,7,pokemon,other,,
0x00A4EB21,Water,5,2,7,pokemon,other,,
0x00A4EB28,Grass,5,2,7,pokemon,other,,
0x00A4EB2F,Electr,6,1,7,pokemon,other,,
0x00A4EB36,Psychc,6,1,7,pokemon,other,,
0x00A4EB44,Dragon,6,1,7,pokemon,other,,
0x00A4EB4B,Dark,4,3,7,pokemon,other,,
0x00A4EB75,Fairy,5,2,7,pokemon,other,,
0x00A4ED04,Vanilla,7,1,8,pokemon,other,,
0x00A4ED36, Difficulty,11,2,13,pokemon,other,,
0x00A4EDA2,Species,7,1,8,pokemon,other,,
0x00A4EDEA,Ring Challenge,14,1,15,pokemon,location,,
0x00A4EE04,Close,5,1,6,pokemon,other,,
0x00A4EE0C,Breakneck Blitz,15,1,16,pokemon,location,,
0x00A4EE1C,All Out Pummeling,17,1,18,pokemon,location,,
0x00A4EE2E,Supersonic Skystrike,20,1,21,pokemon,location,,
0x00A4EE43,Acid Downpour,13,1,14,pokemon,location,,
0x00A4EE51,Tectonic Rage,13,1,14,pokemon,location,,
0x00A4EE5F,Continental Crush,17,1,18,pokemon,location,,
0x00A4EE71,Savage Spin Out,15,1,16,pokemon,location,,
0x00A4EE81,Never Ending Nightmare,22,1,23,pokemon,location,,
0x00A4EE98,Corkscrew Crash,15,1,16,pokemon,location,,
0x00A4EEA8,Inferno Overdrive,17,1,18,pokemon,location,,
0x00A4EEBA,Hydro Vortex,12,1,13,pokemon,location,,
0x00A4EEC7,Bloom Doom,10,1,11,pokemon,location,,
0x00A4EED2,Gigavolt Havoc,14,1,15,pokemon,location,,
0x00A4EEE1,Shattered Psyche,16,1,17,pokemon,location,,
0x00A4EEF2,Subzero Slammer,15,1,16,pokemon,location,,
0x00A4EF02,Devastating Drake,17,1,18,pokemon,location,,
0x00A4EF14,Black Hole Eclipse,18,1,19,pokemon,location,,
0x00A4EF27,Twinkle Tackle,14,1,15,pokemon,location,,
0x00A4EF36,Catastropika,12,1,13,pokemon,other,,
0x00A4EF43,10000000 Volt Thunderbolt,25,1,26,pokemon,other,,
0x00A4EF5D,Stoked Sparksurfer,18,1,19,pokemon,location,,
0x00A4EF70,Extreme Evoboost,16,1,17,pokemon,location,,
0x00A4EF81,Pulverizing Pancake,19,1,20,pokemon,location,,
0x00A4EF95,Genesis Supernova,17,1,18,pokemon,location,,
0x00A4EFA7,Sinister Arrow Raid,19,1,20,pokemon,location,,
0x00A4EFBB,Malicious Moonsault,19,1,20,pokemon,location,,
0x00A4EFCF,Oceanic Operetta,16,1,17,pokemon,location,,
0x00A4EFE0,Splintered Stormshards,22,1,23,pokemon,location,,
0x00A4EFFB,s Snuggle Forever,17,1,18,pokemon,other,,
0x00A4F00D,Clangorous Soulblaze,20,1,21,pokemon,location,,
0x00A4F022,Guardian Of Alola,17,1,18,pokemon,location,,
0x00A4F034,Searing Sunraze Smash,21,1,22,pokemon,location,,
0x00A4F04A,Menacing Moonraze Maelstrom,27,1,28,pokemon,location,,
0x00A4F066,Light That Burns The Sky,24,1,25,pokemon,other,,
0x00A4F07F,Soul Stealing 7 Star Strike,27,2,29,pokemon,other,,
0x00B1E292,"$""D$$D(BB",9,1,10,ascii,other,,
0x00B1E2A0,D$DND,5,1,6,ascii,other,,
0x00B1E2B1,$BBD,4,1,5,ascii,other,,
0x00B1E2CE,"&""f&&fb@b ",10,0,10,ascii,other,,
0x00B1E2D9,"""f""&ff",6,0,6,ascii,other,,
0x00B1E37F,"""B2p""BB",7,0,7,ascii,other,,
0x00B1F364,wwwwwwwwww,10,0,10,ascii,other,,
0x00B1F384,wwwwwwww~,9,1,10,ascii,other,,
0x00B1F3C4,wwwwwwww,8,1,9,ascii,other,,
0x00B1F3E2,wwUUUUUUUUUU,12,0,12,ascii,other,,
0x00B1F404,UUUUUUUU,8,0,8,ascii,other,,
0x00B1F444,UUUUUUUU,8,0,8,ascii,other,,
0x00B1F56C,wwwwwwww,8,16,24,ascii,other,,
0x00B1F58C,wwwwwwww,8,16,24,ascii,other,,
0x00B1F5AC,wwwwwwww,8,16,24,ascii,other,,
0x00B1F5CA,wwwwwwwwww,10,16,26,ascii,other,,
0x00B1F5EC,UUUUUUUU,8,16,24,ascii,other,,
0x00B1F62B,^UUUUUUUU,9,16,25,ascii,other,,
0x00B1F64A,UUUUUUUUUU,10,16,26,ascii,other,,
0x00B1F664,333333333,9,2,11,ascii,other,,
0x00B1F684,33333333>3,10,2,12,ascii,other,,
0x00B1F6A3,333333333>,10,1,11,ascii,other,,
0x00B1F6C4,33333333,8,0,8,ascii,other,,
0x00B1F6E4,AAAAAAAAAAA,11,1,12,pokemon,other,,
0x00B1F764,DDDDDDDDD,9,1,10,ascii,other,,
0x00B1F7C4,DDDDDDDD,8,0,8,ascii,other,,
0x00B1F7E4,ffffffffffffffffffffffffffffffffffffffff,40,0,40,ascii,description,,
0x00B1F823,nffffffffn,10,2,12,ascii,other,,
0x00B1F842,ffffffffffffffffffffffffffffffffff3,35,2,37,ascii,description,,
0x00B1F86C,33333333,8,17,25,ascii,other,,
0x00B1F894,                z,17,1,18,pokemon,other,,
0x00B1F8AC,33333333,8,16,24,ascii,other,,
0x00B1F8CB,>33333333,9,16,25,ascii,other,,
0x00B1F945,AAAzAAAAAAAAAAA                w,32,1,33,pokemon,location,,
0x00B1F9E4,ffffffffffffffff,16,16,32,ascii,other,,
0x00B1FA14,                z,17,2,19,pokemon,other,,
0x00B1FA44,ffffffffffffffff,16,16,32,ascii,other,,
0x00B1FA64,fffffffff,9,2,11,ascii,other,,
0x00B1FA84,ffffffffnf,10,0,10,ascii,other,,
0x00B1FAA4,ffffffff,8,1,9,ascii,other,,
0x00B1FAC4,ffffffffn,9,1,10,ascii,other,,
0x00B1FAE4,"""""""""""""""""""""",10,0,10,ascii,other,,
0x00B1FB03,".""""""""""""""""",9,0,9,ascii,other,,
0x00B1FB44,"""""""""""""""""",8,1,9,ascii,other,,
0x00B1FBE4,DDDDDDDDDDDDDDDDDDDDDDDDDDDDDDDDDDDDDDDD,40,1,41,ascii,description,,
0x00B1FC23,NDDDDDDDD,9,0,9,ascii,other,,
0x00B1FC43,NDDDDDDDDDDDDDDDDDDDDDDDDDDDDDDDD,33,0,33,ascii,description,,
0x00B1FC68,9z9v99999999                ,28,1,29,pokemon,other,,
0x00B1FC87,-zzv-99999999                ,29,1,30,pokemon,other,,
0x00B1FCA8,zzzv99999999                z,29,1,30,pokemon,other,,
0x00B1FCEB,".""""""""""""""""",9,16,25,ascii,other,,
0x00B1FD49,".""""""""""""""""""""",11,16,27,ascii,other,,
0x00B1FDE4,DDDDDDDDDDDDDDDD,16,17,33,ascii,other,,
0x00B1FE2B,DDDDDDDDD,9,16,25,ascii,other,,
0x00B1FE44,DDDDDDDDDDDDDDDD,16,16,32,ascii,other,,
0x00B1FE54,                RRRRRRRRR,25,1,26,pokemon,other,,
0x00B1FEE4,RRRRRRRRR,9,1,10,pokemon,other,,
0x00B1FF04,RRRRRRRR,8,1,9,pokemon,other,,
0x00B1FFC4,99999999-999-999-999-999jiiijiiiiiiiiiiiiii,43,1,44,pokemon,description,,
0x00B20024,iiiiiiii,8,1,9,pokemon,other,,
0x00B200E6,RxRzRRRRRRRRRR                ,30,1,31,pokemon,location,,
0x00B201A7,"
zzzziiiiiiii                ",29,1,30,pokemon,dialogue,,
0x00B201C6,iizziiiiiiiiii                iii,33,1,34,pokemon,dialogue,,
0x00B20264,wwwwwwww,8,0,8,ascii,other,,
0x00B202A4,wwwwwwww,8,0,8,ascii,other,,
0x00B202C4,wwwwwwww~,9,0,9,ascii,other,,
0x00B202E4,ffffffffffffffffffffffff,24,0,24,ascii,other,,
0x00B20344,ffffffffffffffffffffffff,24,0,24,ascii,other,,
0x00B2035C,RRRRRRRR           l   llzzzzzzzzzzzzzzz        zzzz,52,2,54,pokemon,description,,
0x00B203C3,"z        zzz 
",14,1,15,pokemon,other,,
0x00B203D3," 
zzz
zzz
",10,1,11,pokemon,other,,
0x00B205AB," zlz                     
zzz
",30,1,31,pokemon,other,,
0x00B206B2,"


z


z









        zzzz",30,1,31,pokemon,other,,
0x00B209EE,                                                                                                                                      lzzzzzzzzzzzzzzz          lz  l,165,1,166,pokemon,description,,
0x00B20AF7, zzz zzz zzz                                                                                                          lzz l,123,2,125,pokemon,description,,
0x00B20B83,"z        zzzz
",14,1,15,pokemon,other,,
0x00B20D8E,"lz                    z
zz 
",28,1,29,pokemon,other,,
0x00B2B2E9,"e des lames de vent avec ses ailes
pouvant trancher un arbre.",61,90,151,pokemon,description,,
0x00B2B3D2, dans sa fourrure.,18,92,110,pokemon,other,,
0x00B2B49F,ondes.,6,91,97,pokemon,other,,
0x00B2B560,tre.,4,92,96,pokemon,other,,
0x00B2B5C0,"Il peut obturer ses narines et traverser
le sable comme un ver. Il vit en
colonies de 10 individus.",99,93,192,pokemon,description,,
0x00B2B6A5,"choires au maximum pour intimider ses
adversaires.",50,105,155,pokemon,description,,
0x00B2B740,"Il saisit sa proie avec les pinces de sa
queue et lui injecte un poison. Il peut
survivre un an sans manger.",108,84,192,pokemon,dialogue,,
0x00B2B847,"est une
mascotte populaire.",27,94,121,pokemon,other,,
0x00B2B8FA,", le rendant ainsi
plus efficace.",33,101,134,pokemon,description,,
0x00B2B9B1,"nergie solaire et brille dans
la nuit.",38,105,143,pokemon,description,,
0x00B2BA8C,moraid.,7,109,116,pokemon,other,,
0x00B2BB52,es dans la montagne.,20,90,110,pokemon,other,,
0x00B2BBEF,"es fleurissent et se retire quand
elles se fanent.",50,95,145,pokemon,description,,
0x00B2BC8E,"a rendu encore plus
retors. Il communique en griffant des
signes dans les pierres.",82,96,178,pokemon,description,,
0x00B2BD9B,chec.,5,96,101,pokemon,other,,
0x00B2BE60,clair.,6,90,96,pokemon,other,,
0x00B2BEFF,"elles touchent
et peuvent repousser.",36,93,129,pokemon,description,,
0x00B2BFDC,charge.,7,93,100,pokemon,other,,
0x00B2C084,"vitent les
conflits inutiles.",29,95,124,pokemon,other,,
0x00B2C155, tout prix.,11,96,107,pokemon,other,,
0x00B2C218,entoure.,8,96,104,pokemon,other,,
0x00B2C2E4,aile.,5,87,92,pokemon,other,,
0x00B2C3A0,chec.,5,91,96,pokemon,other,,
0x00B2C507,"es
Mini-nez.",12,109,121,pokemon,other,,
0x00B2C59E,"me pour
emprisonner les esprits perdus et les
ramener chez eux.",63,99,162,pokemon,description,,
0x00B2C75B,nagers.,7,94,101,pokemon,other,,
0x00B2C8CE,gendaire de Sinnoh.,19,95,114,pokemon,other,,
0x00B2C991,gendaire de Sinnoh.,19,92,111,pokemon,other,,
0x00B2CA2D," partir de glace, de roche et de
magma.",39,108,147,pokemon,description,,
0x00B2CAE1,"tre
banni. Il observe les hommes en silence
depuis le Monde Distorsion.",71,88,159,pokemon,description,,
0x00B2CBDA,on superbe.,11,91,102,pokemon,other,,
0x00B2CC90,mon.,4,108,112,pokemon,other,,
0x00B2CD52,oit de la gratitude.,20,90,110,pokemon,other,,
0x00B2CE0B,"ation
du monde.",15,102,117,pokemon,other,,
0x00B2CEDD,importe quel combat.,20,79,99,pokemon,other,,
0x00B2CF8C,"re
du soleil, il devient plus agile.",36,80,116,pokemon,description,,
0x00B2D05F,un coup de liane.,17,80,97,pokemon,other,,
0x00B2D0C4,"vite agilement les attaques ennemies
et crache des boules de feu par le
groin. Il aime griller des Baies pour
les manger.",121,67,188,pokemon,description,,
0x00B2D2A2,s solidaire.,12,82,94,pokemon,other,,
0x00B2D34B,diatement contre-attaquer.,26,91,117,pokemon,other,,
0x00B2D421,mement rigoureux.,17,78,95,pokemon,other,,
0x00B2D4E3,un seul regard.,15,78,93,pokemon,other,,
0x00B2D57D,"finiment. Ils se
font des signes en remuant la queue.",53,78,131,pokemon,description,,
0x00B2D650,"il voit un ennemi, il dresse la queue.",38,74,112,pokemon,description,,
0x00B2D72C,gaux.,5,79,84,pokemon,other,,
0x00B2D7BD,"mement durs et
amortissent les coups.",37,94,131,pokemon,description,,
0x00B2D8A0,gent du froid.,14,82,96,pokemon,other,,
0x00B2D900,"Il vole les gens pour le plaisir, mais
il est tellement mignon que ses victimes
finissent toujours par lui pardonner.",117,75,192,pokemon,dialogue,,
0x00B2DA18,tre la fatigue.,15,89,104,pokemon,other,,
0x00B2DB7E,"en sert pour
griller des Baies et les manger.",45,85,130,pokemon,description,,
0x00B2DC56,rieur de son corps.,19,87,106,pokemon,other,,
0x00B2DD25,"eau par la
queue.",17,74,91,pokemon,other,,
0x00B2DDE2,mon.,4,90,94,pokemon,other,,
0x00B2DF4D,"s
de son Dresseur.",18,97,115,pokemon,other,,
0x00B2DFF8,"lectrique. Ils se
servent de ces scintillements pour
communiquer.",65,71,136,pokemon,description,,
0x00B2E0AB,"il est en plein galop, on peut
entendre le grondement du tonnerre.",66,83,149,pokemon,description,,
0x00B2E1A1,acier.,6,89,95,pokemon,other,,
0x00B2E24E,"eau
souterraine dans les grottes.",33,81,114,pokemon,description,,
0x00B2E2D2,"nergie dans son corps,
et ses attaques sont assez puissantes
pour renverser des montagnes.",90,84,174,pokemon,description,,
0x00B2E3E0,il creuse.,10,86,96,pokemon,other,,
0x00B2E490,"
dans la construction de tunnels.",33,79,112,pokemon,description,,
0x00B2E621,volution est proche.,20,75,95,pokemon,other,,
0x00B2E6C0," ne le ferait
pas ciller.",25,103,128,pokemon,other,,
0x00B2E787,"tochef il
y a 2 000 ans.",24,97,121,pokemon,other,,
0x00B2E863,s aigu.,7,86,93,pokemon,other,,
0x00B2E90E,"eau, mais aussi des tremblements de
terre.",42,72,114,pokemon,dialogue,,
0x00B2E9D7, coups de vibrations.,21,84,105,pokemon,other,,
0x00B2EA40,"Quand il noue sa ceinture, il devient
plus puissant. Les Judokrak sauvages
tressent leur ceinture avec des lianes.",114,78,192,pokemon,description,,
0x00B2EB2F,"entendre donner des coups de
poing aux rochers et aux grands arbres.",68,77,145,pokemon,description,,
0x00B2EBE2,"tation
pousse bien car il transforme les
feuilles mortes en engrais.",68,90,158,pokemon,description,,
0x00B2ECF3,sif.,4,73,77,pokemon,other,,
0x00B2EE6D,enfuir.,7,76,83,pokemon,other,,
0x00B2F0A8,s violent.,10,78,88,pokemon,other,,
0x00B2F145,"che son
corps de refroidir.",27,96,123,pokemon,other,,
0x00B2F1EF,"choires surpuissantes peuvent
broyer une voiture.",49,96,145,pokemon,description,,
0x00B2F2E4,endort.,7,85,92,pokemon,other,,
0x00B2F397,un coup de poing!,17,88,105,pokemon,dialogue,,
0x00B2F458,voreurs de graines de fleur.,28,76,104,pokemon,other,,
0x00B2F51C, par sa bouche.,15,85,100,pokemon,other,,
0x00B2F5AF,"quentes et violentes. Celui qui
se fait briser son rocher a perdu.",66,79,145,pokemon,dialogue,,
0x00B2F68E,lastique qui absorbe les coups.,31,83,114,pokemon,dialogue,,
0x00B2F72B,"trent sur leur territoire. Ils
crachent un venin corrosif.",58,91,149,pokemon,description,,
0x00B2F830,geait.,6,74,80,pokemon,other,,
0x00B2F8DF, pleurer.,9,88,97,pokemon,other,,
0x00B2F995,tres de profondeur.,19,88,107,pokemon,other,,
0x00B2FA00,"Il vit sur terre et en mer. Ses bras
surpuissants peuvent percer des trous
dans la coque des paquebots.",103,89,192,pokemon,description,,
0x00B2FB2B,"arbre
en arbre.",15,70,85,pokemon,other,,
0x00B2FBA3,"lan.
Il est assez intelligent pour chasser
ses proies en groupe.",64,93,157,pokemon,description,,
0x00B2FC9D,il exhale par la bouche.,24,75,99,pokemon,other,,
0x00B2FD3D,"il se transforme
souvent en petit enfant silencieux.",52,79,131,pokemon,description,,
0x00B2FF8C,esquiver facilement les attaques.,33,83,116,pokemon,description,,
0x00B30040," des rubans, et
regarde fixement... mais quoi?",46,82,128,pokemon,dialogue,,
0x00B30130,rella.,6,74,80,pokemon,other,,
0x00B302A2,pathie.,7,87,94,pokemon,other,,
0x00B30354,rente.,6,102,108,pokemon,other,,
0x00B3040A,multiplie leurs pouvoirs psychiques.,36,82,118,pokemon,description,,
0x00B30578,"cygne qui danse au
centre est le chef de la troupe.",51,85,136,pokemon,dialogue,,
0x00B3064E,"re glaciaire, il y a bien longtemps.",36,78,114,pokemon,description,,
0x00B306E4," et
la transforme en nuages neigeux. Il
souffle du blizzard sur ses ennemis.",76,80,156,pokemon,description,,
0x00B3078C,"habitat selon les saisons.
Les gens constatent le passage des
saisons en regardant ses ramures.",95,85,180,pokemon,description,,
0x00B30897,che tout en planant.,20,85,105,pokemon,other,,
0x00B3095A,un Escargaume.,14,88,102,pokemon,other,,
0x00B309C9," toute vitesse et frappe tout
ennemi de ses lances pointues. Il combat
bravement contre les plus forts que lui.",111,72,183,pokemon,dialogue,,
0x00B30B7B," Ball de ses
bras pour attirer ses proies.",42,91,133,pokemon,description,,
0x00B30C47,"il ligote
avec ses bras fins comme des voiles.",46,75,121,pokemon,description,,
0x00B30D0D,nergie vitale des marins.,25,90,115,pokemon,other,,
0x00B30DBF,"rir les
blessures.",18,111,129,pokemon,other,,
0x00B30E94,lectriques des maisons.,23,85,108,pokemon,other,,
0x00B30F5B,lectrique.,10,91,101,pokemon,other,,
0x00B310C5,"acier
peut briser en deux de gros rochers.",42,81,123,pokemon,description,,
0x00B31193, aucun autre.,13,96,109,pokemon,other,,
0x00B31254,"re, plus ils tournent vite.",27,81,108,pokemon,other,,
0x00B31320, ses pics.,10,86,96,pokemon,other,,
0x00B313F1,clair.,6,73,79,pokemon,other,,
0x00B314A5,eau en un instant.,18,73,91,pokemon,other,,
0x00B31557,clencher des migraines.,23,82,105,pokemon,other,,
0x00B315C0,"Il peut manipuler les souvenirs de ses
ennemis et fait clignoter ses doigts
tricolores pour discuter avec ses amis.",115,77,192,pokemon,description,,
0x00B316E2,funts.,6,88,94,pokemon,other,,
0x00B3175A,"mes, et
hypnotise ses ennemis en faisant
osciller les flammes de ses bras.",74,92,166,pokemon,description,,
0x00B3192C,"un
fleuve.",10,74,84,pokemon,other,,
0x00B319EF,acier.,6,75,81,pokemon,other,,
0x00B31A7C,"s de type Glace
deviennent moins efficaces.",43,89,132,pokemon,description,,
0x00B31B54, la recherche de ses proies.,28,80,108,pokemon,other,,
0x00B31C02,"t. Quand elle
diminue, il redevient de glace.",45,81,126,pokemon,description,,
0x00B31CE0,une fine muqueuse.,18,78,96,pokemon,other,,
0x00B31E6C,il nu.,6,78,84,pokemon,other,,
0x00B31F07,"rature de
son corps baisse, il ne peut plus
bouger.",51,70,121,pokemon,description,,
0x00B31FE4,rieuse.,7,85,92,pokemon,other,,
0x00B32202,"matie sur le
groupe, et les perdants en sont exclus.",52,74,126,pokemon,description,,
0x00B3235F,"pris du
danger. Il est capable de soulever une
voiture haut dans le ciel.",73,88,161,pokemon,description,,
0x00B32463,"me de sa
coquille.",18,75,93,pokemon,other,,
0x00B32524,grement au nid.,15,77,92,pokemon,other,,
0x00B325D5,dateur des Fermite.,19,88,107,pokemon,other,,
0x00B32695,"dateurs, les Aflamanoir.",24,83,107,pokemon,other,,
0x00B32769,entendent mal.,14,73,87,pokemon,other,,
0x00B327C7,"mon violent qui patrouille le
ciel avec ses six ailes et se jette sur
tout ce qui bouge, pensant voir un
ennemi.",112,73,185,pokemon,dialogue,,
0x00B328D9, de flammes.,12,91,103,pokemon,other,,
0x00B329AA, le soleil.,11,75,86,pokemon,other,,
0x00B32B0C,"
cause de leurs guerres fratricides.",36,80,116,pokemon,description,,
0x00B32BCC,gende.,6,110,116,pokemon,other,,
0x00B32D53,il y a fait tomber.,19,90,109,pokemon,other,,
0x00B32E2B,Unys.,5,80,85,pokemon,other,,
0x00B32EC9,"appelle
le dieu des moissons.",29,90,119,pokemon,other,,
0x00B3305B,te est le coup de sabot.,24,77,101,pokemon,other,,
0x00B33129,motions.,8,79,87,pokemon,other,,
0x00B331D8, par la Team Plasma.,20,84,104,pokemon,other,,
0x00B332AC,"ils
pourraient transpercer un rocher.",37,111,148,pokemon,description,,
0x00B3336B,"ge des attaques adverses, et ses
piquants lui permettent de
contre-attaquer.",76,73,149,pokemon,dialogue,,
0x00B33579,passe les 200 C.,16,119,135,pokemon,other,,
0x00B33651,"ts en amortissant le choc des
attaques.",39,72,111,pokemon,description,,
0x00B33738, 30 m.,6,66,72,pokemon,other,,
0x00B3380A,tal.,4,114,118,pokemon,other,,
0x00B338DF,"ter pendant toute une
nuit.",27,70,97,pokemon,other,,
0x00B339BD, sur les chantiers.,19,112,131,pokemon,other,,
0x00B33A6C,"res par un doux gazouillis et par
des signaux de la queue.",58,90,148,pokemon,description,,
0x00B33B73,incendie.,9,68,77,pokemon,other,,
0x00B33BE6,"envole en semant dans son sillage les
escarbilles du feu qui couve dans son
plumage.",84,70,154,pokemon,dialogue,,
0x00B33CE6,elle touche.,12,78,90,pokemon,other,,
0x00B33D9E,"rissant les poils qui
lui couvrent le corps.",44,118,162,pokemon,dialogue,,
0x00B33E8F,"origine. Il est possible que le
climat y soit pour quelque chose.",65,112,177,pokemon,description,,
0x00B33FB1,"e se diffusant alors dans tout son
corps.",41,102,143,pokemon,description,,
0x00B3405D,"re de feu
la plus imposante devient le chef de la
horde.",56,107,163,pokemon,description,,
0x00B3426E,absorber.,9,73,82,pokemon,other,,
0x00B34333,y adapter.,10,67,77,pokemon,other,,
0x00B34400,cher une feuille.,17,111,128,pokemon,other,,
0x00B34502,ennemi.,7,119,126,pokemon,other,,
0x00B345F4,galement de se mouvoir plus librement.,38,102,140,pokemon,description,,
0x00B346D8,viter les accidents.,20,84,104,pokemon,other,,
0x00B34798,"duire en miettes
un camion de 10 t.",35,69,104,pokemon,description,,
0x00B3487C,nergie vitale.,14,118,132,pokemon,other,,
0x00B3495C,"couper leur adversaire en
morceaux.",35,65,100,pokemon,description,,
0x00B34A35,mon.,4,71,75,pokemon,other,,
0x00B34AB1,"odeurs pour incommoder son
adversaire et augmenter ses chances de
gagner.",73,70,143,pokemon,description,,
0x00B34BAD, papa.,6,77,83,pokemon,other,,
0x00B34C89,tissiers.,9,110,119,pokemon,other,,
0x00B34D01,"blouis par les points lumineux qui
clignotent sur son corps, les ennemis
perdent toute envie de se battre.",106,85,191,pokemon,description,,
0x00B34E23, sa guise.,10,83,93,pokemon,other,,
0x00B34EDF,un nouveau logis.,17,80,97,pokemon,other,,
0x00B34F9E,e de sept Opermine.,19,79,98,pokemon,other,,
0x00B35059,"ve en les aspergeant
de poison.",31,72,103,pokemon,description,,
0x00B35135,trolier.,8,67,75,pokemon,other,,
0x00B3519B,"eau sous
pression suffisamment puissant pour
abattre ses proies en plein vol.",77,88,165,pokemon,description,,
0x00B3529B,trolier.,8,93,101,pokemon,other,,
0x00B35361,nergie du soleil.,17,78,95,pokemon,other,,
0x00B35506,tal en confettis.,17,105,122,pokemon,other,,
0x00B356F7,"
-150 C.",8,65,73,pokemon,other,,
0x00B3575C,"met des
ondes apaisantes avec ses rubans.",41,123,164,pokemon,description,,
0x00B3585D,"mon tels que les
Mackogneur ou les Hariyama.",44,119,163,pokemon,description,,
0x00B3598A,res.,4,114,118,pokemon,other,,
0x00B35A80,nergie.,7,121,128,pokemon,other,,
0x00B35C63,"rescence de ses yeux,
il est aveugle.",37,120,157,pokemon,description,,
0x00B35D46,", le
couvrant au passage de sa bave collante.",45,77,122,pokemon,description,,
0x00B35EEE,"animer au
coucher du soleil.",28,118,146,pokemon,other,,
0x00B35FE5,"entendent sont
maudits.",23,68,91,pokemon,other,,
0x00B3619F,"crase tout qui se trouve
sur son passage.",41,120,161,pokemon,dialogue,,
0x00B362B0,quence de 200 000 Hz.,21,123,144,pokemon,other,,
0x00B363A2,"mon ne peut
rivaliser avec lui.",31,127,158,pokemon,description,,
0x00B364C3,un arbre.,9,116,125,pokemon,other,,
0x00B365CD,entoure.,8,107,115,pokemon,other,,
0x00B36692,rieux pouvoir.,14,96,110,pokemon,other,,
0x00B3675D, incomparable.,14,85,99,pokemon,other,,
0x00B36828,"importe
quel objet.",19,69,88,pokemon,other,,
0x00B368E2,"se, pour mieux
agir la nuit venue.",34,124,158,pokemon,description,,
0x00B36984,"rement vaniteux, il aime prendre
soin de ses ailes quand il en a le
temps. Il refuse parfois de se battre si
ses plumes sont trop sales.",136,116,252,pokemon,description,,
0x00B36AF5, 100 m.,7,68,75,pokemon,other,,
0x00B36BB5,on dont il la recrache.,23,116,139,pokemon,other,,
0x00B36C9B, tinter bruyamment.,19,82,101,pokemon,other,,
0x00B36D5A,"ignorer sciemment les ordres de
son Dresseur.",45,121,166,pokemon,description,,
0x00B36E7F,ennemi.,7,122,129,pokemon,other,,
0x00B36F63,"un
impitoyable ballet funeste.",30,127,157,pokemon,other,,
0x00B37081,ration.,7,120,127,pokemon,other,,
0x00B3717E, faire son nid.,15,115,130,pokemon,other,,
0x00B37278,sente.,6,66,72,pokemon,other,,
0x00B3733E,lures.,6,124,130,pokemon,other,,
0x00B37448,gion.,5,115,120,pokemon,other,,
0x00B3752B,"il
tombe de sommeil.",20,65,85,pokemon,other,,
0x00B375D0,"ve. Il vit en temps normal dans le
sol.",39,73,112,pokemon,description,,
0x00B376B7,voyant.,7,66,73,pokemon,other,,
0x00B3778A,ennemi.,7,111,118,pokemon,other,,
0x00B37877,il tombe K.O.,13,124,137,pokemon,other,,
0x00B37957,"voluer pour survivre au froid et a
acquis un pelage fourni.",59,110,169,pokemon,description,,
0x00B37A88,clore.,6,114,120,pokemon,other,,
0x00B37B77,ennemi.,7,66,73,pokemon,other,,
0x00B37DD7,"trin, ses yeux
deviennent luisants. Ses semblables
accourent alors et forment avec lui un
banc de combat.",105,128,233,pokemon,dialogue,,
0x00B37EF6,"ennemi. Ses dix
tentacules se chargent ensuite du reste.",56,82,138,pokemon,description,,
0x00B37FDE,e de miettes de Corayon.,24,74,98,pokemon,other,,
0x00B3809A," toute allure avec vigueur
et assurance.",40,126,166,pokemon,description,,
0x00B381C1,tements muraux.,15,112,127,pokemon,other,,
0x00B382C2,te molle.,9,117,126,pokemon,other,,
0x00B384BE,r pour passer la nuit.,22,108,130,pokemon,other,,
0x00B385B4,y atteler.,10,66,76,pokemon,other,,
0x00B3865D,"res tombe dans un
sommeil profond.",34,65,99,pokemon,description,,
0x00B38737,en sont jamais revenus.,23,114,137,pokemon,other,,
0x00B38838,les.,4,68,72,pokemon,other,,
0x00B38907,cor.,4,117,121,pokemon,other,,
0x00B38AC8,"s,
les Bazoucan rappliquent et les gobent
goulument.",52,68,120,pokemon,description,,
0x00B38BB6,mon oiseaux.,12,126,138,pokemon,other,,
0x00B38CB5,clats.,6,69,75,pokemon,other,,
0x00B38D69,"ger
parfum.",11,76,87,pokemon,other,,
0x00B38E23,"server aux
Dresseurs aguerris.",30,127,157,pokemon,other,,
0x00B38FF5," son cou au moindre
danger et balaie le sol sur son passage.",60,79,139,pokemon,description,,
0x00B390F1,air comme la mer.,17,126,143,pokemon,other,,
0x00B391EC," de
sable.",10,74,84,pokemon,other,,
0x00B392B5,diction.,8,67,75,pokemon,other,,
0x00B39383,ennemi.,7,118,125,pokemon,other,,
0x00B3947F,rieuse.,7,122,129,pokemon,other,,
0x00B39554,s puissante.,12,96,108,pokemon,other,,
0x00B3960E,"ve paisible. Il dort du sommeil du
juste toute sa vie durant.",61,117,178,pokemon,description,,
0x00B396F5,"garde, elle explose. Le
creux sur son ventre est son point
faible.",66,73,139,pokemon,description,,
0x00B397C5,"nerve, elles se dressent afin de
pourfendre ses agresseurs.",59,128,187,pokemon,description,,
0x00B398DE,"ralement morts de
peur.",23,75,98,pokemon,other,,
0x00B399B4,un grincement de dents.,23,117,140,pokemon,other,,
0x00B39AA0,"entoure de son
souffle puissant.",32,128,160,pokemon,description,,
0x00B39BB0,"e
de limon.",11,69,80,pokemon,other,,
0x00B39C72,tallique.,9,69,78,pokemon,other,,
0x00B39E07,enfuient.,9,112,121,pokemon,other,,
0x00B39EC0,"appeler les
nuages orageux pour stocker la foudre
dans son corps.",65,127,192,pokemon,description,,
0x00B39FEB,"tant des
fleurs.",16,69,85,pokemon,other,,
0x00B3A099,"tation luxuriante pour
ensuite se nourrir de cette force.",57,110,167,pokemon,description,,
0x00B3A1A3,"nergie dans
les courants marins.",32,125,157,pokemon,description,,
0x00B3A2BE,placements.,11,119,130,pokemon,other,,
0x00B3A486,"re qui
peut changer la nuit la plus noire en un
jour radieux.",61,125,186,pokemon,description,,
0x00B3A5B1,envole vers un autre monde.,27,116,143,pokemon,other,,
0x00B3A6AA,"mement
violents.",16,70,86,pokemon,other,,
0x00B3A77E,elle rencontre.,15,115,130,pokemon,other,,
0x00B3A84E,"
une vitesse prodigieuse.",25,89,114,pokemon,other,,
0x00B3A92E,elle.,5,77,82,pokemon,other,,
0x00B3A9D8, grande vitesse.,16,88,104,pokemon,other,,
0x00B3AA66,"che. Elle ne semble pas
agressive, bien que son corps tout
entier soit une arme tranchante.",91,127,218,pokemon,description,,
0x00B3ABA8,"un autre
monde, il y a bien longtemps.",38,114,152,pokemon,description,,
0x00B3ACAB, de parole.,11,74,85,pokemon,other,,
0x00B3AD70,une fable.,10,70,80,pokemon,other,,
0x00B3AF32,"une
seule.",10,68,78,pokemon,other,,
0x00B3B0B1,"oit un
coup de jus.",19,124,143,pokemon,other,,
0x00B3B1B0,"acier
fondu.",12,68,80,pokemon,other,,
0x00B3B262,"s 3 000
ans.",12,82,94,pokemon,other,,
0x00B3B2FF,"re des ondes
sonores qui ont le pouvoir de vivifier
les plantes.",64,65,129,pokemon,dialogue,,
0x00B3B3EE,"s par
leurs camarades.",22,124,146,pokemon,other,,
0x00B3B4E4,s Feu.,6,86,92,pokemon,other,,
0x00B3B5AF,ler.,4,77,81,pokemon,other,,
0x00B3B667," celle de
cent oignons.",23,66,89,pokemon,other,,
0x00B3B73E,gie prime.,10,120,130,pokemon,other,,
0x00B3B837, ses membranes dorsales.,24,113,137,pokemon,other,,
0x00B3B8F9,"serve dans ses deux
joues, il devient anxieux.",46,89,135,pokemon,description,,
0x00B3B9F9,en rend pas compte.,19,116,135,pokemon,other,,
0x00B3BAE6,"il subit
les contre-attaques.",29,125,154,pokemon,other,,
0x00B3BC0C,un ennemi.,10,106,116,pokemon,other,,
0x00B3BCE1," inspire la
crainte chez ses ennemis.",37,122,159,pokemon,description,,
0x00B3BE05,sirer.,6,117,123,pokemon,other,,
0x00B3BEF6,ner dans sa coquille.,21,117,138,pokemon,other,,
0x00B3BF8E," pour son intelligence.
Son gros cerveau est un indicateur de la
puissance de ses pouvoirs psychiques.",102,76,178,pokemon,description,,
0x00B3C07F," ses coussinets
moelleux, il ne fait aucun bruit quand
il marche.",65,128,193,pokemon,description,,
0x00B3C191,empresse de lui voler ses biens.,32,79,111,pokemon,dialogue,,
0x00B3C266,clatante.,9,81,90,pokemon,other,,
0x00B3C344,mon.,4,120,124,pokemon,other,,
0x00B3C42B,"une
falaise.",12,73,85,pokemon,other,,
0x00B3C500,un trampoline.,14,114,128,pokemon,other,,
0x00B3C607,mangent.,8,113,121,pokemon,other,,
0x00B3C6C0,"choire,
assez puissante pour broyer une barre de
fer.",53,75,128,pokemon,description,,
0x00B3C7B3,s des bergers de Galar.,23,118,141,pokemon,other,,
0x00B3C86B,"re dans ses pattes pour mieux
courir. Ainsi, il peut foncer pendant
trois jours et trois nuits.",95,118,213,pokemon,description,,
0x00B3C99B,"une substance
identique au charbon.",35,66,101,pokemon,description,,
0x00B3CA67,"en
servaient pour leurs besoins quotidiens.",43,110,153,pokemon,description,,
0x00B3CB79, 1 500 C.,9,126,135,pokemon,other,,
0x00B3CC89,ger.,4,115,119,pokemon,other,,
0x00B3CD7E,lures.,6,124,130,pokemon,other,,
0x00B3CE60,"gageant un parfum
mielleux.",27,69,96,pokemon,other,,
0x00B3CF22, huit kilos.,12,82,94,pokemon,other,,
0x00B3D003,rober.,6,119,125,pokemon,other,,
0x00B3D0DF,"il oublie contre qui
il se bat.",31,66,97,pokemon,description,,
0x00B3D195,il fonce dans sa direction.,27,80,107,pokemon,other,,
0x00B3D27B,une guitare.,12,121,133,pokemon,other,,
0x00B3D363,"un fouet pour
sauter sur ses ennemis.",37,120,157,pokemon,description,,
0x00B3D46B,"il
voit avec ses tentacules.",28,121,149,pokemon,other,,
0x00B3D56D,s rares cas de trouver des originaux.,37,110,147,pokemon,description,,
0x00B3D671,aux gens calmes.,16,127,143,pokemon,other,,
0x00B3D76B,"thodes
assez violentes.",23,126,149,pokemon,other,,
0x00B3D866,pouvantables.,13,77,90,pokemon,other,,
0x00B3DA80,"Il enroule ses cheveux autour de son
corps pour augmenter sa masse
musculaire, ce qui lui donne assez de
force pour enserrer un Mackogneur.",139,117,256,pokemon,dialogue,,
0x00B3DBE8,ennemi avec son cri guttural.,29,123,152,pokemon,dialogue,,
0x00B3DCE2,s bagarreuse.,13,81,94,pokemon,other,,
0x00B3DD8F,"me de son noyau avec son corps
spirituel.",41,72,113,pokemon,description,,
0x00B3DE6F,"trit,
il se retire du champ de bataille.",40,105,145,pokemon,description,,
0x00B3DF52,"ger tout en jonglant avec sa canne de
glace.",44,66,110,pokemon,description,,
0x00B3E020,"me de Tutafeh
avant de prendre vie.",35,125,160,pokemon,description,,
0x00B3E118,air.,4,100,104,pokemon,other,,
0x00B3E1F9,rarchique.,10,125,135,pokemon,other,,
0x00B3E3C4," il dort
ainsi en imitant une stalactite.",41,83,124,pokemon,dialogue,,
0x00B3E48C,"es
tombent sur le paysage comme des flocons
de neige.",53,127,180,pokemon,description,,
0x00B3E5C8,nal.,4,116,120,pokemon,other,,
0x00B3E6B6,te froide.,10,128,138,pokemon,other,,
0x00B3E84F,"me. Il utilise sa trompe pour
creuser le sol.",45,68,113,pokemon,description,,
0x00B3E92D,"ration
avec les Hommes.",23,124,147,pokemon,other,,
0x00B3EA2D," toutes
les plantes dont il se nourrissait.",43,104,147,pokemon,description,,
0x00B3EB47, marcher.,9,112,121,pokemon,other,,
0x00B3EC10," trop chasser ses proies,
celles-ci ont disparu, et lui avec.",61,115,176,pokemon,dialogue,,
0x00B3ED39, les manger.,12,123,135,pokemon,other,,
0x00B3EE00,".
Malheureusement, il rouille facilement.",41,87,128,pokemon,description,,
0x00B3EEE4,volution.,9,83,92,pokemon,other,,
0x00B3EFB5, la vitesse du son.,19,120,139,pokemon,other,,
0x00B3F0A4,"tal quand il
passe au combat.",29,127,156,pokemon,other,,
0x00B3F240,"Adepte des techniques pouvant mettre
K.O. en un seul coup, il se jette sur
son adversaire et le frappe de son poing
robuste.",124,68,192,pokemon,description,,
0x00B3F462,"rer un puissant air
glacial de ses sabots.",42,116,158,pokemon,description,,
0x00B3F570,"me
du corps de sa cible.",24,120,144,pokemon,other,,
0x00B3F652,"mon
sauvage.",12,98,110,pokemon,other,,
0x00B3F702,"
celui de la Super Ball.",24,102,126,pokemon,dialogue,,
0x00B3F7D3, Ball.,6,103,109,pokemon,other,,
0x00B3F873,"mon sauvages. Il
suffit pour cela de le jeter comme
une balle.",62,79,141,pokemon,description,,
0x00B3F953,un motif camouflage.,20,89,109,pokemon,other,,
0x00B3FA0F,mon Eau ou Insecte.,19,94,113,pokemon,other,,
0x00B3FACF,mon sous-marins.,16,97,113,pokemon,other,,
0x00B3FB8F,mon les plus faibles.,21,92,113,pokemon,other,,
0x00B3FE80,mon.,4,124,128,pokemon,other,,
0x00B3FF3B,mon.,4,65,69,pokemon,other,,
0x00B3FFB3,mon endormi.,12,65,77,pokemon,other,,
0x00B40031,mon de la paralysie.,20,123,143,pokemon,other,,
0x00B4010D,mes de statut.,14,101,115,pokemon,other,,
0x00B401D0,mon.,4,108,112,pokemon,other,,
0x00B40260,"mon
K.O. et restaure tous ses PV.",33,127,160,pokemon,description,,
0x00B4034F,mon.,4,109,113,pokemon,other,,
0x00B403EF,"mon K.O. et restaure
tous ses PV.",33,112,145,pokemon,description,,
0x00B404B6,mon.,4,70,74,pokemon,other,,
0x00B40555,mon.,4,103,107,pokemon,other,,
0x00B405D5,"te en verre
bleu. Les amateurs en donnent un
bon prix.",54,117,171,pokemon,description,,
0x00B40695,"te en verre
jaune. Les amateurs en donnent un
bon prix.",55,116,171,pokemon,description,,
0x00B40755,"te en verre
rouge. Les amateurs en donnent un
bon prix.",55,116,171,pokemon,description,,
0x00B40815,"te en verre
noir. Les amateurs en donnent un
bon prix.",54,117,171,pokemon,description,,
0x00B408D5,"te en verre
noir. Les amateurs en donnent un
bon prix.",54,117,171,pokemon,description,,
0x00B40994,"mon K.O. et
restaure tous leurs PV.",35,73,108,pokemon,description,,
0x00B40A32,"fonds. Les amateurs
en donnent un bon prix.",43,99,142,pokemon,description,,
0x00B40AFA,"fonds.
Les amateurs en donnent un bon
prix.",43,91,134,pokemon,description,,
0x00B40B9E,"e au
Parc des Amis.",19,79,98,pokemon,other,,
0x00B40C5A," tous les
autres types.",23,79,102,pokemon,other,,
0x00B40CED,"mon de nuit ou
dans des endroits sombres tels que
les grottes.",62,85,147,pokemon,description,,
0x00B40DBD," et qui
soigne tous les changements de
statut.",46,85,131,pokemon,description,,
0x00B40E8C,rience.,7,109,116,pokemon,other,,
0x00B40F69,mon sauvages.,13,74,87,pokemon,other,,
0x00B4101D,mon se retire.,14,85,99,pokemon,other,,
0x00B410CC,mon sauvage.,12,104,116,pokemon,other,,
0x00B4118B,mon sauvage.,12,105,117,pokemon,other,,
0x00B4124D,un donjon.,10,105,115,pokemon,other,,
0x00B41304," la fin du
combat.",18,106,124,pokemon,other,,
0x00B41603,"Attaque du
lanceur.",19,106,125,pokemon,location,,
0x00B41688,"ennemi avec
des lames ou des
griffes. Hors combat,
permet de couper des
arbres fins.",84,100,184,pokemon,dialogue,,
0x00B41782,ennemi.,7,119,126,pokemon,other,,
0x00B418CE,"mon
ennemi et le remplace
par un autre. Dans la
nature, met fin au
combat.",74,104,178,pokemon,dialogue,,
0x00B41A89, 5 tours.,9,110,119,pokemon,other,,
0x00B41CFF,"choue, le lanceur se
blesse.",28,101,129,pokemon,other,,
0x00B41DD5,ennemi.,7,100,107,pokemon,other,,
0x00B41FE2,"ennemi
de tout son poids.
Peut le paralyser.",44,114,158,pokemon,description,,
0x00B420D1, 5 tours.,9,102,111,pokemon,other,,
0x00B42164," 3
tours. Le lanceur
devient confus.",36,120,156,pokemon,description,,
0x00B4222D,"ts assez
importants au
lanceur.",31,116,147,pokemon,description,,
0x00B4231A,fense.,6,96,102,pokemon,other,,
0x00B423B6,empoisonner.,12,126,138,pokemon,other,,
0x00B4248E,empoisonner.,12,102,114,pokemon,other,,
0x00B4254A,fense.,6,112,118,pokemon,other,,
0x00B42602,"ennemi et
baisser son Attaque.",30,96,126,pokemon,dialogue,,
0x00B4268F,"mon
ennemi et le remplace
par un autre. Dans la
nature, met fin au
combat.",74,103,177,pokemon,dialogue,,
0x00B42756,"tranges ondes
sonores qui rendent
confus.",41,65,106,pokemon,dialogue,,
0x00B427EF,"re attaque.
Dure quatre tours.",30,115,145,pokemon,other,,
0x00B428E6,ennemi.,7,83,90,pokemon,other,,
0x00B4297E,ler.,4,126,130,pokemon,other,,
0x00B42A40,"duction des stats
pour 5 tours.",31,97,128,pokemon,description,,
0x00B42B10,eau.,4,108,112,pokemon,other,,
0x00B42BB3,"ennemi. Peut aussi
le geler.",28,113,141,pokemon,other,,
0x00B42C6E,"ennemi. Peut aussi
baisser sa Vitesse.",38,108,146,pokemon,description,,
0x00B42D22,"ennemi. Peut aussi
baisser son Attaque.",39,119,158,pokemon,description,,
0x00B42DE1,"ennemi.
Le lanceur doit se
reposer au tour
suivant.",51,108,159,pokemon,description,,
0x00B42F81,"rement le
lanceur.",18,109,127,pokemon,other,,
0x00B4302A,"ennemi. Il est plus
efficace contre les
ennemis lourds.",55,95,150,pokemon,description,,
0x00B431C9,"quivalents au niveau
du lanceur.",32,87,119,pokemon,description,,
0x00B43282,"placer des
rochers.",19,107,126,pokemon,other,,
0x00B43405,ciale.,6,117,123,pokemon,other,,
0x00B43550,"re au
premier tour et
envoie un rayon
puissant au tour
suivant.",63,113,176,pokemon,description,,
0x00B43650," la
confusion.",14,98,112,pokemon,other,,
0x00B436EC,"ennemi et baisser
sa Vitesse.",29,119,148,pokemon,dialogue,,
0x00B43864,"ennemi. Peut aussi
le paralyser.",32,124,156,pokemon,description,,
0x00B4392B,"ennemi. Peut aussi
le paralyser.",32,117,149,pokemon,description,,
0x00B43AB7,"ts.
Peut aussi le
paralyser.",28,109,137,pokemon,dialogue,,
0x00B43B82,"mon autour de
lui.",18,108,126,pokemon,other,,
0x00B43C46,"ussit, elle met
K.O. sur le coup.",33,89,122,pokemon,description,,
0x00B43D0C,"un
donjon.",10,106,116,pokemon,other,,
0x00B43DC4," chaque
tour.",13,111,124,pokemon,other,,
0x00B43E68,"ennemi. Peut aussi
le plonger dans la
confusion.",48,104,152,pokemon,description,,
0x00B43F5A,ciale.,6,96,102,pokemon,other,,
0x00B43FD7,"ennemi pour le
plonger dans un
profond sommeil.",47,122,169,pokemon,dialogue,,
0x00B44098,"veiller son
pouvoir latent et
augmenter son
Attaque.",52,116,168,pokemon,description,,
0x00B4417F,"rablement sa
Vitesse.",21,108,129,pokemon,other,,
0x00B44244," le
discerner. Frappe en
premier.",33,91,124,pokemon,description,,
0x00B44300," mesure que
celui-ci subit des
attaques.",40,88,128,pokemon,dialogue,,
0x00B44472,"quivalents au
niveau du lanceur.",32,110,142,pokemon,description,,
0x00B44553,"il reste au
combat.",19,90,109,pokemon,other,,
0x00B445E7,"e
des copies illusoires
de lui, augmentant
son Esquive.",55,98,153,pokemon,description,,
0x00B44680,"Le lanceur comprime
son corps pour se
faire tout petit et
augmenter fortement
son Esquive.",90,102,192,pokemon,description,,
0x00B4478B,ennemi.,7,110,117,pokemon,other,,
0x00B4482F,tat de confusion.,17,128,145,pokemon,other,,
0x00B44903,fense.,6,119,125,pokemon,other,,
0x00B449CA,fense.,6,112,118,pokemon,other,,
0x00B44A8C,"ciales durant 5
tours.",22,94,116,pokemon,other,,
0x00B44B42,"mon
au combat.",14,112,126,pokemon,other,,
0x00B44BF6,"s par
les attaques
physiques durant 5
tours.",44,94,138,pokemon,description,,
0x00B44C80,"Le lanceur prend une
profonde inspiration
et se concentre pour
augmenter son taux de
critiques.",95,97,192,pokemon,description,,
0x00B44D99,ts subis.,9,94,103,pokemon,other,,
0x00B44E54, au hasard.,11,97,108,pokemon,other,,
0x00B44EEC,"mon autour de
lui. Le lanceur tombe
K.O.",40,108,148,pokemon,description,,
0x00B45073,"ennemi. Peut aussi
le paralyser.",32,109,141,pokemon,description,,
0x00B45157,ennemi.,7,98,105,pokemon,other,,
0x00B451FF,empoisonner.,12,117,129,pokemon,other,,
0x00B452C5,ennemi.,7,116,123,pokemon,other,,
0x00B45384,"apeurer. Permet
aussi de franchir une
cascade.",46,78,124,pokemon,dialogue,,
0x00B45447, 5 tours.,9,112,121,pokemon,other,,
0x00B455AA,"ennemi. Peut aussi
baisser sa Vitesse.",38,112,150,pokemon,description,,
0x00B456A2,ciale.,6,88,94,pokemon,other,,
0x00B45754,ennemi.,7,101,108,pokemon,other,,
0x00B458C1,"choue, le
lanceur se blesse.",28,99,127,pokemon,other,,
0x00B45A42,empoisonner.,12,114,126,pokemon,other,,
0x00B45AFE,"ts sont
convertis en PV pour
le lanceur.",40,90,130,pokemon,description,,
0x00B45BCD,ennemi.,7,108,115,pokemon,other,,
0x00B45C88,ennemi.,7,113,120,pokemon,other,,
0x00B45DE9,"s. Peut aussi
rendre confus.",28,123,151,pokemon,other,,
0x00B45ECF,"clairer les
grottes.",20,93,113,pokemon,other,,
0x00B45F90, variable.,10,102,112,pokemon,other,,
0x00B46040,"a aucun
effet.",14,114,128,pokemon,other,,
0x00B4611A,fense.,6,96,102,pokemon,other,,
0x00B461B8,"mon
autour de lui. Met
K.O. le lanceur.",39,97,136,pokemon,description,,
0x00B46288,aller et au retour.,19,101,120,pokemon,other,,
0x00B4634D,mes de statut.,14,101,115,pokemon,other,,
0x00B4640B,apeurer.,8,109,117,pokemon,other,,
0x00B464D3,ennemi.,7,102,109,pokemon,other,,
0x00B4654D,"duit son
nombre de polygones
pour accentuer ses
angles et augmenter
son Attaque.",80,99,179,pokemon,description,,
0x00B46720,ennemi.,7,89,96,pokemon,other,,
0x00B467C1,ennemi.,7,120,127,pokemon,other,,
0x00B46863,"me en
sacrifiant quelques
PV. La copie sert de
leurre.",54,103,157,pokemon,description,,
0x00B46954,rement.,7,101,108,pokemon,other,,
0x00B46A12,s utilisation.,14,96,110,pokemon,other,,
0x00B46B9C, un objet.,10,90,100,pokemon,other,,
0x00B46C48,"cher de fuir le
combat.",23,97,120,pokemon,other,,
0x00B46CFA,"r de toucher au
coup suivant.",29,105,134,pokemon,other,,
0x00B46DC4,ennemi.,7,117,124,pokemon,other,,
0x00B46E9C,ennemi.,7,93,100,pokemon,other,,
0x00B46F41,"mon
Spectre ou non.",19,108,127,pokemon,other,,
0x00B47002,"attaque est
puissante.",22,104,126,pokemon,other,,
0x00B470D2,e par sa cible.,15,95,110,pokemon,other,,
0x00B47239,"ennemi et baissent
fortement sa Vitesse.",40,95,135,pokemon,dialogue,,
0x00B47305,"attaque est
puissante.",22,101,123,pokemon,other,,
0x00B473D1,ennemi.,7,104,111,pokemon,other,,
0x00B474AE,chouer.,7,75,82,pokemon,other,,
0x00B47546,"choue
jamais.",13,109,122,pokemon,other,,
0x00B47601,"ennemi dans
la confusion.",25,102,127,pokemon,dialogue,,
0x00B476BF,empoisonner.,12,117,129,pokemon,other,,
0x00B4779D,cision.,7,92,99,pokemon,other,,
0x00B47867,ennemi.,7,82,89,pokemon,other,,
0x00B478C0,"Le lanceur disperse
des piquants sur le
sol pour blesser tout
ennemi qui entre au
combat.",89,103,192,pokemon,dialogue,,
0x00B479C3,ennemi.,7,118,125,pokemon,other,,
0x00B47A83," et de
toucher un ennemi
insaisissable.",39,86,125,pokemon,description,,
0x00B47B1F,"e, elle met
K.O. un ennemi qui
porte un coup fatal
au lanceur.",62,99,161,pokemon,dialogue,,
0x00B47C04,"il ne quitte
le combat.",23,101,124,pokemon,other,,
0x00B47CB0,"duit
aussi sa Vitesse.",22,122,144,pokemon,dialogue,,
0x00B47DAE,chouer.,7,75,82,pokemon,other,,
0x00B47E51, la confusion.,14,97,111,pokemon,other,,
0x00B47EF8,"mon sauf
les types Roche, Sol
et Acier.",39,97,136,pokemon,description,,
0x00B47FC2,"e plusieurs
fois de suite.",26,100,126,pokemon,other,,
0x00B48085,"rablement son
Attaque.",22,101,123,pokemon,other,,
0x00B4814C,"
chaque coup.",13,103,116,pokemon,other,,
0x00B481E8,"ennemi garde au
moins 1 PV et ne
tombe pas K.O.",47,105,152,pokemon,dialogue,,
0x00B48280,"Fait enrager la cible
et la plonge dans la
confusion, mais
augmente fortement
son Attaque.",90,102,192,pokemon,description,,
0x00B48422,"ennemi. Peut aussi
le paralyser.",32,126,158,pokemon,description,,
0x00B485CD,fense du lanceur.,17,98,115,pokemon,other,,
0x00B48696,enfuir.,7,99,106,pokemon,other,,
0x00B48745, attaquer.,10,113,123,pokemon,other,,
0x00B487F8,"il
dort.",8,128,136,pokemon,other,,
0x00B488CF,quipe.,6,107,113,pokemon,other,,
0x00B48986,"cie son
Dresseur.",17,105,122,pokemon,other,,
0x00B48A43,"inverse
restaurer certains de
ses PV.",37,88,125,pokemon,description,,
0x00B48AEA,"mes de statut
pendant 5 tours.",30,120,150,pokemon,other,,
0x00B48BBD,quitablement.,13,118,131,pokemon,other,,
0x00B48C8E,ler.,4,110,114,pokemon,other,,
0x00B48D60, varie.,7,89,96,pokemon,other,,
0x00B48E16,", il est
confus.",16,90,106,pokemon,other,,
0x00B48EBB,"ts. Peut aussi le
paralyser.",28,105,133,pokemon,dialogue,,
0x00B48F8D,quipe.,6,109,115,pokemon,other,,
0x00B49032," un
ennemi qui quitte le
combat.",32,110,142,pokemon,dialogue,,
0x00B490F7,"treinte, Ligotage,
Vampigraine ou
Picots.",41,96,137,pokemon,description,,
0x00B491C6,"mon
sauvages.",13,109,122,pokemon,other,,
0x00B4928B,ennemi.,7,110,117,pokemon,other,,
0x00B49339,Attaque du lanceur.,19,116,135,pokemon,location,,
0x00B49404,"choue
jamais.",13,111,124,pokemon,other,,
0x00B49700,utilise.,8,120,128,pokemon,other,,
0x00B49879,apeurer.,8,127,135,pokemon,other,,
0x00B49946,"s de type
Eau.",14,108,122,pokemon,other,,
0x00B499FF,"s de type
Feu.",14,115,129,pokemon,other,,
0x00B49AD2,ennemi.,7,103,110,pokemon,other,,
0x00B49B99,ts subis.,9,94,103,pokemon,other,,
0x00B49C00,"Une autohypnose qui
permet au lanceur de
copier les
changements de stats
de la cible.",85,107,192,pokemon,description,,
0x00B49D08,initiative.,11,109,120,pokemon,other,,
0x00B49DCB,un seul coup.,13,104,117,pokemon,other,,
0x00B49E8F,ciale.,6,107,113,pokemon,other,,
0x00B4A01A,fense.,6,96,102,pokemon,other,,
0x00B4A0E4,attaques.,9,83,92,pokemon,other,,
0x00B4A182,"au
premier tour.",16,110,126,pokemon,other,,
0x00B4A255,endormir.,9,98,107,pokemon,other,,
0x00B4A324, 3 fois.,8,84,92,pokemon,other,,
0x00B4A3BA,"e avec
Stockage.",16,118,134,pokemon,other,,
0x00B4A468,"e
avec Stockage pour
restaurer ses PV.",38,114,152,pokemon,description,,
0x00B4A545,"mon de type
Glace.",18,105,123,pokemon,other,,
0x00B4A606," 2
fois de suite.",17,105,122,pokemon,other,,
0x00B4A6C7,lure.,5,116,121,pokemon,other,,
0x00B4A783,"ennemi baissent
beaucoup.",25,100,125,pokemon,dialogue,,
0x00B4A9BE,"s, mais elle
soigne leur
paralysie.",35,95,130,pokemon,description,,
0x00B4AA40,"Une attaque qui tire
sa force de la
nature. Son type
varie selon le
terrain.",76,116,192,pokemon,dialogue,,
0x00B4AB5D,ciale.,6,93,99,pokemon,other,,
0x00B4ABE0,"utiliser
que des attaques
pendant 3 tours.",42,118,160,pokemon,description,,
0x00B4ACBB,"
pendant un tour.",17,116,133,pokemon,other,,
0x00B4AD75,"changer
son objet contre le
sien.",33,106,139,pokemon,description,,
0x00B4AE57,quipe.,6,99,105,pokemon,other,,
0x00B4AF11,", il
ne peut plus fuir.",23,88,111,pokemon,other,,
0x00B4AFA5,"s
comme Vampigraine et
celles affectant le
statut et les stats.",63,92,155,pokemon,description,,
0x00B4B09A, nouveau.,9,93,102,pokemon,other,,
0x00B4B146,"ennemi durant
ce tour.",22,100,122,pokemon,dialogue,,
0x00B4B21E,"re et
Protection.",17,81,98,pokemon,other,,
0x00B4B2AA,"ennemi pour le
rendre inutilisable
durant le combat.",52,98,150,pokemon,dialogue,,
0x00B4B363,"ennemi au niveau
des PV du lanceur.",35,122,157,pokemon,dialogue,,
0x00B4B446,"attaque
est puissante.",22,100,122,pokemon,other,,
0x00B4B508,"ciale avec la
cible.",20,100,120,pokemon,other,,
0x00B4B5B9,"ennemi ne pourra
pas les utiliser.",34,101,135,pokemon,dialogue,,
0x00B4B689,"une
paralysie.",14,105,119,pokemon,other,,
0x00B4B74B,"e
pour le mettre K.O.",21,96,117,pokemon,other,,
0x00B4B80F,"es par la
cible.",16,97,113,pokemon,other,,
0x00B4B8DF,eau.,4,93,97,pokemon,other,,
0x00B4BA52,"herbe, etc.",11,99,110,pokemon,other,,
0x00B4BB18,ciale.,6,98,104,pokemon,other,,
0x00B4BBD2,ennemi.,7,103,110,pokemon,other,,
0x00B4BC94,ciale.,6,102,108,pokemon,other,,
0x00B4BD3B,"rablement son
Attaque.",22,111,133,pokemon,other,,
0x00B4BDE3,"mon
autour du lanceur.",22,71,93,pokemon,other,,
0x00B4BE8C,"ler la
cible.",13,103,116,pokemon,other,,
0x00B4BF3B,"lectrik
quand il combat.",24,109,133,pokemon,other,,
0x00B4C009,"
chaque coup.",13,106,119,pokemon,other,,
0x00B4C0CB,apeurer.,8,109,117,pokemon,other,,
0x00B4C17D, de ses PV max.,15,116,131,pokemon,other,,
0x00B4C2FD,"empoisonner
gravement.",22,109,131,pokemon,other,,
0x00B4C3CF,fense.,6,107,113,pokemon,other,,
0x00B4C460,"adversaire.
Le lanceur doit se
reposer au tour
suivant.",55,105,160,pokemon,description,,
0x00B4C51A,"ennemi. Le
lanceur doit se
reposer au tour
suivant.",51,115,166,pokemon,description,,
0x00B4C609,Attaque du lanceur.,19,100,119,pokemon,location,,
0x00B4C6C8,apeurer.,8,112,120,pokemon,other,,
0x00B4C789,il fait.,8,111,119,pokemon,other,,
0x00B4C853,quipe.,6,103,109,pokemon,other,,
0x00B4C91E,ciale.,6,92,98,pokemon,other,,
0x00B4CA92,ciale du lanceur.,17,93,110,pokemon,other,,
0x00B4CB43," et de
toucher un ennemi
insaisissable.",39,86,125,pokemon,description,,
0x00B4CC0E,placer.,7,107,114,pokemon,other,,
0x00B4CCB0,"ennemi. Peut
aussi monter toutes
les stats du lanceur.",54,90,144,pokemon,dialogue,,
0x00B4CD9B,ennemi.,7,94,101,pokemon,other,,
0x00B4CE2F,"ennemi dans
un profond sommeil.",31,114,145,pokemon,dialogue,,
0x00B4CF02,fense.,6,120,126,pokemon,other,,
0x00B4CFD8,ciale.,6,98,104,pokemon,other,,
0x00B4D082,"attaque est
puissante.",22,104,126,pokemon,other,,
0x00B4D146,"ennemi
confus.",14,108,122,pokemon,other,,
0x00B4D1FB,choue jamais.,13,120,133,pokemon,other,,
0x00B4D2CE,ennemi.,7,107,114,pokemon,other,,
0x00B4D340,"Le lanceur attaque
avec un uppercut. Il
envoie son poing vers
le ciel de toutes ses
forces.",91,101,192,pokemon,description,,
0x00B4D454, 5 tours.,9,99,108,pokemon,other,,
0x00B4D4FB,", il est mis
K.O. sur le coup.",30,103,133,pokemon,other,,
0x00B4D5D7,ennemi.,7,98,105,pokemon,other,,
0x00B4D699, la suite.,10,93,103,pokemon,other,,
0x00B4D736,choue jamais.,13,125,138,pokemon,other,,
0x00B4D7F7," 5
fois de suite.",17,120,137,pokemon,other,,
0x00B4D8D6,fense.,6,100,106,pokemon,other,,
0x00B4D968,"ennemi. Immobilise
le lanceur au tour
suivant.",46,106,152,pokemon,description,,
0x00B4DA4F,fense.,6,107,113,pokemon,other,,
0x00B4DB16,ennemi.,7,99,106,pokemon,other,,
0x00B4DBBB,"duit
aussi la Vitesse de
la cible.",34,99,133,pokemon,dialogue,,
0x00B4DC93,elle tient.,11,98,109,pokemon,other,,
0x00B4DD6F,ennemi.,7,74,81,pokemon,other,,
0x00B4DE05,"choue
jamais.",13,110,123,pokemon,other,,
0x00B4DEB2,"s Feu quand
le lanceur est au
combat.",37,105,142,pokemon,description,,
0x00B4DFAA,ciale.,6,80,86,pokemon,other,,
0x00B4E0F5,"Attaque et la
Vitesse du lanceur.",33,106,139,pokemon,description,,
0x00B4E284,"
esquiver.",10,114,124,pokemon,other,,
0x00B4E344,"ennemi
confus.",14,110,124,pokemon,other,,
0x00B4E3FC,"ennemi 2 tours plus
tard.",25,107,132,pokemon,dialogue,,
0x00B4E4D2,ciale du lanceur.,17,93,110,pokemon,other,,
0x00B4E57E,"ts sont
convertis en PV pour
le lanceur.",40,90,130,pokemon,description,,
0x00B4E64B,ennemi.,7,110,117,pokemon,other,,
0x00B4E704," le
discerner. Frappe en
premier.",33,91,124,pokemon,description,,
0x00B4E878,"choue
jamais.",13,123,136,pokemon,other,,
0x00B4E946,"ennemi durant
le tour.",22,100,122,pokemon,dialogue,,
0x00B4EAEC,ennemi.,7,77,84,pokemon,other,,
0x00B4EB40,"Le lanceur envoie des
coups de poing aussi
rapides que des
balles de revolver.
Frappe toujours en
premier.",106,86,192,pokemon,description,,
0x00B4EC53,ciale.,6,103,109,pokemon,other,,
0x00B4ED1E,ciale.,6,92,98,pokemon,other,,
0x00B4EE91,ennemi.,7,104,111,pokemon,other,,
0x00B4EF32,"mon
autour du lanceur.
Peut aussi paralyser.",44,98,142,pokemon,dialogue,,
0x00B4F00E,ciale.,6,108,114,pokemon,other,,
0x00B4F0C6,ennemi.,7,115,122,pokemon,other,,
0x00B4F18D,"s
en PV pour le
lanceur.",24,91,115,pokemon,other,,
0x00B4F25E,ennemi.,7,91,98,pokemon,other,,
0x00B4F326,ennemi.,7,83,90,pokemon,other,,
0x00B4F3EB,ennemi.,7,78,85,pokemon,other,,
0x00B4F454,"ennemi de toute sa
puissance. Il doit
ensuite se reposer au
tour suivant.",73,99,172,pokemon,dialogue,,
0x00B4F5FA,empoisonner.,12,122,134,pokemon,other,,
0x00B4F6BB,"duit la vitesse du
lanceur.",27,106,133,pokemon,other,,
0x00B4F76B,". Blesse
aussi gravement le
lanceur.",36,113,149,pokemon,dialogue,,
0x00B4F837,"ennemi.
Frappe toujours en
premier.",35,102,137,pokemon,description,,
0x00B4F914,ennemi.,7,101,108,pokemon,other,,
0x00B4F9D3,ler.,4,105,109,pokemon,other,,
0x00B4FA82,"choue
jamais.",13,113,126,pokemon,other,,
0x00B4FB61,ennemi.,7,88,95,pokemon,other,,
0x00B4FC0B,"ciale du
lanceur.",17,100,117,pokemon,other,,
0x00B4FD4E,"e une
violente bourrasque.
Peut aussi augmenter
toutes ses stats.",65,113,178,pokemon,dialogue,,
0x00B4FE52, de gemmes.,11,99,110,pokemon,other,,
0x00B4FF13,ennemi.,7,230,237,pokemon,other,,
0x00B5000A,      Frozen Forest,19,3,22,pokemon,other,,
0x00B50020,Cootes Bog,10,13,23,pokemon,location,,
0x00B5009F, Gurun Town,11,6,17,pokemon,other,,
0x00B500F0,Seaport City,12,4,16,pokemon,location,,
0x00B50100,Vivill Town,11,24,35,pokemon,location,,
0x00B5016C,Cube Space,10,14,24,pokemon,location,,
0x00B5018C,Shadow Base,11,5,16,pokemon,location,,
0x00B50214,Antisis Sewers,14,6,20,pokemon,location,,
0x00B50228,Magnolia Town,13,15,28,pokemon,location,,
0x00B5026C,Thundercap Mt.,14,14,28,pokemon,location,,
0x00B50330,Antisis City,12,7,19,pokemon,location,,
0x00B50350,Vivill Warehouse,16,8,24,pokemon,location,,
0x00B503A0,Distortion World,16,8,24,pokemon,location,,
0x00B503CC,Cinder Volcano,14,14,28,pokemon,location,,
0x00B504D0,Tarmigan Mansion,16,4,20,pokemon,location,,
0x00B5126E,"sistance au
vent. Augmente
fortement la Vitesse.",48,30,78,pokemon,description,,
0x00B514E2,  Dehara City,13,5,18,pokemon,other,,
0x00B51BF0,Tomb of Borrius,15,5,20,pokemon,location,,
0x00B51EAC,Antisis Port,12,28,40,pokemon,location,,
0x00B52278,mon Day Care,12,4,16,pokemon,other,,
0x00B522A4,Polder Town,11,5,16,pokemon,location,,
0x00B522D4,Safari Zone,11,5,16,pokemon,dialogue,,
0x00B531A0,Hidden Grotto,13,15,28,pokemon,location,,
0x00B53514,Flower Paradise,15,5,20,pokemon,location,,
0x00B53528,Redwood Forest,14,2,16,pokemon,location,,
0x00B535C8,Fullmoon Island,15,3,18,pokemon,location,,
0x00B535E2,  Battle Frontier,17,4,21,pokemon,other,,
0x00B537AC,Redwood Village,15,9,24,pokemon,location,,
0x00B53814,Magnolia Fields,15,5,20,pokemon,location,,
0x00B58635,"ennemi.
Il doit se reposer au
tour suivant.",43,66,109,pokemon,description,,
0x00B5E2FC,ennemi.,7,109,116,pokemon,other,,
0x00B6DFF2,"re. Frappe
toujours en premier.",31,59,90,pokemon,description,,
0x00B6FB10,Ruins of Void,13,4,17,pokemon,location,,
0x00B70800,"Le lanceur agite son
poing pour projeter
une onde de vide.
Frappe toujours en
premier.",86,102,188,pokemon,description,,
0x00B80116,"ennemi en utilisant
ses faux ou ses
griffes comme une
paire de ciseaux.",71,51,122,pokemon,dialogue,,
0x00B82CCF,ennemi.,7,70,77,pokemon,other,,
0x00B87656, suivre.,8,142,150,pokemon,other,,
0x00B94E7F,"mon autour de
lui. Baisse aussi la
Vitesse.",43,86,129,pokemon,dialogue,,
0x00B94F48,ennemi.,7,113,120,pokemon,other,,
0x00B94FF0,"ennemi. Il
se concentre et sa
Vitesse augmente.",47,97,144,pokemon,description,,
0x00B950E0,ennemi.,7,89,96,pokemon,other,,
0x00B9517E,cision.,7,79,86,pokemon,other,,
0x00B95D99,"s en PV pour
le lanceur.",24,79,103,pokemon,other,,
0x00B95E54,"cision
augmentent.",18,90,108,pokemon,other,,
0x00B95F04,"ennemi. Peut
aussi le rendre
confus.",36,88,124,pokemon,dialogue,,
0x00B95FD6,apeurer.,8,98,106,pokemon,other,,
0x00B9607B,ciale.,6,127,133,pokemon,other,,
0x00B96155,"ciale
et la Vitesse du
lanceur.",31,76,107,pokemon,description,,
0x00B9621F,ennemi.,7,90,97,pokemon,other,,
0x00B962A7,"ennemi et diminue
sa Vitesse.",29,124,153,pokemon,dialogue,,
0x00B9637E,ennemi.,7,123,130,pokemon,other,,
0x00B9644C,ennemi.,7,137,144,pokemon,other,,
0x00B99648,ennemi.,7,149,156,pokemon,other,,
0x00B9B3F4,"rement le
lanceur.",18,118,136,pokemon,other,,
0x00B9C80C,empoisonner.,12,56,68,pokemon,other,,
0x00BA02B9,"ciale
diminue beaucoup.",23,112,135,pokemon,other,,
0x00BA038C,"ciale du
lanceur.",17,99,116,pokemon,other,,
0x00BA0515,ciale du lanceur.,17,194,211,pokemon,other,,
0x00BA0821,ennemi.,7,120,127,pokemon,other,,
0x00BA0A49,ennemi.,7,112,119,pokemon,other,,
0x00BA0B07,ennemi.,7,114,121,pokemon,other,,
0x00BA0BCE,ennemi.,7,107,114,pokemon,other,,
0x00BA0CA9,ennemi.,7,116,123,pokemon,other,,
0x00BA1040,lent.,5,123,128,pokemon,other,,
0x00BA110A,"me de
statut.",13,105,118,pokemon,other,,
0x00BA202D,"e avec les
parties les plus
robustes de son
corps.",50,81,131,pokemon,description,,
0x00BA3A7C,"fense augmente
fortement.",25,119,144,pokemon,other,,
0x00BA9E68,"t au
combat.",12,76,88,pokemon,other,,
0x00BA9F28,"t au
combat.",12,76,88,pokemon,other,,
0x00BA9FAA,"envoie balader.
Dans la nature, met
fin au combat.",50,180,230,pokemon,description,,
0x00BAA5D0,"mon
ennemi et le remplace
par un autre. Dans la
nature, met fin au
combat.",74,66,140,pokemon,dialogue,,
0x00BAEF9A,ennemi.,7,155,162,pokemon,other,,
0x00BAFFC8,"ts au
lanceur aussi.",20,100,120,pokemon,other,,
0x00BB00AC,ennemi.,7,77,84,pokemon,other,,
0x00BB0149,"vore et obtient son
effet.",26,161,187,pokemon,other,,
0x00BB25AB,"re tient une
Baie, le lanceur la
mange et profite de
ses effets.",64,85,149,pokemon,description,,
0x00BB26B0,". et
Vitesse.",13,75,88,pokemon,other,,
0x00BB677B,"attention.
Il attire toutes les
attaques ennemies.",50,139,189,pokemon,description,,
0x00BB8C17,galement.,9,208,217,pokemon,other,,
0x00BBA73F,fense.,6,103,109,pokemon,other,,
0x00BC1739," et de
toucher un ennemi
insaisissable.",39,96,135,pokemon,description,,
0x00BC1802,"pare pas une
attaque.",21,105,126,pokemon,other,,
0x00BC18C3,ler.,4,197,201,pokemon,other,,
0x00BC2250, de ses PV.,11,101,112,pokemon,other,,
0x00BC22DA,"s
attendrissant qui le
touche et diminue son
Attaque. Agit
toujours en premier.",79,87,166,pokemon,dialogue,,
0x00BC23CB,ciale.,6,111,117,pokemon,other,,
0x00BC3403,ennemi.,7,118,125,pokemon,other,,
0x00BC3569,"ennemi, qui
blessent tout ennemi
entrant au combat.",51,68,119,pokemon,description,,
0x00BC431B,"ennemi. Ils
empoisonnent les
ennemis qui entrent
au combat.",59,106,165,pokemon,dialogue,,
0x00BC4410,s lui.,6,94,100,pokemon,other,,
0x00BC61FE,"mon qui prendra
sa place au combat.",35,95,130,pokemon,dialogue,,
0x00BC62C4,"quipe pendant 4
tours.",22,110,132,pokemon,other,,
0x00BC88CA,"truit tout sur son
passage.",27,91,118,pokemon,other,,
0x00BC8983,"e et devient
inutilisable.",26,227,253,pokemon,other,,
0x00BC932A,"chant
ainsi de dormir.",22,128,150,pokemon,dialogue,,
0x00BC9422,ennemi.,7,135,142,pokemon,other,,
0x00BCBB6A,"ciale et sa
Vitesse au second.",30,120,150,pokemon,other,,
0x00BCBC3A,"mon Plante au
combat augmente.",30,104,134,pokemon,other,,
0x00BCBD19,"mon de type
Plante.",19,84,103,pokemon,other,,
0x00BCBD80,"Le lanceur fait
tourner ses
engrenages. Ceci
augmente son Attaque
et augmente fortement
sa Vitesse.",99,93,192,pokemon,description,,
0x00BCBE68,"ennemi qui ralentit
la Vitesse de tout
adversaire entrant au
combat.",68,60,128,pokemon,dialogue,,
0x00BCF8DD,"es, plus
le coup est efficace.",30,49,79,pokemon,other,,
0x00BD0ABD,une de ses stats.,17,226,243,pokemon,other,,
0x00BD1549," est
puissante.",15,104,119,pokemon,other,,
0x00BD1607,"
durant ce tour.",16,57,73,pokemon,other,,
0x00BD4037,"tection
ou Abri. Annule aussi
leur effet.",41,96,137,pokemon,description,,
0x00BD40D3,"t
au premier tour et
frappe au second.
Cette attaque passe
outre les
protections.",81,92,173,pokemon,description,,
0x00BD41CF,mon alentour.,13,100,113,pokemon,other,,
0x00BD427F,",
diminuant son
Attaque.",24,125,149,pokemon,other,,
0x00BDB61D,"il affecte le
cours du temps. Il se
repose au tour
suivant.",59,104,163,pokemon,description,,
0x00BDB7DF,ennemi.,7,90,97,pokemon,other,,
0x00BDB94E,ennemi.,7,107,114,pokemon,other,,
0x00BDBA22,effet augmente.,15,79,94,pokemon,other,,
0x00BDBAB0,"re. Le type
varie selon la Plaque
que tient le lanceur.",55,89,144,pokemon,description,,
0x00BDBB9B,ts physiques.,13,88,101,pokemon,other,,
0x00BDBC66,effet augmente.,15,75,90,pokemon,other,,
0x00BDBD0A,"termine
le type et la
puissance.",32,86,118,pokemon,description,,
0x00BDBDC6,"ts sans tenir
compte des
changements de stats.",46,76,122,pokemon,description,,
0x00BDBE6F," un
ennemi. Si ce dernier
vole, il tombe au
sol.",48,97,145,pokemon,dialogue,,
0x00BDBF62,tection.,8,86,94,pokemon,other,,
0x00BDC10C,"fense du
lanceur. ",18,98,116,pokemon,other,,
0x00BDC1E4,ciale.,6,86,92,pokemon,other,,
0x00BDC291, de ses PV max.,15,152,167,pokemon,other,,
0x00BDC88B,"ciale baisse
fortement.",23,94,117,pokemon,other,,
0x00BDC948,"ennemi.
Diminue aussi son
Esquive.",34,86,120,pokemon,dialogue,,
0x00BDCA08,"fense avec
la cible.",20,100,120,pokemon,other,,
0x00BDCAC0,"me tour en
frappant plus fort.",30,98,128,pokemon,other,,
0x00BDCB94,"ts. Il doit
frapper en premier.",31,77,108,pokemon,description,,
0x00BDCC44,"Attaque du
lanceur avec la
cible.",33,147,180,pokemon,description,,
0x00BE02C3,"fense et sa stat
Attaque.",25,100,125,pokemon,other,,
0x00BE039D,"mon qui entre en
contact avec le
lanceur.",41,122,163,pokemon,dialogue,,
0x00BE049B,ts physiques.,13,88,101,pokemon,other,,
0x00BE0510,"barrasse des
parties inutiles de
son corps. Son poids
diminue et sa Vitesse
augmente fortement.",95,81,176,pokemon,description,,
0x00BE062F,quence.,7,70,77,pokemon,other,,
0x00BE2A08,"me type que le
lanceur.",23,97,120,pokemon,other,,
0x00BE2AF8,autant.,7,65,72,pokemon,other,,
0x00BE2C6D,ciale.,6,77,83,pokemon,other,,
0x00BE2D23,ennemi.,7,86,93,pokemon,other,,
0x00BE2DE4,"effet
augmente.",15,77,92,pokemon,other,,
0x00BE2F2E,"changer ses
changements de stats
avec la cible.",47,99,146,pokemon,description,,
0x00BE3007,"attaque est
puissante.",22,99,121,pokemon,other,,
0x00BE30C3,"ts
quels que soient ses
changements de stats.",45,80,125,pokemon,description,,
0x00BE31B3,quence.,7,70,77,pokemon,other,,
0x00BE3257,"rement le
lanceur.",18,87,105,pokemon,other,,
0x00BE32EC,"ennemi. Le type
varie selon le Module
que tient le lanceur.",59,89,148,pokemon,description,,
0x00BE33DA,ennemi.,7,155,162,pokemon,other,,
0x00BE761A,ts physiques.,13,89,102,pokemon,other,,
0x00BE76CB,"duit
aussi sa Vitesse.",22,95,117,pokemon,dialogue,,
0x00BE7783,"ennemi.
Peut aussi le
paralyser.",32,93,125,pokemon,dialogue,,
0x00BE7864,ler.,4,88,92,pokemon,other,,
0x00BE792C,. et la Vitesse.,16,68,84,pokemon,other,,
0x00BE79E0,ciale.,6,90,96,pokemon,other,,
0x00BE7ABD,"ciale du
lanceur. ",18,113,131,pokemon,other,,
0x00BE7BC4,ennemi.,7,117,124,pokemon,other,,
0x00BE7C90,"ciale
diminuer.",15,97,112,pokemon,other,,
0x00BE7D4D,"e
en un tour, et
toujours en premier.",37,78,115,pokemon,description,,
0x00BE7E26,ennemi.,7,55,62,pokemon,other,,
0x00BE8405,"ge des attaques,
et diminue les PV de
tout attaquant qui
entre en contact avec
le lanceur.",90,97,187,pokemon,description,,
0x00BE852F,ciale.,6,75,81,pokemon,other,,
0x00BE85E1,riode.,6,89,95,pokemon,other,,
0x00BF071A,ler.,4,98,102,pokemon,other,,
0x00BF07D7,"ciale de
la cible.",18,87,105,pokemon,other,,
0x00BF08A1,enfuir.,7,88,95,pokemon,other,,
0x00BF0A0E,"il utilise une
attaque directe sur
le lanceur.",46,68,114,pokemon,description,,
0x00BF0BCF," la
cible. Le lanceur
perd le type Feu.",39,74,113,pokemon,description,,
0x00BF0CAF,"fense du
lanceur.",17,128,145,pokemon,other,,
0x00BF0D99,"ts et
ignore les
changements de stats
de la cible.",50,181,231,pokemon,description,,
0x00BF2C3E,"craser la
cible.",16,114,130,pokemon,other,,
0x00BF2D0A,"s ayant les
talents Plus ou
Minus.",34,84,118,pokemon,description,,
0x00BF2DB9,"duit la Vitesse du
lanceur.",27,108,135,pokemon,other,,
0x00BF2E8C,"fense de
la cible.",18,98,116,pokemon,other,,
0x00BF2F50,"ts et baisser son
Attaque.",26,86,112,pokemon,other,,
0x00BF31C1,"rer des
PV.",11,116,127,pokemon,other,,
0x00BF3362,"un prisme
pour envoyer un laser
destructeur, mais il
doit se reposer au
tour suivant.",85,73,158,pokemon,description,,
0x00BF3460,"re et
Protection.",17,79,96,pokemon,other,,
0x00BF34DA,"rations de statut
de la cible, ce qui
lui permet de
regagner des PV.",68,98,166,pokemon,dialogue,,
0x00BF35D1,"me que celui du
lanceur.",24,87,111,pokemon,dialogue,,
0x00BF3694,"fense de
la cible.",18,90,108,pokemon,other,,
0x00BF381E,"re encore
plus.",15,116,131,pokemon,other,,
0x00BF6288,ennemi.,7,113,120,pokemon,other,,
0x00BF635B,"nergie sous forme de
lames.",27,74,101,pokemon,other,,
0x00BF6414,"s par ces
bulles.",17,91,108,pokemon,other,,
0x00BF6480,"Intervertit la
Vitesse du lanceur et
celle de la cible.",55,73,128,pokemon,description,,
0x00BF663B,"Attaque de la
cible, puis baisse
celle-ci.",42,91,133,pokemon,description,,
0x00BF6744,"ciale
baisser.",14,110,124,pokemon,other,,
0x00BF6808,"mettre de
sons pendant deux
tours.",34,86,120,pokemon,description,,
0x00BF68C2," la cible et
baisse son Attaque.",32,94,126,pokemon,description,,
0x00BF6996,effrayer.,9,97,106,pokemon,other,,
0x00BF6A71,endormir.,9,70,79,pokemon,other,,
0x00BF6B32,"
chaque tour.",13,65,78,pokemon,other,,
0x00BF6BF6,"ration de
statut.",17,121,138,pokemon,other,,
0x00BF6CF1,"s de type Psy
augmente.",23,120,143,pokemon,other,,
0x00BF6FEC,"mon les plus
lents frappent en 1er
pendant 5 tours.",51,97,148,pokemon,description,,
0x00BF70DB,"ont plus
aucun effet.",21,80,101,pokemon,other,,
0x00BF7332,"effet sur les
attaques de statut.",33,109,142,pokemon,description,,
0x00BF7420,"e
plusieurs fois de
suite.",26,70,96,pokemon,other,,
0x00BF74D1,"e
plusieurs fois de
suite.",26,85,111,pokemon,other,,
0x00BF75C4,il tient.,9,115,124,pokemon,other,,
0x00BF769E,objet.,6,92,98,pokemon,other,,
0x00BF7757,vitation.,9,96,105,pokemon,other,,
0x00BF781B,"quitablement entre
les deux.",28,73,101,pokemon,other,,
0x00BF78DB,"rer des PV
pendant 5 tours.",27,74,101,pokemon,other,,
0x00BF79B2,lectrik.,8,70,78,pokemon,other,,
0x00BF7A48,"effectuer
des coups critiques.",30,90,120,pokemon,other,,
0x00BF7B07,"viter
durant 5 tours.",21,100,121,pokemon,other,,
0x00BF7BE8,"s du
talent Plus ou du
talent Minus.",36,116,152,pokemon,description,,
0x00BF7DD9,"quitablement entre
les deux.",28,75,103,pokemon,other,,
0x00BF7E84,"ciale devient
Simple.",21,103,124,pokemon,other,,
0x00BF7F5D,"
atteindre.",11,88,99,pokemon,other,,
0x00BF8005," ses types
actuels.",19,104,123,pokemon,other,,
0x00BF8F4A," ses
types actuels.",19,99,118,pokemon,other,,
0x00BF91F2,lectrik.,8,70,78,pokemon,other,,
0x00BF92A1,"
la fin du tour.",16,79,95,pokemon,other,,
0x00BF933C,"utiliser un objet
sur lui.",26,106,132,pokemon,other,,
0x00BF940E,"nergie. Blesse
aussi gravement le
lanceur.",42,80,122,pokemon,dialogue,,
0x00C00F5A,"de de PP, plus
elle est puissante.",34,68,102,pokemon,description,,
0x00C0101B,"s
lui.",6,95,101,pokemon,other,,
0x00C011BB,ennemi.,7,126,133,pokemon,other,,
0x00C01286,"
toutes les autres.",19,103,122,pokemon,other,,
0x00C01357,"ennemi saisi
ne peut pas attaquer.",34,71,105,pokemon,dialogue,,
0x00C01406,cial.,5,117,122,pokemon,other,,
0x00C01496," se prennent la
main, ce qui les rend
heureux.",46,124,170,pokemon,dialogue,,
0x00C015C5,mon Dynamax.,12,23,35,pokemon,other,,
0x00C037F5,"tourner les
attaques.",21,118,139,pokemon,other,,
0x00C039C4,fense.,6,118,124,pokemon,other,,
0x00C03A40,"Le lanceur voit
toutes ses stats
augmenter, mais en
contrepartie, il ne
peut plus fuir ou se
retirer du combat.",111,81,192,pokemon,description,,
0x00C03B5A,"rable au
feu.",13,89,102,pokemon,other,,
0x00C03BDF,"une poudre
magique qui change
son type en Psy.",46,115,161,pokemon,dialogue,,
0x00C03CE7," par un
Fantyrm.",16,73,89,pokemon,other,,
0x00C03D9F,".
Ceux qui tiennent une
Baie la mangent.",40,121,161,pokemon,dialogue,,
0x00C03EB4,"ciale
de la cible.",18,122,140,pokemon,other,,
0x00C09C82," du
terrain.",12,62,74,pokemon,other,,
0x00C10C80,"Le lanceur sacrifie
une partie de ses PV
pour augmenter toutes
ses stats.",73,119,192,pokemon,description,,
0x00C10DB3,"s sont
importants.",18,123,141,pokemon,other,,
0x00C10E9E,age.,4,94,98,pokemon,other,,
0x00C10F47,"attaquer, et
baisser sa Vitesse.",32,89,121,pokemon,description,,
0x00C1100D,"ts pendant quatre
ou cinq tours.",32,83,115,pokemon,description,,
0x00C110D5,ler la cible.,13,94,107,pokemon,other,,
0x00C111AD,mon Dynamax.,12,71,83,pokemon,other,,
0x00C1126E,mon Dynamax.,12,70,82,pokemon,other,,
0x00C11330,"
change en fonction de
la forme de Morpeko.",43,101,144,pokemon,description,,
0x00C1140E,"Attaque de la
cible.",20,94,114,pokemon,other,,
0x00C11480,"Le lanceur attaque sa
cible en la piquant
avec une branche
pointue.",67,125,192,pokemon,description,,
0x00C1157C,"er
de violentes
vibrations sonores
qui blessent la
cible.",57,75,132,pokemon,dialogue,,
0x00C11671,"ciale
de la cible.",18,125,143,pokemon,other,,
0x00C1175D,"fense de
la cible.",18,81,99,pokemon,other,,
0x00C11844,ciale de la cible.,18,106,124,pokemon,other,,
0x00C118CC,"met de la
vapeur pour attaquer
sa cible. Peut aussi
la rendre confuse.",70,110,180,pokemon,description,,
0x00C119E4,"s
au combat.",12,80,92,pokemon,other,,
0x00C11ACD,"il
utilise une attaque
directe.",31,84,115,pokemon,description,,
0x00C11BA3," tous les
coups.",16,77,93,pokemon,other,,
0x00C11C4A,"utilise, il
devra se reposer au
tour suivant.",45,73,118,pokemon,description,,
0x00C11E39," augmente et
elle touche tous les
ennemis.",42,93,135,pokemon,description,,
0x00C11F2A, ce moment.,11,75,86,pokemon,other,,
0x00C11FF4,fense.,6,70,76,pokemon,other,,
0x00C12098,"ciale, et frappe
au second.",27,77,104,pokemon,other,,
0x00C1211B,"ciale, en
fonction de ce qui
est le plus efficace
contre la cible. Peut
aussi empoisonner.",90,75,165,pokemon,dialogue,,
0x00C121DF,"mon
autour de lui en
explosant, ce qui le
met K.O. La puissance
de cette attaque
augmente si un Champ
Brumeux est actif.",120,105,225,pokemon,dialogue,,
0x00C12313," si un Champ
Herbu est actif.",29,80,109,pokemon,dialogue,,
0x00C12480,"Une attaque qui tire
sa force des champs.
Son type et sa
puissance varient
selon le champ actif.",96,96,192,pokemon,dialogue,,
0x00C12588,ciale de la cible.,18,122,140,pokemon,other,,
0x00C15131,"
pendant ce tour.",17,126,143,pokemon,other,,
0x00C22600,"choue si
la cible ne tient
rien.",32,96,128,pokemon,description,,
0x00C226D5,"ils
tiennent.",13,94,107,pokemon,other,,
0x00C22786,fense.,6,116,122,pokemon,other,,
0x00C22868,"t au
combat.",12,76,88,pokemon,other,,
0x00C229C9,"ler la
cible.",13,106,119,pokemon,other,,
0x00C22BDD,bres.,5,94,99,pokemon,other,,
0x00C22CDD,Eau.,4,95,99,pokemon,other,,
0x00C22D99,"fense de
la cible.",18,85,103,pokemon,other,,
0x00C22E71,apeurer.,8,71,79,pokemon,other,,
0x00C22F25,ennemi.,7,84,91,pokemon,other,,
0x00C22FD7," cinq
tours.",12,93,105,pokemon,other,,
0x00C23098,"attaque est
puissante.",22,42,64,pokemon,other,,
0x00D11BEC,pwwwp,5,0,5,ascii,other,,
0x00D11BFF,xpwww,5,8,13,ascii,other,,
0x00D11C0C,wwww,4,0,4,ascii,other,,
0x00D11C2C,wwww,4,0,4,ascii,other,,
0x00D11C4C,wwww,4,0,4,ascii,other,,
0x00D11C6C,wwww,4,0,4,ascii,other,,
0x00D11C8C,wwww,4,0,4,ascii,other,,
0x00D11CAC,wwww,4,0,4,ascii,other,,
0x00D11CCC,wwww,4,0,4,ascii,other,,
0x00D11CEC,wwww,4,0,4,ascii,other,,
0x00D11D0C,wwww,4,0,4,ascii,other,,
0x00E9A48E,zGDD,4,0,4,ascii,other,,
0x00E9A49F,DD!DD,5,0,5,ascii,dialogue,,
0x00E9A4A6,"""""""""0",5,0,5,ascii,other,,
0x00E9A4CE,rwffff,6,0,6,ascii,other,,
0x00E9A58B,OWUU7U,6,0,6,ascii,other,,
0x00E9A62F,?5ww,4,0,4,ascii,dialogue,,
0x00E9A871,LnLv,4,0,4,ascii,other,,
0x00E9A8BF,l@0x,4,0,4,ascii,other,,
0x00E9AA1E,Y6$p,4,0,4,ascii,other,,
0x00E9AA44,6_(pD,5,0,5,ascii,other,,
0x00E9AAD6,QgmwO,5,0,5,ascii,other,,
0x00E9AC1E,?_90,4,1,5,ascii,dialogue,,
0x00E9AC24,Ys*3,4,0,4,ascii,other,,
0x00E9ADF1,"
.
E
W
o",8,1,9,pokemon,other,,
0x00E9AE0B,"'""""r'wwr",8,0,8,ascii,other,,
0x00E9B4C5,>33p,4,0,4,ascii,other,,
0x00E9B5B8,"! "" ",4,0,4,ascii,dialogue,,
0x00E9B5C3,p q r s E# ,11,0,11,ascii,other,,
0x00E9B602," + , -",6,0,6,ascii,other,,
0x00E9B6C6,"?"",2",4,0,4,ascii,dialogue,,
0x00E9B6D3,"1A"",3< 4",8,0,8,ascii,other,,
0x00E9BA74, | } ~ ,7,0,7,ascii,other,,
0x00E9BA84,n8 o,4,0,4,ascii,other,,
0x00E9BA9F," + ,8 -",7,0,7,ascii,other,,
0x00E9BABD, $ %,4,0,4,ascii,other,,
0x00E9BAD9, Z [,4,0,4,ascii,other,,
0x00EB1AA0,"A case for holding Coins obtained
at the Game Corner.
It holds up to 999,999,999 Coins.",87,1,88,pokemon,description,,
0x00EB1AF8,"It checks for unseen items in the
area and makes noise and lights
when it finds something.",90,1,91,pokemon,description,,
0x00EB1B53,"A card that lists the Battle
Points you have earned and battle
facility prints you have received.",97,1,98,pokemon,dialogue,,
0x00EB1C0C,mon.,4,1,5,pokemon,other,,
0x00EB1C11,"A motorbike with pedals that allows
faster movement than the Running
Shoes.",75,1,76,pokemon,description,,
0x00EB1C5D,"Rare leaves with a horrible smell.
They are very popular among
certain groups of people.",88,1,89,pokemon,description,,
0x00EB1D7A,t shake much.,13,1,14,pokemon,other,,
0x00EB1D88,"A feather that glows like the moon.
It is said to possess the power to
dispel nightmares.",89,1,90,pokemon,description,,
0x00EB1DE2,"A card needed for entering the inn
in Tarmigan Town. Oddly, the last
date marked on it was 30 years ago.",104,1,105,pokemon,description,,
0x00EB1E4B,"A stone formed by hardened boulders
that melted in intensely hot magma.
It also helps Eggs hatch quicker.",105,1,106,pokemon,description,,
0x00EB1EB5,"A shiny green orb that is said to
have a legend and has a deep
connection with the Hoenn region.",96,1,97,pokemon,description,,
0x00EB1FA4,"mon.
It is not for the average Trainer.",39,1,40,pokemon,description,,
0x00EB200F,mon Day Care.,13,1,14,pokemon,other,,
0x00EB2059," It has
not been spoken in over 1000 years.",43,1,44,pokemon,description,,
0x00EB2085,"A device used to find Trainers
eager for battle in Borrius. It
also keeps a record of their teams.",98,1,99,pokemon,description,,
0x00EB21AE,t work.,7,1,8,pokemon,other,,
0x00EB21B6,"A strange device that allows you to
distort the fabric of time. AM times
become PM times and vice versa.",104,1,105,pokemon,dialogue,,
0x00EB2238,"mon
holding a Mega Stone to
Mega Evolve in battle.",50,1,51,pokemon,description,,
0x00EB2285,"mon
holding a Mega Stone to
Mega Evolve in battle.",50,1,51,pokemon,description,,
0x00EB22D5,"mon
holding a Mega Stone to
Mega Evolve in battle.",50,1,51,pokemon,description,,
0x00EB2321,"mon
holding a Mega Stone to
Mega Evolve in battle.",50,1,51,pokemon,description,,
0x00EB2354,"A convenient container for storing
outfits. Use it to change clothes,
as well as certain colours.",97,59,156,pokemon,description,,
0x00EB242D,mon.,4,27,31,pokemon,other,,
0x00EB2489,mon.,4,28,32,pokemon,other,,
0x00EB24E6,mon.,4,26,30,pokemon,other,,
0x00EB2541,mon.,4,28,32,pokemon,other,,
0x00EB259E,mon.,4,28,32,pokemon,other,,
0x00EB25FB,mon.,4,29,33,pokemon,other,,
0x00EB2638,"mon
with two Abilities to switch
between these Abilities when used.",67,1,68,pokemon,description,,
0x00EB269E,"mon to switch to its Hidden
Ability when used.",46,1,47,pokemon,description,,
0x00EB271F,mon.,4,2,6,pokemon,other,,
0x00EB2775,mon.,4,1,5,pokemon,other,,
0x00EB27D3,mon.,4,1,5,pokemon,other,,
0x00EB2832,mon.,4,1,5,pokemon,other,,
0x00EB2891,mon.,4,1,5,pokemon,other,,
0x00EB28F0,mon.,4,1,5,pokemon,other,,
0x00EB294D,mon.,4,1,5,pokemon,other,,
0x00EB29A9,mon.,4,1,5,pokemon,other,,
0x00EB29DC,"mon that have a
high base Speed stat.",37,1,38,pokemon,description,,
0x00EB2A60,mon.,4,1,5,pokemon,other,,
0x00EB2A8F,"mon that you reel in
with a Rod while out fishing.",50,1,51,pokemon,dialogue,,
0x00EB2B03,mon.,4,1,5,pokemon,other,,
0x00EB2B67,mon.,4,1,5,pokemon,other,,
0x00EB2B9C,"mon caught with it
more friendly toward you instantly.",54,1,55,pokemon,dialogue,,
0x00EB2C05,"mon that can
evolve using a Moon Stone.",39,1,40,pokemon,description,,
0x00EB2C3B," Ball that is used
during sporting events.",42,1,43,pokemon,description,,
0x00EB2C94,"mon that are asleep.
It also bestows a Hidden Ability.",54,1,55,pokemon,description,,
0x00EB2CD9," Ball designed to
catch Ultra Beasts. It has a low
success rate for catching others.",84,1,85,pokemon,description,,
0x00EB2D41,"mon, it will be
used in battle to heal frostbite.",49,1,50,pokemon,description,,
0x00EB2DB2,4 HP.,5,1,6,pokemon,other,,
0x00EB2DCA,"mon makes it
friendlier, but also lowers HP.",44,1,45,pokemon,description,,
0x00EB2E09,"mon makes it
friendlier, but also lowers Attack.",48,1,49,pokemon,description,,
0x00EB2E4C,"mon makes it
friendlier, but also lowers Defense.",49,1,50,pokemon,description,,
0x00EB2E90,"mon makes it
friendlier, but also lowers Sp. Atk.",49,1,50,pokemon,description,,
0x00EB2ED4,"mon makes it
friendlier, but also lowers Sp. Def.",49,1,50,pokemon,description,,
0x00EB2F18,"mon makes it
friendlier, but also lowers Speed.",47,1,48,pokemon,description,,
0x00EB2F54,"mon slightly easier to
capture in the Safari Zone.",50,1,51,pokemon,dialogue,,
0x00EB2F9F,"mon move
less often in the Safari Zone.",39,1,40,pokemon,dialogue,,
0x00EB2FD3,"mon faster and easier
to capture in the Safari Zone.",52,1,53,pokemon,dialogue,,
0x00EB302B,mon in the Safari Zone.,23,1,24,pokemon,dialogue,,
0x00EB304F,"mon more likely to hold
an item in the Safari Zone.",51,1,52,pokemon,dialogue,,
0x00EB3083,"No practical use other than for
the move Natural Gift.",54,1,55,pokemon,description,,
0x00EB30F3,"If held, reduces damage taken from
one super effective Fire-move.",65,1,66,pokemon,description,,
0x00EB3135,"If held, reduces damage taken from
one super effective Water-move.",66,1,67,pokemon,description,,
0x00EB3178,"If held, reduces damage taken from
one super effective Electric-move.",69,1,70,pokemon,description,,
0x00EB31BE,"If held, reduces damage taken from
one super effective Grass-move.",66,1,67,pokemon,description,,
0x00EB3201,"If held, reduces damage taken from
one super effective Ice-move.",64,1,65,pokemon,description,,
0x00EB3242,"If held, reduces damage taken from
one super effective Fighting-move.",69,1,70,pokemon,description,,
0x00EB3288,"If held, reduces damage taken from
one super effective Poison-move.",67,1,68,pokemon,description,,
0x00EB32CC,"If held, reduces damage taken from
one super effective Ground-move.",67,1,68,pokemon,description,,
0x00EB3310,"If held, reduces damage taken from
one super effective Flying-move.",67,1,68,pokemon,description,,
0x00EB3354,"If held, reduces damage taken from
one super effective Psychic-move.",68,1,69,pokemon,description,,
0x00EB3399,"If held, reduces damage taken from
one super effective Bug-move.",64,1,65,pokemon,description,,
0x00EB33DA,"If held, reduces damage taken from
one super effective Rock-move.",65,1,66,pokemon,description,,
0x00EB341C,"If held, reduces damage taken from
one super effective Ghost-move.",66,1,67,pokemon,description,,
0x00EB345F,"If held, reduces damage taken from
one super effective Dragon-move.",67,1,68,pokemon,description,,
0x00EB34A3,"If held, reduces damage taken from
one super effective Dark-move.",65,1,66,pokemon,description,,
0x00EB34E5,"If held, reduces damage taken from
one super effective Steel-move.",66,1,67,pokemon,description,,
0x00EB35AF,"mon, it gets to
move first just once in a pinch.",48,1,49,pokemon,description,,
0x00EB35E0,"When the holder is hit with a
physical move, the attacker is hurt.",66,1,67,pokemon,description,,
0x00EB3665,"If held, reduces damage taken from
one super effective Fairy-move.",66,1,67,pokemon,description,,
0x00EB36A8,"When the holder is hit by a physical
attack, its Defense will increase.",71,1,72,pokemon,description,,
0x00EB36F0,"When the holder is hit by a special
attack, its Sp. Def will increase.",70,1,71,pokemon,description,,
0x00EB3768,"mon Eggs being found
at the Day Care.",37,1,38,pokemon,description,,
0x00EB37CF,"mon
when one is obtained.",25,1,26,pokemon,other,,
0x00EB3805,"mon.
The amount of HP recovered from
HP-stealing moves is boosted.",66,1,67,pokemon,description,,
0x00EB3893,mon that can evolve.,20,1,21,pokemon,other,,
0x00EB38C4,"mon.
If the holder is hit, the attacker
will also be damaged upon contact.",74,1,75,pokemon,description,,
0x00EB392B,"mon.
This vest raises Sp. Def but
prevents the use of status moves.",67,1,68,pokemon,description,,
0x00EB398B,"mon. It
is a stone tablet that boosts the
power of Grass-type moves.",68,1,69,pokemon,description,,
0x00EB39D0,"An item to be held by Ditto.
Extremely fine yet hard, this odd
powder boosts the Speed stat.",92,1,93,pokemon,description,,
0x00EB3A51,"s a well-worn belt that boosts
the power of super effective moves.",66,1,67,pokemon,description,,
0x00EB3ABA,"mon. It allows a charging move
on the first turn immediate usage.",65,1,66,pokemon,description,,
0x00EB3B18,"mon.
It is a magnifying lens that boosts
the accuracy of moves.         ",72,1,73,pokemon,description,,
0x00EB3B7D,"mon.
If the holder moves after the foe,
its accuracy will be boosted.",69,1,70,pokemon,description,,
0x00EB3C17,"mon will be, too.",17,1,18,pokemon,other,,
0x00EB3C45,"mon.
It extends the duration of the move
Sandstorm when used by the holder.",75,1,76,pokemon,description,,
0x00EB3CAD,"mon.
It extends the duration of the move
Rain Dance when used by the holder.",76,1,77,pokemon,description,,
0x00EB3D16,"mon.
It extends the duration of the move
Sunny Day when used by the holder.",75,1,76,pokemon,description,,
0x00EB3D7E,"mon.
It extends the duration of the move
Hail when used by the holder.",70,1,71,pokemon,description,,
0x00EB3DE1,"mon.
It boosts Sp. Atk if hit with a
Water-type attack once.",60,1,61,pokemon,description,,
0x00EB3E3A,"mon.
The holder floats in the air until
hit. Once hit, this item will burst.",76,1,77,pokemon,description,,
0x00EB3EA3,"mon.
It boosts Speed if the holder is
intimidated.",50,1,51,pokemon,description,,
0x00EB3EF2,"mon. A
band that increases the power of
binding moves used by the holder.",73,1,74,pokemon,description,,
0x00EB3F58,"mon.
It boosts Attack if hit with an
Electric-type attack once.",63,1,64,pokemon,description,,
0x00EB3FB4,"mon.
If the holder is hit by an attack,
it will be switched out of battle.",74,1,75,pokemon,description,,
0x00EB4052,mon when held.,14,1,15,pokemon,other,,
0x00EB407D,"mon.
If holder has full HP, it will
endure a KO attack with 1 HP.",65,1,66,pokemon,description,,
0x00EB40DB,"mon.
It extends the duration of multi-
turn attacks like Bind or Wrap.",70,1,71,pokemon,description,,
0x00EB4184,mon.,4,1,5,pokemon,other,,
0x00EB41A5,"mon.
It is tremendously heavy and makes
the holder move slower than usual.",74,1,75,pokemon,description,,
0x00EB420C,"mon.
It boosts Sp. Def if hit with a
Water-type attack once.",60,1,61,pokemon,description,,
0x00EB4265,"mon.
It boosts moves used consecutively
until a different move is used.",71,1,72,pokemon,description,,
0x00EB42C9,"mon.
It is a headband that slightly
boosts the power of physical moves.",71,1,72,pokemon,description,,
0x00EB4317,"mon held item that protects
the holder from effects caused by
making contact with the enemy.",92,1,93,pokemon,dialogue,,
0x00EB4390,"mon.
If the holder is hit by an attack,
the attacker is removed from battle.",76,1,77,pokemon,description,,
0x00EB4434,mon holding it.,15,1,16,pokemon,other,,
0x00EB4460,"mon.
This carapace enables the holder to
switch out of battle without fail.",75,1,76,pokemon,description,,
0x00EB44C8,"mon.
It boosts Attack if hit with an
Ice-type attack once.",58,1,59,pokemon,description,,
0x00EB4550,mon that touch it.,18,1,19,pokemon,other,,
0x00EB45B2,s move or ability.       ,25,1,26,pokemon,other,,
0x00EB45E8,"mon.
This thick pair of glasses slightly
boosts the power of special moves.",75,1,76,pokemon,description,,
0x00EB4650,"mon.
It boosts Defense on Electric
Terrain. It can only be used once.",69,1,70,pokemon,description,,
0x00EB46B2,"mon.
It boosts Defense on Grassy
Terrain. It can only be used once.",67,1,68,pokemon,description,,
0x00EB4712,"mon.
It boosts Sp. Defense on Misty
Terrain. It can only be used once.",70,1,71,pokemon,description,,
0x00EB4775,"mon.
It boosts Sp. Defense on Psychic
Terrain. It can only be used once.",72,1,73,pokemon,description,,
0x00EB47BE,"A rare orb to be held by Dialga.
It boosts the power of Dragon- and
Steel-type moves when held.",95,1,96,pokemon,description,,
0x00EB481E,"A rare orb to be held by Palkia.
It boosts the power of Dragon- and
Water-type moves when held.",95,1,96,pokemon,description,,
0x00EB487E,"A rare orb to be held by Giratina.
It boosts the power of Dragon- and
Ghost-type moves when held.",97,1,98,pokemon,description,,
0x00EB48E0,"A wondrous orb to be held by Latios
or Latias. It raises the power of
Psychic- and Dragon-type moves.",101,1,102,pokemon,description,,
0x00EB4946,"A gem with an ordinary essence.
When held, it strengthens the power
of a Normal-type move once.",95,1,96,pokemon,description,,
0x00EB49A6,"A gem with an essence of combat.
When held, it strengthens the power
of a Fighting-type move once.",98,1,99,pokemon,description,,
0x00EB4A09,"A gem with an essence of air. When
held, it strengthens the power of
a Flying-type move once.",93,1,94,pokemon,description,,
0x00EB4A67,"A gem with an essence of poison.
When held, it strengthens the power
of a Poison-type move once.",96,1,97,pokemon,description,,
0x00EB4AC8,"A gem with an essence of land.
When held, it strengthens the power
of a Ground-type move once.",94,1,95,pokemon,description,,
0x00EB4B27,"A gem with an essence of rock.
When held, it strengthens the power
of a Rock-type move once.",92,1,93,pokemon,description,,
0x00EB4B84,"A gem with an insect-like essence.
When held, it strengthens the
power of a Bug-type move once.",95,1,96,pokemon,description,,
0x00EB4BE4,"A gem with a spectral essence.
When held, it strengthens the power
of a Ghost-type move once.",93,1,94,pokemon,description,,
0x00EB4C42,"A gem with an essence of steel.
When held, it strengthens the power
of a Steel-type move once.",94,1,95,pokemon,description,,
0x00EB4CA1,"A gem with an essence of fire.
When held, it strengthens the power
of a Fire-type move once.",92,1,93,pokemon,description,,
0x00EB4CFE,"A gem with an essence of water.
When held, it strengthens the power
of a Water-type move once.",94,1,95,pokemon,description,,
0x00EB4D5D,"A gem with an essence of nature.
When held, it strengthens the power
of a Grass-type move once.",95,1,96,pokemon,description,,
0x00EB4DBD,"A gem with an essence of electricity.
When held, it strengthens the power
of an Electric-type move once.",104,1,105,pokemon,description,,
0x00EB4E26,"A gem with an essence of the mind.
When held, it strengthens the
power of a Psychic-type move once.",99,1,100,pokemon,description,,
0x00EB4E8A,"A gem with an essence of ice. When
held, it strengthens the power of
an Ice-type move once.",91,1,92,pokemon,description,,
0x00EB4EE6,"A gem with a draconic essence.
When held, it strengthens the power
of a Dragon-type move once.",94,1,95,pokemon,description,,
0x00EB4F45,"A gem with an essence of darkness.
When held, it strengthens the
power of a Dark-type move once.",96,1,97,pokemon,description,,
0x00EB4FA6,"A gem with an essence of the fey.
When held, it strengthens the
power of a Fairy-type move once.",96,1,97,pokemon,description,,
0x00EB5007,"A cassette to be held by Genesect.
It changes Techno Blast to a
Fire-type move.",79,1,80,pokemon,description,,
0x00EB5057,"A cassette to be held by Genesect.
It changes Techno Blast to a
Water-type move.",80,1,81,pokemon,description,,
0x00EB50A8,"A cassette to be held by Genesect.
It changes Techno Blast to a
Electric-type move.",83,1,84,pokemon,description,,
0x00EB50FC,"A cassette to be held by Genesect.
It changes Techno Blast to a
Ice-type move.",78,1,79,pokemon,description,,
0x00EB514B,"A memory disc that contains
Fighting-type data. It changes the
type of Silvally if held.",88,1,89,pokemon,description,,
0x00EB51A4,"A memory disc that contains
Flying-type data. It changes the
type of Silvally if held.",86,1,87,pokemon,description,,
0x00EB51FB,"A memory disc that contains
Poison-type data. It changes the
type of Silvally if held.",86,1,87,pokemon,description,,
0x00EB5252,"A memory disc that contains
Ground-type data. It changes the
type of Silvally if held.",86,1,87,pokemon,description,,
0x00EB52A9,"A memory disc that contains
Rock-type data. It changes the
type of Silvally if held.",84,1,85,pokemon,description,,
0x00EB52FE,"A memory disc that contains
Bug-type data. It changes the
type of Silvally if held.",83,1,84,pokemon,description,,
0x00EB5352,"A memory disc that contains
Ghost-type data. It changes the
type of Silvally if held.",85,1,86,pokemon,description,,
0x00EB53A8,"A memory disc that contains
Steel-type data. It changes the
type of Silvally if held.",85,1,86,pokemon,description,,
0x00EB53FE,"A memory disc that contains
Fire-type data. It changes the
type of Silvally if held.",84,1,85,pokemon,description,,
0x00EB5453,"A memory disc that contains
Water-type data. It changes the
type of Silvally if held.",85,1,86,pokemon,description,,
0x00EB54A9,"A memory disc that contains
Grass-type data. It changes the
type of Silvally if held.",85,1,86,pokemon,description,,
0x00EB54FF,"A memory disc that contains
Electric-type data. It changes the
type of Silvally if held.",88,1,89,pokemon,description,,
0x00EB5558,"A memory disc that contains
Psychic-type data. It changes the
type of Silvally if held.",87,1,88,pokemon,description,,
0x00EB55B0,"A memory disc that contains
Ice-type data. It changes the
type of Silvally if held.",83,1,84,pokemon,description,,
0x00EB5604,"A memory disc that contains
Dragon-type data. It changes the
type of Silvally if held.",86,1,87,pokemon,description,,
0x00EB565B,"A memory disc that contains
Dark-type data. It changes the
type of Silvally if held.",84,1,85,pokemon,description,,
0x00EB56B0,"A memory disc that contains
Fairy-type data. It changes the
type of Silvally if held.",85,1,86,pokemon,description,,
0x00EB58E5,"A flower bundled in bouquets to
convey gratitude on special occasions.
It allows Shaymin to change forme.",105,1,106,pokemon,description,,
0x00EB5A41,"mon long, long ago.",19,1,20,pokemon,other,,
0x00EB5A55,"A copper coin used by an ancient
civilization about 3000 years ago.",67,1,68,pokemon,description,,
0x00EB5A99,"A silver coin used by an ancient
civilization about 3000 years ago.",67,1,68,pokemon,description,,
0x00EB5ADD,"A gold coin used by an ancient
civilization about 3000 years ago.",65,1,66,pokemon,description,,
0x00EB5B1F,"A fragile vase made by an ancient
civilization about 3000 years ago.",68,1,69,pokemon,description,,
0x00EB5B64,"A heavy bracelet made by an ancient
civilization about 3000 years ago.",70,1,71,pokemon,description,,
0x00EB5BAB,"A stone figurine made by an ancient
civilization about 3000 years ago.",70,1,71,pokemon,description,,
0x00EB5BF2,"A heavy crown made by an ancient
civilization about 3000 years ago.",67,1,68,pokemon,description,,
0x00EB5C36,"Have Necrozma hold this, and this
stone will enable it to Ultra
Burst during battle.",84,1,85,pokemon,description,,
0x00EB5C8B,"Have Venusaur hold this, and this
stone will enable it to Mega
Evolve during battle.",84,1,85,pokemon,description,,
0x00EB5CE0,"Have Charizard hold this, and this
stone will enable it to Mega
Evolve during battle.",85,1,86,pokemon,description,,
0x00EB5D36,"Have Charizard hold this, and this
stone will enable it to Mega
Evolve during battle.",85,1,86,pokemon,description,,
0x00EB5D8C,"Have Blastoise hold this, and this
stone will enable it to Mega
Evolve during battle.",85,1,86,pokemon,description,,
0x00EB5DE2,"Have Beedrill hold this, and this
stone will enable it to Mega
Evolve during battle.",84,1,85,pokemon,description,,
0x00EB5E37,"Have Pidgeot hold this, and this
stone will enable it to Mega Evolve
during battle.",83,1,84,pokemon,description,,
0x00EB5E8B,"Have Alakazam hold this, and this
stone will enable it to Mega
Evolve during battle.",84,1,85,pokemon,description,,
0x00EB5EE0,"Have Slowbro hold this, and this
stone will enable it to Mega Evolve
during battle.",83,1,84,pokemon,description,,
0x00EB5F34,"Have Gengar hold this, and this
stone will enable it to Mega Evolve
during battle.",82,1,83,pokemon,description,,
0x00EB5F87,"Have Kangaskhan hold this, and
this stone will enable it to Mega
Evolve during battle.",86,1,87,pokemon,description,,
0x00EB5FDE,"Have Pinsir hold this, and this
stone will enable it to Mega Evolve
during battle.",82,1,83,pokemon,description,,
0x00EB6031,"Have Gyarados hold this, and this
stone will enable it to Mega
Evolve during battle.",84,1,85,pokemon,description,,
0x00EB6086,"Have Aerodactyl hold this, and
this stone will enable it to Mega
Evolve during battle.",86,1,87,pokemon,description,,
0x00EB60DD,"Have Mewtwo hold this, and this
stone will enable it to Mega Evolve
during battle.",82,1,83,pokemon,description,,
0x00EB6130,"Have Mewtwo hold this, and this
stone will enable it to Mega Evolve
during battle.",82,1,83,pokemon,description,,
0x00EB6183,"Have Ampharos hold this, and this
stone will enable it to Mega
Evolve during battle.",84,1,85,pokemon,description,,
0x00EB61D8,"Have Steelix hold this, and this
stone will enable it to Mega Evolve
during battle.",83,1,84,pokemon,description,,
0x00EB622C,"Have Scizor hold this, and this
stone will enable it to Mega Evolve
during battle.",82,1,83,pokemon,description,,
0x00EB627F,"Have Heracross hold this, and this
stone will enable it to Mega
Evolve during battle.",85,1,86,pokemon,description,,
0x00EB62D5,"Have Houndoom hold this, and this
stone will enable it to Mega
Evolve during battle.",84,1,85,pokemon,description,,
0x00EB632A,"Have Tyranitar hold this, and this
stone will enable it to Mega
Evolve during battle.",85,1,86,pokemon,description,,
0x00EB6380,"Have Sceptile hold this, and this
stone will enable it to Mega
Evolve during battle.",84,1,85,pokemon,description,,
0x00EB63D5,"Have Blaziken hold this, and this
stone will enable it to Mega
Evolve during battle.",84,1,85,pokemon,description,,
0x00EB642A,"Have Swampert hold this, and this
stone will enable it to Mega
Evolve during battle.",84,1,85,pokemon,description,,
0x00EB647F,"Have Gardevoir hold this, and this
stone will enable it to Mega
Evolve during battle.",85,1,86,pokemon,description,,
0x00EB64D5,"Have Sableye hold this, and this
stone will enable it to Mega Evolve
during battle.",83,1,84,pokemon,description,,
0x00EB6529,"Have Mawile hold this, and this
stone will enable it to Mega Evolve
during battle.",82,1,83,pokemon,description,,
0x00EB657C,"Have Aggron hold this, and this
stone will enable it to Mega Evolve
during battle.",82,1,83,pokemon,description,,
0x00EB65CF,"Have Medicham hold this, and this
stone will enable it to Mega
Evolve during battle.",84,1,85,pokemon,description,,
0x00EB6624,"Have Manectric hold this, and this
stone will enable it to Mega
Evolve during battle.",85,1,86,pokemon,description,,
0x00EB667A,"Have Sharpedo hold this, and this
stone will enable it to Mega
Evolve during battle.",84,1,85,pokemon,description,,
0x00EB66CF,"Have Camerupt hold this, and this
stone will enable it to Mega
Evolve during battle.",84,1,85,pokemon,description,,
0x00EB6724,"Have Altaria hold this, and this
stone will enable it to Mega Evolve
during battle.",83,1,84,pokemon,description,,
0x00EB6778,"Have Banette hold this, and this
stone will enable it to Mega Evolve
during battle.",83,1,84,pokemon,description,,
0x00EB67CC,"Have Absol hold this, and this
stone will enable it to Mega Evolve
during battle.",81,1,82,pokemon,description,,
0x00EB681E,"Have Glalie hold this, and this
stone will enable it to Mega Evolve
during battle.",82,1,83,pokemon,description,,
0x00EB6871,"Have Salamence hold this, and this
stone will enable it to Mega
Evolve during battle.",85,1,86,pokemon,description,,
0x00EB68C7,"Have Metagross hold this, and this
stone will enable it to Mega
Evolve during battle.",85,1,86,pokemon,description,,
0x00EB691D,"Have Latias hold this, and this
stone will enable it to Mega Evolve
during battle.",82,1,83,pokemon,description,,
0x00EB6970,"Have Latios hold this, and this
stone will enable it to Mega Evolve
during battle.",82,1,83,pokemon,description,,
0x00EB69C3,"Have Lopunny hold this, and this
stone will enable it to Mega Evolve
during battle.",83,1,84,pokemon,description,,
0x00EB6A17,"Have Garchomp hold this, and this
stone will enable it to Mega
Evolve during battle.",84,1,85,pokemon,description,,
0x00EB6A6C,"Have Lucario hold this, and this
stone will enable it to Mega Evolve
during battle.",83,1,84,pokemon,description,,
0x00EB6AC0,"Have Abomasnow hold this, and this
stone will enable it to Mega
Evolve during battle.",85,1,86,pokemon,description,,
0x00EB6B16,"Have Gallade hold this, and this
stone will enable it to Mega Evolve
during battle.",83,1,84,pokemon,description,,
0x00EB6B6A,"Have Audino hold this, and this
stone will enable it to Mega Evolve
during battle.",82,1,83,pokemon,description,,
0x00EB6BBD,"Have Diancie hold this, and this
stone will enable it to Mega Evolve
during battle.",83,1,84,pokemon,description,,
0x00EB6C11,"This is a crystallized form of
Z-Power. It upgrades Normal-type
moves to Z-Moves.",81,1,82,pokemon,description,,
0x00EB6C63,"This is a crystallized form of
Z-Power. It upgrades Fighting-type
moves to Z-Moves.",83,1,84,pokemon,description,,
0x00EB6CB7,"This is a crystallized form of
Z-Power. It upgrades Flying-type
moves to Z-Moves.",81,1,82,pokemon,description,,
0x00EB6D09,"This is a crystallized form of
Z-Power. It upgrades Poison-type
moves to Z-Moves.",81,1,82,pokemon,description,,
0x00EB6D5B,"This is a crystallized form of
Z-Power. It upgrades Ground-type
moves to Z-Moves.",81,1,82,pokemon,description,,
0x00EB6DAD,"This is a crystallized form of
Z-Power. It upgrades Rock-type
moves to Z-Moves.",79,1,80,pokemon,description,,
0x00EB6DFD,"This is a crystallized form of
Z-Power. It upgrades Bug-type
moves to Z-Moves.",78,1,79,pokemon,description,,
0x00EB6E4C,"This is a crystallized form of
Z-Power. It upgrades Ghost-type
moves to Z-Moves.",80,1,81,pokemon,description,,
0x00EB6E9D,"This is a crystallized form of
Z-Power. It upgrades Steel-type
moves to Z-Moves.",80,1,81,pokemon,description,,
0x00EB6EEE,"This is a crystallized form of
Z-Power. It upgrades Fire-type
moves to Z-Moves.",79,1,80,pokemon,description,,
0x00EB6F3E,"This is a crystallized form of
Z-Power. It upgrades Water-type
moves to Z-Moves.",80,1,81,pokemon,description,,
0x00EB6F8F,"This is a crystallized form of
Z-Power. It upgrades Grass-type
moves to Z-Moves.",80,1,81,pokemon,description,,
0x00EB6FE0,"This is a crystallized form of
Z-Power. It upgrades Electric-type
moves to Z-Moves.",83,1,84,pokemon,description,,
0x00EB7034,"This is a crystallized form of
Z-Power. It upgrades Psychic-type
moves to Z-Moves.",82,1,83,pokemon,description,,
0x00EB7087,"This is a crystallized form of
Z-Power. It upgrades Ice-type
moves to Z-Moves.",78,1,79,pokemon,description,,
0x00EB70D6,"This is a crystallized form of
Z-Power. It upgrades Dragon-type
moves to Z-Moves.",81,1,82,pokemon,description,,
0x00EB7128,"This is a crystallized form of
Z-Power. It upgrades Dark-type
moves to Z-Moves.",79,1,80,pokemon,description,,
0x00EB7178,"This is a crystallized form of
Z-Power. It upgrades Fairy-type
moves to Z-Moves.",80,1,81,pokemon,description,,
0x00EB720B,s Thunderbolt to a Z-Move.,26,1,27,pokemon,other,,
0x00EB7264,"s
Spirit Lock to a Z-Move.",26,1,27,pokemon,other,,
0x00EB72B9,"s
Last Resort to a Z-Move.",26,1,27,pokemon,other,,
0x00EB7313,"s
Dark Lariat to a Z-Move.",26,1,27,pokemon,other,,
0x00EB736A,"s
Clang Scales to a Z-Move.",27,1,28,pokemon,other,,
0x00EB73C1,"s
Geist Beam to a Z-Move.",25,1,26,pokemon,other,,
0x00EB7418,"s
Stone Edge to a Z-Move.",25,1,26,pokemon,other,,
0x00EB7470,"s
Spect Thief to a Z-Move.",26,1,27,pokemon,other,,
0x00EB74C3,"s
Psychic to a Z-Move.",22,1,23,pokemon,other,,
0x00EB7516,"s
Play Rough to a Z-Move.",25,1,26,pokemon,other,,
0x00EB756C,"s
Volt Tackle to a Z-Move.",26,1,27,pokemon,other,,
0x00EB7587,"This is a crystallized form of
Z-Power. It upgrades a Thunderbolt
by Pikachu in a cap to a Z-Move.",98,1,99,pokemon,description,,
0x00EB7628,"s
Sparkle Aria to a Z-Move.",27,1,28,pokemon,other,,
0x00EB7680,"s
Giga Impact to a Z-Move.",26,1,27,pokemon,other,,
0x00EB76D8,"s
Sunsteel Strike to a Z-Move.",30,1,31,pokemon,other,,
0x00EB773D,s Mad to a Z-Move.,18,1,19,pokemon,other,,
0x00EB77B5,mon.,4,1,5,pokemon,other,,
0x00EB7815,mon.,4,1,5,pokemon,other,,
0x00EB7867,mon.,4,1,5,pokemon,other,,
0x00EB78B6,mon.,4,1,5,pokemon,other,,
0x00EB7909,mon.,4,1,5,pokemon,other,,
0x00EB795E,mon.,4,1,5,pokemon,other,,
0x00EB79BC,mon.,4,1,5,pokemon,other,,
0x00EB79C1,"A rare mushroom that gives off a
nice fragrance. It can be sold at a
high price to shops.",89,1,90,pokemon,description,,
0x00EB7A1B,"A shard that fell to the ground
when a comet approached. It can be
sold at a high price to shops.",97,1,98,pokemon,description,,
0x00EB7A7D,"A beautiful bottle cap that gives
off a silver gleam. Some people
are happy to receive one.",91,1,92,pokemon,description,,
0x00EB7AD9,"A beautiful bottle cap that gives
off a golden gleam. Some people
are happy to receive one.",91,1,92,pokemon,description,,
0x00EB7B35,"A vital item needed to keep a
stone tower from collapsing. Voices
can be heard from it occasionally.",100,1,101,pokemon,description,,
0x00EB7BBA,"mon that lived on the land. It
appears to be part of a head.",60,1,61,pokemon,description,,
0x00EB7C17,"mon that lived on the land. It
appears to be part of a collar.",62,1,63,pokemon,description,,
0x00EB7C76,"mon that lived in the sea.
It appears to be part of its back.",61,1,62,pokemon,description,,
0x00EB7CD4,"mon that lived in the sky.
It appears to be part of its wing.",61,1,62,pokemon,description,,
0x00EB7D2F,"mon
that once lived on the land. It
looks like a piece of large jaw.",68,1,69,pokemon,description,,
0x00EB7D91,"mon
that once lived on land. It looks
like the impression from a skin sail.",75,1,76,pokemon,description,,
0x00EB7E35,mon joins in.,13,1,14,pokemon,other,,
0x00EB7E5F,"mon.
It makes the holder bloated and
slow moving.",49,1,50,pokemon,description,,
0x00EB7EAD,"mon.
It slightly boosts the power of
Psychic-type moves.",56,1,57,pokemon,description,,
0x00EB7F1E,"mon away if
the holder is the first in the party.",49,1,50,pokemon,description,,
0x00EB7F6C,"mon.
It slightly boosts the power of
Rock-type moves.",53,1,54,pokemon,description,,
0x00EB7FBE,"mon.
It slightly boosts the power of
Grass-type moves.",54,1,55,pokemon,description,,
0x00EB8011,"mon.
It slightly boosts the power of
Water-type moves.",54,1,55,pokemon,description,,
0x00EB8097,s critical-hit ratio.,21,1,22,pokemon,other,,
0x00EB80C9,"mon.
It may cause the foe to flinch when
the holder inflicts damage.",68,1,69,pokemon,description,,
0x00EB8165,mon.,4,1,5,pokemon,other,,
0x00EB816A,"A transparent device overflowing
with dubious data. Its producer is
unknown.",76,1,77,pokemon,description,,
0x00EB820E,mon.,4,1,5,pokemon,other,,
0x00EB825A,s exceptionally sweet.,22,1,23,pokemon,other,,
0x00EB82B8,s exceptionally tart.,21,1,22,pokemon,other,,
0x00EB8307,"mon evolve.
Tea poured from it is delicious.",44,1,45,pokemon,description,,
0x00EB8334,"A strawberry-shaped sweet.
When used on a Milcery, it will
spin around happily.",79,1,80,pokemon,description,,
0x00EB8384,"A berry-shaped sweet.
When used on a Milcery, it will
spin around happily.",74,1,75,pokemon,description,,
0x00EB83CF,"A heart-shaped sweet.
When used on a Milcery, it will
spin around happily.",74,1,75,pokemon,description,,
0x00EB841A,"A clover-shaped sweet.
When used on a Milcery, it will
spin around happily.",75,1,76,pokemon,description,,
0x00EB84B2,"A ribbon-shaped sweet.
When used on a Milcery, it will
spin around happily.",75,1,76,pokemon,description,,
0x00EB84FE,"A star-shaped sweet.
When used on a Milcery, it will
spin around happily.",73,1,74,pokemon,description,,
0x00EB8597,mon very happy.,15,1,16,pokemon,other,,
0x00EB85F8,mon very happy.,15,1,16,pokemon,other,,
0x00EB8668,mon.,4,1,5,pokemon,other,,
0x00EB86C9,mon.,4,1,5,pokemon,other,,
0x00EB8781,s max HP to grow more.,22,1,23,pokemon,other,,
0x00EB87E7,s Attack to grow more.,22,1,23,pokemon,other,,
0x00EB884D,s Defense to grow more.,23,1,24,pokemon,other,,
0x00EB88B4,s Sp. Atk to grow more.,23,1,24,pokemon,other,,
0x00EB891B,s Sp. Def to grow more.,23,1,24,pokemon,other,,
0x00EB8982,s Speed to grow more.,21,1,22,pokemon,other,,
0x00EB89FC,mon!,4,1,5,pokemon,dialogue,,
0x00EB8A1D,"mon.
When stats are lowered, the holder
will be switched out of battle.",71,1,72,pokemon,description,,
0x00EB8A9B,"s Speed when
Trick Room takes effect.",37,1,38,pokemon,description,,
0x00EB8AFD,"mon
misses a move due to accuracy.",34,1,35,pokemon,description,,
0x00EB8B3C,"mon.
These boots prevent the effects of
traps set on the battlefield.",69,1,70,pokemon,description,,
0x00EB8B9E,"mon.
This sturdy umbrella protects the
holder from sun, rain, and fog.",70,1,71,pokemon,description,,
0x00EB8C23,"mon
uses a sound-based move.",28,1,29,pokemon,other,,
0x00EB8C98,s rusty and worn.,17,1,18,pokemon,other,,
0x00EB8D03,s rusty and worn.,17,1,18,pokemon,other,,
0x00EB8D5D,t flee during this.,19,1,20,pokemon,other,,
0x00EB8DA1,"s
fists harder. This
increases the Atk stat.",44,1,45,pokemon,description,,
0x00EB8DCE,"The area around the user
is swamped by a giant
sludge wave. It may also
poison those hit.",89,1,90,pokemon,description,,
0x00EB8E28,"The user swings its body
around violently to
inflict damage on
everything around it.",84,1,85,pokemon,description,,
0x00EB8EC8,s Evasiveness.,14,1,15,pokemon,other,,
0x00EB8F0C,"mon will fall to the
ground.",28,1,29,pokemon,other,,
0x00EB8F29,"The user attacks the
target with a harsh
echo. If used every
turn, power increases.",83,1,84,pokemon,description,,
0x00EB8FB1,"mon get to
move first for five turns.",37,1,38,pokemon,description,,
0x00EB8FD7,"The user flings its held
item at the target.
Its power and effect
depend on the item.",85,1,86,pokemon,description,,
0x00EB902D,"This move reduces damage
from physical and special
moves for five turns
during a hailstorm.",91,1,92,pokemon,description,,
0x00EB90B7,"t
attack. It is dropped
next turn.",34,1,35,pokemon,description,,
0x00EB90EA,Bright Powder,13,1,14,pokemon,location,,
0x00EB90F8,Silver Powder,13,1,14,pokemon,location,,
0x00EB9106,Deep Sea Tooth,14,1,15,pokemon,location,,
0x00EB9115,Deep Sea Scale,14,1,15,pokemon,location,,
0x00EB9124,Black Glasses,13,1,14,pokemon,location,,
0x00EB9132,Never-Melt Ice,14,1,15,pokemon,location,,
0x00EB9141,Twisted Spoon,13,1,14,pokemon,location,,
0x00EB914F,Gold Bottle Cap,15,1,16,pokemon,location,,
0x00EB9170,Safety Goggles,14,1,15,pokemon,location,,
0x00EB917F,Balm Mushroom,13,1,14,pokemon,location,,
0x00EB918D,Shalour Sable,13,1,14,pokemon,location,,
0x00EB919B,Prison Bottle,13,1,14,pokemon,location,,
0x00EB91A9,Maranga Berry,13,1,14,pokemon,location,,
0x00EB91C6,Luminous Moss,13,1,14,pokemon,location,,
0x00EB91E5,Electric Seed,13,1,14,pokemon,location,,
0x00EB91F3,Ylw Nectar,10,1,11,pokemon,location,,
0x00EB920E,Mega Bracelet,13,1,14,pokemon,location,,
0x00EB921C,Frontier Card,13,1,14,pokemon,location,,
0x00EB922A,Wishing Piece,13,1,14,pokemon,location,,
0x00EB9238,Blunder Policy,14,1,15,pokemon,location,,
0x00EB9247,Utility Parasol,15,1,16,pokemon,location,,
0x00EB9257,Rusted Sword,12,1,13,pokemon,location,,
0x00EB9264,Rusted Shield,13,1,14,pokemon,location,,
0x00EB9272,Strawberry Sweet,16,1,17,pokemon,location,,
0x00EB9283,Galarica Cuff,13,1,14,pokemon,location,,
0x00EB9291,Galarica Wreath,15,1,16,pokemon,location,,
0x00EB92A1,Black Augurite,14,1,15,pokemon,location,,
0x00EB92B0,Dowsing Machine,15,1,16,pokemon,location,,
0x00EB92C0,Oddish Leaves,13,1,14,pokemon,location,,
0x00EB92CE,Catching Charm,14,1,15,pokemon,location,,
0x00EB92DD,Ability Capsule,15,1,16,pokemon,location,,
0x00EB92FC,Braille Converter,17,1,18,pokemon,location,,
0x00EB930E,Trainer Catalogue,17,1,18,pokemon,location,,
0x00EEF0D1,wwwwDDDD,8,0,8,ascii,other,,
0x00EEF0DA,"UUUU""""p",7,0,7,ascii,other,,
0x00EEF12B,qG33q4,6,1,7,ascii,other,,
0x00EEF13E,GM&Q?330,8,0,8,ascii,dialogue,,
0x00EEF15A,#qs ,4,0,4,ascii,other,,
0x00EEF250,"""""F`",4,0,4,ascii,other,,
0x00EEF39B,"G&""P",4,0,4,ascii,other,,
0x00EEF3AD,"UUU""""p",6,0,6,ascii,other,,
0x00EF3857,ff-f,4,1,5,ascii,other,,
0x00EF3861,PBT@,4,0,4,ascii,other,,
0x01439D05,(9C:8:@F=/)+),13,0,13,ascii,other,,
0x0165C4A5,"s sont
redoutables.",19,12,31,pokemon,other,,
0x0165C512,rement le torse.,16,5,21,pokemon,other,,
0x0165C54F,"il lui est impossible de vivre en
groupe.",41,269,310,pokemon,dialogue,,
0x0165C6C9,che.,4,10,14,pokemon,other,,
0x0165C6E9," que les dents du
Keunotor poussaient aussi vite que
celles du Rattata.",71,2,73,pokemon,dialogue,,
0x0165C74F,"il
construit font le bonheur des habitants
proches.",51,802,853,pokemon,description,,
0x0165CAFA,dateurs.,8,321,329,pokemon,other,,
0x0165CC6D,"colte du miel pour satisfaire
Apireine.",39,276,315,pokemon,description,,
0x0165CDF7, la mer.,8,96,104,pokemon,other,,
0x0165CE84,tales pour en absorber les rayons.,34,407,441,pokemon,description,,
0x0165D058,"roulent avec
une force capable de briser un gros
rocher.",56,79,135,pokemon,description,,
0x0165D116,"s rarement source de
joie.",26,269,295,pokemon,other,,
0x0165D270,"agite et tinte comme une
cloche.",32,443,475,pokemon,description,,
0x0165D44B,"Il imite les mouvements et les
expressions des autres pour comprendre
leurs sentiments.",87,257,344,pokemon,description,,
0x0165D5BE,"norme gueule
lui permet de lancer des attaques
puissantes.",58,693,751,pokemon,dialogue,,
0x0165D8D9," battre ses adversaires sans
utiliser de poison.",48,163,211,pokemon,description,,
0x0165D9F8,odeur enivrante.,16,86,102,pokemon,other,,
0x0165DA7D,"ce aux
nageoires de son torse. Le Lanturn est
son rival.",56,436,492,pokemon,description,,
0x0165DCB9,siante.,7,270,277,pokemon,other,,
0x0165DE1F, blanc.,7,94,101,pokemon,other,,
0x0165DE98," la force colossale,
il excelle pour mordre ses ennemis en
plein vol.",69,292,361,pokemon,description,,
0x0165E049,"en
revenait pas.",16,526,542,pokemon,other,,
0x0165E482," cause de
sa propre chaleur.",28,277,305,pokemon,other,,
0x0165E5E1," son lieu de naissance, peu
importe la distance.",48,86,134,pokemon,description,,
0x0165E6A5,"esprit de ses
ennemis.",22,478,500,pokemon,other,,
0x0165E8D0,"nergie du soleil dans son
corps.",32,1124,1156,pokemon,description,,
0x0165ED5B,"mon insaisissable. Son style et
son pelage magnifique attirent de
nombreux Dresseurs.",85,350,435,pokemon,description,,
0x0165EF62,s puissante.,12,99,111,pokemon,other,,
0x0165F01D,"vite
en permanence.",19,276,295,pokemon,other,,
0x0165F39F,mis par sa gueule.,18,7,25,pokemon,other,,
0x0165F3E4,"quences par le nez. Certaines peuvent
briser des rochers.",57,1024,1081,pokemon,description,,
0x0165F846,"tement. Il dort en cachant son visage
sous sa capuche.",54,160,214,pokemon,description,,
0x0165F971,dateurs.,8,3,11,pokemon,other,,
0x0165F983," par sa solide carapace, il fonce
sur ses ennemis en roulant comme un
pneu.",75,215,290,pokemon,description,,
0x0165FADB,"troits, en laissant
une touffe de poils blancs.",47,398,445,pokemon,description,,
0x0165FCE1,ge du soleil.,13,940,953,pokemon,other,,
0x0166027B,il rote endort pendant une semaine.,35,1196,1231,pokemon,description,,
0x01660761," -50 C. Il
fabrique des cristaux de neige et fait
neiger autour de lui.",71,190,261,pokemon,description,,
0x016608BA,s puissante.,12,1598,1610,pokemon,other,,
0x01660F60,ennemi.,7,270,277,pokemon,other,,
0x016610B7,mon.,4,753,757,pokemon,other,,
0x016613E0,"fendre, et projette un
poison visqueux.",39,195,234,pokemon,description,,
0x0166151D,air.,4,656,660,pokemon,other,,
0x0166180D,adversaire.,11,487,498,pokemon,other,,
0x01661A53,en approcher.,13,827,840,pokemon,other,,
0x01661DA2,"mon mythique. Il projette de sa
queue un tourbillon de flammes capable
de tout emporter.",88,912,1000,pokemon,dialogue,,
0x016621D0," dans le
sol.",13,13,26,pokemon,other,,
0x01662202,"il se concentre
en fixant la flamme qui danse au bout de
sa canne.",66,1170,1236,pokemon,dialogue,,
0x0166272A,s puissante.,12,209,221,pokemon,other,,
0x01662844, avec les humains.,18,901,919,pokemon,other,,
0x01662BFF,"te
ceux qui le respirent et change en
fonction de son alimentation.",67,1142,1209,pokemon,dialogue,,
0x016630B8,"It flares its frill and generatesenergy. It can generate sufficient
electricity to power a skyscraper.",102,1046,1148,pokemon,description,,
0x01663558,"il
agite devant ses ennemis pour les
intimider.",47,2,49,pokemon,description,,
0x01663589,"It is created when a spirit possessesrotten tree stumps. It prefers to live
in abandoned forests.",97,1175,1272,pokemon,description,,
0x0166420A,"ennemi
sous un torrent de flammes.",34,1444,1478,pokemon,description,,
0x016647D0,"It burns its bodily fluids to create apoisonous gas. It weakens enemies and
sends them reeling with it.",103,1475,1578,pokemon,description,,
0x01664DFA,"It destroyed its own control mask. Ithas become capable of changing type by
equipping special memories.",103,2425,2528,pokemon,description,,
0x0166580C,"vorant des montagnes et des
gratte-ciel.",40,386,426,pokemon,description,,
0x01665A0A,s puissante.,12,748,760,pokemon,other,,
0x01665D2E,"re en tapant en rythme dessus.
Il se bat en manipulant des racines.",67,7,74,pokemon,description,,
0x01665D94,"chappe de
son corps, ne lui appuyez pas dessus.",47,3446,3493,pokemon,dialogue,,
0x01666B46,"s as sharp as a spear andas strong as steel. It spins its tail fins
to surge forward at over 100 knots.",103,2,105,pokemon,description,,
0x01666C17,lectrocuter.,12,108,120,pokemon,other,,
0x01666CE4,ter.,4,230,234,pokemon,other,,
0x01666E20,"cute avec ses tentacules est
saisissante.",41,1,42,pokemon,description,,
0x01666EA0, noir froid.,12,1480,1492,pokemon,other,,
0x01667474,"It evolved from a Milcery that heldonto a Strawberry Sweet. Its flavor
depends on how it was mixed.",99,623,722,pokemon,description,,
0x01667746,"Through its horns, it can pick up on theemotions of creatures around it. Males
will act as valets for those they serve.",119,860,979,pokemon,description,,
0x01667B3B,"mon
Spectre, il erre au-dessus de la mer
dans laquelle il vivait autrefois.",75,217,292,pokemon,description,,
0x01667C9E,"tal et se change
en arme pour se battre.",40,115,155,pokemon,description,,
0x01667D90, sur sa poitrine.,17,238,255,pokemon,other,,
0x01667FD2,s puissante.,12,232,244,pokemon,other,,
0x016680C6,"Its every move is filled with grace anddignity. Extremely intelligent, it is said
to see past, present, and future events.",122,2,124,pokemon,description,,
0x01668142,"The fur shed from its beard retains heatwell and is a highly useful material for
winter clothing.",97,2,99,pokemon,description,,
0x016681A5,"A violent creature that fells toweringtrees with its crude axes and shields
itself with hard stone.",99,2,101,pokemon,description,,
0x0166820A,"Swampy terrain gave Ursaluna its burlyphysique and newfound capacity to
manipulate peat at will.",96,2,98,pokemon,description,,
0x0166826C,"It clads itself in the souls of comradesthat perished before fulfilling their
goals of journeying upstream.",107,2,109,pokemon,description,,
0x016682D9,"It has virulent poison and dauntingphysical prowess. Preferring solitude,
this species does not form packs.",107,2,109,pokemon,description,,
0x016683BD,"s lovegives rise to the budding of fresh life
across the land.",62,2,64,pokemon,description,,
0x01668598,"t
roll its body up into a ball.",31,1,32,pokemon,description,,
0x016685B8,"It runs across snow-covered plains at
high speeds. It developed thick, sharp
claws to plow through the snow.",108,1,109,pokemon,description,,
0x0166A993,    Bulbizarre,14,1,15,pokemon,other,,
0x0166A9A2,Herbizarre,10,1,11,pokemon,other,,
0x0166A9AD,Florizarre,10,1,11,pokemon,other,,
0x0166A9C2, Reptincel,10,2,12,pokemon,other,,
0x0166A9CD, Dracaufeu,10,2,12,pokemon,other,,
0x0166A9D8, Carapuce,9,3,12,pokemon,other,,
0x0166A9E2,  Carabaffe,11,2,13,pokemon,other,,
0x0166A9EE, Tortank,8,4,12,pokemon,other,,
0x0166A9F7,   Chenipan,11,3,14,pokemon,other,,
0x0166AA03,  Chrysacier,12,1,13,pokemon,other,,
0x0166AA10,Papilusion,10,1,11,pokemon,other,,
0x0166AA1B,Aspicot,7,4,11,pokemon,other,,
0x0166AA23,   Coconfort,12,2,14,pokemon,other,,
0x0166AA30, Dardargnan,11,1,12,pokemon,other,,
0x0166AA3C,Roucool,7,4,11,pokemon,other,,
0x0166AA44,   Roucoups,11,3,14,pokemon,other,,
0x0166AA50,  Roucarnage,12,1,13,pokemon,other,,
0x0166AA65,   Rattatac,11,3,14,pokemon,other,,
0x0166AA71,  Piafabec,10,3,13,pokemon,other,,
0x0166AA7C,  Rapasdepic,12,1,13,pokemon,other,,
0x0166AA8D,       Arbok,12,6,18,pokemon,other,,
0x0166AA9A,     Pikachu,12,4,16,pokemon,other,,
0x0166AAA7,   Raichu,9,5,14,pokemon,other,,
0x0166AAB1,    Sabelette,13,2,15,pokemon,other,,
0x0166AABF, Sablaireau,11,1,12,pokemon,other,,
0x0166AAD4,  Nidorina,10,3,13,pokemon,other,,
0x0166AADF,  Nidoqueen,11,2,13,pokemon,other,,
0x0166AAF5,  Nidorino,10,3,13,pokemon,other,,
0x0166AB00,  Nidoking,10,3,13,pokemon,other,,
0x0166AB1A,lodelfe,7,2,9,pokemon,other,,
0x0166AB22, Goupix,7,5,12,pokemon,other,,
0x0166AB2A,    Feunard,11,4,15,pokemon,other,,
0x0166AB36,   Rondoudou,12,2,14,pokemon,other,,
0x0166AB43, Grodoudou,10,2,12,pokemon,other,,
0x0166AB4E, Nosferapti,11,1,12,pokemon,other,,
0x0166AB5A,Nosferalto,10,1,11,pokemon,other,,
0x0166AB65,Mystherbe,9,2,11,pokemon,dialogue,,
0x0166AB6F, Ortide,7,5,12,pokemon,other,,
0x0166AB77,    Rafflesia,13,2,15,pokemon,other,,
0x0166AB85, Paras,6,6,12,pokemon,other,,
0x0166AB8C,     Parasect,13,3,16,pokemon,other,,
0x0166AB9A,  Mimitoss,10,3,13,pokemon,other,,
0x0166ABA9,romite,6,3,9,pokemon,other,,
0x0166ABB0,  Taupiqueur,12,1,13,pokemon,other,,
0x0166ABBD,Triopikeur,10,1,11,pokemon,other,,
0x0166ABC8,Miaouss,7,4,11,pokemon,other,,
0x0166ABD0,   Persian,10,4,14,pokemon,other,,
0x0166ABDB,   Psykokwak,12,2,14,pokemon,other,,
0x0166ABE8, Akwakwak,9,3,12,pokemon,other,,
0x0166ABF6,rosinge,7,2,9,pokemon,other,,
0x0166ABFE, Colossinge,11,1,12,pokemon,other,,
0x0166AC0A,Caninos,7,4,11,pokemon,other,,
0x0166AC12,   Arcanin,10,4,14,pokemon,other,,
0x0166AC1D,   Ptitard,10,4,14,pokemon,other,,
0x0166AC2D,tarte,5,4,9,pokemon,other,,
0x0166AC33,   Tartard,10,4,14,pokemon,other,,
0x0166AC3E,   Abra,7,7,14,pokemon,other,,
0x0166AC46,      Kadabra,13,4,17,pokemon,other,,
0x0166AC54,   Alakazam,11,3,14,pokemon,other,,
0x0166AC60,  Machoc,8,5,13,pokemon,other,,
0x0166AC69,    Machopeur,13,2,15,pokemon,other,,
0x0166AC77, Mackogneur,11,1,12,pokemon,other,,
0x0166AC86,tiflor,6,2,8,pokemon,other,,
0x0166AC8D, Boustiflor,11,1,12,pokemon,other,,
0x0166AC99,Empiflor,8,3,11,pokemon,other,,
0x0166ACA2,  Tentacool,11,2,13,pokemon,other,,
0x0166ACAE, Tentacruel,11,1,12,pokemon,other,,
0x0166ACBA,Racaillou,9,2,11,pokemon,other,,
0x0166ACC4, Gravalanch,11,1,12,pokemon,other,,
0x0166ACD0,Grolem,6,5,11,pokemon,other,,
0x0166ACD7,    Ponyta,10,5,15,pokemon,other,,
0x0166ACE2,    Galopa,10,5,15,pokemon,other,,
0x0166ACED,    Ramoloss,12,3,15,pokemon,other,,
0x0166ACFA,  Flagadoss,11,2,13,pokemon,other,,
0x0166AD1B,  Canarticho,12,1,13,pokemon,other,,
0x0166AD2E,     Dodrio,11,5,16,pokemon,other,,
0x0166AD3A,    Otaria,10,5,15,pokemon,other,,
0x0166AD45,    Lamantine,13,2,15,pokemon,other,,
0x0166AD53, Tadmorv,8,4,12,pokemon,other,,
0x0166AD5C,   Grotadmorv,13,1,14,pokemon,other,,
0x0166AD6A,Kokiyas,7,4,11,pokemon,other,,
0x0166AD72,   Crustabri,12,2,14,pokemon,other,,
0x0166AD7F, Fantominus,11,1,12,pokemon,other,,
0x0166AD8B,Spectrum,8,3,11,pokemon,other,,
0x0166AD94,  Ectoplasma,12,1,13,pokemon,other,,
0x0166ADA6,      Soporifik,15,2,17,pokemon,other,,
0x0166ADB6, Hypnomade,10,2,12,pokemon,other,,
0x0166ADC1, Krabby,7,5,12,pokemon,other,,
0x0166ADC9,    Krabboss,12,3,15,pokemon,other,,
0x0166ADD6,  Voltorbe,10,3,13,pokemon,other,,
0x0166ADE4,lectrode,8,2,10,pokemon,other,,
0x0166ADED, Noeunoeuf,10,2,12,pokemon,other,,
0x0166ADF8, Noadkoko,9,3,12,pokemon,other,,
0x0166AE02,  Osselait,10,3,13,pokemon,other,,
0x0166AE0D,  Ossatueur,11,2,13,pokemon,other,,
0x0166AE19, Kicklee,8,4,12,pokemon,other,,
0x0166AE22,   Tygnon,9,5,14,pokemon,other,,
0x0166AE2C,    Excelangue,14,1,15,pokemon,other,,
0x0166AE3B,Smogo,5,6,11,pokemon,other,,
0x0166AE41,     Smogogo,12,4,16,pokemon,other,,
0x0166AE4E,   Rhinocorne,13,1,14,pokemon,other,,
0x0166AE67,Leveinard,9,2,11,pokemon,other,,
0x0166AE71, Saquedeneu,11,1,12,pokemon,other,,
0x0166AE7D,Kangourex,9,2,11,pokemon,other,,
0x0166AE87, Hypotrempe,11,1,12,pokemon,other,,
0x0166AEA9,Poissoroy,9,2,11,pokemon,other,,
0x0166AEB3, Stari,6,6,12,pokemon,other,,
0x0166AEBA,     Staross,12,4,16,pokemon,other,,
0x0166AEC7,   M. Mime,10,4,14,pokemon,other,,
0x0166AED9,cateur,6,1,7,pokemon,other,,
0x0166AEE0,Lippoutou,9,2,11,pokemon,other,,
0x0166AEEC,lektek,6,4,10,pokemon,other,,
0x0166AEF3,   Magmar,9,5,14,pokemon,other,,
0x0166AEFD,    Scarabrute,14,1,15,pokemon,other,,
0x0166AF13,    Magicarpe,13,2,15,pokemon,other,,
0x0166AF24,viator,6,3,9,pokemon,other,,
0x0166AF2B,  Lokhlass,10,3,13,pokemon,other,,
0x0166AF3A,tamorph,7,2,9,pokemon,other,,
0x0166AF44,voli,4,6,10,pokemon,other,,
0x0166AF49,     Aquali,11,5,16,pokemon,other,,
0x0166AF55,    Voltali,11,4,15,pokemon,other,,
0x0166AF61,   Pyroli,9,5,14,pokemon,other,,
0x0166AF6B,    Porygon,11,4,15,pokemon,other,,
0x0166AF77,   Amonita,10,4,14,pokemon,other,,
0x0166AF82,   Amonistar,12,2,14,pokemon,other,,
0x0166AF8F, Kabuto,7,5,12,pokemon,other,,
0x0166AF97,    Kabutops,12,3,15,pokemon,other,,
0x0166AFAC,     Ronflex,12,4,16,pokemon,other,,
0x0166AFB9,   Artikodin,12,2,14,pokemon,other,,
0x0166AFC8,lecthor,7,3,10,pokemon,other,,
0x0166AFD0,  Sulfura,9,4,13,pokemon,other,,
0x0166AFDA,   Minidraco,12,2,14,pokemon,other,,
0x0166AFE7, Draco,6,6,12,pokemon,other,,
0x0166AFEE,     Dracolosse,15,1,16,pokemon,other,,
0x0166B005,    Mew,7,8,15,pokemon,other,,
0x0166B00D,       Germignon,16,2,18,pokemon,other,,
0x0166B01E, Macronium,10,2,12,pokemon,other,,
0x0166B02C,ganium,6,3,9,pokemon,other,,
0x0166B037,ricendre,8,1,9,pokemon,other,,
0x0166B040,Feurisson,9,2,11,pokemon,other,,
0x0166B04A, Typhlosion,11,1,12,pokemon,other,,
0x0166B056,Kaiminus,8,3,11,pokemon,other,,
0x0166B05F,  Crocrodil,11,2,13,pokemon,other,,
0x0166B06B, Aligatueur,11,1,12,pokemon,other,,
0x0166B077,Fouinette,9,2,11,pokemon,other,,
0x0166B081, Fouinar,8,4,12,pokemon,other,,
0x0166B08A,   Hoothoot,11,3,14,pokemon,other,,
0x0166B096,  Noarfang,10,3,13,pokemon,other,,
0x0166B0A1,  Coxy,6,7,13,pokemon,other,,
0x0166B0A8,      Coxyclaque,16,1,17,pokemon,other,,
0x0166B0B9,Mimigal,7,4,11,pokemon,other,,
0x0166B0C1,   Migalos,10,4,14,pokemon,other,,
0x0166B0CC,   Nostenfer,12,2,14,pokemon,other,,
0x0166B0D9, Loupio,7,5,12,pokemon,other,,
0x0166B0E1,    Lanturn,11,4,15,pokemon,other,,
0x0166B0ED,   Pichu,8,6,14,pokemon,other,,
0x0166B100,      Toudoudou,15,2,17,pokemon,other,,
0x0166B110, Togepi,7,5,12,pokemon,other,,
0x0166B118,    Togetic,11,4,15,pokemon,other,,
0x0166B124,   Natu,7,7,14,pokemon,other,,
0x0166B12C,      Xatu,10,7,17,pokemon,other,,
0x0166B137,      Wattouat,14,3,17,pokemon,other,,
0x0166B146,  Lainergie,11,2,13,pokemon,other,,
0x0166B152, Pharamp,8,4,12,pokemon,other,,
0x0166B15B,   Joliflor,11,3,14,pokemon,other,,
0x0166B167,  Marill,8,5,13,pokemon,other,,
0x0166B170,    Azumarill,13,2,15,pokemon,other,,
0x0166B17E, Simularbre,11,1,12,pokemon,other,,
0x0166B18A,Tarpaud,7,4,11,pokemon,other,,
0x0166B192,   Granivol,11,3,14,pokemon,other,,
0x0166B19E,  Floravol,10,3,13,pokemon,other,,
0x0166B1A9,  Cotovol,9,4,13,pokemon,other,,
0x0166B1B3,   Capumain,11,3,14,pokemon,other,,
0x0166B1BF,  Tournegrin,12,1,13,pokemon,other,,
0x0166B1CE,liatronc,8,1,9,pokemon,other,,
0x0166B1DD,     Axoloto,12,4,16,pokemon,other,,
0x0166B1EA,   Maraiste,11,3,14,pokemon,other,,
0x0166B1F6,  Mentali,9,4,13,pokemon,other,,
0x0166B200,   Noctali,10,4,14,pokemon,other,,
0x0166B217,  Roigada,9,4,13,pokemon,other,,
0x0166B22E, Zarbi,6,6,12,pokemon,other,,
0x0166B244, Girafarig,10,2,12,pokemon,other,,
0x0166B24F, Pomdepik,9,3,12,pokemon,other,,
0x0166B259,  Foretress,11,2,13,pokemon,other,,
0x0166B265, Insolourdo,11,1,12,pokemon,other,,
0x0166B271,Scorplane,9,2,11,pokemon,other,,
0x0166B27B, Steelix,8,4,12,pokemon,other,,
0x0166B284,   Snubbull,11,3,14,pokemon,other,,
0x0166B290,  Granbull,10,3,13,pokemon,other,,
0x0166B29B,  Qwilfish,10,3,13,pokemon,other,,
0x0166B2A6,  Cizayox,9,4,13,pokemon,other,,
0x0166B2B0,   Caratroc,11,3,14,pokemon,other,,
0x0166B2BC,  Scarhino,10,3,13,pokemon,other,,
0x0166B2C7,  Farfuret,10,3,13,pokemon,other,,
0x0166B2D2,  Teddiursa,11,2,13,pokemon,other,,
0x0166B2DE, Ursaring,9,3,12,pokemon,other,,
0x0166B2E8,  Limagma,9,4,13,pokemon,other,,
0x0166B2F2,   Volcaropod,13,1,14,pokemon,other,,
0x0166B300,Marcacrin,9,2,11,pokemon,other,,
0x0166B30A, Cochignon,10,2,12,pokemon,other,,
0x0166B315, Corayon,8,4,12,pokemon,other,,
0x0166B323,moraid,6,3,9,pokemon,other,,
0x0166B32A,  Octillery,11,2,13,pokemon,other,,
0x0166B336, Cadoizo,8,4,12,pokemon,other,,
0x0166B344,manta,5,4,9,pokemon,other,,
0x0166B34A,   Airmure,10,4,14,pokemon,other,,
0x0166B355,   Malosse,10,4,14,pokemon,other,,
0x0166B365,molosse,7,2,9,pokemon,other,,
0x0166B36D, Hyporoi,8,4,12,pokemon,other,,
0x0166B376,   Phanpy,9,5,14,pokemon,other,,
0x0166B380,    Donphan,11,4,15,pokemon,other,,
0x0166B38C,   Porygon2,11,3,14,pokemon,other,,
0x0166B398,  Cerfrousse,12,1,13,pokemon,other,,
0x0166B3A5,Queulorior,10,1,11,pokemon,other,,
0x0166B3B0,Debugant,8,3,11,pokemon,other,,
0x0166B3B9,  Kapoera,9,4,13,pokemon,other,,
0x0166B3C3,   Lippouti,11,3,14,pokemon,other,,
0x0166B3D2,lekid,5,5,10,pokemon,other,,
0x0166B3D8,    Magby,9,6,15,pokemon,other,,
0x0166B3EB,meuh,4,3,7,pokemon,other,,
0x0166B3F0,  Leuphorie,11,2,13,pokemon,other,,
0x0166B3FC, Raikou,7,5,12,pokemon,other,,
0x0166B404,    Entei,9,6,15,pokemon,other,,
0x0166B40E,     Suicune,12,4,16,pokemon,other,,
0x0166B41B,   Embrylex,11,3,14,pokemon,other,,
0x0166B427,  Ymphect,9,4,13,pokemon,other,,
0x0166B431,   Tyranocif,12,2,14,pokemon,other,,
0x0166B43E, Lugia,6,6,12,pokemon,other,,
0x0166B445,     Ho-Oh,10,6,16,pokemon,other,,
0x0166B450,     Celebi,11,5,16,pokemon,other,,
0x0166B45C,    Oeuf,8,7,15,pokemon,other,,
0x0166B465,      MISSINGNO.,16,1,17,pokemon,other,,
0x0166B478,         ?,10,10,20,pokemon,dialogue,,
0x0166B483,         ?,10,10,20,pokemon,dialogue,,
0x0166B48E,         ?,10,10,20,pokemon,dialogue,,
0x0166B499,         ?,10,10,20,pokemon,dialogue,,
0x0166B4A4,         ?,10,10,20,pokemon,dialogue,,
0x0166B4AF,         ?,10,10,20,pokemon,dialogue,,
0x0166B4BA,         ?,10,10,20,pokemon,dialogue,,
0x0166B4C5,         ?,10,10,20,pokemon,dialogue,,
0x0166B4D0,         ?,10,10,20,pokemon,dialogue,,
0x0166B4DB,         ?,10,10,20,pokemon,dialogue,,
0x0166B4E6,         ?,10,10,20,pokemon,dialogue,,
0x0166B4F1,         ?,10,10,20,pokemon,dialogue,,
0x0166B4FC,         ?,10,10,20,pokemon,dialogue,,
0x0166B507,         ?,10,10,20,pokemon,dialogue,,
0x0166B512,         ?,10,10,20,pokemon,dialogue,,
0x0166B51D,         ?,10,10,20,pokemon,dialogue,,
0x0166B528,         ?,10,10,20,pokemon,dialogue,,
0x0166B533,         ?,10,10,20,pokemon,dialogue,,
0x0166B53E,         ?,10,10,20,pokemon,dialogue,,
0x0166B549,         ?,10,10,20,pokemon,dialogue,,
0x0166B554,         ?,10,10,20,pokemon,dialogue,,
0x0166B55F,         ?,10,10,20,pokemon,dialogue,,
0x0166B56A,         Arcko,14,6,20,pokemon,other,,
0x0166B579,     Massko,11,5,16,pokemon,other,,
0x0166B585,    Jungko,10,5,15,pokemon,other,,
0x0166B590,    Poussifeu,13,2,15,pokemon,other,,
0x0166B59E, Galifeu,8,4,12,pokemon,other,,
0x0166B5AF,gali,4,2,6,pokemon,other,,
0x0166B5B4, Gobou,6,6,12,pokemon,other,,
0x0166B5BB,     Flobio,11,5,16,pokemon,other,,
0x0166B5C7,    Laggron,11,4,15,pokemon,other,,
0x0166B5EA,  Zigzaton,10,3,13,pokemon,other,,
0x0166B5FE,    Chenipotte,14,1,15,pokemon,other,,
0x0166B60D,Armulys,7,4,11,pokemon,other,,
0x0166B615,   Charmillon,13,1,14,pokemon,other,,
0x0166B623,Blindalys,9,2,11,pokemon,other,,
0x0166B62D, Papinox,8,4,12,pokemon,other,,
0x0166B63B,nupiot,6,3,9,pokemon,other,,
0x0166B642,  Lombre,8,5,13,pokemon,other,,
0x0166B64B,    Ludicolo,12,3,15,pokemon,other,,
0x0166B658,  Grainipiot,12,1,13,pokemon,other,,
0x0166B665,Pifeuil,7,4,11,pokemon,other,,
0x0166B66D,   Tengalice,12,2,14,pokemon,other,,
0x0166B67A, Ningale,8,4,12,pokemon,other,,
0x0166B683,   Ninjask,10,4,14,pokemon,other,,
0x0166B68E,   Munja,8,6,14,pokemon,other,,
0x0166B697,     Nirondelle,15,1,16,pokemon,other,,
0x0166B6AB,delle,5,2,7,pokemon,other,,
0x0166B6B1, Balignon,9,3,12,pokemon,other,,
0x0166B6BB,  Chapignon,11,2,13,pokemon,other,,
0x0166B6C7, Spinda,7,5,12,pokemon,other,,
0x0166B6D6,lise,4,4,8,pokemon,other,,
0x0166B6DB,   Bekipan,10,4,14,pokemon,other,,
0x0166B6E6,   Arakdo,9,5,14,pokemon,other,,
0x0166B6F0,    Maskadra,12,3,15,pokemon,other,,
0x0166B6FD,  Wailmer,9,4,13,pokemon,other,,
0x0166B707,   Wailord,10,4,14,pokemon,other,,
0x0166B712,   Skitty,9,5,14,pokemon,other,,
0x0166B71C,    Delcatty,12,3,15,pokemon,other,,
0x0166B729,  Kecleon,9,4,13,pokemon,other,,
0x0166B733,   Balbuto,10,4,14,pokemon,other,,
0x0166B73E,   Kaorine,10,4,14,pokemon,other,,
0x0166B749,   Tarinor,10,4,14,pokemon,other,,
0x0166B754,   Chartor,10,4,14,pokemon,other,,
0x0166B76A,   Barloche,11,3,14,pokemon,other,,
0x0166B776,  Barbicha,10,3,13,pokemon,other,,
0x0166B781,  Lovdisc,9,4,13,pokemon,other,,
0x0166B78F,crapince,8,2,10,pokemon,other,,
0x0166B798, Colhomard,10,2,12,pokemon,other,,
0x0166B7A3, Barpau,7,5,12,pokemon,other,,
0x0166B7AB,    Milobellus,14,1,15,pokemon,other,,
0x0166B7C3,  Sharpedo,10,3,13,pokemon,other,,
0x0166B7CE,  Kraknoix,10,3,13,pokemon,other,,
0x0166B7D9,  Vibraninf,11,2,13,pokemon,other,,
0x0166B7EE,   Makuhita,11,3,14,pokemon,other,,
0x0166B7FA,  Hariyama,10,3,13,pokemon,other,,
0x0166B805,  Dynavolt,10,3,13,pokemon,other,,
0x0166B813,lecsprint,9,1,10,pokemon,other,,
0x0166B81D,Chamallot,9,2,11,pokemon,other,,
0x0166B82C,rupt,4,3,7,pokemon,other,,
0x0166B831,  Obalie,8,5,13,pokemon,other,,
0x0166B83A,    Phogleur,12,3,15,pokemon,other,,
0x0166B847,  Kaimorse,10,3,13,pokemon,other,,
0x0166B852,  Cacnea,8,5,13,pokemon,other,,
0x0166B85B,    Cacturne,12,3,15,pokemon,other,,
0x0166B868,  Stalgamin,11,2,13,pokemon,other,,
0x0166B874, Oniglali,9,3,12,pokemon,other,,
0x0166B888,   Solaroc,10,4,14,pokemon,other,,
0x0166B893,   Azurill,10,4,14,pokemon,other,,
0x0166B89E,   Spoink,9,5,14,pokemon,other,,
0x0166B8A8,    Groret,10,5,15,pokemon,other,,
0x0166B8B3,    Posipi,10,5,15,pokemon,other,,
0x0166B8C4,gapi,4,5,9,pokemon,other,,
0x0166B8C9,    Mysdibule,13,2,15,pokemon,dialogue,,
0x0166B8DA,ditikka,7,2,9,pokemon,other,,
0x0166B8E2, Charmina,9,3,12,pokemon,other,,
0x0166B8EC,  Tylton,8,5,13,pokemon,other,,
0x0166B8F5,    Altaria,11,4,15,pokemon,other,,
0x0166B91C,raclope,7,2,9,pokemon,other,,
0x0166B92D,   Parecool,11,3,14,pokemon,other,,
0x0166B939,  Vigoroth,10,3,13,pokemon,other,,
0x0166B951,Gloupti,7,4,11,pokemon,other,,
0x0166B959,   Avaltout,11,3,14,pokemon,other,,
0x0166B965,  Tropius,9,4,13,pokemon,other,,
0x0166B96F,   Chuchmur,11,3,14,pokemon,other,,
0x0166B97B,  Ramboum,9,4,13,pokemon,other,,
0x0166B985,   Brouhabam,12,2,14,pokemon,other,,
0x0166B992, Coquiperl,10,2,12,pokemon,other,,
0x0166B99D, Serpang,8,4,12,pokemon,other,,
0x0166B9A6,   Rosabyss,11,3,14,pokemon,other,,
0x0166B9B2,  Absol,7,6,13,pokemon,other,,
0x0166B9BA,     Polichombr,15,1,16,pokemon,other,,
0x0166B9CA,Branette,8,3,11,pokemon,other,,
0x0166B9D7,viper,5,4,9,pokemon,other,,
0x0166B9DD,   Mangriff,11,3,14,pokemon,other,,
0x0166B9E9,  Relicanth,11,2,13,pokemon,other,,
0x0166B9F5, Galekid,8,4,12,pokemon,other,,
0x0166B9FE,   Galegon,10,4,14,pokemon,other,,
0x0166BA09,   Galeking,11,3,14,pokemon,other,,
0x0166BA1F,   Muciole,10,4,14,pokemon,other,,
0x0166BA2A,   Lumivole,11,3,14,pokemon,other,,
0x0166BA36,  Lilia,7,6,13,pokemon,other,,
0x0166BA3E,     Vacilys,12,4,16,pokemon,other,,
0x0166BA4B,   Anorith,10,4,14,pokemon,other,,
0x0166BA56,   Armaldo,10,4,14,pokemon,other,,
0x0166BA61,   Tarsal,9,5,14,pokemon,other,,
0x0166BA6B,    Kirlia,10,5,15,pokemon,other,,
0x0166BA76,    Gardevoir,13,2,15,pokemon,other,,
0x0166BA84, Draby,6,6,12,pokemon,other,,
0x0166BA8B,     Drackhaus,14,2,16,pokemon,other,,
0x0166BA9A, Drattak,8,4,12,pokemon,other,,
0x0166BAA3,   Terhal,9,5,14,pokemon,other,,
0x0166BAB3,tang,4,5,9,pokemon,other,,
0x0166BABE,talosse,7,2,9,pokemon,other,,
0x0166BAC6, Regirock,9,3,12,pokemon,other,,
0x0166BAD0,  Regice,8,5,13,pokemon,other,,
0x0166BAD9,    Registeel,13,2,15,pokemon,other,,
0x0166BAE7, Kyogre,7,5,12,pokemon,other,,
0x0166BAEF,    Groudon,11,4,15,pokemon,other,,
0x0166BAFB,   Rayquaza,11,3,14,pokemon,other,,
0x0166BB07,  Latias,8,5,13,pokemon,other,,
0x0166BB10,    Latios,10,5,15,pokemon,other,,
0x0166BB1B,    Jirachi,11,4,15,pokemon,other,,
0x0166BB27,   Deoxys,9,5,14,pokemon,other,,
0x0166BB3A,      Mauv. Oeuf,16,1,17,pokemon,other,,
0x0166BB4B,Zarbi B,7,4,11,pokemon,dialogue,,
0x0166BB53,   Zarbi C,10,4,14,pokemon,dialogue,,
0x0166BB5E,   Zarbi D,10,4,14,pokemon,dialogue,,
0x0166BB69,   Zarbi E,10,4,14,pokemon,dialogue,,
0x0166BB74,   Zarbi F,10,4,14,pokemon,dialogue,,
0x0166BB7F,   Zarbi G,10,4,14,pokemon,dialogue,,
0x0166BB8A,   Zarbi H,10,4,14,pokemon,dialogue,,
0x0166BB95,   Zarbi I,10,4,14,pokemon,dialogue,,
0x0166BBA0,   Zarbi J,10,4,14,pokemon,dialogue,,
0x0166BBAB,   Zarbi K,10,4,14,pokemon,dialogue,,
0x0166BBB6,   Zarbi L,10,4,14,pokemon,dialogue,,
0x0166BBC1,   Zarbi M,10,4,14,pokemon,dialogue,,
0x0166BBCC,   Zarbi N,10,4,14,pokemon,dialogue,,
0x0166BBD7,   Zarbi O,10,4,14,pokemon,dialogue,,
0x0166BBE2,   Zarbi P,10,4,14,pokemon,dialogue,,
0x0166BBED,   Zarbi Q,10,4,14,pokemon,dialogue,,
0x0166BBF8,   Zarbi R,10,4,14,pokemon,dialogue,,
0x0166BC03,   Zarbi S,10,4,14,pokemon,dialogue,,
0x0166BC0E,   Zarbi T,10,4,14,pokemon,dialogue,,
0x0166BC19,   Zarbi U,10,4,14,pokemon,dialogue,,
0x0166BC24,   Zarbi V,10,4,14,pokemon,dialogue,,
0x0166BC2F,   Zarbi W,10,4,14,pokemon,dialogue,,
0x0166BC3A,   Zarbi X,10,4,14,pokemon,dialogue,,
0x0166BC45,   Zarbi Y,10,4,14,pokemon,dialogue,,
0x0166BC50,   Zarbi Z,10,4,14,pokemon,dialogue,,
0x0166BC5B,   Zarbi !,10,4,14,pokemon,dialogue,,
0x0166BC66,   Zarbi ?,10,4,14,pokemon,dialogue,,
0x0166BC71,   Tortipouss,13,1,14,pokemon,other,,
0x0166BC7F,Boskara,7,4,11,pokemon,other,,
0x0166BC87,   Torterra,11,3,14,pokemon,other,,
0x0166BC93,  Ouisticram,12,1,13,pokemon,other,,
0x0166BCA0,Chimpenfeu,10,1,11,pokemon,other,,
0x0166BCAB,Simiabraz,9,2,11,pokemon,other,,
0x0166BCB5, Tiplouf,8,4,12,pokemon,other,,
0x0166BCBE,   Prinplouf,12,2,14,pokemon,other,,
0x0166BCD8,tourmi,6,4,10,pokemon,other,,
0x0166BCE3,tourvol,7,3,10,pokemon,other,,
0x0166BCEE,touraptor,9,1,10,pokemon,other,,
0x0166BCF8,Keunotor,8,3,11,pokemon,other,,
0x0166BD01,  Castorno,10,3,13,pokemon,other,,
0x0166BD0C,  Crikzik,9,4,13,pokemon,other,,
0x0166BD1B,lokrik,6,3,9,pokemon,other,,
0x0166BD22,  Lixy,6,7,13,pokemon,other,,
0x0166BD29,      Luxio,11,6,17,pokemon,other,,
0x0166BD35,     Luxray,11,5,16,pokemon,other,,
0x0166BD41,    Rozbouton,13,2,15,pokemon,other,,
0x0166BD4F, Roserade,9,3,12,pokemon,other,,
0x0166BD59,  Kranidos,10,3,13,pokemon,other,,
0x0166BD64,  Charkos,9,4,13,pokemon,other,,
0x0166BD6E,   Dinoclier,12,2,14,pokemon,other,,
0x0166BD7B, Bastiodon,10,2,12,pokemon,other,,
0x0166BD86, Cheniti,8,4,12,pokemon,other,,
0x0166BD8F,   Cheniselle,13,1,14,pokemon,other,,
0x0166BD9D,Papilord,8,3,11,pokemon,other,,
0x0166BDA6,  Apitrini,10,3,13,pokemon,other,,
0x0166BDB1,  Apireine,10,3,13,pokemon,other,,
0x0166BDBC,  Pachirisu,11,2,13,pokemon,other,,
0x0166BDD9,flott,5,1,6,pokemon,other,,
0x0166BDDF,Ceribou,7,4,11,pokemon,other,,
0x0166BDE7,   Ceriflor,11,3,14,pokemon,other,,
0x0166BDF3,  Sancoki,9,4,13,pokemon,other,,
0x0166BDFD,   Tritosor,11,3,14,pokemon,other,,
0x0166BE09,  Capidextre,12,1,13,pokemon,other,,
0x0166BE16,Baudrive,8,3,11,pokemon,other,,
0x0166BE1F,  Grodrive,10,3,13,pokemon,other,,
0x0166BE2A,  Laporeille,12,1,13,pokemon,other,,
0x0166BE37,Lockpin,7,4,11,pokemon,other,,
0x0166BE4B,  Corboss,9,4,13,pokemon,other,,
0x0166BE55,   Chaglam,10,4,14,pokemon,other,,
0x0166BE60,   Chaffreux,12,2,14,pokemon,other,,
0x0166BE6D, Korillon,9,3,12,pokemon,other,,
0x0166BE77,  Moufouette,12,1,13,pokemon,other,,
0x0166BE84,Moufflair,9,2,11,pokemon,other,,
0x0166BE94,omire,5,1,6,pokemon,other,,
0x0166BE9F,odong,5,1,6,pokemon,other,,
0x0166BEAC,    Mime Jr.,12,3,15,pokemon,other,,
0x0166BEB9,  Ptiravi,9,4,13,pokemon,other,,
0x0166BEC3,   Pijako,9,5,14,pokemon,other,,
0x0166BECD,    Spiritomb,13,2,15,pokemon,other,,
0x0166BEDB, Griknot,8,4,12,pokemon,other,,
0x0166BEE4,   Carmache,11,3,14,pokemon,other,,
0x0166BEF0,  Carchacrok,12,1,13,pokemon,other,,
0x0166BEFD,Goinfrex,8,3,11,pokemon,other,,
0x0166BF06,  Riolu,7,6,13,pokemon,other,,
0x0166BF0E,     Lucario,12,4,16,pokemon,other,,
0x0166BF1B,   Hippopotas,13,1,14,pokemon,other,,
0x0166BF29,Hippodocus,10,1,11,pokemon,other,,
0x0166BF34,Rapion,6,5,11,pokemon,other,,
0x0166BF3B,    Drascore,12,3,15,pokemon,other,,
0x0166BF48,  Cradopaud,11,2,13,pokemon,other,,
0x0166BF54, Coatox,7,5,12,pokemon,other,,
0x0166BF5C,    Vortente,12,3,15,pokemon,other,,
0x0166BF6C,cayon,5,5,10,pokemon,other,,
0x0166BF7F,  Babimanta,11,2,13,pokemon,other,,
0x0166BF8B, Blizzi,7,5,12,pokemon,other,,
0x0166BF93,    Blizzaroi,13,2,15,pokemon,other,,
0x0166BFA1, Dimoret,8,4,12,pokemon,other,,
0x0166BFB2,zone,4,2,6,pokemon,other,,
0x0166BFB7, Coudlangue,11,1,12,pokemon,other,,
0x0166BFC3,Rhinastoc,9,2,11,pokemon,other,,
0x0166BFCD, Bouldeneu,10,2,12,pokemon,other,,
0x0166BFDA,lekable,7,3,10,pokemon,other,,
0x0166BFE2,  Maganon,9,4,13,pokemon,other,,
0x0166BFEC,   Togekiss,11,3,14,pokemon,other,,
0x0166BFF8,  Yanmega,9,4,13,pokemon,other,,
0x0166C002,   Phyllali,11,3,14,pokemon,other,,
0x0166C00E,  Givrali,9,4,13,pokemon,other,,
0x0166C018,   Scorvol,10,4,14,pokemon,other,,
0x0166C023,   Mammochon,12,2,14,pokemon,other,,
0x0166C030, Porygon-Z,10,2,12,pokemon,other,,
0x0166C03B, Gallame,8,4,12,pokemon,other,,
0x0166C044,   Tarinorme,12,2,14,pokemon,other,,
0x0166C051, Noctunoir,10,2,12,pokemon,other,,
0x0166C05C, Momartik,9,3,12,pokemon,other,,
0x0166C066,  Motisma,9,4,13,pokemon,other,,
0x0166C076,helf,4,4,8,pokemon,other,,
0x0166C081,follet,6,2,8,pokemon,other,,
0x0166C08C,fadet,5,3,8,pokemon,other,,
0x0166C092,  Dialga,8,5,13,pokemon,other,,
0x0166C09B,    Palkia,10,5,15,pokemon,other,,
0x0166C0A6,    Heatran,11,4,15,pokemon,other,,
0x0166C0B2,   Regigigas,12,2,14,pokemon,other,,
0x0166C0BF, Giratina,9,3,12,pokemon,other,,
0x0166C0C9,  Cresselia,11,2,13,pokemon,other,,
0x0166C0D5, Phione,7,5,12,pokemon,other,,
0x0166C0DD,    Manaphy,11,4,15,pokemon,other,,
0x0166C0E9,   Darkrai,10,4,14,pokemon,other,,
0x0166C0F4,   Shaymin,10,4,14,pokemon,other,,
0x0166C0FF,   Arceus,9,5,14,pokemon,other,,
0x0166C109,    Victini,11,4,15,pokemon,other,,
0x0166C11C,lierre,6,1,7,pokemon,other,,
0x0166C123,Lianaja,7,4,11,pokemon,other,,
0x0166C12B,   Majaspic,11,3,14,pokemon,other,,
0x0166C137,  Gruikui,9,4,13,pokemon,other,,
0x0166C141,   Grotichon,12,2,14,pokemon,other,,
0x0166C14E, Roitiflam,10,2,12,pokemon,other,,
0x0166C159, Moustillon,11,1,12,pokemon,other,,
0x0166C165,Mateloutre,10,1,11,pokemon,other,,
0x0166C170,Clamiral,8,3,11,pokemon,other,,
0x0166C179,  Ratentif,10,3,13,pokemon,other,,
0x0166C184,  Miradar,9,4,13,pokemon,other,,
0x0166C18E,   Ponchiot,11,3,14,pokemon,other,,
0x0166C19A,  Ponchien,10,3,13,pokemon,other,,
0x0166C1A5,  Mastouffe,11,2,13,pokemon,other,,
0x0166C1B1, Chacripan,10,2,12,pokemon,other,,
0x0166C1BF,opardus,7,2,9,pokemon,other,,
0x0166C1C7, Feuillajou,11,1,12,pokemon,other,,
0x0166C1D3,Feuiloutan,10,1,11,pokemon,other,,
0x0166C1DE,Flamajou,8,3,11,pokemon,other,,
0x0166C1E7,  Flamoutan,11,2,13,pokemon,other,,
0x0166C1F3, Flotajou,9,3,12,pokemon,other,,
0x0166C1FD,  Flotoutan,11,2,13,pokemon,other,,
0x0166C209, Munna,6,6,12,pokemon,other,,
0x0166C210,     Mushana,12,4,16,pokemon,other,,
0x0166C21D,   Poichigeon,13,1,14,pokemon,other,,
0x0166C22B,Colombeau,9,2,11,pokemon,other,,
0x0166C238,flaisan,7,2,9,pokemon,other,,
0x0166C243,bibron,6,3,9,pokemon,other,,
0x0166C24E,blitz,5,4,9,pokemon,other,,
0x0166C254,   Nodulithe,12,2,14,pokemon,other,,
0x0166C264,olithe,6,3,9,pokemon,other,,
0x0166C26B,  Gigalithe,11,2,13,pokemon,other,,
0x0166C277, Chovsourir,11,1,12,pokemon,other,,
0x0166C283,Rhinolove,9,2,11,pokemon,other,,
0x0166C28D, Rototaupe,10,2,12,pokemon,other,,
0x0166C298, Minotaupe,10,2,12,pokemon,other,,
0x0166C2AE, Charpenti,10,2,12,pokemon,other,,
0x0166C2B9, Ouvrifier,10,2,12,pokemon,other,,
0x0166C2C7,tochef,6,3,9,pokemon,other,,
0x0166C2CE,  Tritonde,10,3,13,pokemon,other,,
0x0166C2E4,  Crapustule,12,1,13,pokemon,other,,
0x0166C2F1,Judokrak,8,3,11,pokemon,other,,
0x0166C305,  Larveyette,12,1,13,pokemon,other,,
0x0166C312,Couverdure,10,1,11,pokemon,other,,
0x0166C31D,Manternel,9,2,11,pokemon,other,,
0x0166C327, Venipatte,10,2,12,pokemon,other,,
0x0166C332, Scobolide,10,2,12,pokemon,other,,
0x0166C33D, Brutapode,10,2,12,pokemon,other,,
0x0166C348, Doudouvet,10,2,12,pokemon,other,,
0x0166C353, Farfaduvet,11,1,12,pokemon,other,,
0x0166C35F,Chlorobule,10,1,11,pokemon,other,,
0x0166C36A,Fragilady,9,2,11,pokemon,other,,
0x0166C374, Bargantua,10,2,12,pokemon,other,,
0x0166C38A, Escroco,8,4,12,pokemon,other,,
0x0166C393,   Crocorible,13,1,14,pokemon,other,,
0x0166C3A1,Darumarond,10,1,11,pokemon,other,,
0x0166C3AC,Darumacho,9,2,11,pokemon,other,,
0x0166C3B6, Maracachi,10,2,12,pokemon,other,,
0x0166C3C1, Crabicoque,11,1,12,pokemon,other,,
0x0166C3CD,Crabaraque,10,1,11,pokemon,other,,
0x0166C3D8,Baggiguane,10,1,11,pokemon,other,,
0x0166C3F7,  Tutafeh,9,4,13,pokemon,other,,
0x0166C401,   Tutankafer,13,1,14,pokemon,other,,
0x0166C40F,Carapagos,9,2,11,pokemon,other,,
0x0166C41C,gapagos,7,2,9,pokemon,other,,
0x0166C429,apti,4,3,7,pokemon,other,,
0x0166C43B,Miamiasme,9,2,11,pokemon,other,,
0x0166C445, Miasmax,8,4,12,pokemon,other,,
0x0166C44E,   Zorua,8,6,14,pokemon,other,,
0x0166C457,     Zoroark,12,4,16,pokemon,other,,
0x0166C464,   Chinchidou,13,1,14,pokemon,other,,
0x0166C472,Pashmilla,9,2,11,pokemon,other,,
0x0166C47C, Scrutella,10,2,12,pokemon,other,,
0x0166C48D,rella,5,1,6,pokemon,other,,
0x0166C497,rella,5,2,7,pokemon,other,,
0x0166C4AF,     Symbios,12,4,16,pokemon,other,,
0x0166C4BC,   Couaneton,12,2,14,pokemon,other,,
0x0166C4CF,cygne,5,1,6,pokemon,other,,
0x0166C4DD,   Sorboul,10,4,14,pokemon,other,,
0x0166C4E8,   Sorbouboul,13,1,14,pokemon,other,,
0x0166C4F6,Vivaldaim,9,2,11,pokemon,other,,
0x0166C500, Haydaim,8,4,12,pokemon,other,,
0x0166C509,   Emolga,9,5,14,pokemon,other,,
0x0166C513,    Carabing,12,3,15,pokemon,other,,
0x0166C526,argot,5,2,7,pokemon,other,,
0x0166C52C, Trompignon,11,1,12,pokemon,other,,
0x0166C538,Gaulet,6,5,11,pokemon,other,,
0x0166C53F,    Viskuse,11,4,15,pokemon,other,,
0x0166C54B,   Moyade,9,5,14,pokemon,other,,
0x0166C555,    Mamanbo,11,4,15,pokemon,other,,
0x0166C561,   Statitik,11,3,14,pokemon,other,,
0x0166C56D,  Mygavolt,10,3,13,pokemon,dialogue,,
0x0166C578,  Grindur,9,4,13,pokemon,other,,
0x0166C582,   Noacier,10,4,14,pokemon,other,,
0x0166C58D,   Tic,6,8,14,pokemon,other,,
0x0166C594,       Clic,11,7,18,pokemon,other,,
0x0166C5A0,      Cliticlic,15,2,17,pokemon,other,,
0x0166C5B0, Anchwatt,9,3,12,pokemon,other,,
0x0166C5C1,roie,4,2,6,pokemon,other,,
0x0166C5C6, Ohmassacre,11,1,12,pokemon,other,,
0x0166C5D2,Lewsor,6,5,11,pokemon,other,,
0x0166C5D9,    Neitram,11,4,15,pokemon,other,,
0x0166C5EC,cire,4,3,7,pokemon,other,,
0x0166C5F5,lancolux,8,1,9,pokemon,other,,
0x0166C5FE,Lugulabre,9,2,11,pokemon,other,,
0x0166C608, Coupenotte,11,1,12,pokemon,other,,
0x0166C614,Incisache,9,2,11,pokemon,other,,
0x0166C61E, Tranchodon,11,1,12,pokemon,other,,
0x0166C62A,Polarhume,9,2,11,pokemon,other,,
0x0166C634, Polagriffe,11,1,12,pokemon,other,,
0x0166C640,Hexagel,7,4,11,pokemon,other,,
0x0166C648,   Escargaume,13,1,14,pokemon,other,,
0x0166C656,Limaspeed,9,2,11,pokemon,other,,
0x0166C660, Limonde,8,4,12,pokemon,other,,
0x0166C669,   Kungfouine,13,1,14,pokemon,other,,
0x0166C677,Shaofouine,10,1,11,pokemon,other,,
0x0166C682,Drakkarmin,10,1,11,pokemon,other,,
0x0166C68D,Gringolem,9,2,11,pokemon,other,,
0x0166C697, Golemastoc,11,1,12,pokemon,other,,
0x0166C6A3,Scalpion,8,3,11,pokemon,other,,
0x0166C6AC,  Scalproie,11,2,13,pokemon,other,,
0x0166C6B8, Frison,7,5,12,pokemon,other,,
0x0166C6C0,    Furaiglon,13,2,15,pokemon,other,,
0x0166C6CE, Gueriaigle,11,1,12,pokemon,other,,
0x0166C6DA,Vostourno,9,2,11,pokemon,other,,
0x0166C6E4, Vaututrice,11,1,12,pokemon,other,,
0x0166C6F0,Aflamanoir,10,1,11,pokemon,other,,
0x0166C6FB,Fermite,7,4,11,pokemon,other,,
0x0166C703,   Solochi,10,4,14,pokemon,other,,
0x0166C70E,   Diamat,9,5,14,pokemon,other,,
0x0166C718,    Trioxhydre,14,1,15,pokemon,other,,
0x0166C727,Pyronille,9,2,11,pokemon,other,,
0x0166C731, Pyrax,6,6,12,pokemon,other,,
0x0166C738,     Cobaltium,14,2,16,pokemon,other,,
0x0166C747, Terrakium,10,2,12,pokemon,other,,
0x0166C752, Viridium,9,3,12,pokemon,other,,
0x0166C765,    Fulguris,12,3,15,pokemon,other,,
0x0166C772,  Reshiram,10,3,13,pokemon,other,,
0x0166C77D,  Zekrom,8,5,13,pokemon,other,,
0x0166C794, Kyurem,7,5,12,pokemon,other,,
0x0166C79C,    Keldeo,10,5,15,pokemon,other,,
0x0166C7A7,    Meloetta,12,3,15,pokemon,other,,
0x0166C7B4,  Genesect,10,3,13,pokemon,other,,
0x0166C7C3,flaisan,7,2,9,pokemon,other,,
0x0166C7CB, Viskuse,8,4,12,pokemon,other,,
0x0166C7D4,   Moyade,9,5,14,pokemon,other,,
0x0166C7DE,    Warrior,11,4,15,pokemon,other,,
0x0166C7EA,   Cheniti,10,4,14,pokemon,other,,
0x0166C7F5,   Cheniti,10,4,14,pokemon,other,,
0x0166C800,   Cheniselle,13,1,14,pokemon,other,,
0x0166C80E,Cheniselle,10,1,11,pokemon,other,,
0x0166C819,Sancoki,7,4,11,pokemon,other,,
0x0166C821,   Tritosor,11,3,14,pokemon,other,,
0x0166C82D,  Motisma,9,4,13,pokemon,other,,
0x0166C837,   Motisma,10,4,14,pokemon,other,,
0x0166C842,   Motisma,10,4,14,pokemon,other,,
0x0166C84D,   Motisma,10,4,14,pokemon,other,,
0x0166C858,   Motisma,10,4,14,pokemon,other,,
0x0166C863,   Giratina,11,3,14,pokemon,other,,
0x0166C86F,  Shaymin,9,4,13,pokemon,other,,
0x0166C879,   Arceus,9,5,14,pokemon,other,,
0x0166C883,    Arceus,10,5,15,pokemon,other,,
0x0166C88E,    Arceus,10,5,15,pokemon,other,,
0x0166C899,    Arceus,10,5,15,pokemon,other,,
0x0166C8A4,    Arceus,10,5,15,pokemon,other,,
0x0166C8AF,    Arceus,10,5,15,pokemon,other,,
0x0166C8BA,    Arceus,10,5,15,pokemon,other,,
0x0166C8C5,    Arceus,10,5,15,pokemon,other,,
0x0166C8D0,    Arceus,10,5,15,pokemon,other,,
0x0166C8DB,    Arceus,10,5,15,pokemon,other,,
0x0166C8E6,    Arceus,10,5,15,pokemon,other,,
0x0166C8F1,    Arceus,10,5,15,pokemon,other,,
0x0166C8FC,    Arceus,10,5,15,pokemon,other,,
0x0166C907,    Arceus,10,5,15,pokemon,other,,
0x0166C912,    Arceus,10,5,15,pokemon,other,,
0x0166C91D,    Arceus,10,5,15,pokemon,other,,
0x0166C928,    Bargantua,13,2,15,pokemon,other,,
0x0166C936, Darumacho,10,2,12,pokemon,other,,
0x0166C941, Vivaldaim,10,2,12,pokemon,other,,
0x0166C94C, Vivaldaim,10,2,12,pokemon,other,,
0x0166C957, Vivaldaim,10,2,12,pokemon,other,,
0x0166C962, Haydaim,8,4,12,pokemon,other,,
0x0166C96B,   Haydaim,10,4,14,pokemon,other,,
0x0166C976,   Haydaim,10,4,14,pokemon,other,,
0x0166C981,   Hippopotas,13,1,14,pokemon,other,,
0x0166C98F,Hippodocus,10,1,11,pokemon,other,,
0x0166C9A3,  Genesect,10,3,13,pokemon,other,,
0x0166C9AE,  Genesect,10,3,13,pokemon,other,,
0x0166C9B9,  Genesect,10,3,13,pokemon,other,,
0x0166C9C4,  Genesect,10,3,13,pokemon,other,,
0x0166C9CF,  Ceriflor,10,3,13,pokemon,other,,
0x0166C9DA,  Kyurem,8,5,13,pokemon,other,,
0x0166C9E3,    Kyurem,10,5,15,pokemon,other,,
0x0166C9F9,    Fulguris,12,3,15,pokemon,other,,
0x0166CA12, Keldeo,7,5,12,pokemon,other,,
0x0166CA1A,    Marisson,12,3,15,pokemon,other,,
0x0166CA2E,risse,5,1,6,pokemon,other,,
0x0166CA3A,piqu,4,1,5,pokemon,other,,
0x0166CA3F,Feunnec,7,4,11,pokemon,other,,
0x0166CA47,   Roussil,10,4,14,pokemon,other,,
0x0166CA52,   Goupelin,11,3,14,pokemon,other,,
0x0166CA5E,  Grenousse,11,2,13,pokemon,other,,
0x0166CA6F,poral,5,2,7,pokemon,other,,
0x0166CA75, Amphinobi,10,2,12,pokemon,other,,
0x0166CA80, Sapereau,9,3,12,pokemon,other,,
0x0166CA8A,  Excavarenn,12,1,13,pokemon,other,,
0x0166CA97,Passerouge,10,1,11,pokemon,other,,
0x0166CAA2,Braisillon,10,1,11,pokemon,other,,
0x0166CAAD,Flambusard,10,1,11,pokemon,other,,
0x0166CABA,pidonill,8,1,9,pokemon,other,,
0x0166CAC7,grain,5,2,7,pokemon,other,,
0x0166CACD, Prismillon,11,1,12,pokemon,other,,
0x0166CADB,lionceau,8,1,9,pokemon,other,,
0x0166CAE8,lios,4,3,7,pokemon,other,,
0x0166CAF7,   Floette,10,4,14,pokemon,other,,
0x0166CB02,   Florges,10,4,14,pokemon,other,,
0x0166CB0D,   Cabriolain,13,1,14,pokemon,other,,
0x0166CB1B,Chevroum,8,3,11,pokemon,other,,
0x0166CB31,Pandarbare,10,1,11,pokemon,other,,
0x0166CB3C,Couafarel,9,2,11,pokemon,other,,
0x0166CB46, Psystigri,10,2,12,pokemon,other,,
0x0166CB51, Mistigrix,10,2,12,pokemon,other,,
0x0166CB5C, Monorpale,10,2,12,pokemon,other,,
0x0166CB71,  Exagide,9,4,13,pokemon,other,,
0x0166CB7B,   Fluvetin,11,3,14,pokemon,other,,
0x0166CB87,  Cocotine,10,3,13,pokemon,other,,
0x0166CB92,  Sucroquin,11,2,13,pokemon,other,,
0x0166CB9E, Cupcanaill,11,1,12,pokemon,other,,
0x0166CBAA,Sepiatop,8,3,11,pokemon,other,,
0x0166CBB3,  Sepiatroce,12,1,13,pokemon,other,,
0x0166CBC0,Opermine,8,3,11,pokemon,other,,
0x0166CBC9,  Golgopathe,12,1,13,pokemon,other,,
0x0166CBD6,Venalgue,8,3,11,pokemon,other,,
0x0166CBDF,  Kravarech,11,2,13,pokemon,other,,
0x0166CBEB, Flingouste,11,1,12,pokemon,other,,
0x0166CBF7,Gamblast,8,3,11,pokemon,other,,
0x0166CC00,  Galvaran,10,3,13,pokemon,other,,
0x0166CC0B,  Iguolta,9,4,13,pokemon,other,,
0x0166CC15,   Ptyranidur,13,1,14,pokemon,other,,
0x0166CC23,Rexillius,9,2,11,pokemon,other,,
0x0166CC2D, Amagara,8,4,12,pokemon,other,,
0x0166CC36,   Dragmara,11,3,14,pokemon,other,,
0x0166CC42,  Nymphali,10,3,13,pokemon,other,,
0x0166CC62,   Strassie,11,3,14,pokemon,other,,
0x0166CC6E,  Mucuscule,11,2,13,pokemon,other,,
0x0166CC7A, Colimucus,10,2,12,pokemon,other,,
0x0166CC85, Muplodocus,11,1,12,pokemon,other,,
0x0166CC91,Trousselin,10,1,11,pokemon,other,,
0x0166CCAC,liand,5,1,6,pokemon,other,,
0x0166CCB2,Pitrouille,10,1,11,pokemon,other,,
0x0166CCBD,Banshitrou,10,1,11,pokemon,other,,
0x0166CCD5,racrawl,7,2,9,pokemon,other,,
0x0166CCDD, Sonistrell,11,1,12,pokemon,other,,
0x0166CCE9,Bruyverne,9,2,11,pokemon,other,,
0x0166CCF3, Xerneas,8,4,12,pokemon,other,,
0x0166CCFC,   Yveltal,10,4,14,pokemon,other,,
0x0166CD07,   Zygarde,10,4,14,pokemon,other,,
0x0166CD12,   Diancie,10,4,14,pokemon,other,,
0x0166CD1D,   Hoopa,8,6,14,pokemon,other,,
0x0166CD26,     Hoopa,10,6,16,pokemon,other,,
0x0166CD31,     Volcanion,14,2,16,pokemon,other,,
0x0166CD45,lios,4,3,7,pokemon,other,,
0x0166CD4A,  Mistigrix,11,2,13,pokemon,other,,
0x0166CD56, Exagide,8,4,12,pokemon,other,,
0x0166CD5F,   Arceus,9,5,14,pokemon,other,,
0x0166CD69,    Zygarde,11,4,15,pokemon,other,,
0x0166CD75,   Zygarde,10,4,14,pokemon,other,,
0x0166CD80,   Zygarde,10,4,14,pokemon,other,,
0x0166CD8B,   Zygarde,10,4,14,pokemon,other,,
0x0166CD96,   Amphinobi,12,2,14,pokemon,other,,
0x0166CDCD,   Floette,10,4,14,pokemon,other,,
0x0166CDD8,   Floette,10,4,14,pokemon,other,,
0x0166CDE3,   Floette,10,4,14,pokemon,other,,
0x0166CDEE,   Floette,10,4,14,pokemon,other,,
0x0166CDF9,   Floette,10,4,14,pokemon,other,,
0x0166CE04,   Florges,10,4,14,pokemon,other,,
0x0166CE0F,   Florges,10,4,14,pokemon,other,,
0x0166CE1A,   Florges,10,4,14,pokemon,other,,
0x0166CE25,   Florges,10,4,14,pokemon,other,,
0x0166CE30,   Pitrouille,13,1,14,pokemon,other,,
0x0166CE3E,Pitrouille,10,1,11,pokemon,other,,
0x0166CE49,Pitrouille,10,1,11,pokemon,other,,
0x0166CE54,Banshitrou,10,1,11,pokemon,other,,
0x0166CE5F,Banshitrou,10,1,11,pokemon,other,,
0x0166CE6A,Banshitrou,10,1,11,pokemon,other,,
0x0166CE75,Couafarel,9,2,11,pokemon,other,,
0x0166CE7F, Couafarel,10,2,12,pokemon,other,,
0x0166CE8A, Couafarel,10,2,12,pokemon,other,,
0x0166CE95, Couafarel,10,2,12,pokemon,other,,
0x0166CEA0, Couafarel,10,2,12,pokemon,other,,
0x0166CEAB, Couafarel,10,2,12,pokemon,other,,
0x0166CEB6, Couafarel,10,2,12,pokemon,other,,
0x0166CEC1, Couafarel,10,2,12,pokemon,other,,
0x0166CECC, Couafarel,10,2,12,pokemon,other,,
0x0166CED7, Prismillon,11,1,12,pokemon,other,,
0x0166CEE3,Florizarre,10,1,11,pokemon,other,,
0x0166CEEE,Dracaufeu,9,2,11,pokemon,other,,
0x0166CEF8, Dracaufeu,10,2,12,pokemon,other,,
0x0166CF03, Tortank,8,4,12,pokemon,other,,
0x0166CF0C,   Dardargnan,13,1,14,pokemon,other,,
0x0166CF1A,Roucarnage,10,1,11,pokemon,other,,
0x0166CF2E,  Flagadoss,11,2,13,pokemon,other,,
0x0166CF3A, Ectoplasma,11,1,12,pokemon,other,,
0x0166CF46,Kangourex,9,2,11,pokemon,other,,
0x0166CF50, Scarabrute,11,1,12,pokemon,other,,
0x0166CF5E,viator,6,3,9,pokemon,other,,
0x0166CF6D,     Mewtwo,11,5,16,pokemon,other,,
0x0166CF79,    Mewtwo,10,5,15,pokemon,other,,
0x0166CF84,    Pharamp,11,4,15,pokemon,other,,
0x0166CF90,   Steelix,10,4,14,pokemon,other,,
0x0166CF9B,   Cizayox,10,4,14,pokemon,other,,
0x0166CFA6,   Scarhino,11,3,14,pokemon,other,,
0x0166CFB6,molosse,7,2,9,pokemon,other,,
0x0166CFBE, Tyranocif,10,2,12,pokemon,other,,
0x0166CFC9, Jungko,7,5,12,pokemon,other,,
0x0166CFDA,gali,4,2,6,pokemon,other,,
0x0166CFDF, Laggron,8,4,12,pokemon,other,,
0x0166CFE8,   Gardevoir,12,2,14,pokemon,other,,
0x0166CFFE,   Mysdibule,12,2,14,pokemon,dialogue,,
0x0166D00B, Galeking,9,3,12,pokemon,other,,
0x0166D015,  Charmina,10,3,13,pokemon,other,,
0x0166D023,lecsprint,9,1,10,pokemon,other,,
0x0166D03C,rupt,4,3,7,pokemon,other,,
0x0166D041,  Altaria,9,4,13,pokemon,other,,
0x0166D04B,   Branette,11,3,14,pokemon,other,,
0x0166D057,  Absol,7,6,13,pokemon,other,,
0x0166D05F,     Oniglali,13,3,16,pokemon,other,,
0x0166D06D,  Drattak,9,4,13,pokemon,other,,
0x0166D07C,talosse,7,2,9,pokemon,other,,
0x0166D084, Latias,7,5,12,pokemon,other,,
0x0166D08C,    Latios,10,5,15,pokemon,other,,
0x0166D097,    Groudon,11,4,15,pokemon,other,,
0x0166D0A3,   Kyogre,9,5,14,pokemon,other,,
0x0166D0AD,    Rayquaza,12,3,15,pokemon,other,,
0x0166D0BA,  Lockpin,9,4,13,pokemon,other,,
0x0166D0C4,   Carchacrok,13,1,14,pokemon,other,,
0x0166D0DA,   Blizzaroi,12,2,14,pokemon,other,,
0x0166D0E7, Gallame,8,4,12,pokemon,other,,
0x0166D0FD, Diancie,8,4,12,pokemon,other,,
0x0166D106,   Dialga,9,5,14,pokemon,other,,
0x0166D110,    Palkia,10,5,15,pokemon,other,,
0x0166D11B,    Prismillon,14,1,15,pokemon,other,,
0x0166D12A,Prismillon,10,1,11,pokemon,other,,
0x0166D135,Prismillon,10,1,11,pokemon,other,,
0x0166D140,Prismillon,10,1,11,pokemon,other,,
0x0166D14B,Prismillon,10,1,11,pokemon,other,,
0x0166D156,Prismillon,10,1,11,pokemon,other,,
0x0166D161,Prismillon,10,1,11,pokemon,other,,
0x0166D16C,Prismillon,10,1,11,pokemon,other,,
0x0166D177,Prismillon,10,1,11,pokemon,other,,
0x0166D182,Prismillon,10,1,11,pokemon,other,,
0x0166D18D,Prismillon,10,1,11,pokemon,other,,
0x0166D198,Prismillon,10,1,11,pokemon,other,,
0x0166D1A3,Prismillon,10,1,11,pokemon,other,,
0x0166D1AE,Prismillon,10,1,11,pokemon,other,,
0x0166D1B9,Prismillon,10,1,11,pokemon,other,,
0x0166D1C4,Prismillon,10,1,11,pokemon,other,,
0x0166D1CF,Prismillon,10,1,11,pokemon,other,,
0x0166D1DA,Prismillon,10,1,11,pokemon,other,,
0x0166D1E5,Brindibou,9,2,11,pokemon,other,,
0x0166D204,  Flamiaou,10,3,13,pokemon,other,,
0x0166D20F,  Matoufeu,10,3,13,pokemon,other,,
0x0166D21E,linferno,8,1,9,pokemon,other,,
0x0166D227,Otaquin,7,4,11,pokemon,other,,
0x0166D22F,   Otarlette,12,2,14,pokemon,other,,
0x0166D23C, Oratoria,9,3,12,pokemon,other,,
0x0166D246,  Picassaut,11,2,13,pokemon,other,,
0x0166D252, Piclairon,10,2,12,pokemon,other,,
0x0166D25D, Bazoucan,9,3,12,pokemon,other,,
0x0166D267,  Manglouton,12,1,13,pokemon,other,,
0x0166D274,Argouste,8,3,11,pokemon,other,,
0x0166D27D,  Larvibule,11,2,13,pokemon,other,,
0x0166D289, Chrysapile,11,1,12,pokemon,other,,
0x0166D295,Lucanon,7,4,11,pokemon,other,,
0x0166D29D,   Crabagarre,13,1,14,pokemon,other,,
0x0166D2AB,Crabominab,10,1,11,pokemon,other,,
0x0166D2B6,Plumeline,9,2,11,pokemon,other,,
0x0166D2C0, Bombydou,9,3,12,pokemon,other,,
0x0166D2CA,  Rubombelle,12,1,13,pokemon,other,,
0x0166D2D7,Rocabot,7,4,11,pokemon,other,,
0x0166D2DF,   Lougaroc,11,3,14,pokemon,other,,
0x0166D2EB,  Froussardn,12,1,13,pokemon,other,,
0x0166D30E,Tiboudet,8,3,11,pokemon,other,,
0x0166D317,  Bourrinos,11,2,13,pokemon,other,,
0x0166D323, Araqua,7,5,12,pokemon,other,,
0x0166D32B,    Tarenbulle,14,1,15,pokemon,other,,
0x0166D33A,Mimantis,8,3,11,pokemon,other,,
0x0166D343,  Floramanti,12,1,13,pokemon,other,,
0x0166D350,Spododo,7,4,11,pokemon,other,,
0x0166D358,   Lampignon,12,2,14,pokemon,other,,
0x0166D365, Tritox,7,5,12,pokemon,other,,
0x0166D36D,    Malamandre,14,1,15,pokemon,other,,
0x0166D37C,Nounourson,10,1,11,pokemon,other,,
0x0166D387,Chelours,8,3,11,pokemon,other,,
0x0166D390,  Croquine,10,3,13,pokemon,other,,
0x0166D39B,  Candine,9,4,13,pokemon,other,,
0x0166D3A5,   Sucreine,11,3,14,pokemon,other,,
0x0166D3B6,rilande,7,1,8,pokemon,other,,
0x0166D3BE,Gouroutan,9,2,11,pokemon,other,,
0x0166D3C8, Quartermac,11,1,12,pokemon,other,,
0x0166D3D4,Sovkipou,8,3,11,pokemon,other,,
0x0166D3E8,  Bacabouh,10,3,13,pokemon,other,,
0x0166D3F8,passabl,7,1,8,pokemon,other,,
0x0166D400,Concombaff,10,1,11,pokemon,other,,
0x0166D428,    Dodoala,11,4,15,pokemon,other,,
0x0166D434,   Boumata,10,4,14,pokemon,other,,
0x0166D43F,   Togedemaru,13,1,14,pokemon,other,,
0x0166D44D,Mimiqui,7,4,11,pokemon,other,,
0x0166D455,   Denticriss,13,1,14,pokemon,other,,
0x0166D46B,   Sinistrail,13,1,14,pokemon,other,,
0x0166D47D,caille,6,1,7,pokemon,other,,
0x0166D497,   Tokorico,11,3,14,pokemon,other,,
0x0166D4A3,  Tokopiyon,11,2,13,pokemon,other,,
0x0166D4AF, Tokotoro,9,3,12,pokemon,other,,
0x0166D4B9,  Tokopisco,11,2,13,pokemon,other,,
0x0166D4C5, Cosmog,7,5,12,pokemon,other,,
0x0166D4CD,    Cosmovum,12,3,15,pokemon,other,,
0x0166D4DA,  Solgaleo,10,3,13,pokemon,other,,
0x0166D4E5,  Lunala,8,5,13,pokemon,other,,
0x0166D4F9,    Mouscoto,12,3,15,pokemon,other,,
0x0166D506,  Cancrelove,12,1,13,pokemon,other,,
0x0166D51D, Bamboisell,11,1,12,pokemon,other,,
0x0166D529,Katagami,8,3,11,pokemon,other,,
0x0166D532,  Engloutyra,12,1,13,pokemon,other,,
0x0166D548,  Magearna,10,3,13,pokemon,other,,
0x0166D553,  Marshadow,11,2,13,pokemon,other,,
0x0166D55F, Rattata,8,4,12,pokemon,other,,
0x0166D568,   Rattatac,11,3,14,pokemon,other,,
0x0166D574,  Raichu,8,5,13,pokemon,other,,
0x0166D57D,    Sabelette,13,2,15,pokemon,other,,
0x0166D58B, Sablaireau,11,1,12,pokemon,other,,
0x0166D597,Goupix,6,5,11,pokemon,other,,
0x0166D59E,    Feunard,11,4,15,pokemon,other,,
0x0166D5AA,   Taupiqueur,13,1,14,pokemon,other,,
0x0166D5B8,Triopikeur,10,1,11,pokemon,other,,
0x0166D5C3,Miaouss,7,4,11,pokemon,other,,
0x0166D5CB,   Persian,10,4,14,pokemon,other,,
0x0166D5D6,   Racaillou,12,2,14,pokemon,other,,
0x0166D5E3, Gravalanch,11,1,12,pokemon,other,,
0x0166D5EF,Grolem,6,5,11,pokemon,other,,
0x0166D5F6,    Tadmorv,11,4,15,pokemon,other,,
0x0166D602,   Grotadmorv,13,1,14,pokemon,other,,
0x0166D610,Noeunoeuf,9,2,11,pokemon,other,,
0x0166D61A, Noadkoko,9,3,12,pokemon,other,,
0x0166D624,  Osselait,10,3,13,pokemon,other,,
0x0166D62F,  Ossatueur,11,2,13,pokemon,other,,
0x0166D63B, Deoxys,7,5,12,pokemon,other,,
0x0166D643,    Deoxys,10,5,15,pokemon,other,,
0x0166D64E,    Deoxys,10,5,15,pokemon,other,,
0x0166D659,    Plumeline,13,2,15,pokemon,other,,
0x0166D667, Plumeline,10,2,12,pokemon,other,,
0x0166D672, Plumeline,10,2,12,pokemon,other,,
0x0166D67D, Lougaroc,9,3,12,pokemon,other,,
0x0166D687,  Froussardn,12,1,13,pokemon,other,,
0x0166D798,    Mimiqui,11,4,15,pokemon,other,,
0x0166D7A4,   Magearna,11,3,14,pokemon,other,,
0x0166D7B4,mini,4,5,9,pokemon,other,,
0x0166D7B9,    Mandrillon,14,1,15,pokemon,other,,
0x0166D7C8,Ama-Ama,7,4,11,pokemon,other,,
0x0166D7D0,   Pierrotekn,13,1,14,pokemon,other,,
0x0166D7E6,   Necrozma,11,3,14,pokemon,other,,
0x0166D7F2,  Necrozma,10,3,13,pokemon,other,,
0x0166D7FD,  Necrozma,10,3,13,pokemon,other,,
0x0166D808,  Lougaroc,10,3,13,pokemon,other,,
0x0166D813,  Meltan,8,5,13,pokemon,other,,
0x0166D81C,    Melmetal,12,3,15,pokemon,other,,
0x0166D829,  Pikachu,9,4,13,pokemon,other,,
0x0166D833,   Pikachu,10,4,14,pokemon,other,,
0x0166D83E,   Pikachu,10,4,14,pokemon,other,,
0x0166D849,   Pikachu,10,4,14,pokemon,other,,
0x0166D854,   Pikachu,10,4,14,pokemon,other,,
0x0166D85F,   Pikachu,10,4,14,pokemon,other,,
0x0166D86A,   Pikachu,10,4,14,pokemon,other,,
0x0166D875,   Pikachu,10,4,14,pokemon,other,,
0x0166D880,   Pikachu,10,4,14,pokemon,other,,
0x0166D88B,   Pikachu,10,4,14,pokemon,other,,
0x0166D896,   Pikachu,10,4,14,pokemon,other,,
0x0166D8A1,   Pikachu,10,4,14,pokemon,other,,
0x0166D8AC,   Pikachu,10,4,14,pokemon,other,,
0x0166D8B7,   Pikachu,10,4,14,pokemon,other,,
0x0166D8C2,   Pikachu,10,4,14,pokemon,other,,
0x0166D8CD,   Pichu,8,6,14,pokemon,other,,
0x0166D8D6,     Xerneas,12,4,16,pokemon,other,,
0x0166D8E3,   Ouistempo,12,2,14,pokemon,other,,
0x0166D8F0, Badabouin,10,2,12,pokemon,other,,
0x0166D8FB, Gorythmic,10,2,12,pokemon,other,,
0x0166D906, Flambino,9,3,12,pokemon,other,,
0x0166D910,  Lapyro,8,5,13,pokemon,other,,
0x0166D919,    Pyrobut,11,4,15,pokemon,other,,
0x0166D932, Arrozard,9,3,12,pokemon,other,,
0x0166D940,zargus,6,3,9,pokemon,other,,
0x0166D947,  Rongourman,12,1,13,pokemon,other,,
0x0166D954,Rongrigou,9,2,11,pokemon,other,,
0x0166D95E, Minisange,10,2,12,pokemon,other,,
0x0166D969, Bleuseille,11,1,12,pokemon,other,,
0x0166D975,Corvaillus,10,1,11,pokemon,other,,
0x0166D980,Larvadar,8,3,11,pokemon,other,,
0x0166D995, Astronelle,11,1,12,pokemon,other,,
0x0166D9A1,Goupilou,8,3,11,pokemon,other,,
0x0166D9AA,  Roublenard,12,1,13,pokemon,other,,
0x0166D9B7,Tournicoto,10,1,11,pokemon,other,,
0x0166D9C2,Blancoton,9,2,11,pokemon,other,,
0x0166D9CC, Moumouton,10,2,12,pokemon,other,,
0x0166D9D7, Moumouflon,11,1,12,pokemon,other,,
0x0166D9E6,locrok,6,2,8,pokemon,other,,
0x0166D9ED, Torgamord,10,2,12,pokemon,other,,
0x0166D9F8, Voltoutou,10,2,12,pokemon,other,,
0x0166DA03, Fulgudog,9,3,12,pokemon,other,,
0x0166DA0D,  Charbi,8,5,13,pokemon,other,,
0x0166DA16,    Wagomine,12,3,15,pokemon,other,,
0x0166DA23,  Monthracit,12,1,13,pokemon,other,,
0x0166DA30,Verpom,6,5,11,pokemon,other,,
0x0166DA37,    Pomdrapi,12,3,15,pokemon,other,,
0x0166DA44,  Dratatin,10,3,13,pokemon,other,,
0x0166DA4F,  Dunaja,8,5,13,pokemon,other,,
0x0166DA58,    Dunaconda,13,2,15,pokemon,other,,
0x0166DA66, Nigosier,9,3,12,pokemon,other,,
0x0166DA70,  Embrochet,11,2,13,pokemon,other,,
0x0166DA7C, Hastacuda,10,2,12,pokemon,other,,
0x0166DA87, Toxizap,8,4,12,pokemon,other,,
0x0166DA90,   Salarsen,11,3,14,pokemon,other,,
0x0166DA9C,  Grillepatt,12,1,13,pokemon,other,,
0x0166DAA9,Scolocendr,10,1,11,pokemon,other,,
0x0166DAB4,Poulpaf,7,4,11,pokemon,other,,
0x0166DABC,   Krakos,9,5,14,pokemon,other,,
0x0166DACD,ffroi,5,3,8,pokemon,other,,
0x0166DADB,geis,4,1,5,pokemon,other,,
0x0166DAE0,Bibichut,8,3,11,pokemon,other,,
0x0166DAE9,  Chapotus,10,3,13,pokemon,other,,
0x0166DAF4,  Sorcilence,12,1,13,pokemon,other,,
0x0166DB01,Grimalin,8,3,11,pokemon,other,,
0x0166DB0A,  Fourbelin,11,2,13,pokemon,other,,
0x0166DB16, Angoliath,10,2,12,pokemon,other,,
0x0166DB21, Ixon,5,7,12,pokemon,other,,
0x0166DB27,      Berserkatt,16,1,17,pokemon,other,,
0x0166DB41,  Palarticho,12,1,13,pokemon,other,,
0x0166DB4E,M.Glaquett,10,1,11,pokemon,other,,
0x0166DB6A,     Charmilly,14,2,16,pokemon,other,,
0x0166DB79, Hexadron,9,3,12,pokemon,other,,
0x0166DB83,  Wattapik,10,3,13,pokemon,other,,
0x0166DB8E,  Frissonill,12,1,13,pokemon,other,,
0x0166DB9B,Beldeneige,10,1,11,pokemon,other,,
0x0166DBA6,Dolman,6,5,11,pokemon,other,,
0x0166DBBC,Wimessir,8,3,11,pokemon,other,,
0x0166DBC5,  Morpeko,9,4,13,pokemon,other,,
0x0166DBCF,   Charibari,12,2,14,pokemon,other,,
0x0166DBDC, Pachyradja,11,1,12,pokemon,other,,
0x0166DBE8,Galvagon,8,3,11,pokemon,other,,
0x0166DBF1,  Galvagla,10,3,13,pokemon,other,,
0x0166DBFC,  Hydragon,10,3,13,pokemon,other,,
0x0166DC07,  Hydragla,10,3,13,pokemon,other,,
0x0166DC12,  Duralugon,11,2,13,pokemon,other,,
0x0166DC1E, Fantyrm,8,4,12,pokemon,other,,
0x0166DC27,   Disparepti,13,1,14,pokemon,other,,
0x0166DC35,Lanssorien,10,1,11,pokemon,other,,
0x0166DC47,    Zamazenta,13,2,15,pokemon,other,,
0x0166DC57,thernatos,9,1,10,pokemon,other,,
0x0166DC61,Wushours,8,3,11,pokemon,other,,
0x0166DC6A,  Shifours,10,3,13,pokemon,other,,
0x0166DC75,  Zarude,8,5,13,pokemon,other,,
0x0166DC7E,    Regieleki,13,2,15,pokemon,other,,
0x0166DC8C, Regidrago,10,2,12,pokemon,other,,
0x0166DC97, Blizzeval,10,2,12,pokemon,other,,
0x0166DCA2, Spectreval,11,1,12,pokemon,other,,
0x0166DCAE,Sylveroy,8,3,11,pokemon,other,,
0x0166DCB7,  Nigosier,10,3,13,pokemon,other,,
0x0166DCC2,  Nigosier,10,3,13,pokemon,other,,
0x0166DCCD,  Salarsen,10,3,13,pokemon,other,,
0x0166DCDD,ffroi,5,3,8,pokemon,other,,
0x0166DCEB,geis,4,1,5,pokemon,other,,
0x0166DCF0,Charmilly,9,2,11,pokemon,other,,
0x0166DCFA, Charmilly,10,2,12,pokemon,other,,
0x0166DD05, Charmilly,10,2,12,pokemon,other,,
0x0166DD10, Charmilly,10,2,12,pokemon,other,,
0x0166DD1B, Charmilly,10,2,12,pokemon,other,,
0x0166DD26, Charmilly,10,2,12,pokemon,other,,
0x0166DD3D,Wimessir,8,3,11,pokemon,other,,
0x0166DD46,  Morpeko,9,4,13,pokemon,other,,
0x0166DD50,   Zacian,9,5,14,pokemon,other,,
0x0166DD5A,    Zamazenta,13,2,15,pokemon,other,,
0x0166DD6A,thernatos,9,1,10,pokemon,other,,
0x0166DD74,Shifours,8,3,11,pokemon,other,,
0x0166DD7D,  Zarude,8,5,13,pokemon,other,,
0x0166DD86,    Sylveroy,12,3,15,pokemon,other,,
0x0166DD93,  Sylveroy,10,3,13,pokemon,other,,
0x0166DD9E,  Miaouss,9,4,13,pokemon,other,,
0x0166DDA8,   Ponyta,9,5,14,pokemon,other,,
0x0166DDB2,    Galopa,10,5,15,pokemon,other,,
0x0166DDBD,    Ramoloss,12,3,15,pokemon,other,,
0x0166DDCA,  Flagadoss,11,2,13,pokemon,other,,
0x0166DDD6, Canarticho,11,1,12,pokemon,other,,
0x0166DDE2,Smogo,5,6,11,pokemon,other,,
0x0166DDE8,     Smogogo,12,4,16,pokemon,other,,
0x0166DDF5,   M. Mime,10,4,14,pokemon,other,,
0x0166DE00,   Artikodin,12,2,14,pokemon,other,,
0x0166DE0F,lecthor,7,3,10,pokemon,other,,
0x0166DE17,  Sulfura,9,4,13,pokemon,other,,
0x0166DE21,   Roigada,10,4,14,pokemon,other,,
0x0166DE2C,   Corayon,10,4,14,pokemon,other,,
0x0166DE37,   Zigzaton,11,3,14,pokemon,other,,
0x0166DE4C,    Mime Jr.,12,3,15,pokemon,other,,
0x0166DE59,  Darumarond,12,1,13,pokemon,other,,
0x0166DE66,Darumacho,9,2,11,pokemon,other,,
0x0166DE70, Darumacho,10,2,12,pokemon,other,,
0x0166DE7B, Tutafeh,8,4,12,pokemon,other,,
0x0166DE84,   Limonde,10,4,14,pokemon,other,,
0x0166DE8F,   Caninos,10,4,14,pokemon,other,,
0x0166DE9A,   Arcanin,10,4,14,pokemon,other,,
0x0166DEA5,   Voltorbe,11,3,14,pokemon,other,,
0x0166DEB4,lectrode,8,2,10,pokemon,other,,
0x0166DEBD, Typhlosion,11,1,12,pokemon,other,,
0x0166DED2,  Farfuret,10,3,13,pokemon,other,,
0x0166DEDD,  Clamiral,10,3,13,pokemon,other,,
0x0166DEE8,  Fragilady,11,2,13,pokemon,other,,
0x0166DEF4, Bargantua,10,2,12,pokemon,other,,
0x0166DEFF, Zorua,6,6,12,pokemon,other,,
0x0166DF06,     Zoroark,12,4,16,pokemon,other,,
0x0166DF13,   Gueriaigle,13,1,14,pokemon,other,,
0x0166DF21,Colimucus,9,2,11,pokemon,other,,
0x0166DF2B, Muplodocus,11,1,12,pokemon,other,,
0x0166DF39,racrawl,7,2,9,pokemon,other,,
0x0166DF4B,  Cerbyllin,11,2,13,pokemon,other,,
0x0166DF5D,cateu,5,1,6,pokemon,other,,
0x0166DF63,Ursaking,8,3,11,pokemon,other,,
0x0166DF6C,  Paragruel,11,2,13,pokemon,other,,
0x0166DF78, Paragruel,10,2,12,pokemon,other,,
0x0166DF83, Farfurex,9,3,12,pokemon,other,,
0x0166DF8D,  Qwilpik,9,4,13,pokemon,other,,
0x0166DFAE,  Florizarre,12,1,13,pokemon,other,,
0x0166DFBB,Dracaufeu,9,2,11,pokemon,other,,
0x0166DFC5, Tortank,8,4,12,pokemon,other,,
0x0166DFCE,   Papilusion,13,1,14,pokemon,other,,
0x0166DFE4,   Miaouss,10,4,14,pokemon,other,,
0x0166DFEF,   Mackogneur,13,1,14,pokemon,other,,
0x0166DFFD,Ectoplasma,10,1,11,pokemon,other,,
0x0166E008,Krabboss,8,3,11,pokemon,other,,
0x0166E011,  Lokhlass,10,3,13,pokemon,other,,
0x0166E01F,voli,4,6,10,pokemon,other,,
0x0166E024,     Ronflex,12,4,16,pokemon,other,,
0x0166E031,   Miasmax,10,4,14,pokemon,other,,
0x0166E03C,   Melmetal,11,3,14,pokemon,other,,
0x0166E048,  Gorythmic,11,2,13,pokemon,other,,
0x0166E054, Pyrobut,8,4,12,pokemon,other,,
0x0166E062,zargus,6,3,9,pokemon,other,,
0x0166E069,  Corvaillus,12,1,13,pokemon,other,,
0x0166E076,Astronelle,10,1,11,pokemon,other,,
0x0166E081,Torgamord,9,2,11,pokemon,other,,
0x0166E08B, Monthracit,11,1,12,pokemon,other,,
0x0166E097,Pomdrapi,8,3,11,pokemon,other,,
0x0166E0A0,  Dratatin,10,3,13,pokemon,other,,
0x0166E0AB,  Dunaconda,11,2,13,pokemon,other,,
0x0166E0B7, Salarsen,9,3,12,pokemon,other,,
0x0166E0C1,  Salarsen,10,3,13,pokemon,other,,
0x0166E0CC,  Scolocendr,12,1,13,pokemon,other,,
0x0166E0D9,Sorcilence,10,1,11,pokemon,other,,
0x0166E0E4,Angoliath,9,2,11,pokemon,other,,
0x0166E0EE, Charmilly,10,2,12,pokemon,other,,
0x0166E0F9, Pachyradja,11,1,12,pokemon,other,,
0x0166E105,Duralugon,9,2,11,pokemon,other,,
0x0166E10F, Shifours,9,3,12,pokemon,other,,
0x0166E119,  Shifours,10,3,13,pokemon,other,,
0x01A357C4,"

      Unknown",15,9,24,pokemon,other,,
0x01A357EC,    Seed,8,8,16,pokemon,other,,
0x01A35812,  Seed,6,8,14,pokemon,other,,
0x01A35836,  Seed,6,8,14,pokemon,other,,
0x01A35859,   Lizard,9,6,15,pokemon,other,,
0x01A3587E,  Flame,7,7,14,pokemon,other,,
0x01A358A2,  Flame,7,7,14,pokemon,other,,
0x01A358C5,   Tiny Turtle,14,1,15,pokemon,other,,
0x01A358EA,  Turtle,8,6,14,pokemon,other,,
0x01A3590E,  Shellfish,11,3,14,pokemon,other,,
0x01A35931,   Worm,7,8,15,pokemon,other,,
0x01A35956,  Cocoon,8,6,14,pokemon,other,,
0x01A3597A,  Butterfly,11,3,14,pokemon,other,,
0x01A3599E,  Hairy Bug,11,3,14,pokemon,other,,
0x01A359C2,  Cocoon,8,6,14,pokemon,other,,
0x01A359E6,  Poison Bee,12,2,14,pokemon,other,,
0x01A35A0A,  Tiny Bird,11,3,14,pokemon,other,,
0x01A35A2E,  Bird,6,8,14,pokemon,other,,
0x01A35A52,  Bird,6,8,14,pokemon,other,,
0x01A35A76,  Rat,5,9,14,pokemon,other,,
0x01A35A9A,  Rat,5,9,14,pokemon,other,,
0x01A35ABE,  Tiny Bird,11,3,14,pokemon,other,,
0x01A35AE2,  Beak,6,8,14,pokemon,other,,
0x01A35B06,  Snake,7,7,14,pokemon,other,,
0x01A35B4D,   Mouse,8,7,15,pokemon,other,,
0x01A35B72,  Mouse,7,7,14,pokemon,other,,
0x01A35B96,  Mouse,7,7,14,pokemon,other,,
0x01A35BBA,  Mouse,7,7,14,pokemon,other,,
0x01A35BDE,  Poison Pin,12,2,14,pokemon,other,,
0x01A35C02,  Poison Pin,12,2,14,pokemon,other,,
0x01A35C26,  Drill,7,7,14,pokemon,other,,
0x01A35C4A,  Poison Pin,12,2,14,pokemon,other,,
0x01A35C6E,  Poison Pin,12,2,14,pokemon,other,,
0x01A35C92,  Drill,7,7,14,pokemon,other,,
0x01A35CB5,   Fairy,8,7,15,pokemon,other,,
0x01A35CDA,  Fairy,7,7,14,pokemon,other,,
0x01A35CFE,  Fox,5,9,14,pokemon,other,,
0x01A35D22,  Fox,5,9,14,pokemon,other,,
0x01A35D46,  Balloon,9,5,14,pokemon,other,,
0x01A35D6A,  Balloon,9,5,14,pokemon,other,,
0x01A35D8E,  Bat,5,9,14,pokemon,other,,
0x01A35DB2,  Bat,5,9,14,pokemon,other,,
0x01A35DD5,   Weed,7,8,15,pokemon,other,,
0x01A35DFA,  Weed,6,8,14,pokemon,other,,
0x01A35E1E,  Flower,8,6,14,pokemon,other,,
0x01A35E42,  Mushroom,10,4,14,pokemon,other,,
0x01A35E66,  Mushroom,10,4,14,pokemon,other,,
0x01A35E8A,  Insect,8,6,14,pokemon,other,,
0x01A35EAE,  Poison Moth,13,1,14,pokemon,other,,
0x01A35ED1,   Mole,7,8,15,pokemon,other,,
0x01A35EF6,  Mole,6,8,14,pokemon,other,,
0x01A35F1A,  Scratch Cat,13,1,14,pokemon,other,,
0x01A35F3E,  Classy Cat,12,2,14,pokemon,other,,
0x01A35F62,  Duck,6,8,14,pokemon,other,,
0x01A35F86,  Duck,6,8,14,pokemon,other,,
0x01A35FA9,   Pig Monkey,13,2,15,pokemon,other,,
0x01A35FCE,  Pig Monkey,12,2,14,pokemon,other,,
0x01A35FF2,  Puppy,7,7,14,pokemon,other,,
0x01A36016,  Legendary,11,3,14,pokemon,other,,
0x01A36039,   Tadpole,10,5,15,pokemon,other,,
0x01A3605E,  Tadpole,9,5,14,pokemon,other,,
0x01A36082,  Tadpole,9,5,14,pokemon,other,,
0x01A36112,  Superpower,12,2,14,pokemon,other,,
0x01A36136,  Superpower,12,2,14,pokemon,other,,
0x01A3615A,  Superpower,12,2,14,pokemon,other,,
0x01A3617C,    Flower,10,6,16,pokemon,other,,
0x01A361A2,  Flycatcher,12,2,14,pokemon,other,,
0x01A361C6,  Flycatcher,12,2,14,pokemon,other,,
0x01A361E9,   Jellyfish,12,3,15,pokemon,other,,
0x01A3620E,  Jellyfish,11,3,14,pokemon,other,,
0x01A36230,    Rock,8,8,16,pokemon,other,,
0x01A36256,  Rock,6,8,14,pokemon,other,,
0x01A36279,   Megaton,10,5,15,pokemon,other,,
0x01A3629D,   Fire Horse,13,2,15,pokemon,other,,
0x01A362C2,  Fire Horse,12,2,14,pokemon,other,,
0x01A362E5,   Dopey,8,7,15,pokemon,other,,
0x01A3630A,  Hermit Crab,13,1,14,pokemon,other,,
0x01A3632C,    Magnet,10,6,16,pokemon,other,,
0x01A36352,  Magnet,8,6,14,pokemon,other,,
0x01A36376,  Wild Duck,11,3,14,pokemon,other,,
0x01A3639A,  Twin Bird,11,3,14,pokemon,other,,
0x01A363BC,    Triple Bird,15,1,16,pokemon,other,,
0x01A363E1,   Sea Lion,11,4,15,pokemon,other,,
0x01A36406,  Sea Lion,10,4,14,pokemon,other,,
0x01A3642A,  Sludge,8,6,14,pokemon,other,,
0x01A3644E,  Sludge,8,6,14,pokemon,other,,
0x01A36472,  Bivalve,9,5,14,pokemon,other,,
0x01A36496,  Bivalve,9,5,14,pokemon,other,,
0x01A36501,   Shadow,9,6,15,pokemon,other,,
0x01A36525,   Rock Snake,13,2,15,pokemon,other,,
0x01A36549,   Hypnosis,11,4,15,pokemon,other,,
0x01A36591,   River Crab,13,2,15,pokemon,other,,
0x01A365B6,  Pincer,8,6,14,pokemon,other,,
0x01A365D9,   Ball,7,8,15,pokemon,other,,
0x01A365FE,  Ball,6,8,14,pokemon,other,,
0x01A36622,  Egg,5,9,14,pokemon,other,,
0x01A36646,  Coconut,9,5,14,pokemon,other,,
0x01A36669,   Lonely,9,6,15,pokemon,other,,
0x01A3668E,  Bone Keeper,13,1,14,pokemon,other,,
0x01A366B2,  Kicking,9,5,14,pokemon,other,,
0x01A366D6,  Punching,10,4,14,pokemon,other,,
0x01A366FA,  Licking,9,5,14,pokemon,other,,
0x01A3671E,  Poison Gas,12,2,14,pokemon,other,,
0x01A36742,  Poison Gas,12,2,14,pokemon,other,,
0x01A36766,  Spikes,8,6,14,pokemon,other,,
0x01A3678A,  Drill,7,7,14,pokemon,other,,
0x01A367AD,   Egg,6,9,15,pokemon,other,,
0x01A367D2,  Vine,6,8,14,pokemon,other,,
0x01A367F6,  Parent,8,6,14,pokemon,other,,
0x01A36819,   Dragon,9,6,15,pokemon,other,,
0x01A3683E,  Dragon,8,6,14,pokemon,other,,
0x01A36862,  Goldfish,10,4,14,pokemon,other,,
0x01A36886,  Goldfish,10,4,14,pokemon,other,,
0x01A368AA,  Star Shape,12,2,14,pokemon,other,,
0x01A368CE,  Mysterious,12,2,14,pokemon,dialogue,,
0x01A368F2,  Barrier,9,5,14,pokemon,other,,
0x01A36939,   Human Shape,14,1,15,pokemon,other,,
0x01A3695D,   Electric,11,4,15,pokemon,other,,
0x01A36982,  Spitfire,10,4,14,pokemon,other,,
0x01A369A6,  Stag Beetle,13,1,14,pokemon,other,,
0x01A369CA,  Wild Bull,11,3,14,pokemon,other,,
0x01A369ED,   Fish,7,8,15,pokemon,other,,
0x01A36A12,  Atrocious,11,3,14,pokemon,other,,
0x01A36A35,   Transport,12,3,15,pokemon,other,,
0x01A36A59,   Transform,12,3,15,pokemon,other,,
0x01A36A7E,  Evolution,11,3,14,pokemon,other,,
0x01A36AA2,  Bubble Jet,12,2,14,pokemon,other,,
0x01A36AC6,  Lightning,11,3,14,pokemon,other,,
0x01A36AEA,  Flame,7,7,14,pokemon,other,,
0x01A36B32,  Spiral,8,6,14,pokemon,other,,
0x01A36B56,  Spiral,8,6,14,pokemon,other,,
0x01A36B7A,  Shellfish,11,3,14,pokemon,other,,
0x01A36B9E,  Shellfish,11,3,14,pokemon,other,,
0x01A36BC2,  Fossil,8,6,14,pokemon,other,,
0x01A36BE5,   Sleeping,11,4,15,pokemon,other,,
0x01A36C09,   Freeze,9,6,15,pokemon,other,,
0x01A36C2D,   Electric,11,4,15,pokemon,other,,
0x01A36C51,   Flame,8,7,15,pokemon,other,,
0x01A36C75,   Dragon,9,6,15,pokemon,other,,
0x01A36C99,   Dragon,9,6,15,pokemon,other,,
0x01A36CBD,   Dragon,9,6,15,pokemon,other,,
0x01A36CE1,   Genetic,10,5,15,pokemon,other,,
0x01A36D05,   New Species,14,1,15,pokemon,other,,
0x01A36D2A,  Leaf,6,8,14,pokemon,other,,
0x01A36D4E,  Leaf,6,8,14,pokemon,other,,
0x01A36D72,  Herb,6,8,14,pokemon,other,,
0x01A36D95,   Fire Mouse,13,2,15,pokemon,other,,
0x01A36DBA,  Volcano,9,5,14,pokemon,other,,
0x01A36DDE,  Volcano,9,5,14,pokemon,other,,
0x01A36E00,    Big Jaw,11,5,16,pokemon,other,,
0x01A36E26,  Big Jaw,9,5,14,pokemon,other,,
0x01A36E4A,  Big Jaw,9,5,14,pokemon,other,,
0x01A36E6D,   Scout,8,7,15,pokemon,other,,
0x01A36E92,  Long Body,11,3,14,pokemon,other,,
0x01A36EB6,  Owl,5,9,14,pokemon,other,,
0x01A36EDA,  Owl,5,9,14,pokemon,other,,
0x01A36EFE,  Five Star,11,3,14,pokemon,other,,
0x01A36F22,  Five Star,11,3,14,pokemon,other,,
0x01A36F46,  String Spit,13,1,14,pokemon,other,,
0x01A36F6A,  Long Leg,10,4,14,pokemon,other,,
0x01A36F8E,  Bat,5,9,14,pokemon,other,,
0x01A36FB1,   Angler,9,6,15,pokemon,other,,
0x01A36FD6,  Light,7,7,14,pokemon,other,,
0x01A36FFA,  Tiny Mouse,12,2,14,pokemon,other,,
0x01A3701E,  Star Shape,12,2,14,pokemon,other,,
0x01A37042,  Balloon,9,5,14,pokemon,other,,
0x01A37066,  Spike Ball,12,2,14,pokemon,other,,
0x01A3708A,  Happiness,11,3,14,pokemon,other,,
0x01A370AE,  Tiny Bird,11,3,14,pokemon,other,,
0x01A370D2,  Mystic,8,6,14,pokemon,dialogue,,
0x01A370F5,   Wool,7,8,15,pokemon,other,,
0x01A3711A,  Wool,6,8,14,pokemon,other,,
0x01A3713E,  Light,7,7,14,pokemon,other,,
0x01A37162,  Flower,8,6,14,pokemon,other,,
0x01A37186,  Aqua Mouse,12,2,14,pokemon,other,,
0x01A371AA,  Aqua Rabbit,13,1,14,pokemon,other,,
0x01A371CE,  Imitation,11,3,14,pokemon,other,,
0x01A371F2,  Frog,6,8,14,pokemon,other,,
0x01A37216,  Cottonweed,12,2,14,pokemon,other,,
0x01A3723A,  Cottonweed,12,2,14,pokemon,other,,
0x01A3725E,  Cottonweed,12,2,14,pokemon,other,,
0x01A37282,  Long Tail,11,3,14,pokemon,other,,
0x01A372A6,  Seed,6,8,14,pokemon,other,,
0x01A372CA,  Sun,5,9,14,pokemon,other,,
0x01A372EE,  Clear Wing,12,2,14,pokemon,other,,
0x01A37312,  Water Fish,12,2,14,pokemon,other,,
0x01A37336,  Water Fish,12,2,14,pokemon,other,,
0x01A3735A,  Sun,5,9,14,pokemon,other,,
0x01A3737E,  Moonlight,11,3,14,pokemon,other,,
0x01A373A2,  Darkness,10,4,14,pokemon,other,,
0x01A373C6,  Royal,7,7,14,pokemon,other,,
0x01A373E9,   Screech,10,5,15,pokemon,other,,
0x01A3740E,  Symbol,8,6,14,pokemon,other,,
0x01A37432,  Patient,9,5,14,pokemon,other,,
0x01A37456,  Long Neck,11,3,14,pokemon,other,,
0x01A3747A,  Bagworm,9,5,14,pokemon,other,,
0x01A3749E,  Bagworm,9,5,14,pokemon,other,,
0x01A374C2,  Land Snake,12,2,14,pokemon,other,,
0x01A374E6,  Flyscorpion,13,1,14,pokemon,other,,
0x01A3750A,  Iron Snake,12,2,14,pokemon,other,,
0x01A3752D,   Fairy,8,7,15,pokemon,other,,
0x01A37552,  Fairy,7,7,14,pokemon,other,,
0x01A37576,  Balloon,9,5,14,pokemon,other,,
0x01A3759A,  Scissors,10,4,14,pokemon,other,,
0x01A375BC,    Mold,8,8,16,pokemon,other,,
0x01A375E2,  Single Horn,13,1,14,pokemon,other,,
0x01A37606,  Sharp Claw,12,2,14,pokemon,other,,
0x01A3762A,  Little Bear,13,1,14,pokemon,other,,
0x01A3764E,  Hibernator,12,2,14,pokemon,other,,
0x01A376BA,  Pig,5,9,14,pokemon,other,,
0x01A376DE,  Swine,7,7,14,pokemon,other,,
0x01A37726,  Jet,5,9,14,pokemon,other,,
0x01A3774A,  Jet,5,9,14,pokemon,other,,
0x01A3776E,  Delivery,10,4,14,pokemon,other,,
0x01A37792,  Kite,6,8,14,pokemon,other,,
0x01A377B5,   Armor Bird,13,2,15,pokemon,other,,
0x01A377D8,    Dark,8,8,16,pokemon,other,,
0x01A377FE,  Dark,6,8,14,pokemon,other,,
0x01A37822,  Dragon,8,6,14,pokemon,other,,
0x01A37845,   Long Nose,12,3,15,pokemon,other,,
0x01A3786A,  Armor,7,7,14,pokemon,other,,
0x01A378B2,  Big Horn,10,4,14,pokemon,other,,
0x01A378D4,    Painter,11,5,16,pokemon,other,,
0x01A378FA,  Scuffle,9,5,14,pokemon,other,,
0x01A3791E,  Handstand,11,3,14,pokemon,other,,
0x01A37942,  Kiss,6,8,14,pokemon,other,,
0x01A37966,  Electric,10,4,14,pokemon,other,,
0x01A3798A,  Live Coal,11,3,14,pokemon,other,,
0x01A379AE,  Milk Cow,10,4,14,pokemon,other,,
0x01A379D2,  Happiness,11,3,14,pokemon,other,,
0x01A379F5,   Thunder,10,5,15,pokemon,other,,
0x01A37A19,   Volcano,10,5,15,pokemon,other,,
0x01A37A61,   Rock Skin,12,3,15,pokemon,other,,
0x01A37A86,  Hard Shell,12,2,14,pokemon,other,,
0x01A37AAA,  Armor,7,7,14,pokemon,other,,
0x01A37ACD,   Diving,9,6,15,pokemon,other,,
0x01A37AF1,   Rainbow,10,5,15,pokemon,other,,
0x01A37B15,   Time Travel,14,1,15,pokemon,other,,
0x01A37B3A,  Wood Gecko,12,2,14,pokemon,other,,
0x01A37B5E,  Wood Gecko,12,2,14,pokemon,other,,
0x01A37B82,  Forest,8,6,14,pokemon,other,,
0x01A37BA5,   Chick,8,7,15,pokemon,other,,
0x01A37BCA,  Young Fowl,12,2,14,pokemon,dialogue,,
0x01A37BEE,  Blaze,7,7,14,pokemon,other,,
0x01A37C11,   Mud Fish,11,4,15,pokemon,other,,
0x01A37C36,  Mud Fish,10,4,14,pokemon,other,,
0x01A37C5A,  Mud Fish,10,4,14,pokemon,other,,
0x01A37C7E,  Bite,6,8,14,pokemon,other,,
0x01A37CA2,  Bite,6,8,14,pokemon,other,,
0x01A37CC6,  Tinyraccoon,13,1,14,pokemon,other,,
0x01A37CEA,  Rushing,9,5,14,pokemon,other,,
0x01A37D0E,  Worm,6,8,14,pokemon,other,,
0x01A37D32,  Cocoon,8,6,14,pokemon,other,,
0x01A37D56,  Butterfly,11,3,14,pokemon,other,,
0x01A37D7A,  Cocoon,8,6,14,pokemon,other,,
0x01A37D9E,  Poison Moth,13,1,14,pokemon,other,,
0x01A37DC2,  Water Weed,12,2,14,pokemon,other,,
0x01A37DE6,  Jolly,7,7,14,pokemon,other,,
0x01A37E0A,  Carefree,10,4,14,pokemon,other,,
0x01A37E2C,    Acorn,9,7,16,pokemon,other,,
0x01A37E52,  Wily,6,8,14,pokemon,other,,
0x01A37E76,  Wicked,8,6,14,pokemon,other,,
0x01A37E9A,  Tinyswallow,13,1,14,pokemon,other,,
0x01A37EBE,  Swallow,9,5,14,pokemon,other,,
0x01A37EE2,  Seagull,9,5,14,pokemon,other,,
0x01A37F06,  Water Bird,12,2,14,pokemon,other,,
0x01A37F2A,  Feeling,9,5,14,pokemon,other,,
0x01A37F4E,  Emotion,9,5,14,pokemon,other,,
0x01A37F72,  Embrace,9,5,14,pokemon,other,,
0x01A37F96,  Pond Skater,13,1,14,pokemon,other,,
0x01A37FBA,  Eyeball,9,5,14,pokemon,other,,
0x01A37FDE,  Mushroom,10,4,14,pokemon,other,,
0x01A38002,  Mushroom,10,4,14,pokemon,other,,
0x01A38026,  Slacker,9,5,14,pokemon,other,,
0x01A3804A,  Wild Monkey,13,1,14,pokemon,other,,
0x01A3806E,  Lazy,6,8,14,pokemon,other,,
0x01A38091,   Trainee,10,5,15,pokemon,other,,
0x01A380DA,  Shed,6,8,14,pokemon,other,,
0x01A380FE,  Whisper,9,5,14,pokemon,other,,
0x01A38122,  Big Voice,11,3,14,pokemon,other,,
0x01A38146,  Loud Noise,12,2,14,pokemon,other,,
0x01A3816A,  Guts,6,8,14,pokemon,other,,
0x01A3818E,  Arm Thrust,12,2,14,pokemon,other,,
0x01A381B1,   Polka Dot,12,3,15,pokemon,other,,
0x01A381D6,  Compass,9,5,14,pokemon,other,,
0x01A381F9,   Kitten,9,6,15,pokemon,other,,
0x01A3821E,  Prim,6,8,14,pokemon,other,,
0x01A38242,  Darkness,10,4,14,pokemon,other,,
0x01A38266,  Deceiver,10,4,14,pokemon,other,,
0x01A3828A,  Iron Armor,12,2,14,pokemon,other,,
0x01A382AE,  Iron Armor,12,2,14,pokemon,other,,
0x01A382D2,  Iron Armor,12,2,14,pokemon,other,,
0x01A382F5,   Meditate,11,4,15,pokemon,other,,
0x01A3831A,  Meditate,10,4,14,pokemon,other,,
0x01A3833E,  Lightning,11,3,14,pokemon,other,,
0x01A38362,  Discharge,11,3,14,pokemon,other,,
0x01A38386,  Cheering,10,4,14,pokemon,other,,
0x01A383AA,  Cheering,10,4,14,pokemon,other,,
0x01A383CE,  Firefly,9,5,14,pokemon,other,,
0x01A383F2,  Firefly,9,5,14,pokemon,other,,
0x01A38416,  Thorn,7,7,14,pokemon,other,,
0x01A3843A,  Stomach,9,5,14,pokemon,other,,
0x01A3845E,  Poison Bag,12,2,14,pokemon,other,,
0x01A38481,   Savage,9,6,15,pokemon,other,,
0x01A384A6,  Brutal,8,6,14,pokemon,other,,
0x01A384C9,   Ball Whale,13,2,15,pokemon,other,,
0x01A384ED,   Float Whale,14,1,15,pokemon,other,,
0x01A38511,   Numb,7,8,15,pokemon,other,,
0x01A38536,  Eruption,10,4,14,pokemon,other,,
0x01A38559,   Coal,7,8,15,pokemon,other,,
0x01A3857E,  Bounce,8,6,14,pokemon,other,,
0x01A385A2,  Manipulate,12,2,14,pokemon,other,,
0x01A385C6,  Spot Panda,12,2,14,pokemon,other,,
0x01A385EA,  Ant Pit,9,5,14,pokemon,other,,
0x01A3860E,  Vibration,11,3,14,pokemon,other,,
0x01A38632,  Mystic,8,6,14,pokemon,dialogue,,
0x01A3867A,  Scarecrow,11,3,14,pokemon,other,,
0x01A3869E,  Cotton Bird,13,1,14,pokemon,other,,
0x01A386C2,  Humming,9,5,14,pokemon,other,,
0x01A386E6,  Cat Ferret,12,2,14,pokemon,other,,
0x01A3870A,  Fang Snake,12,2,14,pokemon,other,,
0x01A3872E,  Meteorite,11,3,14,pokemon,other,,
0x01A38752,  Meteorite,11,3,14,pokemon,other,,
0x01A38776,  Whiskers,10,4,14,pokemon,other,,
0x01A3879A,  Whiskers,10,4,14,pokemon,other,,
0x01A387BE,  Ruffian,9,5,14,pokemon,other,,
0x01A387E2,  Rogue,7,7,14,pokemon,other,,
0x01A38806,  Clay Doll,11,3,14,pokemon,other,,
0x01A3882A,  Clay Doll,11,3,14,pokemon,other,,
0x01A3884C,    Sea Lily,12,4,16,pokemon,other,,
0x01A38872,  Barnacle,10,4,14,pokemon,other,,
0x01A38896,  Old Shrimp,12,2,14,pokemon,other,,
0x01A388BA,  Plate,7,7,14,pokemon,other,,
0x01A388DE,  Fish,6,8,14,pokemon,other,,
0x01A38902,  Tender,8,6,14,pokemon,other,,
0x01A38925,   Weather,10,5,15,pokemon,other,,
0x01A3894A,  Color Swap,12,2,14,pokemon,other,,
0x01A3896E,  Puppet,8,6,14,pokemon,other,,
0x01A38992,  Marionette,12,2,14,pokemon,other,,
0x01A389B6,  Requiem,9,5,14,pokemon,other,,
0x01A389DA,  Beckon,8,6,14,pokemon,other,,
0x01A389FD,   Fruit,8,7,15,pokemon,other,,
0x01A38A21,   Wind Chime,13,2,15,pokemon,other,,
0x01A38A46,  Disaster,10,4,14,pokemon,other,,
0x01A38A6A,  Bright,8,6,14,pokemon,other,,
0x01A38A8E,  Snow Hat,10,4,14,pokemon,other,,
0x01A38AB2,  Face,6,8,14,pokemon,other,,
0x01A38AD5,   Clap,7,8,15,pokemon,other,,
0x01A38AFA,  Ball Roll,11,3,14,pokemon,other,,
0x01A38B1E,  Ice Break,11,3,14,pokemon,other,,
0x01A38B40,    Bivalve,11,5,16,pokemon,other,,
0x01A38B66,  Deep Sea,10,4,14,pokemon,other,,
0x01A38B8A,  South Sea,11,3,14,pokemon,other,,
0x01A38BAE,  Longevity,11,3,14,pokemon,other,,
0x01A38BD2,  Rendezvous,12,2,14,pokemon,other,,
0x01A38BF6,  Rock Head,11,3,14,pokemon,other,,
0x01A38C1A,  Endurance,11,3,14,pokemon,other,,
0x01A38C3E,  Dragon,8,6,14,pokemon,other,,
0x01A38C60,    Iron Ball,13,3,16,pokemon,other,,
0x01A38C86,  Iron Claw,11,3,14,pokemon,other,,
0x01A38CAA,  Iron Leg,10,4,14,pokemon,other,,
0x01A38CCD,   Rock Peak,12,3,15,pokemon,other,,
0x01A38D15,   Iron,7,8,15,pokemon,other,,
0x01A38D39,   Eon,6,9,15,pokemon,other,,
0x01A38D5E,  Eon,5,9,14,pokemon,other,,
0x01A38D81,   Sea Basin,12,3,15,pokemon,other,,
0x01A38DA5,   Continent,12,3,15,pokemon,other,,
0x01A38DC9,   Sky High,11,4,15,pokemon,other,,
0x01A38DED,   Wish,7,8,15,pokemon,other,,
0x01A38E12,  DNA,5,9,14,pokemon,other,,
0x01A38E35,   Tiny Leaf,12,3,15,pokemon,other,,
0x01A38E58,    Grove,9,7,16,pokemon,other,,
0x01A38E7C,    Continent,13,3,16,pokemon,other,,
0x01A38EA0,    Chimp,9,7,16,pokemon,other,,
0x01A38EC4,    Playful,11,5,16,pokemon,other,,
0x01A38EE8,    Flame,9,7,16,pokemon,other,,
0x01A38F0C,    Penguin,11,5,16,pokemon,other,,
0x01A38F30,    Penguin,11,5,16,pokemon,other,,
0x01A38F54,    Emperor,11,5,16,pokemon,other,,
0x01A38F78,    Starling,12,4,16,pokemon,other,,
0x01A38F9C,    Starling,12,4,16,pokemon,other,,
0x01A38FC0,    Predator,12,4,16,pokemon,other,,
0x01A38FE4,    Plump Mouse,15,1,16,pokemon,other,,
0x01A39008,    Beaver,10,6,16,pokemon,other,,
0x01A3902C,    Cricket,11,5,16,pokemon,other,,
0x01A39050,    Cricket,11,5,16,pokemon,other,,
0x01A39098,    Spark,9,7,16,pokemon,other,,
0x01A390BC,    Gleam Eyes,14,2,16,pokemon,other,,
0x01A390E0,    Bud,7,9,16,pokemon,other,,
0x01A39104,    Bouqet,10,6,16,pokemon,other,,
0x01A39128,    Head Butt,13,3,16,pokemon,other,,
0x01A3914C,    Head Butt,13,3,16,pokemon,other,,
0x01A39170,    Shield,10,6,16,pokemon,other,,
0x01A39194,    Shield,10,6,16,pokemon,other,,
0x01A391B8,    Bagworm,11,5,16,pokemon,other,,
0x01A391DC,    Bagworm,11,5,16,pokemon,other,,
0x01A39200,    Moth,8,8,16,pokemon,other,,
0x01A39224,    Tiny Bee,12,4,16,pokemon,other,,
0x01A39248,    Beehive,11,5,16,pokemon,other,,
0x01A3926C,    EleSquirrel,15,1,16,pokemon,other,,
0x01A39290,    Sea Weasel,14,2,16,pokemon,other,,
0x01A392B4,    Sea Weasel,14,2,16,pokemon,other,,
0x01A392D8,    Cherry,10,6,16,pokemon,other,,
0x01A392FC,    Blossom,11,5,16,pokemon,other,,
0x01A39320,    Sea Slug,12,4,16,pokemon,other,,
0x01A39344,    Sea Slug,12,4,16,pokemon,other,,
0x01A39368,    Long Tail,13,3,16,pokemon,other,,
0x01A3938C,    Balloon,11,5,16,pokemon,other,,
0x01A393B0,    Blimp,9,7,16,pokemon,other,,
0x01A393D4,    Rabbit,10,6,16,pokemon,other,,
0x01A393F8,    Rabbit,10,6,16,pokemon,other,,
0x01A3941C,    Magical,11,5,16,pokemon,other,,
0x01A39440,    Big Boss,12,4,16,pokemon,other,,
0x01A39464,    Catty,9,7,16,pokemon,other,,
0x01A39488,    Tiger Cat,13,3,16,pokemon,other,,
0x01A394AC,    Bell,8,8,16,pokemon,other,,
0x01A394D0,    Skunk,9,7,16,pokemon,other,,
0x01A394F4,    Skunk,9,7,16,pokemon,other,,
0x01A39518,    Bronze,10,6,16,pokemon,other,,
0x01A3953C,    Bronze Bell,15,1,16,pokemon,other,,
0x01A39560,    Bonsai,10,6,16,pokemon,other,,
0x01A39584,    Mime,8,8,16,pokemon,other,,
0x01A395A8,    Playhouse,13,3,16,pokemon,other,,
0x01A395CC,    Music Note,14,2,16,pokemon,other,,
0x01A395F0,    Forbidden,13,3,16,pokemon,other,,
0x01A39614,    Land Shark,14,2,16,pokemon,other,,
0x01A39638,    Cave,8,8,16,pokemon,other,,
0x01A39680,    Big Eater,13,3,16,pokemon,other,,
0x01A396A4,    Emanation,13,3,16,pokemon,other,,
0x01A396EC,    Hippo,9,7,16,pokemon,other,,
0x01A39710,    Heavyweight,15,1,16,pokemon,other,,
0x01A39734,    Scorpion,12,4,16,pokemon,other,,
0x01A39758,    Ogre Scorpi,15,1,16,pokemon,other,,
0x01A3977C,    Toxic Mouth,15,1,16,pokemon,other,,
0x01A397A0,    Toxic Mouth,15,1,16,pokemon,other,,
0x01A397C4,    Bug Catcher,15,1,16,pokemon,other,,
0x01A397E8,    Wing Fish,13,3,16,pokemon,other,,
0x01A3980C,    Neon,8,8,16,pokemon,other,,
0x01A39830,    Kite,8,8,16,pokemon,other,,
0x01A39854,    Frost Tree,14,2,16,pokemon,other,,
0x01A39878,    Frost Tree,14,2,16,pokemon,other,,
0x01A3989C,    Sharp Claw,14,2,16,pokemon,other,,
0x01A398C0,    Magnet Area,15,1,16,pokemon,other,,
0x01A398E4,    Licking,11,5,16,pokemon,other,,
0x01A39908,    Drill,9,7,16,pokemon,other,,
0x01A3992C,    Vine,8,8,16,pokemon,other,,
0x01A39950,    Thunderbolt,15,1,16,pokemon,other,,
0x01A39974,    Blast,9,7,16,pokemon,other,,
0x01A39998,    Jubilee,11,5,16,pokemon,other,,
0x01A399BC,    Ogre Darner,15,1,16,pokemon,other,,
0x01A399E0,    Verdant,11,5,16,pokemon,other,,
0x01A39A04,    Fresh Snow,14,2,16,pokemon,other,,
0x01A39A28,    Fang Scorpi,15,1,16,pokemon,other,,
0x01A39A4C,    Twin Tusk,13,3,16,pokemon,other,,
0x01A39A94,    Blade,9,7,16,pokemon,other,,
0x01A39AB8,    Compass,11,5,16,pokemon,other,,
0x01A39ADC,    Gripper,11,5,16,pokemon,other,,
0x01A39B00,    Snow Land,13,3,16,pokemon,other,,
0x01A39B48,    Knowledge,13,3,16,pokemon,other,,
0x01A39B6C,    Emotion,11,5,16,pokemon,other,,
0x01A39B90,    Willpower,13,3,16,pokemon,other,,
0x01A39BD8,    Spatial,11,5,16,pokemon,other,,
0x01A39BFC,    Lava Dome,13,3,16,pokemon,other,,
0x01A39C20,    Colossal,12,4,16,pokemon,other,,
0x01A39C44,    Renegade,12,4,16,pokemon,other,,
0x01A39C8C,    Sea Drifter,15,1,16,pokemon,other,,
0x01A39CB0,    Seafaring,13,3,16,pokemon,other,,
0x01A39CD4,    Pitch-Black,15,1,16,pokemon,other,,
0x01A39CF8,    Gratitude,13,3,16,pokemon,other,,
0x01A39D1C,    Alpha,9,7,16,pokemon,other,,
0x01A39D40,    Victory,11,5,16,pokemon,other,,
0x01A39D64,    Grass Snake,15,1,16,pokemon,other,,
0x01A39D88,    Grass Snake,15,1,16,pokemon,other,,
0x01A39DAC,    Regal,9,7,16,pokemon,other,,
0x01A39DD0,    Fire Pig,12,4,16,pokemon,other,,
0x01A39DF4,    Fire Pig,12,4,16,pokemon,other,,
0x01A39E18,    M. Fire Pig,15,1,16,pokemon,other,,
0x01A39E3C,    Sea Otter,13,3,16,pokemon,other,,
0x01A39E60,    Discipline,14,2,16,pokemon,other,,
0x01A39E84,    Formidable,14,2,16,pokemon,other,,
0x01A39EA8,    Scout,9,7,16,pokemon,other,,
0x01A39ECC,    Lookout,11,5,16,pokemon,other,,
0x01A39EF0,    Puppy,9,7,16,pokemon,other,,
0x01A39F14,    Loyal Dog,13,3,16,pokemon,other,,
0x01A39F38,    Big-Hearted,15,1,16,pokemon,other,,
0x01A39F5C,    Devious,11,5,16,pokemon,other,,
0x01A39F80,    Cruel,9,7,16,pokemon,other,,
0x01A39FA4,    GrassMonkey,15,1,16,pokemon,other,,
0x01A39FC8,    ThornMonkey,15,1,16,pokemon,other,,
0x01A39FEC,    High Temp,13,3,16,pokemon,other,,
0x01A3A010,    Ember,9,7,16,pokemon,other,,
0x01A3A034,    Spray,9,7,16,pokemon,other,,
0x01A3A058,    Geyser,10,6,16,pokemon,other,,
0x01A3A07C,    Dream Eater,15,1,16,pokemon,other,,
0x01A3A0A0,    Drowsing,12,4,16,pokemon,other,,
0x01A3A0C4,    Tiny Pigeon,15,1,16,pokemon,other,,
0x01A3A0E8,    Wild Pigeon,15,1,16,pokemon,other,,
0x01A3A10C,    Proud,9,7,16,pokemon,other,,
0x01A3A130,    Electrified,15,1,16,pokemon,other,,
0x01A3A154,    Thunderbolt,15,1,16,pokemon,other,,
0x01A3A178,    Mantle,10,6,16,pokemon,other,,
0x01A3A19C,    Ore,7,9,16,pokemon,other,,
0x01A3A1C0,    Compressed,14,2,16,pokemon,other,,
0x01A3A1E4,    Bat,7,9,16,pokemon,other,,
0x01A3A208,    Courting,12,4,16,pokemon,other,,
0x01A3A22C,    Mole,8,8,16,pokemon,other,,
0x01A3A250,    Subterrene,14,2,16,pokemon,other,,
0x01A3A274,    Hearing,11,5,16,pokemon,other,,
0x01A3A298,    Muscular,12,4,16,pokemon,other,,
0x01A3A2BC,    Muscular,12,4,16,pokemon,other,,
0x01A3A2E0,    Muscular,12,4,16,pokemon,other,,
0x01A3A304,    Tadpole,11,5,16,pokemon,other,,
0x01A3A328,    Vibration,13,3,16,pokemon,other,,
0x01A3A34C,    Vibration,13,3,16,pokemon,other,,
0x01A3A394,    Karate,10,6,16,pokemon,other,,
0x01A3A3B8,    Sewing,10,6,16,pokemon,other,,
0x01A3A3DC,    LeafWrapped,15,1,16,pokemon,other,,
0x01A3A400,    Nurturing,13,3,16,pokemon,other,,
0x01A3A424,    Centipede,13,3,16,pokemon,other,,
0x01A3A448,    Curlipede,13,3,16,pokemon,other,,
0x01A3A46C,    Megapede,12,4,16,pokemon,other,,
0x01A3A490,    Cotton Puff,15,1,16,pokemon,other,,
0x01A3A4B4,    Windveiled,14,2,16,pokemon,other,,
0x01A3A4D8,    Bulb,8,8,16,pokemon,other,,
0x01A3A4FC,    Flowering,13,3,16,pokemon,other,,
0x01A3A520,    Hostile,11,5,16,pokemon,other,,
0x01A3A544,    Desert Croc,15,1,16,pokemon,other,,
0x01A3A568,    Desert Croc,15,1,16,pokemon,other,,
0x01A3A58C,    Intimidate,14,2,16,pokemon,other,,
0x01A3A5B0,    Zen Charm,13,3,16,pokemon,other,,
0x01A3A5D4,    Blazing,11,5,16,pokemon,other,,
0x01A3A61C,    Rock Inn,12,4,16,pokemon,other,,
0x01A3A640,    Stone Home,14,2,16,pokemon,other,,
0x01A3A664,    Shedding,12,4,16,pokemon,other,,
0x01A3A688,    Hoodlum,11,5,16,pokemon,other,,
0x01A3A6AC,    Avianoid,12,4,16,pokemon,other,,
0x01A3A6D0,    Spirit,10,6,16,pokemon,other,,
0x01A3A6F4,    Coffin,10,6,16,pokemon,other,,
0x01A3A718,    Prototurtle,15,1,16,pokemon,other,,
0x01A3A73C,    Prototurtle,15,1,16,pokemon,other,,
0x01A3A760,    First Bird,14,2,16,pokemon,other,,
0x01A3A784,    First Bird,14,2,16,pokemon,other,,
0x01A3A7A8,    Trash Bag,13,3,16,pokemon,other,,
0x01A3A7CC,    Trash Heap,14,2,16,pokemon,other,,
0x01A3A7F0,    Tricky Fox,14,2,16,pokemon,other,,
0x01A3A814,    IllusionFox,15,1,16,pokemon,other,,
0x01A3A85C,    Scarf,9,7,16,pokemon,other,,
0x01A3A880,    Fixation,12,4,16,pokemon,other,,
0x01A3A8A4,    Manipulate,14,2,16,pokemon,other,,
0x01A3A8C8,    Astral Body,15,1,16,pokemon,other,,
0x01A3A8EC,    Cell,8,8,16,pokemon,other,,
0x01A3A934,    Multiplying,15,1,16,pokemon,other,,
0x01A3A958,    Water Bird,14,2,16,pokemon,other,,
0x01A3A97C,    White Bird,14,2,16,pokemon,other,,
0x01A3A9A0,    Fresh Snow,14,2,16,pokemon,other,,
0x01A3A9C4,    Icy Snow,12,4,16,pokemon,other,,
0x01A3A9E8,    Snowstorm,13,3,16,pokemon,other,,
0x01A3AA0C,    Season,10,6,16,pokemon,other,,
0x01A3AA30,    Season,10,6,16,pokemon,other,,
0x01A3AA54,    SkySquirrel,15,1,16,pokemon,other,,
0x01A3AA78,    Clamping,12,4,16,pokemon,other,,
0x01A3AA9C,    Cavalry,11,5,16,pokemon,other,,
0x01A3AAC0,    Mushroom,12,4,16,pokemon,other,,
0x01A3AAE4,    Mushroom,12,4,16,pokemon,other,,
0x01A3AB08,    Floating,12,4,16,pokemon,other,,
0x01A3AB2C,    Floating,12,4,16,pokemon,other,,
0x01A3AB50,    Caring,10,6,16,pokemon,other,,
0x01A3AB74,    Attaching,13,3,16,pokemon,other,,
0x01A3AB9A,  EleSpider,11,3,14,pokemon,other,,
0x01A3ABBC,    Thorn Seed,14,2,16,pokemon,other,,
0x01A3ABE0,    Thorn Pod,13,3,16,pokemon,other,,
0x01A3AC04,    Gear,8,8,16,pokemon,other,,
0x01A3AC28,    Gear,8,8,16,pokemon,other,,
0x01A3AC4C,    Gear,8,8,16,pokemon,other,,
0x01A3AC70,    EleFish,11,5,16,pokemon,other,,
0x01A3AC94,    EleFish,11,5,16,pokemon,other,,
0x01A3ACB8,    EleFish,11,5,16,pokemon,other,,
0x01A3ACDC,    Cerebral,12,4,16,pokemon,other,,
0x01A3AD00,    Cerebral,12,4,16,pokemon,other,,
0x01A3AD24,    Candle,10,6,16,pokemon,other,,
0x01A3AD48,    Lamp,8,8,16,pokemon,other,,
0x01A3AD6C,    Luring,10,6,16,pokemon,other,,
0x01A3AD90,    Tusk,8,8,16,pokemon,other,,
0x01A3ADB4,    Axe Jaw,11,5,16,pokemon,other,,
0x01A3ADD8,    Axe Jaw,11,5,16,pokemon,other,,
0x01A3ADFC,    Chill,9,7,16,pokemon,other,,
0x01A3AE20,    Freezing,12,4,16,pokemon,other,,
0x01A3AE44,    Crystallize,15,1,16,pokemon,other,,
0x01A3AE68,    Snail,9,7,16,pokemon,other,,
0x01A3AE8C,    Shell Out,13,3,16,pokemon,other,,
0x01A3AEB0,    Trap,8,8,16,pokemon,other,,
0x01A3AED4,    Martial Art,15,1,16,pokemon,other,,
0x01A3AEF8,    Martial Art,15,1,16,pokemon,other,,
0x01A3AF1C,    Cave,8,8,16,pokemon,other,,
0x01A3AF40,    Automaton,13,3,16,pokemon,other,,
0x01A3AF64,    Automaton,13,3,16,pokemon,other,,
0x01A3AF88,    Sharp Blade,15,1,16,pokemon,other,,
0x01A3AFAC,    Sword Blade,15,1,16,pokemon,other,,
0x01A3AFD0,    Bash Buffal,15,1,16,pokemon,other,,
0x01A3AFF4,    Eaglet,10,6,16,pokemon,other,,
0x01A3B018,    Valiant,11,5,16,pokemon,other,,
0x01A3B03C,    Diapered,12,4,16,pokemon,other,,
0x01A3B060,    BoneVulture,15,1,16,pokemon,other,,
0x01A3B084,    Anteater,12,4,16,pokemon,other,,
0x01A3B0A8,    Iron Ant,12,4,16,pokemon,other,,
0x01A3B0CC,    Irate,9,7,16,pokemon,other,,
0x01A3B0F0,    Hostile,11,5,16,pokemon,other,,
0x01A3B114,    Brutal,10,6,16,pokemon,other,,
0x01A3B138,    Torch,9,7,16,pokemon,other,,
0x01A3B15C,    Sun,7,9,16,pokemon,other,,
0x01A3B180,    Iron Will,13,3,16,pokemon,other,,
0x01A3B1A4,    Cavern,10,6,16,pokemon,other,,
0x01A3B1C8,    Grassland,13,3,16,pokemon,other,,
0x01A3B1EC,    Cyclone,11,5,16,pokemon,other,,
0x01A3B210,    Bolt Strike,15,1,16,pokemon,other,,
0x01A3B234,    Vast White,14,2,16,pokemon,other,,
0x01A3B258,    Deep Black,14,2,16,pokemon,other,,
0x01A3B27C,    Abundance,13,3,16,pokemon,other,,
0x01A3B2A0,    Boundary,12,4,16,pokemon,other,,
0x01A3B2C4,    Colt,8,8,16,pokemon,other,,
0x01A3B2E8,    Melody,10,6,16,pokemon,other,,
0x01A3B30C,    Paleozoic,13,3,16,pokemon,other,,
0x01A3B330,    Spiny Nut,13,3,16,pokemon,other,,
0x01A3B354,    Spiny Armor,15,1,16,pokemon,other,,
0x01A3B378,    Spiny Armor,15,1,16,pokemon,other,,
0x01A3B39C,    Fox,7,9,16,pokemon,other,,
0x01A3B3C0,    Fox,7,9,16,pokemon,other,,
0x01A3B3E4,    Fox,7,9,16,pokemon,other,,
0x01A3B408,    Bubble Frog,15,1,16,pokemon,other,,
0x01A3B42C,    Bubble Frog,15,1,16,pokemon,other,,
0x01A3B474,    Digging,11,5,16,pokemon,other,,
0x01A3B498,    Digging,11,5,16,pokemon,other,,
0x01A3B4BC,    Tiny Robin,14,2,16,pokemon,other,,
0x01A3B4E0,    Ember,9,7,16,pokemon,other,,
0x01A3B504,    Scorching,13,3,16,pokemon,other,,
0x01A3B528,    Scatterdust,15,1,16,pokemon,other,,
0x01A3B54C,    Scatterdust,15,1,16,pokemon,other,,
0x01A3B570,    Scale,9,7,16,pokemon,other,,
0x01A3B594,    Lion Cub,12,4,16,pokemon,other,,
0x01A3B5B8,    Royal,9,7,16,pokemon,other,,
0x01A3B5DC,    SingleBloom,15,1,16,pokemon,other,,
0x01A3B600,    SingleBloom,15,1,16,pokemon,other,,
0x01A3B624,    Garden,10,6,16,pokemon,other,,
0x01A3B648,    Mount,9,7,16,pokemon,other,,
0x01A3B66C,    Mount,9,7,16,pokemon,other,,
0x01A3B690,    Playful,11,5,16,pokemon,other,,
0x01A3B6B4,    Daunting,12,4,16,pokemon,other,,
0x01A3B6D8,    Poodle,10,6,16,pokemon,other,,
0x01A3B6FC,    Restraint,13,3,16,pokemon,other,,
0x01A3B720,    Constraint,14,2,16,pokemon,other,,
0x01A3B744,    Sword,9,7,16,pokemon,other,,
0x01A3B768,    Sword,9,7,16,pokemon,other,,
0x01A3B78C,    Royal Sword,15,1,16,pokemon,other,,
0x01A3B7B0,    Perfume,11,5,16,pokemon,other,,
0x01A3B7D4,    Fragrance,13,3,16,pokemon,other,,
0x01A3B7F8,    CottonCandy,15,1,16,pokemon,other,,
0x01A3B81C,    Meringue,12,4,16,pokemon,other,,
0x01A3B840,    Revolving,13,3,16,pokemon,other,,
0x01A3B864,    Overturning,15,1,16,pokemon,other,,
0x01A3B888,    Two-Handed,14,2,16,pokemon,other,,
0x01A3B8AC,    Collective,14,2,16,pokemon,other,,
0x01A3B8D0,    Mock Kelp,13,3,16,pokemon,other,,
0x01A3B8F4,    Mock Kelp,13,3,16,pokemon,other,,
0x01A3B918,    Water Gun,13,3,16,pokemon,other,,
0x01A3B93C,    Howitzer,12,4,16,pokemon,other,,
0x01A3B960,    Generator,13,3,16,pokemon,other,,
0x01A3B984,    Generator,13,3,16,pokemon,other,,
0x01A3B9A8,    Royal Heir,14,2,16,pokemon,other,,
0x01A3B9CC,    Despot,10,6,16,pokemon,other,,
0x01A3BA38,    Intertwine,14,2,16,pokemon,other,,
0x01A3BA5C,    Wrestling,13,3,16,pokemon,other,,
0x01A3BA80,    Antenna,11,5,16,pokemon,other,,
0x01A3BAA4,    Jewel,9,7,16,pokemon,other,,
0x01A3BAC8,    Soft Tissue,15,1,16,pokemon,other,,
0x01A3BAEC,    Soft Tissue,15,1,16,pokemon,other,,
0x01A3BB10,    Dragon,10,6,16,pokemon,other,,
0x01A3BB34,    Key Ring,12,4,16,pokemon,other,,
0x01A3BB58,    Stump,9,7,16,pokemon,other,,
0x01A3BB7C,    Elder Tree,14,2,16,pokemon,other,,
0x01A3BBA0,    Pumpkin,11,5,16,pokemon,other,,
0x01A3BBC4,    Pumpkin,11,5,16,pokemon,other,,
0x01A3BBE8,    Ice Chunk,13,3,16,pokemon,other,,
0x01A3BC30,    Sound Wave,14,2,16,pokemon,other,,
0x01A3BC54,    Sound Wave,14,2,16,pokemon,other,,
0x01A3BC78,    Life,8,8,16,pokemon,other,,
0x01A3BC9C,    Destruction,15,1,16,pokemon,other,,
0x01A3BCC0,    Order,9,7,16,pokemon,other,,
0x01A3BCE4,    Jewel,9,7,16,pokemon,other,,
0x01A3BD08,    Mischief,12,4,16,pokemon,other,,
0x01A3BD2C,    Steam,9,7,16,pokemon,other,,
0x01A3BD48,            Grass Quill,23,1,24,pokemon,other,,
0x01A3BD6C,            Blade Quill,23,1,24,pokemon,other,,
0x01A3BD90,            Arrow Quill,23,1,24,pokemon,other,,
0x01A3BDB4,            Fire Cat,20,4,24,pokemon,other,,
0x01A3BDD8,            Fire Cat,20,4,24,pokemon,other,,
0x01A3BDFC,            Heel,16,8,24,pokemon,other,,
0x01A3BE20,            Sea Lion,20,4,24,pokemon,other,,
0x01A3BE44,            Popstar,19,5,24,pokemon,other,,
0x01A3BE68,            Soloist,19,5,24,pokemon,other,,
0x01A3BE8C,            Woodpecker,22,2,24,pokemon,other,,
0x01A3BEB0,            Bugle Beak,22,2,24,pokemon,other,,
0x01A3BED4,            Cannon,18,6,24,pokemon,other,,
0x01A3BEF8,            Loitering,21,3,24,pokemon,other,,
0x01A3BF1C,            Stakeout,20,4,24,pokemon,other,,
0x01A3BF40,            Larva,17,7,24,pokemon,other,,
0x01A3BF64,            Battery,19,5,24,pokemon,other,,
0x01A3BF88,            Stag Beetle,23,1,24,pokemon,other,,
0x01A3BFAC,            Boxing,18,6,24,pokemon,other,,
0x01A3BFD0,            Woolly Crab,23,1,24,pokemon,other,,
0x01A3BFF4,            Dancing,19,5,24,pokemon,other,,
0x01A3C018,            Bee Fly,19,5,24,pokemon,other,,
0x01A3C03C,            Bee Fly,19,5,24,pokemon,other,,
0x01A3C060,            Puppy,17,7,24,pokemon,other,,
0x01A3C084,            Wolf,16,8,24,pokemon,other,,
0x01A3C0A8,            Small Fry,21,3,24,pokemon,other,,
0x01A3C0CC,            Brutal Star,23,1,24,pokemon,other,,
0x01A3C0F0,            Brutal Star,23,1,24,pokemon,other,,
0x01A3C114,            Donkey,18,6,24,pokemon,other,,
0x01A3C138,            Draft Horse,23,1,24,pokemon,other,,
0x01A3C15C,            WaterBubble,23,1,24,pokemon,other,,
0x01A3C180,            WaterBubble,23,1,24,pokemon,other,,
0x01A3C1A4,            SickleGrass,23,1,24,pokemon,other,,
0x01A3C1C8,            BloomSickle,23,1,24,pokemon,other,,
0x01A3C1EC,            Illuminate,22,2,24,pokemon,other,,
0x01A3C210,            Illuminate,22,2,24,pokemon,other,,
0x01A3C234,            ToxicLizard,23,1,24,pokemon,other,,
0x01A3C258,            ToxicLizard,23,1,24,pokemon,other,,
0x01A3C27C,            Flailing,20,4,24,pokemon,other,,
0x01A3C2A0,            Strong Arm,22,2,24,pokemon,other,,
0x01A3C2C4,            Fruit,17,7,24,pokemon,other,,
0x01A3C2E8,            Fruit,17,7,24,pokemon,other,,
0x01A3C30C,            Fruit,17,7,24,pokemon,other,,
0x01A3C330,            Posy Picker,23,1,24,pokemon,other,,
0x01A3C354,            Sage,16,8,24,pokemon,other,,
0x01A3C378,            Teamwork,20,4,24,pokemon,other,,
0x01A3C39C,            Turn Tail,21,3,24,pokemon,other,,
0x01A3C3C0,            Hard Scale,22,2,24,pokemon,other,,
0x01A3C3E4,            Sand Heap,21,3,24,pokemon,other,,
0x01A3C408,            Sand Castle,23,1,24,pokemon,other,,
0x01A3C42C,            SeaCucumber,23,1,24,pokemon,other,,
0x01A3C450,            Synthetic,21,3,24,pokemon,other,,
0x01A3C474,            Synthetic,21,3,24,pokemon,other,,
0x01A3C498,            Meteor,18,6,24,pokemon,other,,
0x01A3C4BC,            Drowsing,20,4,24,pokemon,other,,
0x01A3C4E0,            BlastTurtle,23,1,24,pokemon,other,,
0x01A3C504,            Roly-Poly,21,3,24,pokemon,other,,
0x01A3C528,            Disguise,20,4,24,pokemon,other,,
0x01A3C54C,            Gnash Teeth,23,1,24,pokemon,other,,
0x01A3C570,            Placid,18,6,24,pokemon,other,,
0x01A3C594,            Sea Creeper,23,1,24,pokemon,other,,
0x01A3C5B8,            Scaly,17,7,24,pokemon,other,,
0x01A3C5DC,            Scaly,17,7,24,pokemon,other,,
0x01A3C600,            Scaly,17,7,24,pokemon,other,,
0x01A3C624,            Land Spirit,23,1,24,pokemon,other,,
0x01A3C648,            Land Spirit,23,1,24,pokemon,other,,
0x01A3C66C,            Land Spirit,23,1,24,pokemon,other,,
0x01A3C690,            Land Spirit,23,1,24,pokemon,other,,
0x01A3C6B4,            Nebula,18,6,24,pokemon,other,,
0x01A3C6D8,            Protostar,21,3,24,pokemon,other,,
0x01A3C6FC,            Sunne,17,7,24,pokemon,other,,
0x01A3C720,            Moone,17,7,24,pokemon,other,,
0x01A3C744,            Parasite,20,4,24,pokemon,other,,
0x01A3C768,            Swollen,19,5,24,pokemon,other,,
0x01A3C78C,            Lissome,19,5,24,pokemon,other,,
0x01A3C7B0,            Glowing,19,5,24,pokemon,other,,
0x01A3C7D4,            Launch,18,6,24,pokemon,other,,
0x01A3C7F8,            Drawn Sword,23,1,24,pokemon,other,,
0x01A3C81C,            Junkivor,20,4,24,pokemon,other,,
0x01A3C840,            Prism,17,7,24,pokemon,other,,
0x01A3C888,            Gloomdwell,22,2,24,pokemon,other,,
0x01A3C8AC,            Poison Pin,22,2,24,pokemon,other,,
0x01A3C8D0,            Poison Pin,22,2,24,pokemon,other,,
0x01A3C8F4,            Rampart,19,5,24,pokemon,other,,
0x01A3C918,            Fireworks,21,3,24,pokemon,other,,
0x01A3C93C,            Thunderclap,23,1,24,pokemon,other,,
0x01A3C960,            Hex Nut,19,5,24,pokemon,other,,
0x01A3C984,            Hex Nut,19,5,24,pokemon,other,,
0x01A3D4A0,            Warrior,19,5,24,pokemon,other,,
0x01A3D4C4,            Warrior,19,5,24,pokemon,other,,
0x01EDCD8C,Antisis City,12,1,13,pokemon,location,,
0x01EDCDB7,Antisis Port,12,1,13,pokemon,location,,
0x01EDCDDD,s the antithesis of bliss!,26,1,27,pokemon,dialogue,,
0x01EDCE5D,"re the Black Ferrothorn!
We own this town!",42,1,43,pokemon,dialogue,,
0x01EDCE8B,"re the Black Ferrothorn!
Stay out of our way!",45,1,46,pokemon,dialogue,,
0x01EDCF06,re not welcome here!,20,1,21,pokemon,dialogue,,
0x01EDCF47,"s funny to lock me
out? Huh?",28,1,29,pokemon,dialogue,,
0x01EDCF88,There are bad people everywhere!,32,1,33,pokemon,dialogue,,
0x01EDD00F,"Sometime after I moved away, it was
overrun by hoodlums.",56,1,57,pokemon,dialogue,,
0x01EDD0BD,"You wanna mess with the Black
Ferrothorn, kid?",46,1,47,pokemon,dialogue,,
0x01EDD0F0,t mess with us!,15,3,18,pokemon,dialogue,,
0x01EDD110,The Black Ferrothorn!,21,1,22,pokemon,dialogue,,
0x01EDD167,"ll
poke you!",12,1,13,pokemon,dialogue,,
0x01EDD1E5, us down!,9,1,10,pokemon,dialogue,,
0x01EDD241,re the Black Ferrothorn!,24,1,25,pokemon,dialogue,,
0x01EDD2FD,re the Black Ferrothorn!,24,1,25,pokemon,dialogue,,
0x01EDD3A2,mon attacked!,13,1,14,pokemon,dialogue,,
0x01EDD472,"
Terror Granbull HQ",19,1,20,pokemon,other,,
0x01EDD489,"s full of cardboard boxes with
electrical appliances in them.",61,1,62,pokemon,description,,
0x01EDD550,Which move should be forgotten?,31,1,32,pokemon,dialogue,,
0x01EDD6C1,Total anarchy and lawlessness.,30,1,31,pokemon,other,,
0x01EDD77E,"I see what goes on around here.
You want no part in that.",57,1,58,pokemon,dialogue,,
0x01EDD7F8,"ve had so much potential,
but now, you have none at all.",56,1,57,pokemon,dialogue,,
0x01EDD998,"Since I have no more use for this,
I want you to have it.",57,1,58,pokemon,dialogue,,
0x01EDDA69, in terror!,11,1,12,pokemon,dialogue,,
0x01EDDC80,Big Mo comes in and takes control.,34,1,35,pokemon,description,,
0x01EDDE04,do with this.,13,1,14,pokemon,other,,
0x01EDDE45,"Stay away from gangs, and stay
in school!",41,1,42,pokemon,dialogue,,
0x01EDDF23,"When will he ever get a real job
and leave the house again?",59,1,60,pokemon,dialogue,,
0x01EDDFC9,t be more wrong!,16,1,17,pokemon,dialogue,,
0x01EDE02D,"Well, aside from Big Mo, of course.",35,1,36,pokemon,description,,
0x01EDE051,Weeeeeeeeeewhoooooooo!,22,1,23,pokemon,dialogue,,
0x01EDE0B5,"s the biggest, toughest guy in
all of Antisis City.",51,1,52,pokemon,description,,
0x01EDE131,"You know what, take these as a
congrats from me.",48,1,49,pokemon,dialogue,,
0x01EDE18F,mon.,4,1,5,pokemon,other,,
0x01EDE1A2, whaddya want?,14,1,15,pokemon,dialogue,,
0x01EDE1B5,t come back.,12,1,13,pokemon,other,,
0x01EDE1C5,Kek!,4,1,5,pokemon,dialogue,,
0x01EDE23E,"
this gate really only goes one way.",36,1,37,pokemon,description,,
0x01EDE2AA,access to the port.,19,1,20,pokemon,other,,
0x01EDE30A,I will know if you try something.,33,1,34,pokemon,dialogue,,
0x01EDE39B,trustworthiness.,16,1,17,pokemon,other,,
0x01EDE429," these names are hard to
read sometimes.",40,1,41,pokemon,description,,
0x01EDE578, Ball.,6,1,7,pokemon,other,,
0x01EDE5D0,"s less
ocean traffic!",21,1,22,pokemon,dialogue,,
0x01EDE627,"t need a
Burn Heal!",19,1,20,pokemon,dialogue,,
0x01EDE66E,"Oui, oui, yes, you would.",25,1,26,pokemon,dialogue,,
0x01EDE6A8," before
it melts!",17,1,18,pokemon,dialogue,,
0x01EDE7BF,"Try some, straight from the
Alola region!",41,1,42,pokemon,dialogue,,
0x01EDE824,"ll get all better, just
like that!",34,1,35,pokemon,dialogue,,
0x01EDE8C0,various regions to give out.,28,1,29,pokemon,other,,
0x01EDE943,t you take a Berry?,19,1,20,pokemon,dialogue,,
0x01EDEA22,"ll be back tomorrow morning,
as usual!",38,1,39,pokemon,dialogue,,
0x01EDEAD2,this job exists.,16,1,17,pokemon,other,,
0x01EDEB23,total destruction of the port.,30,1,31,pokemon,other,,
0x01EDEB70,"s no telling when a ruffian
will sneak past the gate check.",59,1,60,pokemon,description,,
0x01EDECC4,this port.,10,1,11,pokemon,other,,
0x01EDED96,across Borrius.,15,1,16,pokemon,other,,
0x01EDEE57,have to come back later.,24,1,25,pokemon,other,,
0x01EDEF40,an issue.,9,1,10,pokemon,other,,
0x01EDEF50,Identify yourself!,18,1,19,pokemon,dialogue,,
0x01EDEF72,Are you a ruffian?,18,1,19,pokemon,dialogue,,
0x01EDEF93,t fight like one.,17,1,18,pokemon,other,,
0x01EDEFC5,"t
mess around on the Antisis Port!",34,1,35,pokemon,dialogue,,
0x01EDEFF4,Antisis Sewers,14,1,15,pokemon,location,,
0x01EDF003,"A sewer system running underneath
both halves of Antisis City.
Certain individuals like to convert
the sewage here into medicine
each day.",138,1,139,pokemon,description,,
0x01EDF0E0,"
It is necessary!",17,1,18,pokemon,dialogue,,
0x01EDF0FA,"
Stinky, stinky!",16,1,17,pokemon,dialogue,,
0x01EDF113,"
Still stinky, stinky!",22,1,23,pokemon,dialogue,,
0x01EDF151,"
You have my gratitude.",23,1,24,pokemon,dialogue,,
0x01EDF1AA,you adieu.,10,1,11,pokemon,dialogue,,
0x01EDF317, I made!,8,1,9,pokemon,dialogue,,
0x01EDF37B,s going!,8,1,9,pokemon,dialogue,,
0x01EDF384,"Big Mo hired me to clean up
the sewers.",39,1,40,pokemon,description,,
0x01EDF3AC,"I kind of enjoy it, actually.",29,1,30,pokemon,dialogue,,
0x01EDF3EA,"m
never working a day in my life!",33,1,34,pokemon,dialogue,,
0x01EDF416,"t seen any critters
scampering about here, have you?",52,1,53,pokemon,dialogue,,
0x01EDF490,"They like to cause all sorts of
trouble down here.",50,1,51,pokemon,description,,
0x01EDF4DF,"ll
reach another area of the sewers.",36,1,37,pokemon,description,,
0x01EDF561,southern half of Antisis City.,30,1,31,pokemon,other,,
0x01EDF5AC,"Take that question, and take this
battle challenge with it!",59,1,60,pokemon,dialogue,,
0x01EDF620,mon!,4,1,5,pokemon,dialogue,,
0x01EDF651,mon have shown up.,18,1,19,pokemon,other,,
0x01EDF664,"The Science Society sent me to
the sewers to study the smell here!",66,1,67,pokemon,dialogue,,
0x01EDF742,mon.,4,1,5,pokemon,other,,
0x01EDF747,Sine! Cosine! Tangent!,22,1,23,pokemon,dialogue,,
0x01EDF771,What a catastrophic theorem!,28,1,29,pokemon,dialogue,,
0x01EDF790,Auburn Waterway,15,1,16,pokemon,location,,
0x01EDF800,"For that, you have my gratitude.",32,1,33,pokemon,dialogue,,
0x01EDF822,"Til the rain bringeth us together
again, I bid you adieu.",57,1,58,pokemon,dialogue,,
0x01EDF877,s so clear!,11,1,12,pokemon,dialogue,,
0x01EDF89D,"I prefer swimming in a calm lake
much more than in the sea.",59,1,60,pokemon,dialogue,,
0x01EDF8EF,re the colour of Oran Berries!,30,1,31,pokemon,dialogue,,
0x01EDF949,"m starting to get chilly.
I could use a win to get warmed up.",61,1,62,pokemon,dialogue,,
0x01EDF987,"Hi, wave-riding Trainer!
How about a battle on the lake?",56,1,57,pokemon,dialogue,,
0x01EDF9C0,You sure schooled me there.,27,1,28,pokemon,dialogue,,
0x01EDFA16,t you going to swim?,20,1,21,pokemon,dialogue,,
0x01EDFA8C,It puts the Hoenn region to shame!,34,1,35,pokemon,dialogue,,
0x01EDFAAF,"Waah! Now! Just now!
I was just about to reel it in!",52,1,53,pokemon,dialogue,,
0x01EDFB53,t you talk to me.,17,2,19,pokemon,dialogue,,
0x01EDFCB5,", come find me.",15,1,16,pokemon,other,,
0x01EDFCD9," on the other
side of the field to begin battling.",50,1,51,pokemon,description,,
0x01EDFD0C,Are you ready to begin the battle?,34,1,35,pokemon,dialogue,,
0x01EDFF61,"If you ever want to take part,
just let me know.",48,1,49,pokemon,dialogue,,
0x01EDFF92,"Which Leaders Gauntlet should
I explain?",40,1,41,pokemon,dialogue,,
0x01EE02A1,prizes you can win.,19,1,20,pokemon,dialogue,,
0x01EE052C, Difficulty?,12,1,13,pokemon,dialogue,,
0x01EE0539,"Please head over to the left side of
the battlefield to begin.",62,1,63,pokemon,description,,
0x01EE05AE,re needed at the Battleground!,30,1,31,pokemon,dialogue,,
0x01EE0679,"re ready to battle,
take a step in any direction.",49,1,50,pokemon,description,,
0x01EE072F,"re ready to battle,
take a step in any direction.",49,1,50,pokemon,description,,
0x01EE0807,"re ready to battle,
take a step in any direction.",49,1,50,pokemon,description,,
0x01EE0882,"re ready to battle,
take a step in any direction.",49,1,50,pokemon,description,,
0x01EE0917,"t get any rewards if you
quit now, Champ.",41,1,42,pokemon,dialogue,,
0x01EE0A74,special prizes.,15,1,16,pokemon,other,,
0x01EE0B26,"There are plenty more prizes
to be won!",39,1,40,pokemon,dialogue,,
0x01EE0B4E,Classic,7,1,8,pokemon,other,,
0x01EE0B56,Frontier,8,1,9,pokemon,other,,
0x01EE0B68,Not Yet,7,1,8,pokemon,location,,
0x01EE13ED,up frustrations.,16,1,17,pokemon,other,,
0x01EE1411,"But should you change your mind, I
am available here all day.",61,1,62,pokemon,dialogue,,
0x01EE1462,"ll wait for you at the
battle area.",35,1,36,pokemon,dialogue,,
0x01EE1489,"Just as darkness follows light,
your defeat is at hand!",55,1,56,pokemon,dialogue,,
0x01EE19E9,"It is not for a public hero such as
yourself to know.",53,1,54,pokemon,dialogue,,
0x01EE1CE2,"How about it? Are you game for
another battle?",46,1,47,pokemon,dialogue,,
0x01EE1D5B,m here.,7,1,8,pokemon,other,,
0x01EE1D93,"t take too long, now.",21,1,22,pokemon,other,,
0x01EE1DDB,ll never surrender!,19,1,20,pokemon,dialogue,,
0x01EE1E0E,"
magnificent!",13,1,14,pokemon,dialogue,,
0x01EE1F18,that.,5,1,6,pokemon,other,,
0x01EE2179,"I have something that might just
come in handy for your next battle.",68,1,69,pokemon,dialogue,,
0x01EE22B2,"You understand, right?",22,1,23,pokemon,dialogue,,
0x01EE24A1,"What do ya say?
To another rodeo?",33,1,34,pokemon,dialogue,,
0x01EE250F,"ll be
right here.",17,1,18,pokemon,other,,
0x01EE2536,"ll just mosey
along to the battle area, shall I?",48,1,49,pokemon,dialogue,,
0x01EE256A,"Brace yerself, partner! Yer getting
the full body experience!",61,1,62,pokemon,dialogue,,
0x01EE25CA,"all
got the talent!",19,1,20,pokemon,dialogue,,
0x01EE26A6,"Someone who can battle like that
just has to have this Z-Crystal!",65,1,66,pokemon,dialogue,,
0x01EE2861,come of it!,11,1,12,pokemon,dialogue,,
0x01EE29D6,"Here, a little present from me.",31,1,32,pokemon,description,,
0x01EE2B0D,"ll age gracefully with time,
and not a moment sooner, understand?",65,1,66,pokemon,dialogue,,
0x01EE2D56,"mon, whaddya say?",17,1,18,pokemon,dialogue,,
0x01EE2D87," Galavan
hanging here - ya gotta say yes!",41,1,42,pokemon,dialogue,,
0x01EE2E0E,"Awright, race ya to the battle area!",36,1,37,pokemon,dialogue,,
0x01EE2E36,"My machines of war are geared up
and ready to roll! Woooooar!",61,1,62,pokemon,dialogue,,
0x01EE2F8A,ll let ya have both!,20,1,21,pokemon,dialogue,,
0x01EE3142,re both great!,14,1,15,pokemon,dialogue,,
0x01EE32CD,with ya yet!,12,1,13,pokemon,dialogue,,
0x01EE3409,Ha ha ha ha!,12,1,13,pokemon,dialogue,,
0x01EE3748,"s nowhere to run, punk!",23,1,24,pokemon,dialogue,,
0x01EE378F, with you!,10,1,11,pokemon,dialogue,,
0x01EE3F3C,"s only
gonna get deeper! Get ready!",35,1,36,pokemon,dialogue,,
0x01EE4779,Will you indulge this old man?,30,1,31,pokemon,dialogue,,
0x01EE481C,"Then I shall make my way to the
battle area.",44,1,45,pokemon,dialogue,,
0x01EE4884,mon and I!,10,1,11,pokemon,dialogue,,
0x01EE489F," you never fail to
impress, as always.",38,1,39,pokemon,dialogue,,
0x01EE4970,"I believe that you should have no
problem tapping into its power.",65,1,66,pokemon,dialogue,,
0x01EE4B7C,A chrysalis IS the creature.,28,1,29,pokemon,other,,
0x01EE4D5B,"For that, I think you should
have this.",39,1,40,pokemon,dialogue,,
0x01EE4EAC,at heart.,9,1,10,pokemon,other,,
0x01EE4EB6,Referee,7,1,8,pokemon,other,,
0x01EE4F61,will fill the air!,18,1,19,pokemon,dialogue,,
0x01EE4FD7,mon!,4,1,5,pokemon,dialogue,,
0x01EE5157,-type moves!,12,1,13,pokemon,dialogue,,
0x01EE5265,-type moves cannot be used!,27,1,28,pokemon,dialogue,,
0x01EE5452, when they are defeated!,24,1,25,pokemon,dialogue,,
0x01EE54AF,"That what she says, anyway.",27,1,28,pokemon,other,,
0x01EE557D,t care one bit if it bothers you!,33,1,34,pokemon,dialogue,,
0x01EE55D4,Gimme a V,9,1,10,pokemon,location,,
0x01EE560E," Gym Leaders in the
Classic Leaders Gauntlet!",45,1,46,pokemon,dialogue,,
0x01EE5900,ideal Trainer?,14,1,15,pokemon,dialogue,,
0x01EE5976,with me.,8,1,9,pokemon,other,,
0x01EE5ADA,Champion of our region can!,27,1,28,pokemon,dialogue,,
0x01EE5BBF,A desire for true victory!,26,1,27,pokemon,dialogue,,
0x01EE5C61,"I think that settles it, then!",30,1,31,pokemon,dialogue,,
0x01EE5CB2,mon.,4,1,5,pokemon,other,,
0x01EE5CC7,mon is yours!,13,1,14,pokemon,dialogue,,
0x01EE5D32,determination!,14,1,15,pokemon,dialogue,,
0x01EE5D9C,Bellin Town,11,1,12,pokemon,location,,
0x01EE5DA8,Bellin Town D,13,1,14,pokemon,location,,
0x01EE5E04,"I hatched it from an Egg and have
no way to train it.",53,1,54,pokemon,dialogue,,
0x01EE5EE2,"Nope! Not yet!
Come back later!",31,1,32,pokemon,dialogue,,
0x01EE5F02,"I guess I will have to find another
Trainer for it.",51,1,52,pokemon,dialogue,,
0x01EE5F90,Come back when you have made space.,35,1,36,pokemon,dialogue,,
0x01EE600E,"I hope you have spent time showing
it around this wonderful world!",66,1,67,pokemon,dialogue,,
0x01EE6079, nature.,8,1,9,pokemon,other,,
0x01EE60A7,m on duty.,10,1,11,pokemon,other,,
0x01EE61FA,their unique red and blue colours.,34,1,35,pokemon,description,,
0x01EE6350,Ahahaha!,8,1,9,pokemon,dialogue,,
0x01EE6361,m trying to watch TV!,21,1,22,pokemon,dialogue,,
0x01EE637A,His eyes are glued to the TV.,29,1,30,pokemon,other,,
0x01EE63CF,s phone!,8,1,9,pokemon,dialogue,,
0x01EE6476,"d be
inclined to give you some!",31,1,32,pokemon,dialogue,,
0x01EE6511,"Here, try some!",15,1,16,pokemon,dialogue,,
0x01EE6521,"Use them in good health!
Heh, heh, see what I did there?",56,1,57,pokemon,dialogue,,
0x01EE66C4,mon Center D,12,1,13,pokemon,other,,
0x01EE66D5,mon Center N,12,1,13,pokemon,other,,
0x01EE6810, symbol under their type in battle.,35,1,36,pokemon,description,,
0x01EE6A9B,Wanna participate?,18,1,19,pokemon,dialogue,,
0x01EE6AC4,s your birthday?,16,1,17,pokemon,dialogue,,
0x01EE6AF5,"t wanna
share their birthday?",29,1,30,pokemon,dialogue,,
0x01EE6B4E, years old!,11,1,12,pokemon,dialogue,,
0x01EE6C0F,  to confirm.,13,1,14,pokemon,other,,
0x01EE6C60, Mart,5,1,6,pokemon,other,,
0x01EE6C82,"If you chase after that man, you
might be able to catch up with him!",68,1,69,pokemon,dialogue,,
0x01EE6D37,extra items in my Cube!,23,1,24,pokemon,dialogue,,
0x01EE6D96,"ll be in a
pinch and need some quick healing.",45,1,46,pokemon,description,,
0x01EE6DC4,Blizzard City,13,1,14,pokemon,location,,
0x01EE6E8C,mon?,4,1,5,pokemon,dialogue,,
0x01EE6F32,mon?,4,1,5,pokemon,dialogue,,
0x01EE6F3B,s get started right away!,25,1,26,pokemon,dialogue,,
0x01EE6F75,mon had fun!,12,1,13,pokemon,dialogue,,
0x01EE6F82,Thanks for battling with me!,28,1,29,pokemon,dialogue,,
0x01EE6FBA,"ll
still be working here!",25,1,26,pokemon,dialogue,,
0x01EE704D,"Take this item to feel just
like them.",38,1,39,pokemon,description,,
0x01EE70A9,-type moves when held.,22,1,23,pokemon,other,,
0x01EE70DE,"You look tired, want a snack?",29,1,30,pokemon,dialogue,,
0x01EE717F,s tough.,8,1,9,pokemon,other,,
0x01EE7188,If We Were Meant to Fly,23,1,24,pokemon,other,,
0x01EE71A0,"Are people meant to fly? Steal
20 Pretty Wings from Wingull or
Pelipper to find out!",84,1,85,pokemon,dialogue,,
0x01EE7358,a nice lady out?,16,1,17,pokemon,dialogue,,
0x01EE76C7,that in mind!,13,1,14,pokemon,dialogue,,
0x01EE78DB,"s
see if we have what it takes!",31,1,32,pokemon,dialogue,,
0x01EE78FB,"Ah! Those must be the Pretty Wings
I requested!",47,1,48,pokemon,dialogue,,
0x01EE7995,"Behold, history in the making!",30,1,31,pokemon,dialogue,,
0x01EE79B4,Oof!,4,1,5,pokemon,dialogue,,
0x01EE7AEC,"Take this, as your payment.",27,1,28,pokemon,dialogue,,
0x01EE7B3B,ll be here.,11,1,12,pokemon,other,,
0x01EE7BD8,"m sure our greeter gave you
a nice gift!",40,1,41,pokemon,dialogue,,
0x01EE7C46,"save their strength by coming up
through there instead of hiking up!",68,1,69,pokemon,dialogue,,
0x01EE7D46,"ll learn about them all the
more you battle.",44,1,45,pokemon,dialogue,,
0x01EE7EA0,"t
fit inside a normal Gym.",26,1,27,pokemon,other,,
0x01EE7EEB,The trash can is empty.,23,1,24,pokemon,other,,
0x01EE7F03,The door is open.,17,1,18,pokemon,other,,
0x01EE7FA9,-type?,6,1,7,pokemon,dialogue,,
0x01EE7FF3,ll give you a little something.,31,1,32,pokemon,dialogue,,
0x01EE803F,-type!,6,1,7,pokemon,dialogue,,
0x01EE80A5,-type!,6,1,7,pokemon,dialogue,,
0x01EE8145,"Thank you! As a token of my
gratitude, would you like a Berry?",62,1,63,pokemon,dialogue,,
0x01EE818F,s all yours now!,16,1,17,pokemon,dialogue,,
0x01EE81AC,re all yours now!,17,1,18,pokemon,dialogue,,
0x01EE81BE,"Aww. You are the best!
Please come back tomorrow, too!",54,1,55,pokemon,dialogue,,
0x01EE823A,food is judged as bad or good.,30,1,31,pokemon,other,,
0x01EE8259,Cheri Berry,11,1,12,pokemon,dialogue,,
0x01EE8265,Chesto Berry,12,1,13,pokemon,location,,
0x01EE8272,Pecha Berry,11,1,12,pokemon,location,,
0x01EE827E,Rawst Berry,11,1,12,pokemon,location,,
0x01EE828A,Aspear Berry,12,1,13,pokemon,location,,
0x01EE8297,Leppa Berry,11,1,12,pokemon,location,,
0x01EE82D1,m soooo hungry!,15,1,16,pokemon,dialogue,,
0x01EE8391,"s probably just a rumour, so
most people tend to ignore it.",59,1,60,pokemon,description,,
0x01EE8508,"But not me.
Life sucks.",23,1,24,pokemon,other,,
0x01EE85CE,"ve been giving these away.
Please, take one!",44,1,45,pokemon,dialogue,,
0x01EE863B,"You have to charge its battery to
use it, though.",49,1,50,pokemon,dialogue,,
0x01EE8753,re on a road.,13,1,14,pokemon,other,,
0x01EE87E4," to share
my frosty hands.",26,1,27,pokemon,dialogue,,
0x01EE8849,"My hands shall remain cold for
all eternity.",44,1,45,pokemon,dialogue,,
0x01EE88E9,"
your way?",10,1,11,pokemon,dialogue,,
0x01EE899F, weather.,9,1,10,pokemon,other,,
0x01EE89A9,"Your loss, pal.",15,1,16,pokemon,dialogue,,
0x01EE8A56,s super useful!,15,1,16,pokemon,dialogue,,
0x01EE8AA9,"s great for if you want to
battle my mommy!",43,1,44,pokemon,dialogue,,
0x01EE8B07,mon!,4,1,5,pokemon,dialogue,,
0x01EE8B39,"It almost made a hole in the
ceiling when I let it out!",55,1,56,pokemon,dialogue,,
0x01EE8B9B,m going to tell on you!,23,1,24,pokemon,dialogue,,
0x01EE8CC1,"t bear to be without
his mama!",30,1,31,pokemon,dialogue,,
0x01EE8F8A,prepared.,9,1,10,pokemon,other,,
0x01EE8FE9,dex!,4,1,5,pokemon,dialogue,,
0x01EE90F6,"My assistant can provide
further explanations.",46,1,47,pokemon,dialogue,,
0x01EE9222,s PC.,5,1,6,pokemon,other,,
0x01EE922F,"s assistant, I am capable of
explaining the DexNav to you.",58,1,59,pokemon,dialogue,,
0x01EE928E,"Its explanations are available
from me whenever you may need them.",66,1,67,pokemon,dialogue,,
0x01EE965A,mon.,4,1,5,pokemon,other,,
0x01EE9835,prior.,6,1,7,pokemon,other,,
0x01EE993B,gold star.,10,1,11,pokemon,other,,
0x01EE9A74,mon.,4,1,5,pokemon,other,,
0x01EE9B7B,search level is high enough.,28,1,29,pokemon,other,,
0x01EE9BCA,"This is indicated on the search bar
if the search level is high enough.",71,1,72,pokemon,description,,
0x01EE9D1D,appears in the area.,20,1,21,pokemon,other,,
0x01EE9F8C,"This is indicated by a gold star next
to the chain length on the HUD.",69,1,70,pokemon,description,,
0x01EE9FD2,The DexNav,10,1,11,pokemon,location,,
0x01EE9FDD,Searching,9,1,10,pokemon,other,,
0x01EE9FE7,Potential,9,1,10,pokemon,other,,
0x01EEA01B,Registration,12,1,13,pokemon,other,,
0x01EEA039,Sinnoh Leader,13,1,14,pokemon,location,,
0x01EEA171,one right now!,14,1,15,pokemon,dialogue,,
0x01EEA1BB,"ll give the answer away.
I want to battle with you!",51,1,52,pokemon,dialogue,,
0x01EEA26B,"Lemme show you what I mean!
Get ready, because here I come!",59,1,60,pokemon,dialogue,,
0x01EEA2D2,t you?,6,1,7,pokemon,dialogue,,
0x01EEA2DC,"
Did my willpower intimidate you?",33,1,34,pokemon,dialogue,,
0x01EEA311,re worthy of lots of respect.,29,1,30,pokemon,other,,
0x01EEA33F,"You battled really well, so I want
you to have this.",52,1,53,pokemon,dialogue,,
0x01EEA427,"ll focus even harder and win next
time, for sure!",49,1,50,pokemon,dialogue,,
0x01EEA4A2,"ll focus even harder and win next
time, for sure!",49,1,50,pokemon,dialogue,,
0x01EEA521,"t worry, my friend, the Cut
Master told me you were coming!",59,1,60,pokemon,dialogue,,
0x01EEA5FB,a look of relief on their face!,31,1,32,pokemon,dialogue,,
0x01EEA6ED, Gym Badge.,11,1,12,pokemon,other,,
0x01EEA708,His brain appears to be fried.,30,1,31,pokemon,other,,
0x01EEA769,re all great!,13,1,14,pokemon,dialogue,,
0x01EEA84F,"Talk to him ASAP if you want to
move those pesky things.",56,1,57,pokemon,dialogue,,
0x01EEA8A9,"Bring 1 Pecha Berry, 1 Qualot
Berry, and 1 Fresh Water to help
out with a birthday celebration.",95,1,96,pokemon,description,,
0x01EEA909,"Bring 3 Rawst Berries, 5 Belue
Berries, 5 Watmel Berries, and 5
Moomoo Milks for an anniversary.",96,1,97,pokemon,description,,
0x01EEA96A,"Bring 10 Sitrus Berries, 10 Lum
Berries, 2 Kee Berries, 2 Marang
Berries, and 5 Moomoo Milks for pie.",101,1,102,pokemon,description,,
0x01EEA9EA,"Would you be a dear and help me
with a task?",44,1,45,pokemon,dialogue,,
0x01EEAA2D,"Would you be a dear and help me
with another task?",50,1,51,pokemon,dialogue,,
0x01EEAA60,"Are you sure?
I promise the reward is good.",43,1,44,pokemon,dialogue,,
0x01EEAB5C,much appreciated.,17,1,18,pokemon,other,,
0x01EEABE4,"Bring them to me with haste, young
Trainer!",43,1,44,pokemon,dialogue,,
0x01EEACB4,"Please bring them as soon
as you can.",37,1,38,pokemon,dialogue,,
0x01EEAD0F,Much appreciated.,17,1,18,pokemon,location,,
0x01EEAD60,"Please, take these in exchange for
your hard work, young Trainer.",65,1,66,pokemon,dialogue,,
0x01EEAEFF,1 Fresh Water,13,1,14,pokemon,other,,
0x01EEAF3E,5 Moomoo Milks,14,1,15,pokemon,other,,
0x01EEAF8D,5 Moomoo Milks,14,1,15,pokemon,other,,
0x01EEB02D,mon somewhere!,14,1,15,pokemon,dialogue,,
0x01EEB1B1,"d expect
from a Gym up here.",28,1,29,pokemon,other,,
0x01EEB2E3,mon that can still evolve.,26,1,27,pokemon,other,,
0x01EEB302,"mon that can still evolve are
in abundance in the wild.",55,1,56,pokemon,description,,
0x01EEB36C,"Even if you were to give it an
Eviolite, it would have no effect.",65,1,66,pokemon,dialogue,,
0x01EEB412,t hold items.,13,1,14,pokemon,other,,
0x01EEB4A9,to increase its defenses.,25,1,26,pokemon,other,,
0x01EEB50B,"s even a website
documenting them all.",38,1,39,pokemon,description,,
0x01EEB5B2,for a tough fight!,18,1,19,pokemon,dialogue,,
0x01EEB671,So cute!,8,1,9,pokemon,dialogue,,
0x01EEB8C0,Cave of Being,13,1,14,pokemon,location,,
0x01EEB8CE,"A mysterious cave said to have a
connection to the Sinnoh region.
Unfortunately, it has remained
empty for years.",113,1,114,pokemon,dialogue,,
0x01EEB940,Cinder Volcano,14,1,15,pokemon,location,,
0x01EEB9A1,"mon
roosts at the summit.",25,1,26,pokemon,other,,
0x01EEBADF,"PRESSURE IS
THE KEY.",20,1,21,pokemon,other,,
0x01EEBBC3,"Or, perhaps, was this your doing?",33,1,34,pokemon,dialogue,,
0x01EEBC2A,"Remove the cloak and lay it
to rest?",36,1,37,pokemon,dialogue,,
0x01EEBC52,"The cloak was removed from the
Shadow Warrior.",46,1,47,pokemon,description,,
0x01EEBCC8,to rest.,8,1,9,pokemon,other,,
0x01EEBCD1,"My school told me it was too
dangerous to come here.",52,1,53,pokemon,dialogue,,
0x01EEBD0B,"s what I get for not
listening.",31,1,32,pokemon,dialogue,,
0x01EEBD59,"s plenty of exposed magma
everywhere.",37,1,38,pokemon,description,,
0x01EEBDA6,mon around here.,16,1,17,pokemon,other,,
0x01EEBDB7,"The bird is said to have wings
of fire!",39,1,40,pokemon,dialogue,,
0x01EEBE3B,mon!,4,1,5,pokemon,dialogue,,
0x01EEBE80,"should I continue on, or go home?",33,1,34,pokemon,dialogue,,
0x01EEBEA2,"One does not simply decide in
an instant.",41,1,42,pokemon,description,,
0x01EEBECC,Which way will you choose to go?,32,1,33,pokemon,dialogue,,
0x01EEBEF0,s about to get lit!,19,1,20,pokemon,dialogue,,
0x01EEBF04,Extinguished.,13,1,14,pokemon,other,,
0x01EEBF2B,s too easy to start a fire!,27,1,28,pokemon,dialogue,,
0x01EEBF6C,mon!,4,1,5,pokemon,dialogue,,
0x01EEBF7C,"t as resistant as
I thought.",28,1,29,pokemon,dialogue,,
0x01EEBFD9,Fire-types.,11,1,12,pokemon,other,,
0x01EEC00E,"Are you afraid they could collapse
under you at any moment?",59,1,60,pokemon,dialogue,,
0x01EEC067,t collapse.,11,1,12,pokemon,other,,
0x01EEC0C2,"re red, as opposed
to the normal light blue.",44,1,45,pokemon,description,,
0x01EEC12E,Bring your worst!,17,1,18,pokemon,dialogue,,
0x01EEC140,I must not have trained enough.,31,1,32,pokemon,dialogue,,
0x01EEC17A,"Someday, I will become the
ultimate warrior.",44,1,45,pokemon,dialogue,,
0x01EEC1E3,burning passion.,16,1,17,pokemon,other,,
0x01EEC1F4,Your moves flowed like lava.,28,1,29,pokemon,dialogue,,
0x01EEC211,"The lava here is the inspiration
for all my greatest works.",59,1,60,pokemon,dialogue,,
0x01EEC24D,This volcano houses many secrets!,33,1,34,pokemon,dialogue,,
0x01EEC26F,You are a mysterious young fellow.,34,1,35,pokemon,dialogue,,
0x01EEC292,"I will unravel the secrets of
Cinder Volcano!",45,1,46,pokemon,dialogue,,
0x01EEC2C0,Into the fiery pit we go!,25,1,26,pokemon,dialogue,,
0x01EEC2EA,"m not going
anywhere.",21,1,22,pokemon,other,,
0x01EEC302,"m going to stay rooted to this
spot for all of eternity.",56,1,57,pokemon,description,,
0x01EEC349,"The Slugma in this volcano burn
hotter than the sun!",52,1,53,pokemon,dialogue,,
0x01EEC388,m melting!,10,1,11,pokemon,dialogue,,
0x01EEC3EF,d all roast alive if they did!,30,1,31,pokemon,dialogue,,
0x01EEC40E,"Staring out into the vast ocean of
lava just melts my heart.",60,1,61,pokemon,dialogue,,
0x01EEC44B,You have melted my heart.,25,1,26,pokemon,dialogue,,
0x01EEC4B0,You are deserving of this Gem.,30,1,31,pokemon,dialogue,,
0x01EEC532,ride on it.,11,1,12,pokemon,other,,
0x01EEC674,"Now, show me the strength of a
Trainer with four Badges!",56,1,57,pokemon,dialogue,,
0x01EEC6B6,"t expect any less from
someone of your caliber.",47,1,48,pokemon,dialogue,,
0x01EEC6E6,Take this.,10,1,11,pokemon,location,,
0x01EEC75C,assuming you have a Keystone.,29,1,30,pokemon,dialogue,,
0x01EEC77C,Cootes Bog,10,1,11,pokemon,location,,
0x01EEC787,Hunter of the Swamp,19,1,20,pokemon,other,,
0x01EEC7C0,"mon living in Cootes Bog! Use
the DexNav to help catch them all.",64,1,65,pokemon,dialogue,,
0x01EEC8D4,mon that live in Cootes Bog.,28,1,29,pokemon,other,,
0x01EEC9DF,mon here have been caught.,26,1,27,pokemon,other,,
0x01EEC9FA,"It seems you are not as interested
in your DexNav as I am, I suppose.",69,1,70,pokemon,dialogue,,
0x01EECA90,"Perfect!
This is my thanks!",27,1,28,pokemon,dialogue,,
0x01EECAAC,"And let me modify your DexNav, too!",35,1,36,pokemon,dialogue,,
0x01EECAD3,"The DexNav has been upgraded to
show possible held items!",57,1,58,pokemon,dialogue,,
0x01EECB5F,Keep on hunting!,16,1,17,pokemon,dialogue,,
0x01EECB87,"mon that can
be found in the swamp is amazing!",46,1,47,pokemon,dialogue,,
0x01EECBF5,and the bridge path.,20,1,21,pokemon,other,,
0x01EECC41,mon.,4,1,5,pokemon,other,,
0x01EECC90,"If you want to take the bridge
path, go back.",45,1,46,pokemon,dialogue,,
0x01EECCEF,mon.,4,1,5,pokemon,other,,
0x01EECCF7,"s a good thing I am not the only
one watching over this swamp.",62,1,63,pokemon,dialogue,,
0x01EECD52,"s
protector by any means necessary.",35,1,36,pokemon,description,,
0x01EECD76,"This swamp is the perfect place to
ambush unsuspecting Trainers.",64,1,65,pokemon,description,,
0x01EECDF2,me approaching.,15,1,16,pokemon,other,,
0x01EECE3E,be hidden here?,15,1,16,pokemon,dialogue,,
0x01EECE4E,"This swamp is really a living being
with a powerful spirit.",59,1,60,pokemon,description,,
0x01EECE8A,"The spirit of the swamp is
with you.",36,1,37,pokemon,dialogue,,
0x01EECEDF,t litter.,9,1,10,pokemon,other,,
0x01EECF1B,"ll show you
my technique.",25,1,26,pokemon,dialogue,,
0x01EECF57,mon pop right up!,17,1,18,pokemon,dialogue,,
0x01EECFB7,mon.,4,1,5,pokemon,other,,
0x01EECFDB,d want to do that?,18,1,19,pokemon,dialogue,,
0x01EED00C,mon!,4,1,5,pokemon,dialogue,,
0x01EED02F,"mon
in, not to eat in.",22,1,23,pokemon,other,,
0x01EED046,"I am trying to make this icky place
pretty with flowers.",56,1,57,pokemon,dialogue,,
0x01EED07F,"If we were judging this battle on
beauty points, I would have won.",66,1,67,pokemon,dialogue,,
0x01EED0FE,swamp such as this one.,23,1,24,pokemon,other,,
0x01EED116,"Just over yonder is the entrance to
Crystal Peak.",49,1,50,pokemon,description,,
0x01EED148,"Wow!
Go right on ahead to Crystal Peak!",39,1,40,pokemon,dialogue,,
0x01EED193,re at the base of Crystal Peak.,31,2,33,pokemon,description,,
0x01EED1B3, Costume Box,12,1,13,pokemon,other,,
0x01EED1D2,Close,5,1,6,pokemon,other,,
0x01EED30F,Locked,6,1,7,pokemon,other,,
0x01EED316,Next Version,12,1,13,pokemon,location,,
0x01EED330,Crater Town,11,1,12,pokemon,location,,
0x01EED43A,wide highway.,13,1,14,pokemon,other,,
0x01EED4D7,things will happen.,19,1,20,pokemon,other,,
0x01EED686,entrance.,9,1,10,pokemon,other,,
0x01EED7DD,more frequently used.,21,1,22,pokemon,other,,
0x01EED8DE,"re wearing
gave it away.",24,1,25,pokemon,other,,
0x01EED964,Didja? Didja?,13,1,14,pokemon,dialogue,,
0x01EED9EF,Didja? Didja?,13,1,14,pokemon,dialogue,,
0x01EED9FD,You learn something new every day!,34,1,35,pokemon,dialogue,,
0x01EEDA20,"Oh, look at you, smarty pants.",30,1,31,pokemon,dialogue,,
0x01EEDA96,Major Miner,11,1,12,pokemon,location,,
0x01EEDAF9, Carbink.,9,1,10,pokemon,other,,
0x01EEDCE0," and assist
me in my task!",26,1,27,pokemon,dialogue,,
0x01EEDED0,"Once you have done that, please
return to me for a reward.",58,1,59,pokemon,dialogue,,
0x01EEDF60,"Without you, my purpose here
is meaningless.",44,1,45,pokemon,dialogue,,
0x01EEE139,"Once you have done that, please
return to me for a reward.",58,1,59,pokemon,dialogue,,
0x01EEE19F,"Please, accept this, a rare
Mega Stone!",39,1,40,pokemon,dialogue,,
0x01EEE268,Weeooweeoowee!,14,1,15,pokemon,dialogue,,
0x01EEE27A,Weeeeooooweeeeeeeeoooo!,23,1,24,pokemon,dialogue,,
0x01EEE3E0,"s a mysterious meteorite that
fell from the stars.",50,1,51,pokemon,dialogue,,
0x01EEE470, there!,7,1,8,pokemon,dialogue,,
0x01EEE4D1, there!,7,1,8,pokemon,dialogue,,
0x01EEE515,mon Swarms.,11,1,12,pokemon,other,,
0x01EEE5E3,watching TV,11,1,12,pokemon,other,,
0x01EEE5EF,"listening to
the radio",22,1,23,pokemon,other,,
0x01EEE6F6,"Look at what this nice young
Trainer brought you.",49,1,50,pokemon,dialogue,,
0x01EEE896,the radio,9,1,10,pokemon,other,,
0x01EEEC95,"I will never forget the heroic act
that man performed.",54,1,55,pokemon,dialogue,,
0x01EEEF03,mon a loving home?,18,1,19,pokemon,dialogue,,
0x01EEEF51,Good day.,9,1,10,pokemon,location,,
0x01EEEF5B,Please wait here.,17,1,18,pokemon,location,,
0x01EEF01A,for the right to capture it.,28,1,29,pokemon,other,,
0x01EEF260,mon that fell from the stars!,29,1,30,pokemon,dialogue,,
0x01EEF2A8,"mon woke up and wished
itself immense size and power!",53,1,54,pokemon,dialogue,,
0x01EEF3A4,mon.,4,1,5,pokemon,other,,
0x01EEF3D7,"Let me guess, you want me to teach
a move?",42,1,43,pokemon,dialogue,,
0x01EEF402,Should I teach a level-up move?,31,1,32,pokemon,dialogue,,
0x01EEF42C,mon needs tutoring?,19,1,20,pokemon,dialogue,,
0x01EEF440,Which move should I teach?,26,1,27,pokemon,dialogue,,
0x01EEF460," handed over a
Heart Scale in exchange.",39,1,40,pokemon,description,,
0x01EEF4FB,m your guy.,11,1,12,pokemon,dialogue,,
0x01EEF517,"t a single move
that I can teach an Egg.",40,1,41,pokemon,dialogue,,
0x01EEF582,mon.,4,1,5,pokemon,other,,
0x01EEF5C5,I wonder where it went?,23,1,24,pokemon,dialogue,,
0x01EEF6BF,a mega power-up.,16,1,17,pokemon,other,,
0x01EEFA61,-type!,6,1,7,pokemon,dialogue,,
0x01EEFBAC, Marts.,7,1,8,pokemon,other,,
0x01EEFC70,"ll have more use
for this TM than I did.",40,1,41,pokemon,dialogue,,
0x01EEFCA4," can be used to light up
dark caves.",36,1,37,pokemon,description,,
0x01EEFD6B,"We can trade again tomorrow if
you want!",40,1,41,pokemon,dialogue,,
0x01EEFD94,"Oh! Seriously? You must be kidding.
Usually people are happy to trade!",70,1,71,pokemon,dialogue,,
0x01EEFE1C,mon Unbound Version,19,1,20,pokemon,other,,
0x01EEFE4C,"

Battle Engine



",19,1,20,pokemon,other,,
0x01EEFE60,"


 Complete FireRed Upgrade


",31,1,32,pokemon,description,,
0x01EEFE80,"
Story




",11,1,12,pokemon,other,,
0x01EEFEAE,"Map Design





",16,1,17,pokemon,location,,
0x01EEFEEA,"

Map Design



",16,1,17,pokemon,other,,
0x01EEFF0B,"
Script and Puzzle Design




",30,1,31,pokemon,other,,
0x01EEFF4F,"
Enemy Team Design




",23,1,24,pokemon,dialogue,,
0x01EEFF83,"Attack Animations





",23,1,24,pokemon,location,,
0x01EEFFC2,"Trainer Sprite Design





",27,1,28,pokemon,location,,
0x01EF0009,"Music Composition





",23,1,24,pokemon,location,,
0x01EF0069,"Music Composition





",23,1,24,pokemon,location,,
0x01EF00BC,"Music Composition





",23,1,24,pokemon,location,,
0x01EF010A,"
Music Composition




",23,1,24,pokemon,other,,
0x01EF0141,"
Graphic Design




",20,1,21,pokemon,other,,
0x01EF017F,"Special Thanks





",20,1,21,pokemon,location,,
0x01EF01BF,"Special Thanks





",20,1,21,pokemon,location,,
0x01EF0222,"Special Thanks





",20,1,21,pokemon,location,,
0x01EF0268,"Special Thanks





",20,1,21,pokemon,location,,
0x01EF02AF,"
Special Thanks




",20,1,21,pokemon,other,,
0x01EF02E2,"Complete FireRed Upgrade





",30,1,31,pokemon,location,,
0x01EF0335,"Complete FireRed Upgrade





",30,1,31,pokemon,location,,
0x01EF03A1,"Complete FireRed Upgrade





",30,1,31,pokemon,location,,
0x01EF03F7,"
Complete FireRed Upgrade




",30,1,31,pokemon,other,,
0x01EF042D,"Battle Frontier Spreads





",29,1,30,pokemon,location,,
0x01EF0482,"Battle Frontier Spreads





",29,1,30,pokemon,location,,
0x01EF04D2,"Battle Frontier Spreads





",29,1,30,pokemon,location,,
0x01EF0534,"mon Sprites





",17,1,18,pokemon,other,,
0x01EF05C9,"mon Sprites





",17,1,18,pokemon,other,,
0x01EF060F,"mon Sprites





",17,1,18,pokemon,other,,
0x01EF065B,"Overworld Sprites





",23,1,24,pokemon,location,,
0x01EF06AF,"Overworld Sprites





",23,1,24,pokemon,location,,
0x01EF06F7,"Overworld Sprites





",23,1,24,pokemon,location,,
0x01EF0754,"Other Trainer Sprites





",27,1,28,pokemon,location,,
0x01EF07B6,"

Other Trainer Sprites



",27,1,28,pokemon,other,,
0x01EF07E3,"Other Music





",17,1,18,pokemon,location,,
0x01EF0829,"Other Music





",17,1,18,pokemon,location,,
0x01EF0872,"
Other Music




",17,1,18,pokemon,other,,
0x01EF08A7,"

Other Code



",16,1,17,pokemon,other,,
0x01EF08CC,"Battle Graphics





",21,1,22,pokemon,location,,
0x01EF0921,"Battle Graphics





",21,1,22,pokemon,location,,
0x01EF0B07,"Testing





",13,1,14,pokemon,other,,
0x01EF0B46,"Testing





",13,1,14,pokemon,other,,
0x01EF0B86,"Testing





",13,1,14,pokemon,other,,
0x01EF0BC7,"Testing





",13,1,14,pokemon,other,,
0x01EF0C08,"
Testing




",13,1,14,pokemon,other,,
0x01EF0C33,"mon FireRed Version




",24,1,25,pokemon,other,,
0x01EF0C4C,"

 Game Freak
 Nintendo


",26,2,28,pokemon,other,,
0x01EF0C67, Crystal Peak,13,1,14,pokemon,other,,
0x01EF0C93,"The tallest mountain in Borrius.
It gets its name from the large
crystal found at its peak.
The crystals found here are said to
give off immense amounts of energy.",163,7,170,pokemon,description,,
0x01EF0E11,"Learn do you want, too?",23,1,24,pokemon,dialogue,,
0x01EF0E29,"Over here you look now, yes, yes.",33,1,34,pokemon,dialogue,,
0x01EF0E6E,And kablam!,11,1,12,pokemon,dialogue,,
0x01EF0EB0,"Other totems do similar things I
believe, yes, yes.",51,1,52,pokemon,description,,
0x01EF0F30,"If down go the crystals, come back
the other crystals, do, yes, yes.",68,1,69,pokemon,description,,
0x01EF0F75,"Learn you will not, no, no.",27,1,28,pokemon,dialogue,,
0x01EF0FC1,What could it be for?,21,1,22,pokemon,dialogue,,
0x01EF0FD7,Slide the crystal upwards?,26,1,27,pokemon,dialogue,,
0x01EF1068,How about I share one with you?,31,1,32,pokemon,dialogue,,
0x01EF10F6,"s the one place in Crystal Peak
that you can!",45,1,46,pokemon,dialogue,,
0x01EF1124,One Purple Balloon,18,1,19,pokemon,location,,
0x01EF1137,"A little girl has been snatched up
by a Drifloon! Find her, and return
her safely to her worried mother.",104,1,105,pokemon,dialogue,,
0x01EF1264,", search for her!",17,1,18,pokemon,dialogue,,
0x01EF12C4,"If you find the Drifloon, you will
find my daughter!",52,1,53,pokemon,dialogue,,
0x01EF13FD,Floooooon!,10,1,11,pokemon,dialogue,,
0x01EF140B,"The little girl was carried off
by the Drifloon.",48,1,49,pokemon,description,,
0x01EF1509,"It looks like the Ditto dropped
something before it disappeared.",64,1,65,pokemon,description,,
0x01EF154A,Blazing Emeralds,16,1,17,pokemon,location,,
0x01EF155B,"Search far and wide for hot
emeralds hidden beneath crystals.",61,1,62,pokemon,description,,
0x01EF1628,"Find my hot, hot, emeralds for me,
pretty please?",49,1,50,pokemon,dialogue,,
0x01EF16E3,", pretty please!",16,1,17,pokemon,dialogue,,
0x01EF1722,Ahhhhhhhhhhhhhhhhhhh!,21,1,22,pokemon,dialogue,,
0x01EF174C," emeralds
to the strange guy.",29,1,30,pokemon,other,,
0x01EF17A5,"Okee dookee, here you go.",25,1,26,pokemon,dialogue,,
0x01EF1850, of dem emeralds!,17,1,18,pokemon,dialogue,,
0x01EF1862,Ahhhhhhhhhhhhhhhhhhh!,21,1,22,pokemon,dialogue,,
0x01EF18BB,So hot!,7,1,8,pokemon,dialogue,,
0x01EF18C3,"The emerald was absorbed by
the Cube!",37,1,38,pokemon,dialogue,,
0x01EF1910,"This emerald was found on B1F
beneath a blue crystal.",53,1,54,pokemon,description,,
0x01EF1946,"This emerald was found in the
large room on 1F beneath a
red crystal.",69,1,70,pokemon,description,,
0x01EF198C,"This emerald was found in the
large room on 1F beneath a
yellow crystal.",72,1,73,pokemon,description,,
0x01EF19D5,"This emerald was found in the
large room on 1F beneath a
blue crystal.",70,1,71,pokemon,description,,
0x01EF1A1C,"This emerald was found in the left
room on 1F beneath a blue crystal.",69,1,70,pokemon,description,,
0x01EF1A62,"This emerald was found in the
small room on B1F beneath a
yellow crystal.",73,1,74,pokemon,description,,
0x01EF1AAC,"This emerald was found in the right
room on 1F beneath a blue crystal.",70,1,71,pokemon,description,,
0x01EF1AF3,"This emerald was found in the right
room on 1F beneath a red crystal.",69,1,70,pokemon,description,,
0x01EF1B39,"This emerald was found in the room
at the top of the cliffside beneath
a red crystal.",85,1,86,pokemon,description,,
0x01EF1C1E, the other way!,15,1,16,pokemon,dialogue,,
0x01EF1C2E,"You beat me, so go back the other
way like good little Trainers.",64,1,65,pokemon,dialogue,,
0x01EF1CC3,No siree!,9,1,10,pokemon,dialogue,,
0x01EF1D2A,mon!,4,1,5,pokemon,dialogue,,
0x01EF1D2F,"Will you be our friend, too?",28,1,29,pokemon,dialogue,,
0x01EF1DAB,"re going to be
around much longer anyway.",41,1,42,pokemon,description,,
0x01EF1DEB,What was it again?,18,1,19,pokemon,dialogue,,
0x01EF1E16,"t know
anything!",16,1,17,pokemon,dialogue,,
0x01EF1E40,"He promised me untold riches if I
helped him, but I never got squat!",68,1,69,pokemon,dialogue,,
0x01EF1E94,"ve been ordered to delay you as
long as possible.",49,1,50,pokemon,dialogue,,
0x01EF1ECF,s a bust.,9,1,10,pokemon,other,,
0x01EF1FA1,Allow me to not return that favour!,35,1,36,pokemon,dialogue,,
0x01EF1FCB,t owe you anything.,19,1,20,pokemon,dialogue,,
0x01EF2075,"re not as strong as
that guy with the green hat.",48,1,49,pokemon,description,,
0x01EF20A8,"ve confirmed it.
You are as strong as that guy.",47,1,48,pokemon,dialogue,,
0x01EF2147,Trainers multiple times.,24,1,25,pokemon,location,,
0x01EF218C,s trap?,7,1,8,pokemon,dialogue,,
0x01EF21C0,re all useless?,15,1,16,pokemon,dialogue,,
0x01EF223A,t matter to me!,15,1,16,pokemon,dialogue,,
0x01EF224A,"My defeat?
Definitely matters to me!",36,1,37,pokemon,dialogue,,
0x01EF22D4,know?,5,1,6,pokemon,dialogue,,
0x01EF231C,Surprise!,9,1,10,pokemon,dialogue,,
0x01EF2398,place to be in Borrius!,23,1,24,pokemon,dialogue,,
0x01EF23B8,Beware the ghost balloons!,26,1,27,pokemon,dialogue,,
0x01EF23D3,"The ghost balloons capture children
and fly away with them.",59,1,60,pokemon,description,,
0x01EF2413,"t let the ghost balloons carry
you away, child!",47,1,48,pokemon,dialogue,,
0x01EF247C,"s see if I can harness some to
defeat you!",42,1,43,pokemon,dialogue,,
0x01EF24A7,"I must not have configured my
collection device correctly.",58,1,59,pokemon,dialogue,,
0x01EF24E2,"The natural energy found here is
even stronger than electricity!",64,1,65,pokemon,dialogue,,
0x01EF2529,"s a giant crystal at the top
of this mountain!",46,1,47,pokemon,dialogue,,
0x01EF2558,And that was a giant defeat!,28,1,29,pokemon,dialogue,,
0x01EF25D5,"No one knows where it came from or
how it got there.",52,1,53,pokemon,description,,
0x01EF2641,mon!,4,1,5,pokemon,dialogue,,
0x01EF2657,"s real power is
nothing like mine!",34,1,35,pokemon,dialogue,,
0x01EF26A9,mon I use.,10,1,11,pokemon,dialogue,,
0x01EF26F2,s ideal for training!,21,1,22,pokemon,dialogue,,
0x01EF2722," I get to
battle tough characters like you!",43,1,44,pokemon,dialogue,,
0x01EF2770,mon even tougher.,17,1,18,pokemon,other,,
0x01EF27CE,"ll be good practice on the
way up!",34,1,35,pokemon,dialogue,,
0x01EF2858,mountain in all of Borrius?,27,1,28,pokemon,dialogue,,
0x01EF289E,"re here to harness power for
our facility!",42,1,43,pokemon,dialogue,,
0x01EF28E0,"t enough to
defeat you!",23,1,24,pokemon,dialogue,,
0x01EF2957,some truly wonderful products!,30,1,31,pokemon,dialogue,,
0x01EF29B7,t stand a chance!,17,1,18,pokemon,dialogue,,
0x01EF29FA,t equal strength.,17,1,18,pokemon,other,,
0x01EF2A4E,owned by Mr. Zeph!,18,1,19,pokemon,dialogue,,
0x01EF2B2B,you have a go at my title.,26,1,27,pokemon,dialogue,,
0x01EF2BE2,"ll let you
call yourself Krystal, too!",38,1,39,pokemon,dialogue,,
0x01EF2C09,"Congratulations!
You shone bright like the crystals!",52,1,53,pokemon,dialogue,,
0x01EF2C8C," take this, too.",16,1,17,pokemon,other,,
0x01EF2CE7,of even Trainers named Krystal.,31,1,32,pokemon,description,,
0x01EF2D3D,! Protect yourself!,19,1,20,pokemon,dialogue,,
0x01EF2D64,"s shake things up
with Earthquake!",34,1,35,pokemon,dialogue,,
0x01EF2D8A,"Alakazam! Increase your Defense
with Barrier!",45,1,46,pokemon,dialogue,,
0x01EF2DE2,Accept it onto your team?,25,1,26,pokemon,dialogue,,
0x01EF2E2D, nature.,8,1,9,pokemon,other,,
0x01EF2EEF,re keeping an eye on you.,25,2,27,pokemon,dialogue,,
0x01EF2F0C,Cube Corp.,10,1,11,pokemon,location,,
0x01EF306C,"And somehow, I came away with this
brand-new robot arm.",55,1,56,pokemon,dialogue,,
0x01EF312D,"ll succeed in destroying
the moon once and for all.",51,1,52,pokemon,description,,
0x01EF31E0,paid to do?,11,1,12,pokemon,dialogue,,
0x01EF3340,"All that matters is if they can win
a battle!",45,1,46,pokemon,dialogue,,
0x01EF342B,you to see.,11,1,12,pokemon,dialogue,,
0x01EF355D,"Tell me, is that really so wrong?",33,1,34,pokemon,dialogue,,
0x01EF3690,mon for you instead!,20,1,21,pokemon,dialogue,,
0x01EF3736,"These scientists sure thought of
everything!",44,1,45,pokemon,dialogue,,
0x01EF3A1F,What were they called?,22,1,23,pokemon,dialogue,,
0x01EF3B2B," thanks for
reminding me!",25,1,26,pokemon,dialogue,,
0x01EF3C36,"Down with Cube Corp.!
Down with the Science Society!",52,1,53,pokemon,dialogue,,
0x01EF3CF8,mon!,4,1,5,pokemon,dialogue,,
0x01EF3FA9,"ll be back, time and again,
until justice is finally served!",60,1,61,pokemon,dialogue,,
0x01EF4074,ll be able to prove it!,23,1,24,pokemon,dialogue,,
0x01EF4110,"ll oust you
once and for all!",29,1,30,pokemon,dialogue,,
0x01EF4232, for my research.,17,1,18,pokemon,dialogue,,
0x01EF4244,Which Gems are you offering?,28,1,29,pokemon,dialogue,,
0x01EF4286,"t blow it on anything stupid,
like a Magikarp.",46,1,47,pokemon,description,,
0x01EF42F6,"ll trade
you some more Master Balls.",36,1,37,pokemon,dialogue,,
0x01EF4366,s not a Gem!,12,1,13,pokemon,dialogue,,
0x01EF45DC, for you.,9,1,10,pokemon,dialogue,,
0x01EF462C," out of
them, if you want.",26,1,27,pokemon,dialogue,,
0x01EF4647,"How many Iron Balls will you
part with?",39,1,40,pokemon,dialogue,,
0x01EF4682," of the
Iron Balls?",19,1,20,pokemon,dialogue,,
0x01EF4740, there we go!,13,1,14,pokemon,dialogue,,
0x01EF47FA,"How can you not find monsters from
another world fascinating?",61,1,62,pokemon,dialogue,,
0x01EF4923,Stone - any kind you please!,28,1,29,pokemon,dialogue,,
0x01EF4940,Which Stone shall I make for you?,33,1,34,pokemon,dialogue,,
0x01EF4A5E, I guess.,9,1,10,pokemon,dialogue,,
0x01EF4AC7,and shut up for you again.,26,1,27,pokemon,dialogue,,
0x01EF4AFF,Shuuuuuuuuuuuuuuuuuuuuun!,25,1,26,pokemon,dialogue,,
0x01EF4B4B,"What purpose would that ever
serve anyone?",42,1,43,pokemon,dialogue,,
0x01EF4B76,"Gah! You lack the Everstones for my
grand demonstration!",56,1,57,pokemon,dialogue,,
0x01EF4CC4,What will you trade?,20,1,21,pokemon,dialogue,,
0x01EF4CEB," will
you trade?",16,1,17,pokemon,dialogue,,
0x01EF4D69,"ll just take those,
thank you very much!",40,1,41,pokemon,dialogue,,
0x01EF4DC0, here!,6,1,7,pokemon,dialogue,,
0x01EF4DC7,"If you come across more Star Pieces
or Fossils, tell me at once.",64,1,65,pokemon,dialogue,,
0x01EF4E66,"If you do come across Star Pieces
or Fossils, tell me at once.",62,1,63,pokemon,dialogue,,
0x01EF4ECA,"s not a
Star Piece or a Fossil.",31,1,32,pokemon,description,,
0x01EF4F1F,s to trade.,11,1,12,pokemon,other,,
0x01EF50D8,to me.,6,1,7,pokemon,other,,
0x01EF5B89,Philistine.,11,1,12,pokemon,other,,
0x01EF5BC2,"s thing, sorry.",15,1,16,pokemon,other,,
0x01EF5BD2,And Den There Were None,23,1,24,pokemon,other,,
0x01EF5BEA,"Conquer all the Raid Dens scattered
around Borrius in a single day!",67,1,68,pokemon,dialogue,,
0x01EF5E02,heard my little spiel?,22,1,23,pokemon,dialogue,,
0x01EF5EFF,t be too hard!,14,1,15,pokemon,dialogue,,
0x01EF5FB5,again at the end of the day!,28,1,29,pokemon,dialogue,,
0x01EF6052,"Here, have this, I invented it
myself.",38,1,39,pokemon,dialogue,,
0x01EF6149,"Could they all be linked by some
sort of mysterious power?",58,1,59,pokemon,dialogue,,
0x01EF6184,The Daily Grind,15,1,16,pokemon,location,,
0x01EF6194,"Find specific people in Borrius who
observe the same daily habits!",66,1,67,pokemon,dialogue,,
0x01EF644F," would you be willing
to help a very important scientist?",57,1,58,pokemon,dialogue,,
0x01EF67AD," hmm, yes.",10,1,11,pokemon,other,,
0x01EF6B71," hmm, yes.",10,1,11,pokemon,other,,
0x01EF6B7F,"There you are, you troublemaker!",32,1,33,pokemon,dialogue,,
0x01EF6C53,"t finished running tests
on you yet!",36,1,37,pokemon,dialogue,,
0x01EF6CA9,Catching 101,12,1,13,pokemon,location,,
0x01EF6CB6,Flowery Berries,15,1,16,pokemon,location,,
0x01EF6CC6,Swarm for Berries,17,1,18,pokemon,location,,
0x01EF6CD8,Dive Ball for Beast Ball,24,1,25,pokemon,other,,
0x01EF6CF5,mon Type for Berries,20,1,21,pokemon,other,,
0x01EF6D0A,Underground Hustle,18,1,19,pokemon,location,,
0x01EF6D25,s Fossil Gift,13,1,14,pokemon,other,,
0x01EF6D3E,Evolution Stone,15,1,16,pokemon,location,,
0x01EF6D4E,Mansion Garden Berries,22,1,23,pokemon,location,,
0x01EF6D71,Play Date,9,1,10,pokemon,location,,
0x01EF6D7B,Wings,5,1,6,pokemon,other,,
0x01EF6D81,Sewer Medicine,14,1,15,pokemon,location,,
0x01EF6D90,Hip Waders,10,1,11,pokemon,location,,
0x01EF6DB5,BP Lottery,10,1,11,pokemon,location,,
0x01EF6DC0,TM for Heart Scale,18,1,19,pokemon,other,,
0x01EF6DEF,The Money Tree,14,1,15,pokemon,location,,
0x01EF6DFE,"This person was found just outside
the entrance to Icicle Cave.",63,1,64,pokemon,description,,
0x01EF6E3E,"This person was found just up the
stairs.",41,1,42,pokemon,description,,
0x01EF6E68,"This person was found in the house
south of the Gym and Mart.",61,1,62,pokemon,description,,
0x01EF6EA6,"This person was found hiding behind
a plant in the Mart.",56,1,57,pokemon,description,,
0x01EF6F2F,mon Center.,11,1,12,pokemon,other,,
0x01EF6F3B,"This person was found at the foot
of the stairs.",48,1,49,pokemon,description,,
0x01EF6F6C,"This person was found on B1F at the
end of a dead-end passage on the
eastern side of the tunnel.",96,1,97,pokemon,description,,
0x01EF6FCD,"This person was found in the
house close to the entrance
of Thundercap Mt.",74,1,75,pokemon,description,,
0x01EF7018,"This person was found on the 3F
accessed by using Rock Climb on
the western side of 2F.",87,1,88,pokemon,description,,
0x01EF709A,s kitchen on 2F.,16,1,17,pokemon,other,,
0x01EF70AB,"This person was found in front of
the bookshelves in the Dream
Research Lab.",76,1,77,pokemon,description,,
0x01EF70F8,"This person was found on the first
floor of the top left residence of
the group of four residences.",99,1,100,pokemon,description,,
0x01EF715C,This person was found in the Mart.,34,1,35,pokemon,description,,
0x01EF717F,"This person was found in the small
room located in the northern
section.",72,1,73,pokemon,description,,
0x01EF71C8,"This person was found in the house
next to the Battleground.",60,1,61,pokemon,description,,
0x01EF7205,"This person was found on the first
floor of the residence next to the
Mart.",75,1,76,pokemon,description,,
0x01EF7251,"This person was found on the second
floor of the residence next to the
Mart.",76,1,77,pokemon,description,,
0x01EF729E,"This person was found in a stall
on the left side of the walkway
heading up to the Battle Tower.",96,1,97,pokemon,description,,
0x01EF72FF,"This person was found in the house
closest to the Safari Zone.",62,1,63,pokemon,dialogue,,
0x01EF733E,"This person was found next to the
Mart.",39,1,40,pokemon,description,,
0x01EF7366,"This person was found in the western
cave accessed from the large room
on 1F.",77,1,78,pokemon,description,,
0x01EF73E7,mon Center.,11,1,12,pokemon,other,,
0x01EF741A,mon Center after using Cut.,27,1,28,pokemon,other,,
0x01EF743C,mon Day Care,12,1,13,pokemon,other,,
0x01EF7498,"mon with them, and
they may find up to 100 Eggs!",48,1,49,pokemon,dialogue,,
0x01EF7538,"mon, have a word with my wife.",30,1,31,pokemon,dialogue,,
0x01EF75F9,"You do want it, yes?",20,1,21,pokemon,dialogue,,
0x01EF760E,"I really will keep it.
You do want this, yes?",45,1,46,pokemon,dialogue,,
0x01EF7641," received the Egg from
the Day-Care Man!",40,1,41,pokemon,dialogue,,
0x01EF76A0, in total.,10,1,11,pokemon,other,,
0x01EF76AB,Take good care of it.,21,1,22,pokemon,other,,
0x01EF76CE,"ll keep it.
Thanks!",19,1,20,pokemon,dialogue,,
0x01EF7732, in total.,10,1,11,pokemon,other,,
0x01EF774A,"ll keep them all.
Thanks!",25,1,26,pokemon,dialogue,,
0x01EF7771,"ll keep holding on to
your Eggs for you.",40,1,41,pokemon,dialogue,,
0x01EF78AD,"Please wait patiently for a
few moments.",40,1,41,pokemon,description,,
0x01EF7909,Take good care of them.,23,1,24,pokemon,other,,
0x01EF7952,Take good care of it.,21,1,22,pokemon,other,,
0x01EF79E2,"Take good care of the ones
deposited.",37,1,38,pokemon,description,,
0x01EF7A1B,ve made room.,13,1,14,pokemon,other,,
0x01EF7A57,ve made room.,13,1,14,pokemon,other,,
0x01EF7A8C,s doing fine.,13,1,14,pokemon,other,,
0x01EF7AB6, are doing fine.,16,1,17,pokemon,other,,
0x01EF7AFC,Would you like us to raise one?,31,1,32,pokemon,dialogue,,
0x01EF7B26,"mon should we raise
for you?",28,1,29,pokemon,dialogue,,
0x01EF7B6A,Come back for it later.,23,1,24,pokemon,other,,
0x01EF7BCC,mon for you?,12,1,13,pokemon,dialogue,,
0x01EF7BD9,My husband was looking for you.,31,1,32,pokemon,dialogue,,
0x01EF7BF9,"Oh, fine, then.
Come again.",27,1,28,pokemon,other,,
0x01EF7C32,"Will you take back the other one,
too?",38,1,39,pokemon,dialogue,,
0x01EF7C59,"Fine.
Come again.",17,1,18,pokemon,location,,
0x01EF7C6B,Come again.,11,1,12,pokemon,location,,
0x01EF7C9F,"mon can only be doing
well!",27,1,28,pokemon,dialogue,,
0x01EF7CE7,"mon party is full.
Make room, then come see me.",47,1,48,pokemon,description,,
0x01EF7D62,mon.,4,1,5,pokemon,other,,
0x01EF7D79," from
the Day-Care Lady.",24,1,25,pokemon,other,,
0x01EF7DB5,Come back another time.,23,1,24,pokemon,other,,
0x01EF7DE4,mon back?,9,1,10,pokemon,dialogue,,
0x01EF7E27,Come back another time.,23,1,24,pokemon,other,,
0x01EF7E3F,Extreme Hyperosmia,18,1,19,pokemon,location,,
0x01EF7E7C,"mon bred with
Incense items.",28,1,29,pokemon,other,,
0x01EF7ECB,mon Breeder.,12,1,13,pokemon,other,,
0x01EF7F08,mon Breeder.,12,1,13,pokemon,other,,
0x01EF7F46,mon Breeder.,12,1,13,pokemon,other,,
0x01EF7F85,mon Breeder.,12,1,13,pokemon,other,,
0x01EF7FC5,mon Breeder.,12,1,13,pokemon,other,,
0x01EF8002,mon Breeder.,12,1,13,pokemon,other,,
0x01EF803E,mon Breeder.,12,1,13,pokemon,other,,
0x01EF807D,mon Breeder.,12,1,13,pokemon,other,,
0x01EF80BB,mon Breeder.,12,1,13,pokemon,other,,
0x01EF815E,"Would you like to help me with my
research?",43,1,44,pokemon,dialogue,,
0x01EF819A,"ll have to find someone
else to help me, then.",46,1,47,pokemon,description,,
0x01EF822C,dex to help you start out.,26,1,27,pokemon,dialogue,,
0x01EF839C,dex to help you continue on.,28,1,29,pokemon,dialogue,,
0x01EF8478,"Please, you have to take this
rare item!",40,1,41,pokemon,dialogue,,
0x01EF8591,mon Egg!,8,1,9,pokemon,dialogue,,
0x01EF85C9,mon Breeder!,12,1,13,pokemon,dialogue,,
0x01EF85D6,"Or, I mean I would give it you, but
you must make space for it, first!",70,1,71,pokemon,dialogue,,
0x01EF8648,"I feel like now, I can finally
be the Breeder I was meant to be.",64,1,65,pokemon,dialogue,,
0x01EF8761,mon?,4,1,5,pokemon,dialogue,,
0x01EF876A,s get started!,14,1,15,pokemon,dialogue,,
0x01EF8779,"I can feel my babies getting
stronger already!",46,1,47,pokemon,dialogue,,
0x01EF87C8,"Come back tomorrow to help train
my babies again!",49,1,50,pokemon,dialogue,,
0x01EF8802,"ll still be here if you
want to help me out later!",50,1,51,pokemon,dialogue,,
0x01EF88F6,"mon as
great as they can.",25,1,26,pokemon,other,,
0x01EF89E7, it has no friends!,19,1,20,pokemon,dialogue,,
0x01EF8B61,"re not one of those Trainers,
are you?",38,1,39,pokemon,dialogue,,
0x01EF8BB7,mon with me?,12,1,13,pokemon,dialogue,,
0x01EF8C3D,instead?,8,1,9,pokemon,dialogue,,
0x01EF8C85,with me?,8,1,9,pokemon,dialogue,,
0x01EF8D04, with me?,9,1,10,pokemon,dialogue,,
0x01EF8D69,"re a despicable Trainer and I
wish you would mend your ways.",60,1,61,pokemon,dialogue,,
0x01EF8DC1,t look the part.,16,1,17,pokemon,other,,
0x01EF8DD2,"Ugh, how despicable!",20,1,21,pokemon,dialogue,,
0x01EF9072,"mon will you be
transferring Egg Moves from?",44,1,45,pokemon,dialogue,,
0x01EF9108,moves to.,9,1,10,pokemon,other,,
0x01EF91AC,moves be deleted if need be?,28,1,29,pokemon,dialogue,,
0x01EF9219,"If you need to transfer Egg Moves,
come see me anytime!",55,1,56,pokemon,dialogue,,
0x01EF9264,"t have enough
money for my special technique.",45,1,46,pokemon,dialogue,,
0x01EF9292,"My technique is for Egg Moves,
not Eggs themselves.",51,1,52,pokemon,dialogue,,
0x01EF92FA,"t be able to transfer any
moves unless it learns some.",54,1,55,pokemon,description,,
0x01EF9395,s family?,9,1,10,pokemon,dialogue,,
0x01EF94B9,share no evolutions.,20,1,21,pokemon,other,,
0x01EF9640,Dehara City,11,1,12,pokemon,location,,
0x01EF995F,after all.,10,1,11,pokemon,other,,
0x01EF99A3,"Dehara City is just a wonderful
oasis paradise!",47,1,48,pokemon,dialogue,,
0x01EF9AB6,taking on the Gym.,18,1,19,pokemon,other,,
0x01EF9BBE,"What would compel you to wear
that outfit by the desert?",56,1,57,pokemon,dialogue,,
0x01EF9C48,"The whole cloak-and-dagger look is
sure to burn you to a crisp!",63,1,64,pokemon,dialogue,,
0x01EF9CDA,"s no one else who could pull
it off but you, Champion!",54,1,55,pokemon,dialogue,,
0x01EF9D6C,s for sure!,11,1,12,pokemon,dialogue,,
0x01EF9DCA,"re looking like quite
the hero in that outfit!",46,1,47,pokemon,dialogue,,
0x01EF9F58,out to.,7,1,8,pokemon,other,,
0x01EFA028,"d
be able to explore it no problem!",35,1,36,pokemon,dialogue,,
0x01EFA0C7,Mind sharing it with me?,24,1,25,pokemon,dialogue,,
0x01EFA0E3,"You shared a Soda Pop with the
Battle Girl.",43,1,44,pokemon,dialogue,,
0x01EFA12F,"Thanks a whole bunch, Trainer!
Here, you can have this.",55,1,56,pokemon,dialogue,,
0x01EFA1CB,"Sweet, yeah?",12,1,13,pokemon,dialogue,,
0x01EFA226,s good for you.,15,1,16,pokemon,dialogue,,
0x01EFA29E,s really scary!,15,1,16,pokemon,dialogue,,
0x01EFA34E,"ll return eventually, you just
need to be patient.",50,1,51,pokemon,dialogue,,
0x01EFA3B6,"Now would be a great time to head
in there and challenge him.",61,1,62,pokemon,description,,
0x01EFA464,"Lucky for you, you already did!",31,1,32,pokemon,dialogue,,
0x01EFA4CA,"t be needing
this anymore!",26,1,27,pokemon,dialogue,,
0x01EFA591,rent it for yourself.,21,1,22,pokemon,dialogue,,
0x01EFA615,down in Seaport.,16,1,17,pokemon,other,,
0x01EFA649,mon!,4,1,5,pokemon,dialogue,,
0x01EFA70C,mon!,4,1,5,pokemon,dialogue,,
0x01EFA72C,"mon
again tomorrow!",19,1,20,pokemon,dialogue,,
0x01EFA79D,"It looks really happy!
It must love you a lot.",46,1,47,pokemon,dialogue,,
0x01EFA8A1,Pyukumuku Chucker,17,1,18,pokemon,location,,
0x01EFA8B3,"Pyukumuku have been washing ashore
and are scaring away the tourists!
Throw them all back in the ocean.",103,1,104,pokemon,dialogue,,
0x01EFAADA,"Besides, being a Pyukumuku chucker
is fun!",42,1,43,pokemon,dialogue,,
0x01EFAB66," Pyukumuku left on
the sand and in need of chucking.",52,1,53,pokemon,description,,
0x01EFACDB,ve earned it!,13,1,14,pokemon,dialogue,,
0x01EFAD83,s a real shame.,15,1,16,pokemon,other,,
0x01EFADD5,"There are no more Pyukumuku left
on the beach.",46,1,47,pokemon,description,,
0x01EFAF17,"Would you consider selling it
to me?",36,1,37,pokemon,dialogue,,
0x01EFAFAE,"Would you consider selling it
to me?",36,1,37,pokemon,dialogue,,
0x01EFB03B, for it?,8,1,9,pokemon,dialogue,,
0x01EFB07D,My master will be so surprised!,31,1,32,pokemon,dialogue,,
0x01EFB11F,"If you find a gourmet ingredient
for me, please let me know!",60,1,61,pokemon,dialogue,,
0x01EFB15C,Choose Item,11,1,12,pokemon,location,,
0x01EFB168,Choose Berry,12,1,13,pokemon,location,,
0x01EFB193,"t you have an adorable ore that
shakes my core?",47,1,48,pokemon,dialogue,,
0x01EFB1C7,"t you have an adorable ore that
shakes my core?",47,1,48,pokemon,dialogue,,
0x01EFB2A0,ve scored an ore I can adore!,29,1,30,pokemon,dialogue,,
0x01EFB2E2,"t shake my core with
an ore so poor!",36,1,37,pokemon,dialogue,,
0x01EFB319,"t change.
I hope you sell it to me someday.",43,1,44,pokemon,dialogue,,
0x01EFB421,ll make it worth your while.,28,1,29,pokemon,dialogue,,
0x01EFB4F2,ll make it worth your while.,28,1,29,pokemon,dialogue,,
0x01EFB543,ll make it worth your while.,28,1,29,pokemon,dialogue,,
0x01EFB589,mon have you found?,19,1,20,pokemon,dialogue,,
0x01EFB5C5,re talking! This is for you!,28,1,29,pokemon,dialogue,,
0x01EFB6E4,"dex to a
professor?",19,1,20,pokemon,dialogue,,
0x01EFB760,"How would you like to raise one
for me?",39,1,40,pokemon,dialogue,,
0x01EFB7DC,mon would you like?,19,1,20,pokemon,dialogue,,
0x01EFB7FF,"ll just have to keep struggling,
then.",38,1,39,pokemon,description,,
0x01EFB873,mon.,4,1,5,pokemon,other,,
0x01EFB8C0,ll give you another.,20,1,21,pokemon,dialogue,,
0x01EFB976,"mon has something in
its mouth.",31,1,32,pokemon,description,,
0x01EFB999,Ooh ooh!,8,1,9,pokemon,dialogue,,
0x01EFBA12,"t had a chance to find
any, let me help you out.",48,1,49,pokemon,dialogue,,
0x01EFBA47,"ll be able to shock your
enemies when you learn her move!",57,1,58,pokemon,dialogue,,
0x01EFBB66,What do you say?,16,1,17,pokemon,dialogue,,
0x01EFBBF8,",
of course.",12,1,13,pokemon,other,,
0x01EFBCEC,mon!,4,1,5,pokemon,dialogue,,
0x01EFBDC8,I am a balloon man!,19,1,20,pokemon,dialogue,,
0x01EFBDFC,mon!,4,1,5,pokemon,dialogue,,
0x01EFC091,"Take these Go-Goggles, and explore
the Great Desert!",52,1,53,pokemon,dialogue,,
0x01EFC0D7,Explore the Great Desert!,25,1,26,pokemon,dialogue,,
0x01EFC1A1,to battle you!,14,1,15,pokemon,dialogue,,
0x01EFC236,You wanna have a battle?,24,1,25,pokemon,dialogue,,
0x01EFC278,"t
going to be easy!",19,1,20,pokemon,dialogue,,
0x01EFC2E1,"t
going to be easy!",19,1,20,pokemon,dialogue,,
0x01EFC31E,"ll still
be here.",17,1,18,pokemon,other,,
0x01EFC398,ll need more.,13,1,14,pokemon,other,,
0x01EFC3D8,"Come again tomorrow for another
battle!",39,1,40,pokemon,dialogue,,
0x01EFC495,show you my own strategies!,27,1,28,pokemon,dialogue,,
0x01EFC518,"m willing to show
you my own strategy.",38,1,39,pokemon,dialogue,,
0x01EFC53F,"Time to face off against the
ultimate strategy!",47,1,48,pokemon,dialogue,,
0x01EFC57C,"Take your time coming up against a
way to combat my strategy.",61,1,62,pokemon,dialogue,,
0x01EFC5DC,"Let me refine mine, and we can
battle again tomorrow!",53,1,54,pokemon,dialogue,,
0x01EFC6E8,re welcome!,11,1,12,pokemon,dialogue,,
0x01EFC803,battling Lixdel and me?,23,1,24,pokemon,dialogue,,
0x01EFC856,mon!,4,1,5,pokemon,dialogue,,
0x01EFC876,"
Is ready to begin his battle!",30,1,31,pokemon,dialogue,,
0x01EFC895,"No?
Your loss.",14,1,15,pokemon,dialogue,,
0x01EFC8FB,"s do this again some other
day.",31,1,32,pokemon,description,,
0x01EFC976,been seeing.,12,1,13,pokemon,other,,
0x01EFC9EB,"Do you want to experience some by
battling Thanasis and me?",59,1,60,pokemon,dialogue,,
0x01EFCA52,mon!,4,1,5,pokemon,dialogue,,
0x01EFCA57,"Let us show you some beautiful
animations!",42,1,43,pokemon,dialogue,,
0x01EFCA82,"Not ready yet, huh?",19,1,20,pokemon,dialogue,,
0x01EFCACA,"Come back tomorrow and we can do
this again!",44,1,45,pokemon,dialogue,,
0x01EFCC22,I hope you enjoyed it!,22,1,23,pokemon,dialogue,,
0x01EFCCD8,this team on for size!,22,1,23,pokemon,dialogue,,
0x01EFCCEF,"Now, watch as you get stalled out!",34,1,35,pokemon,dialogue,,
0x01EFCD56,"
a win is a win!",16,1,17,pokemon,dialogue,,
0x01EFCD97,Toxic stall teams are the best!,31,1,32,pokemon,dialogue,,
0x01EFCE0E,"ll
be tomorrow!",15,1,16,pokemon,dialogue,,
0x01EFD154,finished!,9,1,10,pokemon,dialogue,,
0x01EFD15E,Sound Director,14,1,15,pokemon,location,,
0x01EFD224,"ve been enjoying all of
the music so far!",41,1,42,pokemon,dialogue,,
0x01EFD303,"s also Jax and
that workout routine I gave him.",47,1,48,pokemon,dialogue,,
0x01EFD34E," I designed
it for you!",23,1,24,pokemon,dialogue,,
0x01EFD366,The Strongest There Is,22,1,23,pokemon,other,,
0x01EFD3A3,"Defeated Skeli in a rousing
battle.",35,1,36,pokemon,dialogue,,
0x01EFD3C7,"Defeated Golche in a stimulating
battle.",40,1,41,pokemon,description,,
0x01EFD3F0,"Defeated both Lixdel and Thanasis
in a tough two on two battle.",63,1,64,pokemon,description,,
0x01EFD430,"Defeated Criminon in an upbeat
battle.",38,1,39,pokemon,description,,
0x01EFD457,"Defeat all of the Unbound devs in
Dehara City in a single day!",62,1,63,pokemon,dialogue,,
0x01EFD4F8,d believe that?,15,1,16,pokemon,dialogue,,
0x01EFD595,Do you think you can do it?,27,1,28,pokemon,dialogue,,
0x01EFD674,t home.,7,1,8,pokemon,other,,
0x01EFD722,t home.,7,1,8,pokemon,other,,
0x01EFD774,"As promised, the item I liberated
from them.",44,1,45,pokemon,dialogue,,
0x01EFD7C9,t look the type.,16,1,17,pokemon,other,,
0x01EFD7FA,"
for ya?",8,1,9,pokemon,dialogue,,
0x01EFD867,"They spend a lot of time helping
renovate the Battle Frontier.",62,1,63,pokemon,description,,
0x01EFDA25,Enjoy battling!,15,1,16,pokemon,dialogue,,
0x01EFDAE1,s time for a double beatdown!,29,1,30,pokemon,dialogue,,
0x01EFDAFF,Double knockdown!,17,1,18,pokemon,dialogue,,
0x01EFDB15,"s make a two-to-one bet on
my victory.",38,1,39,pokemon,dialogue,,
0x01EFDB3C,Now I owe you double.,21,1,22,pokemon,dialogue,,
0x01EFDB70,ll see them in a sec!,21,1,22,pokemon,dialogue,,
0x01EFDB97,m wearing them right now!,25,1,26,pokemon,dialogue,,
0x01EFDBB1,"What happens when you double the
amount of birds you have?",58,1,59,pokemon,dialogue,,
0x01EFDBEC,You double your wings!,22,1,23,pokemon,dialogue,,
0x01EFDC22,My victory is assured!,22,1,23,pokemon,dialogue,,
0x01EFDC39,I now have no brain power.,26,1,27,pokemon,dialogue,,
0x01EFDF3F,while I sit here retired.,25,1,26,pokemon,dialogue,,
0x01EFDF7F,"The board on the wall describes
the store layout.",49,1,50,pokemon,dialogue,,
0x01EFDFD7,"ve been shopping here since it
opened back in the day!",54,1,55,pokemon,dialogue,,
0x01EFE147,vendors on this floor.,22,1,23,pokemon,other,,
0x01EFE19E,battles more hairy?,19,1,20,pokemon,dialogue,,
0x01EFE1B2,That was not a fun run.,23,1,24,pokemon,other,,
0x01EFE1CA,"A lover of sea is of course one to
dabble with the evolutionary!",64,1,65,pokemon,dialogue,,
0x01EFE250,"m gonna take out my
frustration on you!",39,1,40,pokemon,dialogue,,
0x01EFE2B1,But for necks.,14,1,15,pokemon,location,,
0x01EFE2C0,Yay! A battle!,14,1,15,pokemon,dialogue,,
0x01EFE300,s over!,7,1,8,pokemon,dialogue,,
0x01EFE30B,"re adorable, and we love battles!",33,1,34,pokemon,dialogue,,
0x01EFE3A9,RE SUPER POWERFUL!!!,20,1,21,pokemon,dialogue,,
0x01EFE3C2,s rock and shock!,17,1,18,pokemon,dialogue,,
0x01EFE3D4,"My rocks and electricity have
been grounded.",44,1,45,pokemon,dialogue,,
0x01EFE401,"Maybe I should invest in some
powerful TMs.",43,1,44,pokemon,dialogue,,
0x01EFE51A,defeated.,9,1,10,pokemon,other,,
0x01EFE588,are maxed out.,14,1,15,pokemon,other,,
0x01EFE597,"My psychic powers have been
enhanced by the items I bought!",59,1,60,pokemon,dialogue,,
0x01EFE5D3,"No!
My money has been wasted!",29,1,30,pokemon,dialogue,,
0x01EFE5F1,"I must go into seclusion to
study the art of the shop.",54,1,55,pokemon,dialogue,,
0x01EFE645,"If you put money in me, a drink
will pop out!",45,1,46,pokemon,dialogue,,
0x01EFE67B,"t have enough money for
that drink!",35,1,36,pokemon,dialogue,,
0x01EFE6B4, popped out!,12,1,13,pokemon,dialogue,,
0x01EFE730,To which floor may I take you?,30,1,31,pokemon,dialogue,,
0x01EFE74F,Certainly.,10,1,11,pokemon,other,,
0x01EFE75D, we are already on that floor?,30,1,31,pokemon,dialogue,,
0x01EFE799,"I look forward to serving you
again.",36,1,37,pokemon,dialogue,,
0x01EFE83B,gives you even more!,20,1,21,pokemon,dialogue,,
0x01EFE870, Ball?,6,1,7,pokemon,dialogue,,
0x01EFE94B,"mon should I put in a
Luxury Ball?",34,1,35,pokemon,dialogue,,
0x01EFE9EF,"
Ball for the more effective one.",33,1,34,pokemon,description,,
0x01EFEA78,d like!,7,1,8,pokemon,dialogue,,
0x01EFEA92," is already in a
Luxury Ball!",29,1,30,pokemon,dialogue,,
0x01EFEAD6, Ball!,6,1,7,pokemon,dialogue,,
0x01EFEB04,"ll grow more friendly with you
much faster now!",47,1,48,pokemon,dialogue,,
0x01EFECC6,let you through.,16,1,17,pokemon,dialogue,,
0x01EFECD7,Stay safe in the Great Desert!,30,1,31,pokemon,dialogue,,
0x01EFECF8,Distortion World,16,1,17,pokemon,location,,
0x01EFED53,Giygogagohgwooh!,16,1,17,pokemon,dialogue,,
0x01EFED69," flew off into the
Distortion World.",36,1,37,pokemon,description,,
0x01EFF254,Dresco Town,11,1,12,pokemon,location,,
0x01EFF4DA,"mon if
you have caught one?",27,1,28,pokemon,dialogue,,
0x01EFF50C,"mon evolves
when it warms up to its Trainer?",44,1,45,pokemon,dialogue,,
0x01EFF5DA,you much quicker!,17,1,18,pokemon,dialogue,,
0x01EFF627,"t hesitate to talk to
everyone you see!",39,1,40,pokemon,dialogue,,
0x01EFF6CD,ll give you something nice.,27,1,28,pokemon,dialogue,,
0x01EFF710,"mon I
was referring to.",23,1,24,pokemon,other,,
0x01EFF740,"t what I was referring
to.",26,1,27,pokemon,dialogue,,
0x01EFF75B,Basic Literacy,14,1,15,pokemon,location,,
0x01EFF76A,"Practice basic literacy by reading
all of the Trainer Tips signs.",65,1,66,pokemon,description,,
0x01EFF83E,"Trainer Tips signs should be good
examples for words and such.",62,1,63,pokemon,description,,
0x01EFF926,t count it!,11,1,12,pokemon,dialogue,,
0x01EFF954,"We can communicate through 8-bit
sounds, then.",46,1,47,pokemon,description,,
0x01EFF9E8, of this awesome power.,23,1,24,pokemon,other,,
0x01EFFB08,"Who needs school, when I have the
power of music and angst.",59,1,60,pokemon,dialogue,,
0x01EFFB46,"This Trainer Tips sign was read
next to your home.",50,1,51,pokemon,dialogue,,
0x01EFFB79,"This Trainer Tips sign was read
near Bellin Town on the fast
mountain road.",75,1,76,pokemon,description,,
0x01EFFBC5,"This Trainer Tips sign was read
by the path entering town.",58,1,59,pokemon,description,,
0x01EFFC00,"This Trainer Tips sign was read
on 3F by the water.",51,1,52,pokemon,description,,
0x01EFFC34,"This Trainer Tips sign was read
on 3F by the Chansey.",53,1,54,pokemon,description,,
0x01EFFC6A,"This Trainer Tips sign was read
on 2F by the final downwards
ladder.",68,1,69,pokemon,description,,
0x01EFFCAF,"This Trainer Tips sign was read
directly south of the Icicle Cave
entrance.",75,1,76,pokemon,description,,
0x01EFFCFB,"This Trainer Tips sign was read
before the bridge entering town
from Route 2.",77,1,78,pokemon,description,,
0x01EFFD49,"This Trainer Tips sign was read
on the northern beach by Flower
Paradise.",73,1,74,pokemon,description,,
0x01EFFD93,"This Trainer Tips sign was read
on the path just outside the
western Grim Woods exit.",85,1,86,pokemon,description,,
0x01EFFDE9,"This Trainer Tips sign was read
after leaving the upper west exit
of Cinder Volcano.",84,1,85,pokemon,description,,
0x01EFFE3E,"This Trainer Tips sign was read
on 4F between the Aroma Lady and
Worker.",72,1,73,pokemon,description,,
0x01EFFE87,"This Trainer Tips sign was read
in the tall grass near the puddle
in the centre of the route.",93,1,94,pokemon,description,,
0x01EFFEE5,"This Trainer Tips sign was read in
the tall grass near Crater Town.",67,1,68,pokemon,description,,
0x01EFFF29,"This Trainer Tips sign was read
just east of the bridge coming
from Valley Cave.",80,1,81,pokemon,description,,
0x01EFFF7A,"This Trainer Tips sign was read
just south of the bridge heading
up to Frost Mountain.",86,1,87,pokemon,description,,
0x01EFFFD1,"This Trainer Tips sign was read
near the Route 7 exit of the
mountain.",70,1,71,pokemon,description,,
0x01F00018,"This Trainer Tips sign was read
by the sliding ice on the south
end of the route.",81,1,82,pokemon,description,,
0x01F0006A,"This Trainer Tips sign was read
by the Chansey on the south end of
the route.",77,1,78,pokemon,description,,
0x01F000B8,"This Trainer Tips sign was read
by the Cave of Being.",53,1,54,pokemon,description,,
0x01F000EE,"This Trainer Tips sign was read
by the eastern jumping rocks.",61,1,62,pokemon,description,,
0x01F0012C,"This Trainer Tips sign was read
in the tall grass near the top of
the cliff.",76,1,77,pokemon,description,,
0x01F00179,"This Trainer Tips sign was read
next to the statue of Zapdos.",61,1,62,pokemon,description,,
0x01F001B7,"This Trainer Tips sign was read
on 3F in the watery pressure plate
room.",72,1,73,pokemon,description,,
0x01F00200,"This Trainer Tips sign was read
after going down the second set of
stairs from Tarmigan Town.",93,1,94,pokemon,description,,
0x01F002A5,mon Center.,11,1,12,pokemon,other,,
0x01F002B1,"This Trainer Tips sign was read
on the small island found while
heading south towards Route 14.",95,1,96,pokemon,description,,
0x01F00311,"This Trainer Tips sign was read
on the small island near the Ruins
of Void.",75,1,76,pokemon,description,,
0x01F0035D,"This Trainer Tips sign was read
next to the dried bones north of
the centre canyon.",83,1,84,pokemon,description,,
0x01F003B1,"This Trainer Tips sign was read
in the centre of the forest just
west of the Medium.",84,1,85,pokemon,description,,
0x01F00406,"This Trainer Tips sign was read
on rocky land on the north side
of the route.",77,1,78,pokemon,description,,
0x01F00454,"This Trainer Tips sign was read
on a rocky outcropping while
Surfing just west of Route 17.",91,1,92,pokemon,description,,
0x01F004B0,"This Trainer Tips sign was read
on the grass after coming north
from Antisis City.",82,1,83,pokemon,description,,
0x01F00503,"This Trainer Tips sign was read
on the cliffs by the Sky Trainer
in the centre of the route.",92,1,93,pokemon,description,,
0x01F00560,"This Trainer Tips sign was read
past the guard on the way up to
Victory Road.",77,1,78,pokemon,description,,
0x01F005AE,"This Trainer Tips sign was read
on the pathway up to the League
entrance.",73,1,74,pokemon,description,,
0x01F005F8,"This Trainer Tips sign was read
by the first ladder close to
Polder Town.",73,1,74,pokemon,description,,
0x01F00642,"This Trainer Tips sign was read
next to some trees on the watery
path leading up to Crystal Peak.",97,1,98,pokemon,description,,
0x01F006A4,"This Trainer Tips sign was read in
the large room on 1F near the lake.",70,1,71,pokemon,description,,
0x01F006EB,"This Trainer Tips sign was read
amidst some trees on the western
side of the route.",83,1,84,pokemon,description,,
0x01F0073F,"This Trainer Tips sign was read
by the exit to Redwood Village.",63,1,64,pokemon,description,,
0x01F0077F,"This Trainer Tips sign was read by
the Youngster and Aroma Lady in
the middle of the forest.",92,1,93,pokemon,dialogue,,
0x01F007DC,"This Trainer Tips sign was read
by the exit to Cube Corp.",57,1,58,pokemon,description,,
0x01F00816,"This Trainer Tips sign was read on
the west side of the building.",65,1,66,pokemon,description,,
0x01F00858,"This Trainer Tips sign was read on
the east side of the building.",65,1,66,pokemon,description,,
0x01F008E3,"t even
a route separating it from here!",39,1,40,pokemon,dialogue,,
0x01F009B7,"I even hear the Trainers can get
stronger as you do.",52,1,53,pokemon,dialogue,,
0x01F00A74,with its flames at night.,25,1,26,pokemon,other,,
0x01F00BFF,teach one!,10,1,11,pokemon,dialogue,,
0x01F00D1E, is?,4,1,5,pokemon,dialogue,,
0x01F00F20,have a chance to use it.,24,1,25,pokemon,other,,
0x01F00F39,You must be an experienced Trainer.,35,1,36,pokemon,dialogue,,
0x01F00F96,"The bridge to it is still under
construction.",45,1,46,pokemon,description,,
0x01F01029,"You should check it out when you
have a chance.",47,1,48,pokemon,dialogue,,
0x01F011B0,".

Come alone if you ever want to
see him again.

-A",52,1,53,pokemon,dialogue,,
0x01F0143D,sense of closure.,17,1,18,pokemon,other,,
0x01F0148B,"It would bring me such a sense
of closure.",42,1,43,pokemon,description,,
0x01F0151E,I refuse to believe it!,23,1,24,pokemon,dialogue,,
0x01F01564,You have no reason to lie to me.,32,1,33,pokemon,dialogue,,
0x01F01656,dismantling.,12,1,13,pokemon,other,,
0x01F01684,"My eyesight must be going in my
old age.",40,1,41,pokemon,dialogue,,
0x01F016B6," of Aros.
I hope your travels are going well.",45,1,46,pokemon,dialogue,,
0x01F016E8,t Turn Off the Power,20,1,21,pokemon,other,,
0x01F01731, times.,7,1,8,pokemon,other,,
0x01F01845, times will show your commitment.,33,1,34,pokemon,dialogue,,
0x01F018D6, manual saves.,14,1,15,pokemon,other,,
0x01F01B52,"ll be very useful if you plan to
fight in a foggy area.",55,1,56,pokemon,dialogue,,
0x01F01BD3,Think of me if you get one.,27,1,28,pokemon,dialogue,,
0x01F01C56,Many thanks.,12,1,13,pokemon,location,,
0x01F01C69," that I traded you,
has it helped you out?",42,1,43,pokemon,dialogue,,
0x01F01D87,"The doctor says that it could help
speed up the recovery if you do.",67,1,68,pokemon,dialogue,,
0x01F01E8A,ve done for him!,16,1,17,pokemon,dialogue,,
0x01F01ECF,"Thank you again, Trainer!
We are forever in your debt.",54,1,55,pokemon,dialogue,,
0x01F01F06,Can I help you with something?,30,1,31,pokemon,dialogue,,
0x01F01FB3,Enjoy your time!,16,1,17,pokemon,dialogue,,
0x01F02008,Enjoy your time!,16,1,17,pokemon,dialogue,,
0x01F02019,Change Position,15,1,16,pokemon,location,,
0x01F0203E,"-types will burn
you to a crisp!",32,1,33,pokemon,dialogue,,
0x01F02063,ve extinguished my flame.,25,1,26,pokemon,dialogue,,
0x01F02095,-types are a healthy diet!,26,1,27,pokemon,dialogue,,
0x01F020C1,em up!,6,1,7,pokemon,dialogue,,
0x01F020DB,"-types will soak you
to your core!",34,1,35,pokemon,dialogue,,
0x01F02102,ve dried up my water.,21,1,22,pokemon,dialogue,,
0x01F02180, fury!,6,1,7,pokemon,dialogue,,
0x01F021AA," powers enhance my
mental defense!",34,1,35,pokemon,dialogue,,
0x01F021CD,My mental defense was shattered.,32,1,33,pokemon,dialogue,,
0x01F021EE,"If you want to battle me again,
leave and come back inside.",59,1,60,pokemon,dialogue,,
0x01F0222D,"If you want to battle me again,
leave and come back inside.",59,1,60,pokemon,dialogue,,
0x01F0260F,Choose from Party,17,1,18,pokemon,location,,
0x01F02621,All in Party,12,1,13,pokemon,location,,
0x01F0262E,All in PC Box,13,1,14,pokemon,other,,
0x01F02F39,yourself one of them?,21,1,22,pokemon,dialogue,,
0x01F02FC5,"t think that can happen
anywhere outside of Borrius!",52,1,53,pokemon,dialogue,,
0x01F030DE,mon in the Gym!,15,1,16,pokemon,dialogue,,
0x01F03144,mon away.,9,1,10,pokemon,other,,
0x01F0318B," Marts will sell more items to
you the more Badges you have.",60,1,61,pokemon,dialogue,,
0x01F031C8,Epidimy Town,12,1,13,pokemon,dialogue,,
0x01F0321C,"Zapdos saved me once, and I can
never thank it enough.",54,1,55,pokemon,dialogue,,
0x01F033B8,Just look at the grass here!,28,1,29,pokemon,dialogue,,
0x01F03456,ll help me feel better.,23,1,24,pokemon,other,,
0x01F034A7,s name.,7,1,8,pokemon,other,,
0x01F03513,of bad men on the other side.,29,1,30,pokemon,other,,
0x01F035B3,Revives and Paralyze Heals!,27,1,28,pokemon,dialogue,,
0x01F036DD,"You placed yourself firmly on
the bench.",40,1,41,pokemon,dialogue,,
0x01F03718,"It looks like someone left
something on the bench!",50,1,51,pokemon,dialogue,,
0x01F0394A,"t have
to worry about head trauma, too.",39,1,40,pokemon,description,,
0x01F039B9,it will suffer from head trauma!,32,1,33,pokemon,dialogue,,
0x01F03A31,Take this!,10,1,11,pokemon,dialogue,,
0x01F03ABA,Huah!,5,1,6,pokemon,dialogue,,
0x01F03B24,"m going to hide in holes in
sand and scare Trainers!",52,1,53,pokemon,dialogue,,
0x01F03C08,s too bad.,10,1,11,pokemon,other,,
0x01F03C37,"If you get one, trade it with me.",33,1,34,pokemon,dialogue,,
0x01F03C6E,"m going to
take good care of it!",32,1,33,pokemon,dialogue,,
0x01F03C98,", has it helped you
win any battles?",36,1,37,pokemon,dialogue,,
0x01F03E4F,"Are you the Guardian of Borrius,
or just another brat?",54,1,55,pokemon,dialogue,,
0x01F03EE6,"You are the Guardian of Borrius!
Take the Master Ball!",54,1,55,pokemon,dialogue,,
0x01F03F1D,"Then, I have no time for you.
Shoo! Shoo!",41,1,42,pokemon,dialogue,,
0x01F03F5A,"I have no time for you!
Shoo! Shoo!",35,1,36,pokemon,dialogue,,
0x01F03F7E,"Guardian of Borrius!
It is pleasure being in your midst!",56,1,57,pokemon,dialogue,,
0x01F03FB9, found one Master Ball!,23,1,24,pokemon,dialogue,,
0x01F03FEC,s my prized possession!,23,1,24,pokemon,dialogue,,
0x01F0408B,"Another couple, I believe, lives
on Route 9.",44,1,45,pokemon,dialogue,,
0x01F04113,"Tell me, do you like to fish?",29,1,30,pokemon,dialogue,,
0x01F04166,"Take this and fish, young friend!",33,1,34,pokemon,dialogue,,
0x01F04222,mon.,4,1,5,pokemon,other,,
0x01F04255,How are the fish biting?,24,1,25,pokemon,dialogue,,
0x01F042A6,"re going to
need these!",23,1,24,pokemon,dialogue,,
0x01F042BE,"It never hurts to be prepared
for anything!",43,1,44,pokemon,dialogue,,
0x01F0438C,travellers who talk to her.,27,1,28,pokemon,other,,
0x01F043F2,Would you like me to do that?,29,1,30,pokemon,dialogue,,
0x01F04434,Which move should be forgotten?,31,1,32,pokemon,dialogue,,
0x01F0446B,"?
That move should be forgotten?",32,1,33,pokemon,dialogue,,
0x01F044B8, completely.,12,1,13,pokemon,other,,
0x01F04509,"Come again if there are other
moves to be forgotten.",52,1,53,pokemon,description,,
0x01F045B1,"s even said that Zapdos roosts
at the peak!",43,1,44,pokemon,dialogue,,
0x01F046D7,in hearts.,10,1,11,pokemon,other,,
0x01F04727,"Whoever came up with that idea is
a thief and a crook.",54,1,55,pokemon,description,,
0x01F04760,Fallshore City,14,1,15,pokemon,location,,
0x01F04797,Get your stat reducing items here!,34,1,35,pokemon,dialogue,,
0x01F047C0,Get your stat boosting items here!,34,1,35,pokemon,dialogue,,
0x01F04884,550!,4,1,5,pokemon,dialogue,,
0x01F04899,6600!,5,1,6,pokemon,dialogue,,
0x01F04B24,ya catch my drift?,18,1,19,pokemon,dialogue,,
0x01F04BE9,d believe that?,15,1,16,pokemon,dialogue,,
0x01F04C2B,"Actually, most people here would
probably head indoors.",55,1,56,pokemon,description,,
0x01F04DAB,full of water.,14,1,15,pokemon,other,,
0x01F04DF5,closer friends.,15,1,16,pokemon,other,,
0x01F04E05,"Apparently, Mel has his own private
island somewhere out in the ocean!",70,1,71,pokemon,dialogue,,
0x01F04E7E,"I buy a dozen at once each time
I come here!",44,1,45,pokemon,dialogue,,
0x01F04ED2,s raining!,10,1,11,pokemon,dialogue,,
0x01F04F41,"They reduce Effort Values by
a whole ten points!",48,1,49,pokemon,dialogue,,
0x01F0508F,"s probably off clearing his
head somewhere.",43,1,44,pokemon,description,,
0x01F0513A,"My hidden power is telling me that
you want this!",49,1,50,pokemon,dialogue,,
0x01F051BA,mon uses it.,12,1,13,pokemon,other,,
0x01F0520A,Do you want to know?,20,1,21,pokemon,dialogue,,
0x01F0528D,ll activate my hidden power!,28,1,29,pokemon,dialogue,,
0x01F052AD,"s not possible for an Egg to
use Hidden Power!",46,1,47,pokemon,dialogue,,
0x01F053B6,It is a very special Egg.,25,1,26,pokemon,other,,
0x01F053D5," received an Egg from
the kindly old woman!",43,1,44,pokemon,dialogue,,
0x01F05427,"Nowadays, it is considered by
many to be a Fairy.",49,1,50,pokemon,description,,
0x01F0546C,"If you have a change of heart about
hatching this Egg, I will be here.",70,1,71,pokemon,dialogue,,
0x01F054F9,"mon Egg obtained
as a gift.",27,1,28,pokemon,other,,
0x01F055A5,s away.,7,1,8,pokemon,other,,
0x01F05767,", and it evolved!",17,1,18,pokemon,dialogue,,
0x01F057DE,", and it evolved!",17,1,18,pokemon,dialogue,,
0x01F058B5,ll see!,7,1,8,pokemon,dialogue,,
0x01F05902,evolve by trading normally.,27,1,28,pokemon,other,,
0x01F05AE0,"mon like this in
your party?",28,1,29,pokemon,dialogue,,
0x01F05B07,mon is it?,10,1,11,pokemon,dialogue,,
0x01F05CAF,"ll stick around in the Evolution
House in case you ever bring one.",66,1,67,pokemon,dialogue,,
0x01F05D50,evolve.,7,1,8,pokemon,other,,
0x01F05DC9,evolve.,7,1,8,pokemon,other,,
0x01F05E69,it looks like its surfing on its tail!,38,1,39,pokemon,dialogue,,
0x01F06018,mon evolves?,12,1,13,pokemon,dialogue,,
0x01F06033,"re in too much awe of
my wisdom to ask, right?",46,1,47,pokemon,dialogue,,
0x01F0606C,"mon do you want to know
about?",30,1,31,pokemon,dialogue,,
0x01F06099,t evolve!,9,1,10,pokemon,dialogue,,
0x01F060AD,t evolve!,9,1,10,pokemon,dialogue,,
0x01F060FC,"ll tell you how it evolves based
on the number you choose!",58,1,59,pokemon,dialogue,,
0x01F0693F,Enjoy battling!,15,1,16,pokemon,dialogue,,
0x01F06A14,"So a Water-type becomes weak to
Fire but resists Grass.",55,1,56,pokemon,description,,
0x01F06A53,"ve chosen to battle me,
the Beauty!",35,1,36,pokemon,dialogue,,
0x01F06A77,Beautiful.,10,1,11,pokemon,other,,
0x01F06A84,m going to rough you up!,24,1,25,pokemon,dialogue,,
0x01F06A9D,Roughed.,8,1,9,pokemon,other,,
0x01F06ACA, zero percent.,14,1,15,pokemon,other,,
0x01F06ADB,m the Inverse master!,21,1,22,pokemon,dialogue,,
0x01F06AFE,s your title now.,17,1,18,pokemon,dialogue,,
0x01F06B1D,"Leave no survivors. Use the Trainer
Catalogue and battle every Trainer!",71,1,72,pokemon,dialogue,,
0x01F06C2D, Missions.,10,1,11,pokemon,other,,
0x01F06C3F,"Well, then in that case, allow me
to give a formal explanation.",63,1,64,pokemon,description,,
0x01F06F51, Missions.,10,1,11,pokemon,other,,
0x01F06FBB, Missions.,10,1,11,pokemon,other,,
0x01F07220,great service by battling them all!,35,1,36,pokemon,dialogue,,
0x01F07353,A Trainer Catalogue,19,1,20,pokemon,location,,
0x01F07401,mon.,4,1,5,pokemon,other,,
0x01F07406,"Wonderful, wonderful wings!
Show the beautiful wings of a
Staraptor.",68,1,69,pokemon,dialogue,,
0x01F0744B,"Wonderful, wonderful wings!
Show the beautiful wings of a
Talonflame.",69,1,70,pokemon,dialogue,,
0x01F07491,"Wonderful, wonderful wings!
Show the beautiful wings of a
Hawlucha.",67,1,68,pokemon,dialogue,,
0x01F07512,u Style Oricorio.,17,1,18,pokemon,other,,
0x01F075BE,You wing it?,12,1,13,pokemon,dialogue,,
0x01F07615,That wings.,11,1,12,pokemon,location,,
0x01F0770B,m all winged out.,17,1,18,pokemon,other,,
0x01F0776F,m all winged out.,17,1,18,pokemon,other,,
0x01F077D7,"d like to share my
wings with you!",34,1,35,pokemon,dialogue,,
0x01F07824,m all winged out for life!,26,1,27,pokemon,dialogue,,
0x01F0784D,"Bye-Bye, Butterfree",19,1,20,pokemon,location,,
0x01F07861,"The sweet sorrow of goodbyes! Form
a deep bond with a Butterfree by
training it to at least Level 70.",101,1,102,pokemon,dialogue,,
0x01F07996,Would you like to hear it?,26,1,27,pokemon,dialogue,,
0x01F07A56,"ll inform
you of the next part of the task.",43,1,44,pokemon,dialogue,,
0x01F07A98,"t come
around every day.",24,1,25,pokemon,other,,
0x01F07B28," it into the wild so
it can find love.",38,1,39,pokemon,description,,
0x01F07C01,place of the one you released.,30,1,31,pokemon,dialogue,,
0x01F07CA5,ll see!,7,1,8,pokemon,dialogue,,
0x01F07E2E,"t release it, how will
your Butterfree ever find love?",54,1,55,pokemon,dialogue,,
0x01F07E65,The Communist Revolution,24,1,25,pokemon,location,,
0x01F07EBA, times.,7,1,8,pokemon,other,,
0x01F07FEC,oppression will crumble.,24,1,25,pokemon,other,,
0x01F0808B,re all in on the revolution.,28,1,29,pokemon,other,,
0x01F080A8,"Another proletarian brainwashed by
the capitalist machine of tyranny.",69,1,70,pokemon,description,,
0x01F08287,The Capitalist Revolution,25,1,26,pokemon,location,,
0x01F082CB, purchases from shops.,22,1,23,pokemon,other,,
0x01F083B9," Marts are in on it.
You up for a capitalist revolution?",56,1,57,pokemon,dialogue,,
0x01F08473,revolution can begin.,21,1,22,pokemon,other,,
0x01F08489,"You are just another pawn of the
communist swines.",50,1,51,pokemon,dialogue,,
0x01F08514," before our
capitalist revolution can begin.",44,1,45,pokemon,description,,
0x01F085B5,"You will need them in our fight
against the communist swine.",60,1,61,pokemon,dialogue,,
0x01F0862B,will begin any moment now.,26,1,27,pokemon,other,,
0x01F08646,Population Control,18,1,19,pokemon,location,,
0x01F08668,"mon in one day to
reduce overpopulation.",40,1,41,pokemon,description,,
0x01F087AB,slow their growth rate?,23,1,24,pokemon,dialogue,,
0x01F087E0,"mon before
their numbers become too great.",42,1,43,pokemon,description,,
0x01F0883B,s your fault!,13,1,14,pokemon,dialogue,,
0x01F088E7,becoming the dominant life forms.,33,1,34,pokemon,description,,
0x01F089D7,"Here is a reward for your help to
the species.",46,1,47,pokemon,dialogue,,
0x01F08A43,"mon should not be allowed to
rule over humans.",46,1,47,pokemon,description,,
0x01F08A72,The Trash-Man,13,1,14,pokemon,location,,
0x01F08ABC, items.,7,1,8,pokemon,other,,
0x01F08BDE, items?,7,1,8,pokemon,dialogue,,
0x01F08BE6,"Go out and find me the most
delectable trash out there!",55,1,56,pokemon,dialogue,,
0x01F08C5D,handsomely rewarded.,20,1,21,pokemon,other,,
0x01F08D30,"Here is some of my garbage for you
to take off my hands.",56,1,57,pokemon,dialogue,,
0x01F08D78,"t take my garbage if your
party is full.",40,1,41,pokemon,dialogue,,
0x01F08DA1,"The Trash-Man is satisfied with the
trash you have gathered for him.",68,1,69,pokemon,dialogue,,
0x01F08E2B,mon total.,10,1,11,pokemon,other,,
0x01F08F19, observations.,14,1,15,pokemon,other,,
0x01F08F73,your unbiased opinion.,22,1,23,pokemon,dialogue,,
0x01F08FCC,science and religion.,21,1,22,pokemon,other,,
0x01F09028,mon to complete the dataset.,28,1,29,pokemon,other,,
0x01F0920D,Exp. Millionaire,16,1,17,pokemon,location,,
0x01F09238,"
in one day to become truly rich.",33,1,34,pokemon,description,,
0x01F09317,"So, are you willing to show me your
drive to become truly wealthy?",66,1,67,pokemon,dialogue,,
0x01F093D4,in total within a single day.,29,1,30,pokemon,other,,
0x01F093F2,"Hmph. I should have expected no
less from a materialistic cretin.",65,1,66,pokemon,dialogue,,
0x01F09580,"t be needing my life savings
anymore!",37,1,38,pokemon,dialogue,,
0x01F09682,Take these Lucky Eggs.,22,1,23,pokemon,other,,
0x01F09699,"And in addition to those, allow me
to make them even luckier!",61,1,62,pokemon,dialogue,,
0x01F09729," the
amount of Exp. Points when held.",37,1,38,pokemon,description,,
0x01F09808," I just realized, I still need
food, after all.",47,1,48,pokemon,dialogue,,
0x01F098B9,"No? Then could you spare any change
before you leave?",53,1,54,pokemon,dialogue,,
0x01F09A29,matchups reversed.,18,1,19,pokemon,other,,
0x01F09A8D,"mon in the
Day-Care, it will get stronger too.",46,1,47,pokemon,description,,
0x01F09C60,mon than Great Balls.,21,1,22,pokemon,other,,
0x01F09C78,Flower Paradise,15,1,16,pokemon,location,,
0x01F09CD1,"mon
lives at the northern end.",30,1,31,pokemon,other,,
0x01F09D55,mon that live in them.,22,1,23,pokemon,other,,
0x01F09DCC,"In fact, some Gracidea flowers
even bloom in this very paradise!",64,1,65,pokemon,dialogue,,
0x01F0A01F,"Here, let me share with you!",28,1,29,pokemon,dialogue,,
0x01F0A043,"d like some more Berries,
come see me again tomorrow!",53,1,54,pokemon,dialogue,,
0x01F0A079,Honey Gather,12,1,13,pokemon,location,,
0x01F0A0B0,"mon in Flower Paradise
and collect 3 Honey from them.",53,1,54,pokemon,description,,
0x01F0A3A0,notified if it does!,20,1,21,pokemon,dialogue,,
0x01F0A3B5,"You got them! Thank you so much!
Let me take them off your hands.",65,1,66,pokemon,dialogue,,
0x01F0A3F7,"For helping me out, please take
this TM as a reward. I insist!",62,1,63,pokemon,dialogue,,
0x01F0A538,"ll have to keep looking
myself, then.",37,1,38,pokemon,dialogue,,
0x01F0A680,You are not worthy.,19,1,20,pokemon,dialogue,,
0x01F0A6E7,You are worthy.,15,1,16,pokemon,dialogue,,
0x01F0A6F7,You may pass.,13,2,15,pokemon,dialogue,,
0x01F0A708,Frost Mountain,14,1,15,pokemon,location,,
0x01F0A717,"A small mountain that is known
for connecting Route 7 to Route 8.
Despite its name, not much ice
is found inside.",113,1,114,pokemon,description,,
0x01F0A81D,"ENGAGING FROM
BEHIND IS THE
KEY.",32,1,33,pokemon,description,,
0x01F0A841,"Aggron blew you away with its
powerful Roar!",44,1,45,pokemon,dialogue,,
0x01F0A871,Aggron mysteriously disappeared.,32,1,33,pokemon,dialogue,,
0x01F0AAA6,You are not there yet.,22,1,23,pokemon,dialogue,,
0x01F0AB9E,-types.,7,1,8,pokemon,other,,
0x01F0AC18,Prepare for a trip to the abyss!,32,1,33,pokemon,dialogue,,
0x01F0AC90,special Z-Crystal.,18,1,19,pokemon,other,,
0x01F0AD00, into its signature Z-Move.,27,1,28,pokemon,other,,
0x01F0AD8E,"You, unfortunately, are not capable
of battling us, just yet.",61,1,62,pokemon,dialogue,,
0x01F0AEBA,types at your side.,19,1,20,pokemon,dialogue,,
0x01F0AECE,"They say a rare blue bird
lives atop Frost Mountain.",52,1,53,pokemon,description,,
0x01F0AF03,"Or it used to until some thugs
scared it off.",45,1,46,pokemon,description,,
0x01F0B02C,Picture perfect!,16,1,17,pokemon,dialogue,,
0x01F0B03D,"The frost-covered ground in this
cave is my inspiration.",56,1,57,pokemon,dialogue,,
0x01F0B076,"My brother, the ultimate hopper
lives on Route 8!",49,1,50,pokemon,dialogue,,
0x01F0B0A8,"His legs have become so powerful
due to constant hopping!",57,1,58,pokemon,dialogue,,
0x01F0B0E2,"My brother likes to challenge
Trainers to hop themselves.",57,1,58,pokemon,dialogue,,
0x01F0B11C,"Do you think the trek up this
mountain will be easy?",52,1,53,pokemon,dialogue,,
0x01F0B151,"My sources tell me there are at
least 20 more floors in this cave!",66,1,67,pokemon,dialogue,,
0x01F0B1BC,t forget to heal up first!,26,1,27,pokemon,dialogue,,
0x01F0B1DB,re almost at the exit!,22,1,23,pokemon,dialogue,,
0x01F0B1F2,Just a little further!,22,1,23,pokemon,dialogue,,
0x01F0B2B0,Super Nerd!,11,1,12,pokemon,dialogue,,
0x01F0B2D1,"
He lost!",9,1,10,pokemon,dialogue,,
0x01F0B3B0,Frozen Forest,13,1,14,pokemon,location,,
0x01F0B40C,"mon
appears every Thursday.",27,1,28,pokemon,other,,
0x01F0B428,Frozen Heights,14,1,15,pokemon,location,,
0x01F0B437,Frozen Heights D,16,1,17,pokemon,location,,
0x01F0B448,Frozen Heights N,16,1,17,pokemon,location,,
0x01F0B460,"The door has been forced shut
behind you.",41,1,42,pokemon,dialogue,,
0x01F0B48D,The door is sealed shut.,24,1,25,pokemon,other,,
0x01F0B4D6,What a great read!,18,1,19,pokemon,dialogue,,
0x01F0B55D,"I just wish I knew how to get
past it.",38,1,39,pokemon,dialogue,,
0x01F0B629,my life.,8,1,9,pokemon,dialogue,,
0x01F0B660,"t forget to take any items
out of your PC before you go!",56,1,57,pokemon,dialogue,,
0x01F0B6BA,"When does he go home?
Does he even have a home?",47,1,48,pokemon,dialogue,,
0x01F0B711,"I bet those items in your PC really
helped you out, eh?",55,1,56,pokemon,dialogue,,
0x01F0B760,"You can play ROM Hacks with an
in-game clock on almost any device!",66,1,67,pokemon,dialogue,,
0x01F0BAA5,"Before you do anything else, you
should take a nice, long rest.",63,1,64,pokemon,dialogue,,
0x01F0BB39,s errand for him!,17,1,18,pokemon,dialogue,,
0x01F0BC1C,need this!,10,1,11,pokemon,dialogue,,
0x01F0BC45,"s
Mission Log component from Mom!",33,1,34,pokemon,dialogue,,
0x01F0BD54,s request for you?,18,1,19,pokemon,dialogue,,
0x01F0BE4D,items in battle.,16,1,17,pokemon,other,,
0x01F0BE7C,"s
battle component from Mom!",28,1,29,pokemon,dialogue,,
0x01F0C0D9,"Oh, and you can even use it to
store this parting gift I prepared!",66,1,67,pokemon,dialogue,,
0x01F0C21A,Bring Prof. Log his package!,28,1,29,pokemon,dialogue,,
0x01F0C239,"!
You should take a quick rest.",31,1,32,pokemon,dialogue,,
0x01F0C26B,"!
You should take a quick rest.",31,1,32,pokemon,dialogue,,
0x01F0C2BD,Take care now!,14,1,15,pokemon,dialogue,,
0x01F0C31A,".

Come alone if you ever want to
see her again.

-A",52,1,53,pokemon,dialogue,,
0x01F0C395,a standard Single Battle!,25,1,26,pokemon,dialogue,,
0x01F0C3F5,a standard Double Battle!,25,1,26,pokemon,dialogue,,
0x01F0C455,a standard Multi Battle!,24,1,25,pokemon,dialogue,,
0x01F0C606, to get there.,14,1,15,pokemon,other,,
0x01F0C6A5,Good luck with your endeavors!,30,1,31,pokemon,dialogue,,
0x01F0C803,t seen them since.,18,1,19,pokemon,other,,
0x01F0C867,"
What if he really is our dad?",30,1,31,pokemon,dialogue,,
0x01F0C9EC,make amends for all he had done.,32,1,33,pokemon,description,,
0x01F0CA1F," left a
gift for you on the table.",34,1,35,pokemon,dialogue,,
0x01F0CA50,"s Daddy coming home?
I wanna play with Daddy!",45,1,46,pokemon,dialogue,,
0x01F0CA7E,Neighbourly Assistance,22,1,23,pokemon,location,,
0x01F0CAD8, Mart to restore his health.,28,1,29,pokemon,other,,
0x01F0CBF8, Mart.,6,1,7,pokemon,other,,
0x01F0CD16,"ll have to suffer in silence, then.",35,1,36,pokemon,description,,
0x01F0CD8C,well stocked up with Antidotes!,31,1,32,pokemon,dialogue,,
0x01F0CE04,Hurry back now!,15,1,16,pokemon,dialogue,,
0x01F0CEDF,"ll take that Antidote off your
hands now.",41,1,42,pokemon,dialogue,,
0x01F0D136,Use it wisely.,14,1,15,pokemon,location,,
0x01F0D325,How is your journey going?,26,1,27,pokemon,dialogue,,
0x01F0D39F,"In that case, let me impart a bit
of wisdom on you before you go!",65,1,66,pokemon,dialogue,,
0x01F0D640,Good luck on your journey!,26,1,27,pokemon,dialogue,,
0x01F0D685,Good luck on your journey!,26,1,27,pokemon,dialogue,,
0x01F0D6E8,re finally leaving home!,24,1,25,pokemon,dialogue,,
0x01F0D7B8,ve become.,10,1,11,pokemon,other,,
0x01F0D833,ll miss you!,12,1,13,pokemon,dialogue,,
0x01F0D892,"re coming home
forever?",23,1,24,pokemon,dialogue,,
0x01F0D8C8,Fullmoon Island,15,1,16,pokemon,location,,
0x01F0D97B,increased its size!,19,1,20,pokemon,dialogue,,
0x01F0DA4F,"Do you need some game Coins?
Would you like to buy some?",56,1,57,pokemon,dialogue,,
0x01F0DA88,"Thank you.
Here are your Coins!",31,1,32,pokemon,dialogue,,
0x01F0DABF,t have a Coin Case.,19,1,20,pokemon,other,,
0x01F0DAF3,"No?
Please come play sometime!",30,1,31,pokemon,dialogue,,
0x01F0DB1A,t afford the Coins.,19,1,20,pokemon,other,,
0x01F0DBB8,Which kind of prize would you like?,35,1,36,pokemon,dialogue,,
0x01F0DBE4, would you like?,16,1,17,pokemon,dialogue,,
0x01F0DC0C,"?
How many would you like?",26,1,27,pokemon,dialogue,,
0x01F0DC54, Coins.,7,1,8,pokemon,other,,
0x01F0DC8A, Coins.,7,1,8,pokemon,other,,
0x01F0DCBC,"t have enough
Coins for that prize.",35,1,36,pokemon,description,,
0x01F0DD1B,mon.,4,1,5,pokemon,other,,
0x01F0DD20,You already own that TM.,24,1,25,pokemon,dialogue,,
0x01F0DD39,Items,5,1,6,pokemon,other,,
0x01F0DD65, 500 Coins,10,1,11,pokemon,other,,
0x01F0DD81, 1000 Coins,11,1,12,pokemon,other,,
0x01F0DD9C, 1000 Coins,11,1,12,pokemon,other,,
0x01F0DDB7, 1000 Coins,11,1,12,pokemon,other,,
0x01F0DDD2, 1000 Coins,11,1,12,pokemon,other,,
0x01F0DDEE, 1000 Coins,11,1,12,pokemon,other,,
0x01F0DE0B, 3000 Coins,11,1,12,pokemon,other,,
0x01F0DE26, 5000 Coins,11,1,12,pokemon,other,,
0x01F0DE5E, 8000 Coins,11,1,12,pokemon,other,,
0x01F0DE7B, 10000 Coins,12,1,13,pokemon,other,,
0x01F0DE94, 500 Coins,10,1,11,pokemon,other,,
0x01F0DEAD, 1000 Coins,11,1,12,pokemon,other,,
0x01F0DEC4, 1500 Coins,11,1,12,pokemon,other,,
0x01F0DEDC, 3000 Coins,11,1,12,pokemon,other,,
0x01F0DEF2, 5000 Coins,11,1,12,pokemon,other,,
0x01F0DF0B, 9999 Coins,11,1,12,pokemon,other,,
0x01F0DF29, 2000 Coins,11,1,12,pokemon,other,,
0x01F0DF42, 2000 Coins,11,1,12,pokemon,other,,
0x01F0DF60, 2000 Coins,11,1,12,pokemon,other,,
0x01F0DF97, 3000 Coins,11,1,12,pokemon,other,,
0x01F0DFD1, 4000 Coins,11,1,12,pokemon,other,,
0x01F0DFED, 4000 Coins,11,1,12,pokemon,other,,
0x01F0E00B, 4000 Coins,11,1,12,pokemon,other,,
0x01F0E061,"s fun, and I get so many Coins
at the same time!",48,1,49,pokemon,dialogue,,
0x01F0E0D5,"ll play the old slots
instead.",30,1,31,pokemon,other,,
0x01F0E0F4,"What, you want to play?",23,1,24,pokemon,dialogue,,
0x01F0E123, Coins!,7,1,8,pokemon,dialogue,,
0x01F0E1C3,doubled too!,12,1,13,pokemon,dialogue,,
0x01F0E1DD,t have the Coin Case!,21,1,22,pokemon,dialogue,,
0x01F0E2E1,d rather pop balloons any day!,30,1,31,pokemon,dialogue,,
0x01F0E370,"ll try the same spot, too!",26,1,27,pokemon,dialogue,,
0x01F0E390,"s up?
Want some Coins?",22,1,23,pokemon,dialogue,,
0x01F0E3A7,"Darn! Those polka dot balloons keep
sapping all my Coins!",57,1,58,pokemon,dialogue,,
0x01F0E3F0,"re throwing me off!
Here are some Coins, so shoo!",49,1,50,pokemon,dialogue,,
0x01F0E458,"Yes, you may get less time, but the
speed more than makes up for it.",68,1,69,pokemon,dialogue,,
0x01F0E57A,"ll see the
resemblance, I swear it!",35,1,36,pokemon,dialogue,,
0x01F0E5DD,"I come here every day just to see
it, you know.",47,1,48,pokemon,dialogue,,
0x01F0E645,"s an ancient slot machine!
Want to play?",40,1,41,pokemon,dialogue,,
0x01F0E6EA,"Spend some Coins before trying
to play.",39,1,40,pokemon,description,,
0x01F0E72F,A Life of No Regrets,20,1,21,pokemon,other,,
0x01F0E89B,Can you out pop me in balloons?,31,1,32,pokemon,dialogue,,
0x01F0E980,Ferrothorn some money.,22,1,23,pokemon,location,,
0x01F0E9DE,of gambling?,12,1,13,pokemon,dialogue,,
0x01F0EB0F,plunged me into deeper debt.,28,1,29,pokemon,other,,
0x01F0EB2C,"Or, I would give it to you, if you
had more space in your party.",64,1,65,pokemon,dialogue,,
0x01F0EBD5, started for you.,17,1,18,pokemon,dialogue,,
0x01F0EC88, each game!,11,1,12,pokemon,dialogue,,
0x01F0ECF5,"re ready to begin
Happy Hour.",29,1,30,pokemon,other,,
0x01F0ED8E,"So get moving, whippersnapper!
Go, go, go!",42,1,43,pokemon,dialogue,,
0x01F0EDE1,"Get moving, whippersnapper!
Go, go, go!",39,1,40,pokemon,dialogue,,
0x01F0EFD2,"T FORGET TO BACK UP YOUR
SAVE FILE BEFORE SAVING!",49,1,50,pokemon,dialogue,,
0x01F0F595,game is cleared.,16,1,17,pokemon,other,,
0x01F0F5B5,"mon Unbound!

Before you begin playing, please
be aware that this is a non-profit
fan game.

If you paid for this game, reclaim
your money immediately!",151,1,152,pokemon,dialogue,,
0x01F0F6E7, there is no rush.,18,1,19,pokemon,other,,
0x01F0F6FA,"Speak to people, and check things
wherever you go, be it towns,
roads, or caves.

The world and its people are alive.
As you grow, they will grow along
with you.",161,1,162,pokemon,dialogue,,
0x01F0F7EC,Choose a character.,19,1,20,pokemon,location,,
0x01F0F868,ll play as?,11,1,12,pokemon,dialogue,,
0x01F0F874,"Last, but not least, what is
your name?",39,1,40,pokemon,dialogue,,
0x01F0F90D,mon Unbound?,12,1,13,pokemon,dialogue,,
0x01F0F94B,GBA emulators?,14,1,15,pokemon,dialogue,,
0x01F0F99E,"Please change emulators before
attempting to continue playing.",62,1,63,pokemon,description,,
0x01F0F9DD,Do you forget to save often?,28,1,29,pokemon,dialogue,,
0x01F0FA1C,"This includes puzzles ranging from
stealth puzzles to boulder puzzles.",70,1,71,pokemon,description,,
0x01F0FAA6,being weak to the Poison-type?,30,1,31,pokemon,dialogue,,
0x01F0FB1D,Flying-types?,13,1,14,pokemon,dialogue,,
0x01F0FB64,worrying too much about battles?,32,1,33,pokemon,dialogue,,
0x01F0FBA5,"mon
for your team every so often?",33,1,34,pokemon,dialogue,,
0x01F0FBC7,"Do you know about EVs and IVs,
and like factoring them in?",58,1,59,pokemon,dialogue,,
0x01F0FC02,"Are you okay grinding for EVs if
the situation calls for it?",60,1,61,pokemon,dialogue,,
0x01F0FCF8, difficulty?,12,1,13,pokemon,dialogue,,
0x01F0FDF3,"Are you okay continuing with the
Expert difficulty?",51,1,52,pokemon,dialogue,,
0x01F0FE50,"A harder difficulty means harder
thought and stealth puzzles.",61,1,62,pokemon,description,,
0x01F0FF2D,effect.,7,1,8,pokemon,other,,
0x01F0FF9F,mon.,4,1,5,pokemon,other,,
0x01F100AC, Difficulty?,12,1,13,pokemon,dialogue,,
0x01F1019F, Difficulty?,12,1,13,pokemon,dialogue,,
0x01F10316, difficulty?,12,1,13,pokemon,dialogue,,
0x01F10398,the Options Menu.,17,1,18,pokemon,system,,
0x01F10438, Menu.,6,1,7,pokemon,system,,
0x01F104A6,the Options Menu at any time.,29,1,30,pokemon,system,,
0x01F1055B,the next milestone is completed.,32,1,33,pokemon,description,,
0x01F10619,Default,7,1,8,pokemon,other,,
0x01F10621,Difficult,9,1,10,pokemon,other,,
0x01F1062B,Easy,4,1,5,pokemon,other,,
0x01F10630,Vanilla,7,1,8,pokemon,other,,
0x01F1063D,Expert,6,1,7,pokemon,other,,
0x01F10644,Insane,6,1,7,pokemon,other,,
0x01F1064B,Challenging,11,1,12,pokemon,other,,
0x01F10657,Back,4,1,5,pokemon,other,,
0x01F1065C,"Would you like to view game
enhancement options?",48,1,49,pokemon,dialogue,,
0x01F106B4,"
options?",9,1,10,pokemon,dialogue,,
0x01F106E8, randomizer?,12,1,13,pokemon,dialogue,,
0x01F10706," randomizer has
been enabled.",29,1,30,pokemon,other,,
0x01F10757, randomizer?,12,1,13,pokemon,dialogue,,
0x01F1077E," randomizer has
been enabled.",29,1,30,pokemon,other,,
0x01F107C6, randomizer?,12,1,13,pokemon,dialogue,,
0x01F107E4," randomizer has
been enabled.",29,1,30,pokemon,other,,
0x01F10844,battles.,8,1,9,pokemon,other,,
0x01F1084D,"Would you like to play a variant
with stat rebalancing?",55,1,56,pokemon,dialogue,,
0x01F108A1," has been
enabled.",18,1,19,pokemon,other,,
0x01F109CA,scaled species.,15,1,16,pokemon,other,,
0x01F10D96,"However, there will be no more
exploration.",43,1,44,pokemon,description,,
0x01F10DD4, has been enabled.,18,1,19,pokemon,other,,
0x01F10E1F,"This version is much grittier than
than the normal version.",59,1,60,pokemon,description,,
0x01F10EE8,"Are you SURE you want to play with
the darker version story?",60,1,61,pokemon,dialogue,,
0x01F10F25,"This option may not be changed
during gameplay.",47,1,48,pokemon,description,,
0x01F10F5C,"ve played before, would you
like to skip the opening cutscenes?",63,1,64,pokemon,dialogue,,
0x01F10FFF,from the Options Menu.,22,1,23,pokemon,system,,
0x01F113C9,himself immortality in the process.,35,1,36,pokemon,description,,
0x01F114AE,"The king became a bringer of
destruction that ended the war.",60,1,61,pokemon,description,,
0x01F11576,"Yet, peace was still to come.",29,1,30,pokemon,other,,
0x01F1166E,in an attempted coup.,21,1,22,pokemon,other,,
0x01F116D7,Articuno!,9,1,10,pokemon,dialogue,,
0x01F116E1,Zapdos!,7,1,8,pokemon,dialogue,,
0x01F116E9,Moltres!,8,1,9,pokemon,dialogue,,
0x01F11738,"force, sealing its power.",25,1,26,pokemon,other,,
0x01F11752,"It became a shadow of its former
self.",38,1,39,pokemon,description,,
0x01F1184B,            16 Years Ago,24,12,36,pokemon,other,,
0x01F11864,           15 Years Later,25,1,26,pokemon,other,,
0x01F1187E,Yes   ,6,1,7,pokemon,location,,
0x01F118C3, when SHE arrives.,18,1,19,pokemon,other,,
0x01F1192F,s a matter of what it will be.,30,1,31,pokemon,other,,
0x01F11AE9,"Farewell, my good friend.",25,1,26,pokemon,dialogue,,
0x01F11B2A,s get this over with.,21,1,22,pokemon,other,,
0x01F11BD2,"I cannot even begin to fathom the
possibility!",46,1,47,pokemon,dialogue,,
0x01F11C1F, Ball? Here? Now?,17,1,18,pokemon,dialogue,,
0x01F11CFD,            Present Day,23,2,25,pokemon,other,,
0x01F11D18,Preset,6,1,7,pokemon,other,,
0x01F11D1F,Box24,5,1,6,pokemon,other,,
0x01F11DA3,Old Save,8,1,9,pokemon,location,,
0x01F11DB2,Never,5,1,6,pokemon,other,,
0x01F11DE8,Great Desert,12,1,13,pokemon,location,,
0x01F11E78,"s get you all fixed up!
Just leave it up to me!",47,1,48,pokemon,dialogue,,
0x01F11EA8,"Be careful of sandstorms as you
explore the Great Desert!",57,1,58,pokemon,dialogue,,
0x01F12025,"For that, you have my gratitude.",32,1,33,pokemon,dialogue,,
0x01F12064,Warmonger,9,1,10,pokemon,other,,
0x01F12099, battles to be initiated.,25,1,26,pokemon,other,,
0x01F121AA,"Do you think you have what it takes
to become one of us?",56,1,57,pokemon,dialogue,,
0x01F1223E, times.,7,1,8,pokemon,other,,
0x01F12246,"Not all have the heart to become of
of the Undying Lucario.",59,1,60,pokemon,description,,
0x01F122EF, more.,6,1,7,pokemon,other,,
0x01F12376,will also receive our sacred rock.,34,1,35,pokemon,description,,
0x01F12399,"The Undying Lucario always enjoy a
good battle just for the sport of it.",72,1,73,pokemon,description,,
0x01F124EA,burial chamber.,15,1,16,pokemon,other,,
0x01F1259E,ll earn their respect first.,28,1,29,pokemon,other,,
0x01F1265F,ll have to fight me for it!,27,1,28,pokemon,dialogue,,
0x01F12685,ve earned my respect!,21,1,22,pokemon,dialogue,,
0x01F1269B,"Any good desert Trainer can use an
item like this.",50,1,51,pokemon,description,,
0x01F12739,to unleash its metallic fury!,29,1,30,pokemon,dialogue,,
0x01F12757,"How tough are you?
We shall expose that secret!",47,1,48,pokemon,dialogue,,
0x01F12787,Your secret has been revealed.,30,1,31,pokemon,dialogue,,
0x01F127A6,"This desert hoards mysteries in
its shifting sands!",51,1,52,pokemon,dialogue,,
0x01F127DA,What do you make of these rocks?,32,1,33,pokemon,dialogue,,
0x01F127FB,They have to be important.,26,1,27,pokemon,other,,
0x01F1284D,I can feel it!,14,1,15,pokemon,dialogue,,
0x01F12862,I wound up in this pit somehow.,31,1,32,pokemon,dialogue,,
0x01F12888,You beat me.,12,1,13,pokemon,dialogue,,
0x01F128C1,t I?,4,1,5,pokemon,dialogue,,
0x01F128C6,The desert life here is thriving!,33,1,34,pokemon,dialogue,,
0x01F128E8,You are thriving as well!,25,1,26,pokemon,dialogue,,
0x01F12945,It is truly a great desert!,27,1,28,pokemon,dialogue,,
0x01F12996,Where could they be?,20,1,21,pokemon,dialogue,,
0x01F129F9,underwater a long time ago.,27,1,28,pokemon,other,,
0x01F12A4E,"Right now, nobody can beat me!",30,1,31,pokemon,dialogue,,
0x01F12ADE,mon stronger.,13,1,14,pokemon,other,,
0x01F12B37,t jam out in a sandstorm!,25,1,26,pokemon,dialogue,,
0x01F12B51,"I came to play music in the desert,
but sand is getting in my guitar.",69,1,70,pokemon,dialogue,,
0x01F12B97,I sensed your approach.,23,1,24,pokemon,dialogue,,
0x01F12BF0,"I think you will be linked to each
other by a strange power.",60,1,61,pokemon,dialogue,,
0x01F12C5F,mon!,4,1,5,pokemon,dialogue,,
0x01F12C64,I could not smash you.,22,1,23,pokemon,dialogue,,
0x01F12C7B,"Shattering rocks here can yield
valuable rewards!",49,1,50,pokemon,dialogue,,
0x01F12CD5,Have you seen any today?,24,1,25,pokemon,dialogue,,
0x01F12CEE,Rufflet are superior to Vullaby!,32,1,33,pokemon,dialogue,,
0x01F12D77,Have you seen any today?,24,1,25,pokemon,dialogue,,
0x01F12DC5,s wrong.,8,1,9,pokemon,other,,
0x01F12E2A,s firing me up!,15,1,16,pokemon,dialogue,,
0x01F12E4B,"ll always keep me
fired up!",27,1,28,pokemon,dialogue,,
0x01F12E77,ya want?,8,1,9,pokemon,dialogue,,
0x01F12E90,"m still half
asleep.",20,1,21,pokemon,other,,
0x01F12ED6,"The flora in the desert is so
fascinating!",42,1,43,pokemon,dialogue,,
0x01F12F01,"Who cares about winning when we can
gush over my flora?",55,1,56,pokemon,dialogue,,
0x01F12F98,mon?,4,1,5,pokemon,dialogue,,
0x01F12FF3, Grim Woods,11,1,12,pokemon,other,,
0x01F1302F,"mon.
Many children have gone missing
in these woods.",52,1,53,pokemon,description,,
0x01F13064,Weed Whacker,12,1,13,pokemon,location,,
0x01F13071,"Help a rich businessman build his
dream pancake restaurant by cutting
down all of the grass in Grim Woods.",106,1,107,pokemon,description,,
0x01F131C5,"Are your services available to Cut
all the tall grass in the area?",66,1,67,pokemon,dialogue,,
0x01F13232," to take
down all the tall grass!",33,1,34,pokemon,dialogue,,
0x01F13298,my land for a handsome payment.,31,1,32,pokemon,dialogue,,
0x01F132FD,Get hacking!,12,1,13,pokemon,dialogue,,
0x01F13409,service.,8,1,9,pokemon,other,,
0x01F1344A,build my pancake empire.,24,1,25,pokemon,dialogue,,
0x01F1349B," it up,
yeah?",13,1,14,pokemon,dialogue,,
0x01F134A9,"Yeah!
That was lively!",22,1,23,pokemon,dialogue,,
0x01F1350B, in no time!,12,1,13,pokemon,dialogue,,
0x01F13544,mon appear at night?,20,1,21,pokemon,dialogue,,
0x01F13560,"t be just me, right?",20,1,21,pokemon,dialogue,,
0x01F135D3,populate them at night.,23,1,24,pokemon,other,,
0x01F13611,mon!,4,1,5,pokemon,dialogue,,
0x01F13625,mon!,4,1,5,pokemon,dialogue,,
0x01F13698,I bet a whole bunch!,20,1,21,pokemon,dialogue,,
0x01F136AD,Ghosts haunt these woods.,25,1,26,pokemon,other,,
0x01F136C7,The ghosts are wandering spirits.,33,1,34,pokemon,description,,
0x01F13728,at home here.,13,1,14,pokemon,other,,
0x01F13745,"
Do you hear the cries of Phantump?",35,1,36,pokemon,dialogue,,
0x01F13782,"
What could they be trying to say?",34,1,35,pokemon,dialogue,,
0x01F1380A,lost in these woods.,20,1,21,pokemon,other,,
0x01F1381F,"Pumpkaboo come in many different
sizes.",39,1,40,pokemon,description,,
0x01F13847,"There are four Pumpkaboo sizes
in total.",40,1,41,pokemon,description,,
0x01F138B8,of all Pumpkaboo she sees.,26,2,28,pokemon,other,,
0x01F138D3, Gurun Town,11,1,12,pokemon,other,,
0x01F13A5D,s Borrius for you!,18,1,19,pokemon,dialogue,,
0x01F13B58,for a high price.,17,1,18,pokemon,other,,
0x01F13CD3,"The torches then provide a reliable
source of heat.",51,1,52,pokemon,description,,
0x01F13D7B,"Those torches are our only reliable
source of heat right now.",61,1,62,pokemon,description,,
0x01F13E04,"If you have found one, I can take
a stab at reviving it for you.",64,1,65,pokemon,dialogue,,
0x01F13EBB,mon?,4,1,5,pokemon,dialogue,,
0x01F13F07,"It will take some time to revive.
Come back later.",50,1,51,pokemon,description,,
0x01F13F89,"ll need some space in your
party if you want to take it.",56,1,57,pokemon,dialogue,,
0x01F1404A,mon?,4,1,5,pokemon,dialogue,,
0x01F1411B,"Do you have such a rare item?
Do you?",37,1,38,pokemon,dialogue,,
0x01F14174,? Will you?,11,1,12,pokemon,dialogue,,
0x01F141B8,t you?,6,1,7,pokemon,dialogue,,
0x01F141F8,t you?,6,1,7,pokemon,dialogue,,
0x01F1423D,Will you?,9,1,10,pokemon,dialogue,,
0x01F14247,As Hard as They Come,20,1,21,pokemon,other,,
0x01F1426F," in this world
harder than a Hard Stone! Collect
20 of them for an enthusiast.",78,1,79,pokemon,dialogue,,
0x01F143B3,Ya think ya can do it?,22,1,23,pokemon,dialogue,,
0x01F14470,"em there, too.",14,1,15,pokemon,other,,
0x01F144CD,em from ya.,11,1,12,pokemon,other,,
0x01F14504,"Then, here ya go.",17,1,18,pokemon,other,,
0x01F1460D,"re not an
enthusiast.",21,1,22,pokemon,other,,
0x01F146C5,"em to you in exchange
for some more Hard Stones.",48,1,49,pokemon,dialogue,,
0x01F1479A,em over.,8,1,9,pokemon,other,,
0x01F14863,"em, will ya?",12,1,13,pokemon,dialogue,,
0x01F1497B,"
in exchange.",13,1,14,pokemon,other,,
0x01F14A53,"em there, too.",14,1,15,pokemon,other,,
0x01F14A95,Fighting Gem,12,1,13,pokemon,location,,
0x01F14CB8,t fished 3 times! I know!,25,1,26,pokemon,dialogue,,
0x01F14CD2,Treasure Hunter,15,1,16,pokemon,location,,
0x01F14CE2,"Return to the Tomb of Borrius, and
find all of the Hidden Items!",64,1,65,pokemon,dialogue,,
0x01F14DDF,lot of treasure in the tomb.,28,1,29,pokemon,other,,
0x01F14E64,"So please, you must accept my
request!",38,1,39,pokemon,dialogue,,
0x01F15040,Do you think you can do it?,27,1,28,pokemon,dialogue,,
0x01F150D5,it all.,7,1,8,pokemon,other,,
0x01F1512F,"Take this Egg I found while looking
around the tomb myself.",59,1,60,pokemon,dialogue,,
0x01F15170," received an Egg from
the Psychic!",34,1,35,pokemon,dialogue,,
0x01F151E9,to do.,6,1,7,pokemon,other,,
0x01F1527C,to make sure you find it all.,29,1,30,pokemon,dialogue,,
0x01F1531B,party for it.,13,1,14,pokemon,other,,
0x01F153AA,Trainer to care for it.,23,1,24,pokemon,other,,
0x01F153C2,"This item was found behind a pillar
on 1F.",42,1,43,pokemon,description,,
0x01F153ED,"This item was found between the top
two Dusknoir on B4F.",56,1,57,pokemon,description,,
0x01F15426,"This item was found by the
downwards ladder on B3F.",51,1,52,pokemon,description,,
0x01F1545A,"This item was found close to the
ladder at the top of B2F.",58,1,59,pokemon,description,,
0x01F15495,"This item was found next to the
pillar at the bottom of B2F.",60,1,61,pokemon,description,,
0x01F154D2,"This item was found on the right
of the leftmost top pillar on B1F.",67,1,68,pokemon,description,,
0x01F15516,"This item was found above the
upper leftmost pillar on B1F.",59,1,60,pokemon,description,,
0x01F15552,"This item was found beneath the
rightmost top pillar on B1F.",60,1,61,pokemon,description,,
0x01F1558F,"This item was found beneath the
lower leftmost pillar on B1F.",61,1,62,pokemon,description,,
0x01F155CD,"This item was found behind a pillar
in the burial chamber.",58,1,59,pokemon,description,,
0x01F15608,"This item was found on the right of
the rightmost bottom pillar on B1F.",71,1,72,pokemon,description,,
0x01F159C2,seat of the Champion.,21,1,22,pokemon,other,,
0x01F15B6D,for selling any back.,21,1,22,pokemon,other,,
0x01F15BCD,"Here, please have some of mine.",31,1,32,pokemon,description,,
0x01F15C17,"Do try to be more careful while
travelling in this heat!",56,1,57,pokemon,dialogue,,
0x01F15D2F,s feeling tougher!,18,1,19,pokemon,dialogue,,
0x01F15DB3,s feeling tougher!,18,1,19,pokemon,dialogue,,
0x01F15EBD,s get funky!,12,1,13,pokemon,dialogue,,
0x01F15F9E,of flowers.,11,1,12,pokemon,other,,
0x01F15FAF," received the Leaf Badge
from Mirskle!",38,1,39,pokemon,dialogue,,
0x01F161F7,"t too heavy, or
else that woulda REALLY hurt.",45,1,46,pokemon,description,,
0x01F162D5,The Ferrothorns are on to us!,29,1,30,pokemon,dialogue,,
0x01F163CF,"I told ya to make sure he gave the
boosters before ya paid him!",63,1,64,pokemon,dialogue,,
0x01F16448,"t no
more Granbulls for dem ta give to!",39,1,40,pokemon,dialogue,,
0x01F1675E,and my might!,13,1,14,pokemon,dialogue,,
0x01F1676C,"Interesting. I believe you would
make a fine agent.",51,1,52,pokemon,dialogue,,
0x01F16847, is yours.,10,1,11,pokemon,dialogue,,
0x01F1698A,to you.,7,1,8,pokemon,dialogue,,
0x01F16A08,resources is advantageous.,26,1,27,pokemon,other,,
0x01F16ED5,"Okay, enough chit-chat. 
Time to take off!",42,1,43,pokemon,dialogue,,
0x01F1702F,see are something else!,23,1,24,pokemon,dialogue,,
0x01F17136,"I thought the winds were against
my back, but I still lost!",59,1,60,pokemon,dialogue,,
0x01F171E7, is yours.,10,1,11,pokemon,dialogue,,
0x01F171F7," received the Wings Badge
from Alice!",37,1,38,pokemon,dialogue,,
0x01F172B0,"Oh, and perhaps this TM will be
of some use.",44,1,45,pokemon,description,,
0x01F174EC,mon.,4,1,5,pokemon,other,,
0x01F17700,"Let this handsome fella test
yer mettle!",40,1,41,pokemon,dialogue,,
0x01F1777D,"d win that, no problemo.",24,1,25,pokemon,other,,
0x01F1781F,", compliments of Mel.",21,1,22,pokemon,other,,
0x01F1783A," received the Fall Badge
from Mel!",34,1,35,pokemon,dialogue,,
0x01F1795A,"Anyway, take this TM to go along
with that Badge.",49,1,50,pokemon,description,,
0x01F17A6B, for.,5,1,6,pokemon,other,,
0x01F17AB8, good to look at!,17,1,18,pokemon,dialogue,,
0x01F17D4C,t even twitch!,14,1,15,pokemon,dialogue,,
0x01F17DCC,"Gaaaaah!
Your tech overpowered mine!",36,1,37,pokemon,dialogue,,
0x01F17E8B," received the Battery Badge
from Galavan!",41,1,42,pokemon,dialogue,,
0x01F17F63,"t done yet!
Take this TM, too!",30,1,31,pokemon,dialogue,,
0x01F18060,"mon of metal
again for that rematch!",36,1,37,pokemon,dialogue,,
0x01F180EA, your goals!,12,1,13,pokemon,dialogue,,
0x01F182A2,"s see what you can
do to the kingpin of Antisis City!",53,1,54,pokemon,dialogue,,
0x01F184D2," received the Ring Badge
from Big Mo!",37,1,38,pokemon,dialogue,,
0x01F185E6,"Call it a goodwill gift from
Big Mo.",36,1,37,pokemon,description,,
0x01F18703,Ha ha ha ha!,12,1,13,pokemon,dialogue,,
0x01F1878F,s my job!,9,1,10,pokemon,dialogue,,
0x01F1891C,m sure.,7,1,8,pokemon,other,,
0x01F189B0,"t sink too fast now, ya hear?",29,1,30,pokemon,dialogue,,
0x01F18A0C,ve ever had!,12,1,13,pokemon,dialogue,,
0x01F18A66, now!,5,1,6,pokemon,dialogue,,
0x01F18A71," received the Swamp Badge
from Tessy!",37,1,38,pokemon,dialogue,,
0x01F18B6E,"Here, I got spares, so just take
this one.",42,1,43,pokemon,dialogue,,
0x01F18D13,Promise me yer gonna be fine.,29,1,30,pokemon,other,,
0x01F18D94,Benjamin,8,1,9,pokemon,other,,
0x01F19063,mon League!,11,1,12,pokemon,dialogue,,
0x01F1909B,"m regressing to infancy in
my joy!",34,1,35,pokemon,dialogue,,
0x01F19191,to reach me!,12,1,13,pokemon,dialogue,,
0x01F191A3," received the Time Badge
from Benjamin!",39,1,40,pokemon,dialogue,,
0x01F19299,"Additionally, take this TM as a gift
for your outstanding achievement.",70,1,71,pokemon,dialogue,,
0x01F193D9,"You should be going.
I wish all the best of luck to you!",56,1,57,pokemon,dialogue,,
0x01F19545,"s some sort of plant with oddly
shaped leaves.",46,1,47,pokemon,description,,
0x01F19592,mon and I can barely see!,25,1,26,pokemon,dialogue,,
0x01F195AC,"Darn!
This fog ruined my chances.",33,1,34,pokemon,dialogue,,
0x01F195F4,"
Beats me!",10,1,11,pokemon,dialogue,,
0x01F196BF,"mon and I can see just fine
in this fog!",40,1,41,pokemon,dialogue,,
0x01F19763,this fog.,9,1,10,pokemon,other,,
0x01F1988C,"Hmph.
You may just have what it takes.",38,1,39,pokemon,dialogue,,
0x01F198C9,ll go far!,10,1,11,pokemon,dialogue,,
0x01F198D4,"According to my calculations,
victory is assured 100 percent!",61,1,62,pokemon,dialogue,,
0x01F19912,"It looks like my calculations
were incorrect.",45,1,46,pokemon,dialogue,,
0x01F19942,"d better refine my calculations
for the next time we battle.",60,1,61,pokemon,dialogue,,
0x01F1997F,Skree!,6,1,7,pokemon,dialogue,,
0x01F19990,s over.,7,1,8,pokemon,other,,
0x01F19998,"Back in my day, Dark types were
just a myth!",44,1,45,pokemon,dialogue,,
0x01F199C5,"It looks like not even myths are
invincible.",44,1,45,pokemon,dialogue,,
0x01F199F2,"Times have changed since back in my
day.",40,1,41,pokemon,dialogue,,
0x01F19A1B,Gotcha!,7,1,8,pokemon,dialogue,,
0x01F19A56,re almost there!,16,1,17,pokemon,dialogue,,
0x01F19A6B,re actually still pretty far.,29,1,30,pokemon,other,,
0x01F19A89,"The fans make the gym really
confusing.",39,1,40,pokemon,description,,
0x01F19AB9,ve got you now!,15,1,16,pokemon,dialogue,,
0x01F19ACF,t actually have you.,20,1,21,pokemon,dialogue,,
0x01F19B01,"t the
right way to go.",22,1,23,pokemon,other,,
0x01F19B1E,Wrong way.,10,1,11,pokemon,location,,
0x01F19B29,"Well, I deserved that for
ambushing you.",40,1,41,pokemon,dialogue,,
0x01F19B52,Try going the other way.,24,1,25,pokemon,other,,
0x01F19B6B,Do you know how high up we are?!,32,1,33,pokemon,dialogue,,
0x01F19B8F,re really high up!,18,1,19,pokemon,dialogue,,
0x01F19BB4,"t afraid of
heights like these!",31,1,32,pokemon,dialogue,,
0x01F19BE1,"s time to take flight
and fight!",32,1,33,pokemon,dialogue,,
0x01F19C02,"Time to land, my birds.",23,1,24,pokemon,dialogue,,
0x01F19C1A,"My birds will get stronger from
here on out!",44,1,45,pokemon,dialogue,,
0x01F19C78,ll have to face me first!,25,1,26,pokemon,dialogue,,
0x01F19C97,"
Good job!",10,1,11,pokemon,dialogue,,
0x01F19CA2,"Wherever you decide to go, never be
afraid to charge full speed ahead!",70,1,71,pokemon,dialogue,,
0x01F19D40,the national average.,21,1,22,pokemon,other,,
0x01F19D56,"You may have won the battle, but I
am definitely ahead in my looks.",67,1,68,pokemon,dialogue,,
0x01F19E17,s why Mel employs us.,21,1,22,pokemon,other,,
0x01F19E8C,kept it!,8,1,9,pokemon,dialogue,,
0x01F19E95,"I used to work here back then, but
not much has changed since.",62,1,63,pokemon,dialogue,,
0x01F19F39,"d just be a plain
white void for a Normal-type Gym.",51,1,52,pokemon,description,,
0x01F19FD1,battle!,7,1,8,pokemon,dialogue,,
0x01F1A00D,s hourly touch-up.,18,1,19,pokemon,other,,
0x01F1A07E,wait for Trainers.,18,1,19,pokemon,other,,
0x01F1A095,t go chasing waterfalls!,24,1,25,pokemon,dialogue,,
0x01F1A0B3,"s what happens when you chase
waterfalls!",41,1,42,pokemon,dialogue,,
0x01F1A0ED,"One of the Lapras is in a different
position than the rest.",59,1,60,pokemon,description,,
0x01F1A129,Almost there!,13,1,14,pokemon,dialogue,,
0x01F1A14D,s still a lot farther to Mel!,29,1,30,pokemon,dialogue,,
0x01F1A16B,"You can ride the Lapras to make
your way back up to the top.",60,1,61,pokemon,dialogue,,
0x01F1A1E3,"mon, but
slightly better.",25,1,26,pokemon,other,,
0x01F1A212,"mon won, mine
are still safer to care for.",42,1,43,pokemon,description,,
0x01F1A2B4,cheeks can be very dangerous.,29,1,30,pokemon,other,,
0x01F1A316,with you.,9,1,10,pokemon,dialogue,,
0x01F1A378,"s why he has me, a full-time
makeup artist here.",48,1,49,pokemon,description,,
0x01F1A3E0,mon attacked!,13,1,14,pokemon,dialogue,,
0x01F1A3F7," dove back into
the pond.",25,1,26,pokemon,other,,
0x01F1A427,I invented it!,14,1,15,pokemon,dialogue,,
0x01F1A491,re at a disadvantage!,21,1,22,pokemon,dialogue,,
0x01F1A4AB,"t you love the mixed typing of
the Gym?",39,1,40,pokemon,dialogue,,
0x01F1A4D6,s great!,8,1,9,pokemon,dialogue,,
0x01F1A50B,t leave Steel-types out.,24,1,25,pokemon,other,,
0x01F1A524,"Are you having trouble coping with
the magnetism?",49,1,50,pokemon,dialogue,,
0x01F1A556,Seems not!,10,1,11,pokemon,dialogue,,
0x01F1A59E,off the ground!,15,1,16,pokemon,dialogue,,
0x01F1A5BF,"You were close, though.",23,1,24,pokemon,dialogue,,
0x01F1A61D,be turned off later.,20,1,21,pokemon,other,,
0x01F1A648,"ll tell you
what that bulb does!",32,1,33,pokemon,dialogue,,
0x01F1A671,ll tell you about the bulb.,27,1,28,pokemon,dialogue,,
0x01F1A70F,this Gym goes.,14,1,15,pokemon,other,,
0x01F1A71E,The floor here is magnetized.,29,1,30,pokemon,other,,
0x01F1A741,s one way to overcome it.,25,1,26,pokemon,other,,
0x01F1A79F,be affected by Spikes!,22,1,23,pokemon,dialogue,,
0x01F1A7E7,I hope you brought a Paralyze Heal!,35,1,36,pokemon,dialogue,,
0x01F1A80F,re ready.,9,1,10,pokemon,other,,
0x01F1A85E,face Galavan.,13,1,14,pokemon,other,,
0x01F1A86C,"I can feel the electricity pulsing
through my veins!",52,1,53,pokemon,dialogue,,
0x01F1A8B4,"m not paralyzed, but I seem to
be struck by you!",48,1,49,pokemon,dialogue,,
0x01F1A921,I love it!,10,1,11,pokemon,dialogue,,
0x01F1A980,I love them both equally!,25,1,26,pokemon,dialogue,,
0x01F1A9E3, rolled off.,12,1,13,pokemon,other,,
0x01F1A9F0,"This is the Antisis Gym
Ring Challenge.",39,1,40,pokemon,description,,
0x01F1AA24,Leave,5,1,6,pokemon,other,,
0x01F1AA2A,Stay here.,10,1,11,pokemon,location,,
0x01F1AA3E,mon has been healed.,20,1,21,pokemon,other,,
0x01F1AA55,"m gonna knock ya right outta the
ring before ya can even get going!",67,1,68,pokemon,dialogue,,
0x01F1AA9D, no!,4,1,5,pokemon,dialogue,,
0x01F1AAD1,Hiyah!,6,1,7,pokemon,dialogue,,
0x01F1AAD8,Your strength is admirable.,27,1,28,pokemon,dialogue,,
0x01F1AB33,"t gonna let
that happen!",24,1,25,pokemon,dialogue,,
0x01F1AB4C,"Huh?
How can a kid survive the ring?",36,1,37,pokemon,dialogue,,
0x01F1AE79,t get confused!,15,1,16,pokemon,dialogue,,
0x01F1B054,can get to him.,15,1,16,pokemon,other,,
0x01F1B261,him.,4,1,5,pokemon,other,,
0x01F1B2A9,"mon in the PC
until you only have one left!",43,1,44,pokemon,dialogue,,
0x01F1B2FB,"Go through that door if you wanna
battle Big Mo.",48,1,49,pokemon,dialogue,,
0x01F1B392,"ve done the job, kid.",21,1,22,pokemon,other,,
0x01F1B3C1,"Do ya think ya got what it takes to
survive the ring, and beat Big Mo?",70,1,71,pokemon,dialogue,,
0x01F1B440,"re a real special one, kid.",27,1,28,pokemon,other,,
0x01F1B61E,t that sweet?,13,1,14,pokemon,dialogue,,
0x01F1B66E,moves? Huh?,11,1,12,pokemon,dialogue,,
0x01F1B7AE,", huh?",6,1,7,pokemon,dialogue,,
0x01F1B7B9,"re the new toughest chump in
Antisis City!",42,1,43,pokemon,dialogue,,
0x01F1B80D,Why do I fish here?,19,1,20,pokemon,dialogue,,
0x01F1B821,"If I could catch fish, I would fare
better against other Trainers.",66,1,67,pokemon,dialogue,,
0x01F1B8D9,"ll be washed away
like those fish!",34,1,35,pokemon,dialogue,,
0x01F1B8FC,"My inner tube keeps me afloat
during the waves!",47,1,48,pokemon,dialogue,,
0x01F1B92C,Weeeeeeeeee!,12,1,13,pokemon,dialogue,,
0x01F1B970,"t really even need my
inner tube!",33,1,34,pokemon,dialogue,,
0x01F1B9A4,"The distance you can travel between
each platform varies.",57,1,58,pokemon,dialogue,,
0x01F1B9DE,"Sometimes you can travel a lot
and other times not!",51,1,52,pokemon,dialogue,,
0x01F1BA12,"Some platforms allow you to travel
farther from them than others.",65,1,66,pokemon,dialogue,,
0x01F1BA54,"Are you sure you landed on the
right spot?",42,1,43,pokemon,dialogue,,
0x01F1BA7F,"Since you battled me, you may
not have!",39,1,40,pokemon,dialogue,,
0x01F1BB78,surviving the following wave.,29,1,30,pokemon,other,,
0x01F1BBBD,Press it?,9,1,10,pokemon,dialogue,,
0x01F1BBC7,"The door to the Gym Leader has
been unlocked.",45,1,46,pokemon,description,,
0x01F1BC28,The puzzle has been reset.,26,1,27,pokemon,other,,
0x01F1BC43,"The button embedded in this rock
has already been pressed.",58,1,59,pokemon,description,,
0x01F1BCD2,s a button in it!,17,1,18,pokemon,dialogue,,
0x01F1BCE4,Press it! Press it!,19,1,20,pokemon,dialogue,,
0x01F1BD53,Benjamin!,9,1,10,pokemon,dialogue,,
0x01F1BD99,s see!,6,1,7,pokemon,dialogue,,
0x01F1BE3E,"ll be
able to do is Struggle!",29,1,30,pokemon,dialogue,,
0x01F1BE6D,"t they remind you of other
places in Borrius?",45,1,46,pokemon,dialogue,,
0x01F1BF41,Can you picture them?,21,1,22,pokemon,dialogue,,
0x01F1BF5D,"
You do remember them.",22,1,23,pokemon,dialogue,,
0x01F1BF74,"Use your memories.
They will guide you.",39,1,40,pokemon,dialogue,,
0x01F1C008,-COUGH- -WHEEZE-,16,1,17,pokemon,other,,
0x01F1C261,-COUGH- -WHEEZE-,16,1,17,pokemon,other,,
0x01F1C2C0,"Take this as some extra proof of
your victory here.",51,1,52,pokemon,dialogue,,
0x01F1C350,"ll help you out, champ
in the making.",37,1,38,pokemon,dialogue,,
0x01F1C3D5,"s start you off with some
Fresh Water.",38,1,39,pokemon,dialogue,,
0x01F1C7CD,Good luck out there!,20,1,21,pokemon,dialogue,,
0x01F1C82F,"Take this, as an extra reward for
your victory.",47,1,48,pokemon,dialogue,,
0x01F1C8D2,Mwahahahaha!,12,1,13,pokemon,dialogue,,
0x01F1C94F,"s start you off with some
Fresh Water.",38,1,39,pokemon,dialogue,,
0x01F1CBFA,Good luck out there!,20,1,21,pokemon,dialogue,,
0x01F1CC58,"Take this, as an extra reward for
your victory.",47,1,48,pokemon,dialogue,,
0x01F1CCD4,"With it, you can land a graceful,
yet still devastating blow!",61,1,62,pokemon,dialogue,,
0x01F1CD5E,"Have some Fresh Water, straight
from the ponds of this Gym.",59,1,60,pokemon,description,,
0x01F1D122,"s no going back until you
reach Mel.",36,1,37,pokemon,dialogue,,
0x01F1D17C,"d have taken an even worse
one, had you had this Gem.",53,1,54,pokemon,dialogue,,
0x01F1D25E,feel like they are!,19,1,20,pokemon,dialogue,,
0x01F1D2D8,"Have some of the finest fresh water
taken from the pond out back.",65,1,66,pokemon,description,,
0x01F1D489,Good luck out there!,20,1,21,pokemon,dialogue,,
0x01F1D4D3,"t an
official Gym, take this Gem!",33,1,34,pokemon,dialogue,,
0x01F1D588,it only gets stronger!,22,1,23,pokemon,dialogue,,
0x01F1D5CC,"Take a Fresh Water to celebrate
your return.",44,1,45,pokemon,dialogue,,
0x01F1D804,Good luck out there!,20,1,21,pokemon,dialogue,,
0x01F1DB86,"Take these two Gems as further
recognition of your accomplishment.",66,1,67,pokemon,dialogue,,
0x01F1DC4D,"mon, then pummel with another!",30,1,31,pokemon,dialogue,,
0x01F1DCB9,"Have some Fresh Water straight from
my tap.",43,1,44,pokemon,dialogue,,
0x01F1DFE0,Good luck in the ring!,22,1,23,pokemon,dialogue,,
0x01F1E087,"Take this Gem to improve it
even further!",41,1,42,pokemon,dialogue,,
0x01F1E112,"ll seem tougher
than you already are!",37,1,38,pokemon,dialogue,,
0x01F1E175,"Take a Fresh Water to commemorate
your arrival.",47,1,48,pokemon,dialogue,,
0x01F1E4AC,Good luck out there!,20,1,21,pokemon,dialogue,,
0x01F1E538,"Take this Gem so next time you can
drench your opponents!",57,1,58,pokemon,dialogue,,
0x01F1E5BD,"With it, you can soak your
opponents to their cores!",52,1,53,pokemon,dialogue,,
0x01F1E64D,"Take one final Fresh Water from me
before you get started.",58,1,59,pokemon,dialogue,,
0x01F1EA92,"For your hard work, take this one
final Gem from me.",52,1,53,pokemon,dialogue,,
0x01F1EBAA,"Good luck, champ in the making!",31,1,32,pokemon,dialogue,,
0x01F1EDEE,"
Jax",4,1,5,pokemon,other,,
0x01F1F01D,"
Jax",4,1,5,pokemon,other,,
0x01F1F14D,Ha ha ha!,9,1,10,pokemon,dialogue,,
0x01F1F1F4,Ha ha ha!,9,1,10,pokemon,dialogue,,
0x01F1F2C6,Ha ha ha!,9,1,10,pokemon,dialogue,,
0x01F1F37D,Ha ha ha!,9,1,10,pokemon,dialogue,,
0x01F1F44B,Ha ha ha!,9,1,10,pokemon,dialogue,,
0x01F1F4B9,Ha ha ha!,9,1,10,pokemon,dialogue,,
0x01F1F580,Ha ha ha!,9,1,10,pokemon,dialogue,,
0x01F1F63D,Ha ha ha!,9,1,10,pokemon,dialogue,,
0x01F1F71E,Ha ha ha!,9,1,10,pokemon,dialogue,,
0x01F1F838,Ha ha ha!,9,1,10,pokemon,dialogue,,
0x01F1F844,Icicle Cave,11,1,12,pokemon,location,,
0x01F1F893,"mon make
it their home.",23,1,24,pokemon,other,,
0x01F1F8AB,Am I Blind?,11,1,12,pokemon,dialogue,,
0x01F1F8B7,"Uncover the secrets behind the
mysterious stone tablets!",56,1,57,pokemon,dialogue,,
0x01F1F9C6,an entirely new cave!,21,1,22,pokemon,dialogue,,
0x01F1FC3A,willing to share it with you.,29,1,30,pokemon,dialogue,,
0x01F1FD1F,assistance.,11,1,12,pokemon,other,,
0x01F1FD36,"This is the device you will need to
read the text on these tablets.",67,1,68,pokemon,dialogue,,
0x01F1FE92,for your efforts.,17,1,18,pokemon,dialogue,,
0x01F1FF2E,for a reward.,13,1,14,pokemon,other,,
0x01F2009A,"You have my apologies, and once
more, my thanks.",48,1,49,pokemon,dialogue,,
0x01F201D4,Until we meet again!,20,1,21,pokemon,dialogue,,
0x01F20247,"This tablet was found on 2F after
hopping across some rocks close to
the uppermost wall of the cavern.",102,1,103,pokemon,description,,
0x01F202AE,"This tablet was found on B1F close
to the ladder out to Route 6, and
beneath the waterfall.",91,1,92,pokemon,description,,
0x01F2030A,"This tablet was found on 1F after
using Rock Climb in the upper west
most part of the cavern.",93,1,94,pokemon,description,,
0x01F20368,"This tablet was found in the
section of 3F with the electric
barrier.",69,1,70,pokemon,description,,
0x01F203AE,"This tablet was found on B3F near
the entrance to the ruins.",60,1,61,pokemon,description,,
0x01F203EB,"This tablet was found in the large
room on 1F after hiding the red,
yellow, and blue crystals.",94,1,95,pokemon,description,,
0x01F2044A,"This tablet was found on B1F in the
magma chamber accessed from the
west ladder on 1F.",86,1,87,pokemon,description,,
0x01F204A1,"This tablet was found after using
Rock Climb to access a dive spot
at the Ruins of Void.",88,1,89,pokemon,description,,
0x01F20504,Seyyyy!,7,1,8,pokemon,dialogue,,
0x01F20756,t do anything himself.,22,1,23,pokemon,other,,
0x01F20772,"s that?
Log gave you something for me?",38,1,39,pokemon,dialogue,,
0x01F2083E,t he?,5,1,6,pokemon,dialogue,,
0x01F208C0,"ve gotten any
better since last time!",37,1,38,pokemon,dialogue,,
0x01F209B8,ve started much sooner.,23,1,24,pokemon,other,,
0x01F20A92,"I guess as thanks for getting this
to me, you can have these.",61,1,62,pokemon,dialogue,,
0x01F20CDE,I promise you that!,19,1,20,pokemon,dialogue,,
0x01F20F00,I promise you that!,19,1,20,pokemon,dialogue,,
0x01F20F14,getting poisoned,16,1,17,pokemon,other,,
0x01F20F34,"Prepare to face the unbeatable
power of my shorts!",50,1,51,pokemon,dialogue,,
0x01F20F67,"My shorts!
They failed me!",26,1,27,pokemon,dialogue,,
0x01F20F82,"It would have been smarter to wear
pants in this cave.",54,1,55,pokemon,description,,
0x01F20FD0,mon!,4,1,5,pokemon,dialogue,,
0x01F20FDC,mon will always remain cute!,28,1,29,pokemon,dialogue,,
0x01F20FFE,m going to catch even more cuties!,34,1,35,pokemon,dialogue,,
0x01F21024,"s so cold in this cave!
My toes are freezing! Hiyah!",52,1,53,pokemon,dialogue,,
0x01F21059,"If my toes were warmer, I would
have crushed you!",49,1,50,pokemon,dialogue,,
0x01F210F0,muscles.,8,1,9,pokemon,other,,
0x01F210F9,Do you know about Thick Fat?,28,1,29,pokemon,dialogue,,
0x01F21116,I bet you do!,13,1,14,pokemon,dialogue,,
0x01F21183,-type moves.,12,1,13,pokemon,other,,
0x01F211D1,mon!,4,1,5,pokemon,dialogue,,
0x01F211D6,"Top one percent, top two percent,
who really cares?",51,1,52,pokemon,dialogue,,
0x01F21234,s friendship!,13,1,14,pokemon,dialogue,,
0x01F21242,"I used to be a Bird Keeper, but
then I wanted a change of scenery.",66,1,67,pokemon,dialogue,,
0x01F212F6,"s location is what inspired
me to become a Skier.",49,1,50,pokemon,description,,
0x01F21328,"Hey, who are you?
This meeting is for Skiers only!",50,1,51,pokemon,dialogue,,
0x01F2135B,I lost my balance!,18,1,19,pokemon,dialogue,,
0x01F213A2,s meeting?,10,1,11,pokemon,dialogue,,
0x01F213E1,ll beat you for that!,21,1,22,pokemon,dialogue,,
0x01F213F7,So rude!,8,1,9,pokemon,dialogue,,
0x01F2141C,re too mean.,12,1,13,pokemon,other,,
0x01F21464,"m not easy to
beat!",19,1,20,pokemon,dialogue,,
0x01F21478,"Incredible power, wiping out Glalie
like that.",46,1,47,pokemon,description,,
0x01F21519,Then at least take this!,24,1,25,pokemon,dialogue,,
0x01F21568,"They always stick to the bottoms of
our skis!",45,1,46,pokemon,dialogue,,
0x01F2159A,"d you find our secret
training spot?",36,1,37,pokemon,dialogue,,
0x01F215DB,re an explorer!,15,1,16,pokemon,dialogue,,
0x01F21623,This one is quite cold.,23,1,24,pokemon,other,,
0x01F21669,s training?,11,1,12,pokemon,dialogue,,
0x01F21675,"A woman needs special time with
her man to train!",49,1,50,pokemon,dialogue,,
0x01F216AD,"My training was ruined, thanks
to you.",38,7,45,pokemon,dialogue,,
0x01F216F0,"THE PLATE
IS THE KEY.",21,1,22,pokemon,other,,
0x01F21706,Translate the text?,19,1,20,pokemon,dialogue,,
0x01F21780,"mon make
it their home.",23,1,24,pokemon,other,,
0x01F21814,"Would you care to help by giving
me a jump start?",49,1,50,pokemon,dialogue,,
0x01F2187A,"For that, you have my gratitude.",32,1,33,pokemon,dialogue,,
0x01F218AD,"Till another predicament brings us
together again, I bid you adieu.",67,1,68,pokemon,dialogue,,
0x01F21996,"mon,
the king shall appear.",27,1,28,pokemon,other,,
0x01F219B6,Zut zutt!,9,1,10,pokemon,dialogue,,
0x01F219C3,Regigigas crumbled to dust.,27,2,29,pokemon,other,,
0x01F21A3C,Cube,4,1,5,pokemon,other,,
0x01F21A73, for easy use.,14,1,15,pokemon,other,,
0x01F21B0B,mon Day Care.,13,1,14,pokemon,other,,
0x01F21B19,What would you like to do?,26,1,27,pokemon,dialogue,,
0x01F21B3D,"mon have been healed to
perfect health.",39,1,40,pokemon,description,,
0x01F21B69,mon Storage,11,1,12,pokemon,other,,
0x01F21C0F,Put this item in the Cube?,26,1,27,pokemon,dialogue,,
0x01F21C2A,The Cube is full.,17,1,18,pokemon,other,,
0x01F21C3C,Placed item in the Cube.,24,1,25,pokemon,other,,
0x01F21C78,Wallet,6,2,8,pokemon,other,,
0x01F21C7F, KBT Expressway,15,1,16,pokemon,other,,
0x01F21D26,Best of luck on yer quest!,26,1,27,pokemon,dialogue,,
0x01F21F00,"re
free to keep what you dig up!",32,1,33,pokemon,dialogue,,
0x01F21F6B,"re
free to keep what you dig up!",32,1,33,pokemon,dialogue,,
0x01F22069,score big!,10,1,11,pokemon,dialogue,,
0x01F22074,"Okay, just face the wall to get
started!",40,1,41,pokemon,dialogue,,
0x01F2217D,where to find me.,17,1,18,pokemon,other,,
0x01F221CD,find me.,8,1,9,pokemon,other,,
0x01F221D6,"If you ever want to give mining
a go, you know where to find me.",64,1,65,pokemon,dialogue,,
0x01F22272,"m not a saint, you know!",24,1,25,pokemon,dialogue,,
0x01F22389,What could have happened to them?,33,1,34,pokemon,dialogue,,
0x01F22422,Because why would we get a day off?,35,1,36,pokemon,dialogue,,
0x01F224CC,get there.,10,1,11,pokemon,other,,
0x01F22534,re going on strike!,19,1,20,pokemon,dialogue,,
0x01F22605,Would you like that?,20,1,21,pokemon,dialogue,,
0x01F2262C,"Solosis, Duosion, Alakazam!",27,1,28,pokemon,dialogue,,
0x01F226C0,Expressway walls!,17,1,18,pokemon,dialogue,,
0x01F22742,t happen again!,15,1,16,pokemon,dialogue,,
0x01F22779,re done protesting!,19,1,20,pokemon,dialogue,,
0x01F227D9,s meaningless!,14,1,15,pokemon,dialogue,,
0x01F2280C,That means our protest is working.,34,1,35,pokemon,description,,
0x01F2285B,"Scram, kid!",11,1,12,pokemon,dialogue,,
0x01F228A9,The ADM broke through the rubble!,33,1,34,pokemon,dialogue,,
0x01F228CB,"This wall looks weak!
Could something dig through it?",53,1,54,pokemon,dialogue,,
0x01F2296E,"This Gem Family member is
disappointed.",39,1,40,pokemon,description,,
0x01F2316A,s Lab,5,1,6,pokemon,other,,
0x01F231C0,"mon in West Borrius and report
back to Prof. Log.",49,1,50,pokemon,description,,
0x01F23245,mon you can!,12,1,13,pokemon,dialogue,,
0x01F23294,"She is likely very worried
about you.",37,1,38,pokemon,dialogue,,
0x01F232FA,"I need it, and only you can get it.",35,1,36,pokemon,dialogue,,
0x01F23324,"!
You returned with my package!",31,1,32,pokemon,dialogue,,
0x01F23349, delivered the parcel.,22,1,23,pokemon,other,,
0x01F2370E," should aid you
immensely!",26,1,27,pokemon,dialogue,,
0x01F23732,"s take a look at the
Town Map, shall we?",40,1,41,pokemon,dialogue,,
0x01F23789,"That marker will automatically move
when you have a new destination.",68,1,69,pokemon,dialogue,,
0x01F2392A,"mon that only appear in East
Borrius are conspicuously left out.",64,1,65,pokemon,description,,
0x01F239C0,Ho ho ho!,9,1,10,pokemon,dialogue,,
0x01F23A75,mon you are looking for.,24,1,25,pokemon,dialogue,,
0x01F23B06,dex.,4,1,5,pokemon,other,,
0x01F23B95,d be willing to assist.,23,1,24,pokemon,other,,
0x01F23BE0,m counting on you.,18,1,19,pokemon,dialogue,,
0x01F23C9E, to go quickly.,15,1,16,pokemon,other,,
0x01F23D44,"You must now retrieve Articuno and
Moltres from the Shadows.",60,1,61,pokemon,dialogue,,
0x01F23DCC,"You need to find Jax and help him
seal away the power once more!",64,1,65,pokemon,dialogue,,
0x01F23F01,"How goes the hunt for the
mysterious portals?",45,1,46,pokemon,dialogue,,
0x01F23FD3,space in your party for it.,27,1,28,pokemon,dialogue,,
0x01F240C2,to you.,7,1,8,pokemon,dialogue,,
0x01F24138,"ve
done that!",13,1,14,pokemon,dialogue,,
0x01F24227,mon.,4,1,5,pokemon,other,,
0x01F24298,like that one yet!,18,1,19,pokemon,dialogue,,
0x01F24346,Go see her!,11,1,12,pokemon,dialogue,,
0x01F24438,worst.,6,1,7,pokemon,other,,
0x01F244FF,"d like to see them on
the summary screen now?",45,1,46,pokemon,dialogue,,
0x01F2455A,"mon
you catch!",14,1,15,pokemon,dialogue,,
0x01F24748,"Would you like to hide these rankings
until you become Champion?",64,1,65,pokemon,dialogue,,
0x01F24853,d like!,7,1,8,pokemon,dialogue,,
0x01F24868,You want this device for yourself?,34,1,35,pokemon,dialogue,,
0x01F248AF,"You have been a huge asset to
Prof. Log, after all!",51,1,52,pokemon,dialogue,,
0x01F24A07,"If you can do that, I will let you
have this device.",52,1,53,pokemon,dialogue,,
0x01F24BDB,"Now that you found it, hand back
your Stat Scanner for a moment.",64,1,65,pokemon,dialogue,,
0x01F24CB6,"Please, take these as my thanks!",32,1,33,pokemon,dialogue,,
0x01F24CDC," handed over the Notebook
and the Stat Scanner.",47,1,48,pokemon,description,,
0x01F24D11, handed over the Notebook.,26,1,27,pokemon,other,,
0x01F24D2C,"Okay! The upgrades are all done!
Please take back your Stat Scanner.",68,1,69,pokemon,dialogue,,
0x01F24D76, took back the Stat Scanner.,28,1,29,pokemon,other,,
0x01F24FEC," handed over the
Stat Scanner.",30,1,31,pokemon,other,,
0x01F2514F,mon new attacks.,16,1,17,pokemon,other,,
0x01F2518D,s stats any time.,17,1,18,pokemon,other,,
0x01F2536D,"So just go out and enjoy using
whatever you catch!",50,1,51,pokemon,dialogue,,
0x01F25425,mon.,4,1,5,pokemon,other,,
0x01F25469,ll see more in due time.,24,1,25,pokemon,other,,
0x01F254E2,ll find more.,13,1,14,pokemon,other,,
0x01F25549,mon!,4,1,5,pokemon,dialogue,,
0x01F25578,mon in West Borrius!,20,1,21,pokemon,dialogue,,
0x01F255E4,Keep up the diligent work!,26,1,27,pokemon,dialogue,,
0x01F25636,Congratulations!,16,1,17,pokemon,dialogue,,
0x01F25689,"You are truly a magnificent
Trainer!",36,1,37,pokemon,dialogue,,
0x01F256D4,"I have a reward for all your
hard work!",39,1,40,pokemon,dialogue,,
0x01F256FC,Lost Tunnel,11,1,12,pokemon,location,,
0x01F25708,"A dark and winding tunnel recently
discovered by a lost Hiker.
It connects to the KBT Expressway.",97,1,98,pokemon,description,,
0x01F2587A,"Bah! Very well - take this with you,
but you shall have nothing else!",69,1,70,pokemon,dialogue,,
0x01F2593B,"If I must regularly appease you,
surface-dweller, return tomorrow!",66,1,67,pokemon,dialogue,,
0x01F25980,Magnolia Fields,15,1,16,pokemon,location,,
0x01F25A3F,"ll
it be?",9,1,10,pokemon,dialogue,,
0x01F25A66," like
a Mudsdale!",17,1,18,pokemon,dialogue,,
0x01F25ABE,"Please bless this land, so our
fields may yield crops once again!",65,1,66,pokemon,dialogue,,
0x01F25B73,"If only it would bless our land,
as well.",41,1,42,pokemon,description,,
0x01F25BC2,"mon that
destroyed our crops!",29,1,30,pokemon,dialogue,,
0x01F25BE3,Tornadus and Thundurus flew off!,32,1,33,pokemon,dialogue,,
0x01F25C5A," be afraid
of your presence?",28,1,29,pokemon,dialogue,,
0x01F25CF8,He has returned to bless our crops!,35,1,36,pokemon,dialogue,,
0x01F25D43," when will it return to bless
our fields?",41,1,42,pokemon,dialogue,,
0x01F25E32,This is the thanks you deserve.,31,1,32,pokemon,dialogue,,
0x01F25EA0,"Take good care of them, Trainer.",32,1,33,pokemon,description,,
0x01F25ED7,Whhhwhhhwhhh!,13,1,14,pokemon,dialogue,,
0x01F25EE8,Krrrkrrrkrrak!,14,1,15,pokemon,dialogue,,
0x01F25EFA,"Summoning the power of the land,
Landorus grew to an enormous size!",67,1,68,pokemon,dialogue,,
0x01F25FD8,I gotta take a pitcher!,23,1,24,pokemon,dialogue,,
0x01F2608B, pitchers!,10,1,11,pokemon,dialogue,,
0x01F26096,The Most Dangerous Game,23,1,24,pokemon,other,,
0x01F260B2,"mon are the most dangerous
of beasts. Tame them by setting a
record of 25 in the Safari Zone.",93,1,94,pokemon,dialogue,,
0x01F26226,these creatures?,16,1,17,pokemon,dialogue,,
0x01F2627C,in one game.,12,1,13,pokemon,other,,
0x01F26289,"I am sure there is someone out
there who can tame these beasts.",63,1,64,pokemon,dialogue,,
0x01F26300,"You can play a round of the Safari
Game east of Polder Town.",60,1,61,pokemon,dialogue,,
0x01F263D0,dangerous game.,15,1,16,pokemon,other,,
0x01F2647D,found in the Safari Zone.,25,1,26,pokemon,dialogue,,
0x01F264DD,to hunt.,8,1,9,pokemon,other,,
0x01F26522,Why doncha take a look see?,27,1,28,pokemon,dialogue,,
0x01F26575,s hair!,7,1,8,pokemon,dialogue,,
0x01F2660E,"She just comes and goes whenever
she pleases.",45,1,46,pokemon,description,,
0x01F26652,"t moved one inch since I
began my Qwilfish challenge!",53,1,54,pokemon,dialogue,,
0x01F2668B,"s thanks to the Qwilfish
challenge I was able to fight at all!",62,1,63,pokemon,dialogue,,
0x01F26753,find any.,9,1,10,pokemon,other,,
0x01F267CC,"m gonna
take it out on you!",27,1,28,pokemon,dialogue,,
0x01F267F4,"t been fields here
in years!",28,1,29,pokemon,dialogue,,
0x01F26855,"The fields have been dried up,
ever since.",42,1,43,pokemon,description,,
0x01F268C1,"Here, let me show you!",22,1,23,pokemon,dialogue,,
0x01F26985,"ve never seen
a difference in battle.",37,1,38,pokemon,description,,
0x01F269B4,"Or the Jellicent around here will
shock you!",44,1,45,pokemon,dialogue,,
0x01F269FC,"t
naturally learn Electric moves?",33,1,34,pokemon,dialogue,,
0x01F26A4D,"Was that sensation not caused by
Jellicent?",43,1,44,pokemon,dialogue,,
0x01F26AAE,mon pop out!,12,1,13,pokemon,dialogue,,
0x01F26B1A,Village!,8,2,10,pokemon,dialogue,,
0x01F26B52,Butterfly Effect,16,1,17,pokemon,location,,
0x01F26B63,"Scour both West and East Borrius to
find the Vivillon hidden about.",67,1,68,pokemon,description,,
0x01F26C02,"Would you like to hear about
my dream?",38,1,39,pokemon,dialogue,,
0x01F26E91,"like myself, you may wish to.",29,1,30,pokemon,dialogue,,
0x01F26F01,"When you have captured or defeated
all of them in battle, return here.",70,1,71,pokemon,dialogue,,
0x01F270E2,and Fancy.,10,1,11,pokemon,other,,
0x01F2711A,"Please, take this one final
Vivillon as a gift from me.",55,1,56,pokemon,description,,
0x01F27188,"The gift I would like to give you
needs an open space in your party.",68,1,69,pokemon,dialogue,,
0x01F27214,Vivllll!,8,1,9,pokemon,dialogue,,
0x01F27220,"The Vivillon returned to its
Trainer in Magnolia Town.",54,1,55,pokemon,description,,
0x01F27257,Meadow,6,1,7,pokemon,other,,
0x01F2725E,"This Vivillon was found in the
western blue flowers.",52,1,53,pokemon,description,,
0x01F27293,Archipelago,11,1,12,pokemon,other,,
0x01F2729F,"This Vivillon was found on the sand
close to Route 3.",53,1,54,pokemon,description,,
0x01F272E1,"This Vivillon was found in the tall
grass near the Youngster.",61,1,62,pokemon,dialogue,,
0x01F2731F,Elegant,7,1,8,pokemon,other,,
0x01F27327,"This Vivillon was found between
some trees near a log floating in
the water.",76,1,77,pokemon,description,,
0x01F27374,Garden,6,1,7,pokemon,other,,
0x01F2737B,"This Vivillon was found near the
puddle in the centre of the route.",67,1,68,pokemon,description,,
0x01F273BF,High Plains,11,1,12,pokemon,location,,
0x01F273CB,"This Vivillon was found next to
the river leading to the Auburn
Waterway.",73,1,74,pokemon,description,,
0x01F27415,Icy Snow,8,1,9,pokemon,location,,
0x01F2741E,"This Vivillon was found on a ledge
accessed with Rock Climb.",60,1,61,pokemon,description,,
0x01F2745B,Jungle,6,1,7,pokemon,other,,
0x01F27462,"This Vivillon was found on the
northwest side of the bog, near
the gate to Magnolia Town.",89,1,90,pokemon,description,,
0x01F274BC,Marine,6,1,7,pokemon,other,,
0x01F274C3,"This Vivillon was found on the
beach near the Black Belt.",57,1,58,pokemon,description,,
0x01F27504,"This Vivillon was found on the
beach south of the city.",55,1,56,pokemon,description,,
0x01F2753C,Monsoon,7,1,8,pokemon,other,,
0x01F27544,"This Vivillon was found in the
middle of the route after hopping
a ledge and using Rock Climb.",94,1,95,pokemon,description,,
0x01F275A9,"This Vivillon was found on the
rocky island accessed with Rock
Climb.",69,1,70,pokemon,description,,
0x01F275F5,"This Vivillon was found just above
the ice on the open road after
using Rock Climb.",83,1,84,pokemon,description,,
0x01F27649,River,5,1,6,pokemon,other,,
0x01F2764F,"This Vivillon was found nestled in
some trees on the north end of the
river.",76,1,77,pokemon,description,,
0x01F2769C,Sandstorm,9,1,10,pokemon,other,,
0x01F276A6,"This Vivillon was found on top of
the southern canyon accessed with
Rock Climb.",79,1,80,pokemon,description,,
0x01F276F6,Savanna,7,1,8,pokemon,other,,
0x01F276FE,"This Vivillon was found hiding at
the end of a narrow pathway on the
southeastern side of the route.",100,1,101,pokemon,description,,
0x01F27767,"This Vivillon was found on top of
the northeastern canyon accessed
with Rock Climb.",83,1,84,pokemon,description,,
0x01F277C2,"This Vivillon was found next to a
rock in an area about halfway up
the route accessed with Rock Climb.",102,1,103,pokemon,description,,
0x01F2782F,"This Vivillon was found next to the
eastern house.",50,1,51,pokemon,description,,
0x01F27869,"mon is so awesome!
Here, take a look!",37,1,38,pokemon,dialogue,,
0x01F278CE,dex as much as you want!,24,1,25,pokemon,dialogue,,
0x01F2797A," you
would like me to style?",28,1,29,pokemon,dialogue,,
0x01F27997,"Of ze following styles, which would
you like?",45,1,46,pokemon,dialogue,,
0x01F279E5,"You are a very lucky Trainer to
have a Furfrou such as zis.",59,1,60,pokemon,dialogue,,
0x01F27A21,"Non, non, my services are not
needed.",37,1,38,pokemon,dialogue,,
0x01F27A47,"Non, non, you do not have enough
money for me.",46,1,47,pokemon,dialogue,,
0x01F27A76,"Non, non, I cannot style an Egg!",32,1,33,pokemon,dialogue,,
0x01F27AC3, to you?,8,1,9,pokemon,dialogue,,
0x01F27ACC,"Non, non, your Furfrou already has
zat style!",45,1,46,pokemon,dialogue,,
0x01F27AFA,Natural,7,1,8,pokemon,other,,
0x01F27B08,Diamond,7,1,8,pokemon,other,,
0x01F27B15,Pharaoh,7,1,8,pokemon,other,,
0x01F27B2D,Matron,6,1,7,pokemon,other,,
0x01F27B3A,Debutante,9,1,10,pokemon,other,,
0x01F27BBF,mon with some.,14,1,15,pokemon,other,,
0x01F27BCE,"Alright!
Let me get started.",28,1,29,pokemon,dialogue,,
0x01F27C1A,"mon
more friendly to you.",25,1,26,pokemon,dialogue,,
0x01F27C64,Please come back again another day!,35,1,36,pokemon,dialogue,,
0x01F27C99,"t be here all day, so come
back quick if you change your mind.",62,1,63,pokemon,dialogue,,
0x01F27CD8,"Massage the Egg?
It may be a bit too early for that.",52,1,53,pokemon,dialogue,,
0x01F27D6A,"Here, take one.",15,1,16,pokemon,location,,
0x01F27DD7,"If you free up a space in your
party, you should come get one.",62,1,63,pokemon,dialogue,,
0x01F27ED3,"Come on by again, will you?",27,1,28,pokemon,dialogue,,
0x01F27FA7,"Come on by again, will you?",27,1,28,pokemon,dialogue,,
0x01F28001,"Come on by again, will you?",27,1,28,pokemon,dialogue,,
0x01F2808E,"Come on by again, will you?",27,1,28,pokemon,dialogue,,
0x01F280BA,"t have enough
space in your party for an Egg.",45,1,46,pokemon,dialogue,,
0x01F28148,"ve gotta live in the
moment, you know?",38,1,39,pokemon,dialogue,,
0x01F2817A,"A patron of the Magnolia Cafe has
lost his handkerchief! Return it to
him on Friday morning.",92,1,93,pokemon,dialogue,,
0x01F28215,"Do you feel the same about your
handkerchief?",45,1,46,pokemon,dialogue,,
0x01F282C4,"Please, as my thanks, I want you to
graciously accept this gift.",64,1,65,pokemon,dialogue,,
0x01F28339,Best return it to its proper owner!,35,1,36,pokemon,dialogue,,
0x01F28378,"mon
here straight from the ranch.",33,1,34,pokemon,description,,
0x01F283B0,mon.,4,1,5,pokemon,other,,
0x01F283F5,little fun.,11,1,12,pokemon,other,,
0x01F28417,"What does that even mean?
Battle me and find out!",49,1,50,pokemon,dialogue,,
0x01F28451,ll tell you now!,16,1,17,pokemon,dialogue,,
0x01F28487,My word is law!,15,1,16,pokemon,dialogue,,
0x01F284C8," as much as we
can just for the battles!",40,1,41,pokemon,dialogue,,
0x01F284F9,"t want to lose, but the
battle was worth it!",44,1,45,pokemon,dialogue,,
0x01F28532,"m here, we should have
another go at our battle!",48,1,49,pokemon,dialogue,,
0x01F28897,"s hidden potential, too.",24,1,25,pokemon,other,,
0x01F28945,"But I prefer to only use Blastoise
when absolutely necessary.",61,1,62,pokemon,dialogue,,
0x01F28A2E,about my name!,14,1,15,pokemon,dialogue,,
0x01F28B28,Yeah!,5,1,6,pokemon,dialogue,,
0x01F28B6F,"Because of your bravery, you
deserve something special.",55,1,56,pokemon,dialogue,,
0x01F28C48,mon and me.,11,1,12,pokemon,other,,
0x01F28D6D,strengthen your bond with it.,29,1,30,pokemon,dialogue,,
0x01F28DE8,a good pick.,12,1,13,pokemon,other,,
0x01F29144,"Well, I suppose you have better
things to do with your evening.",63,1,64,pokemon,dialogue,,
0x01F291E9,s no shame in saying so.,24,1,25,pokemon,other,,
0x01F294C9,"s why I almost always grab an
ice-coffee when I can.",52,1,53,pokemon,dialogue,,
0x01F297FC,", which
is pretty sweet deal, doncha think?",43,1,44,pokemon,dialogue,,
0x01F29831,"s it always so hard to get
the last piece I need around here?",61,1,62,pokemon,dialogue,,
0x01F298C3," else that comes close
to the final part I need.",48,1,49,pokemon,dialogue,,
0x01F298FC,"re such a lifesaver,
seriously!",31,1,32,pokemon,dialogue,,
0x01F29975,"I wanna FEEL it juice me up, gimme
the jolt to finish what I start.",67,1,68,pokemon,dialogue,,
0x01F29D99, it fer that.,13,1,14,pokemon,other,,
0x01F29DF6,"mon, at the right time.",23,1,24,pokemon,other,,
0x01F29E4A,", sugah.",8,1,9,pokemon,other,,
0x01F2A2B2,"Take it, and leave me to my
solitude, surface dweller.",54,1,55,pokemon,dialogue,,
0x01F2A3F8,"This I swear, on behalf of all
mole people!",43,1,44,pokemon,dialogue,,
0x01F2A8F0,"ve got a present, for our
unexpected guest!",43,1,44,pokemon,dialogue,,
0x01F2A963,"Pixie power will send your enemies
flying!",42,1,43,pokemon,dialogue,,
0x01F2AA9F,m not old enough yet.,21,1,22,pokemon,other,,
0x01F2ABF5,s this!,7,1,8,pokemon,dialogue,,
0x01F2ACC4,"t have those where
that fake Dragon comes from.",47,1,48,pokemon,description,,
0x01F2ADFD," is NOT a comfortable thing to
do to a Goomy.",45,1,46,pokemon,dialogue,,
0x01F2AEDD,"Pikachu seems to be holding
some clothes.",41,1,42,pokemon,description,,
0x01F2AF0D,"s outfit is now available
in the Costume Box!",45,1,46,pokemon,dialogue,,
0x01F2B0D5,"m rambling - was there
something else you wanted from me?",57,1,58,pokemon,dialogue,,
0x01F2B194,"re willing, would you care to
be my opponent?",45,1,46,pokemon,dialogue,,
0x01F2B2CC,t be any letup from me!,23,1,24,pokemon,dialogue,,
0x01F2B32E,You are a really great Trainer!,31,1,32,pokemon,dialogue,,
0x01F2B447,again sometime.,15,1,16,pokemon,other,,
0x01F2B4E1,re ready.,9,1,10,pokemon,other,,
0x01F2B5BC,"re sure to find it cheaper
here than anywhere else!",51,1,52,pokemon,dialogue,,
0x01F2B6CB,"here, too.",10,1,11,pokemon,other,,
0x01F2B733,t be known as well!,19,1,20,pokemon,dialogue,,
0x01F2B7B0,Moooooo!,8,1,9,pokemon,dialogue,,
0x01F2B7E1,"Hi!
This way, pleeeease!",24,1,25,pokemon,dialogue,,
0x01F2B83A,s challenger is--this person!,29,1,30,pokemon,dialogue,,
0x01F2B8D7, a question!,12,1,13,pokemon,dialogue,,
0x01F2B8E7,Good luck!,10,1,11,pokemon,dialogue,,
0x01F2B8F5,A question!,11,1,12,pokemon,dialogue,,
0x01F2B929,Can the challenger answer this?,31,1,32,pokemon,dialogue,,
0x01F2B94C,H-i-n-t! H-i-n-t!,17,1,18,pokemon,dialogue,,
0x01F2B961,"Oh-oh. The audience
is asking for a hint!",41,1,42,pokemon,dialogue,,
0x01F2B996,ll give you a hint!,19,1,20,pokemon,dialogue,,
0x01F2B9AD,"Ha ha, this is a good hint!
Challenger, please answer!",54,1,55,pokemon,dialogue,,
0x01F2B9E7,"Woo-hoo!
This is c-o-r-r-e-c-t!",31,1,32,pokemon,dialogue,,
0x01F2BA0A,"You go! Yeah, you do!",21,1,22,pokemon,dialogue,,
0x01F2BA23,Yeah! Yeah! Good hustle!,24,1,25,pokemon,dialogue,,
0x01F2BA6A,s a Big Nugget!,15,1,16,pokemon,dialogue,,
0x01F2BAA1,"cause you are
wrong!",20,1,21,pokemon,dialogue,,
0x01F2BACA,"Good hustle!
Gustle! Gustle!",28,1,29,pokemon,dialogue,,
0x01F2BB1E,s a Tiny Mushroom!,18,1,19,pokemon,dialogue,,
0x01F2BB6D,See ya tomorrow!,16,1,17,pokemon,dialogue,,
0x01F2BBAF,Gussssssssstle!,15,1,16,pokemon,dialogue,,
0x01F2BBDB,mon battle called?,18,1,19,pokemon,dialogue,,
0x01F2BC25,mon?,4,1,5,pokemon,dialogue,,
0x01F2BC3F,"mon is the most
common?",23,1,24,pokemon,dialogue,,
0x01F2BC95,underground?,12,1,13,pokemon,dialogue,,
0x01F2BCA5,"What was the original wing colour
of a Shiny Charizard?",55,1,56,pokemon,dialogue,,
0x01F2BCE0,"What colour are the bridges on
Route 8?",39,1,40,pokemon,dialogue,,
0x01F2BD30, stand for?,11,1,12,pokemon,dialogue,,
0x01F2BD3F,"The famous ruins in West Borrius
are known as the Ruins of what?",64,1,65,pokemon,dialogue,,
0x01F2BD83,"Who are the mysterious creatures
that inhabit our world?",56,1,57,pokemon,dialogue,,
0x01F2BE03,"s
Single!",9,1,10,pokemon,dialogue,,
0x01F2BE19,s not a Rock- or Ground-type!,29,1,30,pokemon,dialogue,,
0x01F2BE3A,"Hint!
There is too much of it!",30,1,31,pokemon,dialogue,,
0x01F2BE5C,"Hint!
Its body is hard like diamonds!",37,1,38,pokemon,dialogue,,
0x01F2BE8E,s not Red!,10,1,11,pokemon,dialogue,,
0x01F2BEA7,re not white!,13,1,14,pokemon,dialogue,,
0x01F2BEC1,s a long word!,14,1,15,pokemon,dialogue,,
0x01F2BF11,mon!,4,1,5,pokemon,dialogue,,
0x01F2BF49,carbink,7,1,8,pokemon,other,,
0x01F2BFF3,500.,4,1,5,pokemon,other,,
0x01F2C00D,n enjoy!,8,1,9,pokemon,dialogue,,
0x01F2C026,500!,4,1,5,pokemon,dialogue,,
0x01F2C03B,6000!,5,1,6,pokemon,dialogue,,
0x01F2C049,"t want it?
Come again, hear?",28,1,29,pokemon,dialogue,,
0x01F2C0A0,1 Bottle,8,1,9,pokemon,other,,
0x01F2C0A9,1 Dozen,7,1,8,pokemon,other,,
0x01F2C0B1,"An unfamiliar face!
This is a gift for such a person.",53,1,54,pokemon,dialogue,,
0x01F2C164,mon Trainer.,12,1,13,pokemon,other,,
0x01F2C208,"t you wish you had a Mudbray
capable of doing all that?",55,1,56,pokemon,dialogue,,
0x01F2C30C,The trash can is empty.,23,1,24,pokemon,other,,
0x01F2C3F3,Please choose three different kinds.,36,1,37,pokemon,description,,
0x01F2C440,Please choose a different one.,30,1,31,pokemon,other,,
0x01F2C484,Please choose a different Berry.,32,1,33,pokemon,description,,
0x01F2C4DE,", is that correct?",18,1,19,pokemon,dialogue,,
0x01F2C4FB,mon will the drink be for?,26,1,27,pokemon,dialogue,,
0x01F2C542,", is that correct?",18,1,19,pokemon,dialogue,,
0x01F2C565,"Please wait while I blend your
Berries.",39,1,40,pokemon,dialogue,,
0x01F2C58D,"All done!
Order up!",19,1,20,pokemon,dialogue,,
0x01F2C5A6," happily drank the
Berry blend.",31,1,32,pokemon,description,,
0x01F2C5C6,"Please, come again!",19,1,20,pokemon,dialogue,,
0x01F2C5F0,t have enough money.,20,1,21,pokemon,other,,
0x01F2C605,"Not interested?
Please, come again!",35,1,36,pokemon,dialogue,,
0x01F2C68E,mon.,4,1,5,pokemon,other,,
0x01F2C6C8,"Please, come again!",19,1,20,pokemon,dialogue,,
0x01F2C815,"re not paying me to stand here
and say this, I swear!",53,1,54,pokemon,dialogue,,
0x01F2C8EB,on occasion.,12,1,13,pokemon,other,,
0x01F2C945,"Instead, please accept this.",28,1,29,pokemon,other,,
0x01F2CA60, Cootes Bog.,12,1,13,pokemon,other,,
0x01F2CAAB,"All us farmers got a rotation to
stand guard in this gate.",58,1,59,pokemon,description,,
0x01F2CAEF,Prof. Log,9,1,10,pokemon,location,,
0x01F2CB1D,Scientist,9,1,10,pokemon,other,,
0x01F2CB27,Grunt,5,1,6,pokemon,other,,
0x01F2CB2D,Grunts,6,1,7,pokemon,other,,
0x01F2CB34,Grunt A,7,1,8,pokemon,location,,
0x01F2CB3C,Grunt B,7,1,8,pokemon,location,,
0x01F2CB5A,Light of Ruin,13,1,14,pokemon,location,,
0x01F2CB68,Light of Ruin Admin,19,1,20,pokemon,other,,
0x01F2CB7C,Light of Ruin Leader,20,1,21,pokemon,other,,
0x01F2CB98,s Journey,9,1,10,pokemon,other,,
0x01F2CBC1,How did you get in here?,24,1,25,pokemon,dialogue,,
0x01F2CC80," is unconscious, Hoopa.",23,1,24,pokemon,other,,
0x01F2CD61,to disobey me!,14,1,15,pokemon,dialogue,,
0x01F2CDA0, here?,6,1,7,pokemon,dialogue,,
0x01F2CEAD, NOW!,5,1,6,pokemon,dialogue,,
0x01F2CF23,"m under strict orders to keep you
locked up.",44,1,45,pokemon,dialogue,,
0x01F2CFD4,s find another way out of here.,31,1,32,pokemon,description,,
0x01F2D00E,"mon!
They could be our way out!",31,1,32,pokemon,dialogue,,
0x01F2D049,mon.,4,1,5,pokemon,other,,
0x01F2D064,"mon to break
out of here!",25,1,26,pokemon,dialogue,,
0x01F2D10C,re gonna feel my wrath!,23,1,24,pokemon,dialogue,,
0x01F2D135,"m under strict orders to keep you
locked up.",44,1,45,pokemon,dialogue,,
0x01F2D182, feel my wrath.,15,1,16,pokemon,dialogue,,
0x01F2D1CA,t regret it.,12,1,13,pokemon,other,,
0x01F2D26D,s a pretty dramatic entrance.,29,1,30,pokemon,other,,
0x01F2D2BE,"I just moved in, but I guess I
never stopped by to say hi.",58,1,59,pokemon,dialogue,,
0x01F2D48D,s move.,7,1,8,pokemon,other,,
0x01F2D4C5,"d better look for another way
out of here.",42,1,43,pokemon,description,,
0x01F2D54D,s go check it out.,18,1,19,pokemon,other,,
0x01F2D5B3,mon are gone.,13,1,14,pokemon,other,,
0x01F2D5C1,"The lock appears fragile.
Break it?",35,1,36,pokemon,dialogue,,
0x01F2D5E5,The cage door swung open!,25,1,26,pokemon,dialogue,,
0x01F2D6E4,mon.,4,1,5,pokemon,other,,
0x01F2D700,mon.,4,1,5,pokemon,other,,
0x01F2D766, nature.,8,1,9,pokemon,other,,
0x01F2D774,"ll take this one, then.",23,1,24,pokemon,other,,
0x01F2D7A3, left.,6,1,7,pokemon,other,,
0x01F2D7EC,ll force our way out of here!,29,1,30,pokemon,dialogue,,
0x01F2D81F,"m under strict orders to keep you
locked up.",44,1,45,pokemon,dialogue,,
0x01F2D885,"re gonna let us out, or get your
sorry butt handed to you.",58,1,59,pokemon,dialogue,,
0x01F2D8DD,"s nothing you can do to make
me let you through.",48,1,49,pokemon,dialogue,,
0x01F2D916,"s team up and show
this guy what we can do!",43,1,44,pokemon,dialogue,,
0x01F2D9F0,"s what you get for messing
with the Shadows!",44,1,45,pokemon,dialogue,,
0x01F2DA8C,mon to heal it from the fight.,30,1,31,pokemon,other,,
0x01F2DB32,"mon
to make it feel better.",27,1,28,pokemon,other,,
0x01F2DB5C,ll do it myself.,16,1,17,pokemon,dialogue,,
0x01F2DB78,mon!,4,1,5,pokemon,dialogue,,
0x01F2DB7D,"No!
My Inkay!",13,1,14,pokemon,dialogue,,
0x01F2DB8D,"!
Move in and strike!",21,1,22,pokemon,dialogue,,
0x01F2DC07,t hurt me anymore! Please!,26,1,27,pokemon,dialogue,,
0x01F2DC24,! Return!,9,1,10,pokemon,dialogue,,
0x01F2DCC3,mon.,4,1,5,pokemon,other,,
0x01F2DD73,"t tire yourself
out too much.",29,1,30,pokemon,dialogue,,
0x01F2DE3D,"t tire yourself
out too much.",29,1,30,pokemon,dialogue,,
0x01F2DEF5,"t tire yourself
out too much.",29,1,30,pokemon,dialogue,,
0x01F2DF13,Now burn it.,12,1,13,pokemon,location,,
0x01F2DF65,cold and extreme heat.,22,1,23,pokemon,other,,
0x01F2DF7C,"What about the immunity to
electricity?",39,1,40,pokemon,dialogue,,
0x01F2E00C,external research as well.,26,1,27,pokemon,other,,
0x01F2E027,"Very well.
This will do for now.",32,1,33,pokemon,description,,
0x01F2E12D,"today, we can begin the operation.",34,1,35,pokemon,description,,
0x01F2E196,"The trespassers we locked up
in the warehouse have escaped.",59,1,60,pokemon,description,,
0x01F2E1D2,"This grunt over here let them
get away.",39,1,40,pokemon,description,,
0x01F2E1FA,"How bad is it?
What did those two see?",38,1,39,pokemon,dialogue,,
0x01F2E395,"ll deal with that second one
who escaped at a later time.",57,1,58,pokemon,description,,
0x01F2E458,"ll head straight
for the target.",32,1,33,pokemon,description,,
0x01F2E479,"Then good luck, Marlon.",23,1,24,pokemon,other,,
0x01F2E4F4,"!
You finally made it out!",26,1,27,pokemon,dialogue,,
0x01F2E56C,"I just filled him in on what
happened.",38,1,39,pokemon,dialogue,,
0x01F2E6F4,Ho ho ho!,9,1,10,pokemon,dialogue,,
0x01F2E709,"ve been here a whole week,
and I was expecting one ASAP!",56,1,57,pokemon,dialogue,,
0x01F2E8CF,but you refuse to listen!,25,1,26,pokemon,dialogue,,
0x01F2E9CB,re about to!,12,1,13,pokemon,dialogue,,
0x01F2EA2A,Trainer does it!,16,1,17,pokemon,dialogue,,
0x01F2EA85,real Trainer does it!,21,1,22,pokemon,dialogue,,
0x01F2EAA3, I lost!?,9,1,10,pokemon,dialogue,,
0x01F2EAF5,"Very enthralling, if I do say so,
myself.",41,1,42,pokemon,dialogue,,
0x01F2EB80,mon.,4,1,5,pokemon,other,,
0x01F2EBFC,mon some day.,13,1,14,pokemon,other,,
0x01F2EC65,m outta here.,13,1,14,pokemon,other,,
0x01F2ECAD,"s gone, who will
run my errands for me?",39,1,40,pokemon,dialogue,,
0x01F2EED4,"But, just in case, this repellent will
make the journey easier for you.",71,1,72,pokemon,dialogue,,
0x01F2F000,mon his own region lacks.,25,1,26,pokemon,other,,
0x01F2F031,"dex
from Prof. Log!",19,1,20,pokemon,dialogue,,
0x01F2F11E,mon.,4,1,5,pokemon,other,,
0x01F2F22A,".
My studies are depending on you!",34,1,35,pokemon,dialogue,,
0x01F2F24D,You!,4,1,5,pokemon,dialogue,,
0x01F2F252,"Uh, I mean, excuse me.",22,1,23,pokemon,dialogue,,
0x01F2F293,"re telling me Prof. Log
sent you to get his package?",52,1,53,pokemon,dialogue,,
0x01F2F446,catch him before he gets too far!,33,1,34,pokemon,dialogue,,
0x01F2F468,"Did you receive the package
from the Mart?",42,1,43,pokemon,dialogue,,
0x01F2F493,"Yes, I did, sir.",16,1,17,pokemon,dialogue,,
0x01F2F4A4,Were you discreet in doing so?,30,1,31,pokemon,dialogue,,
0x01F2F551,"t
followed.",11,1,12,pokemon,other,,
0x01F2F5AA,when you joined us.,19,1,20,pokemon,dialogue,,
0x01F2F5BE,"It was a mechanical leg for my
mother, sir.",43,1,44,pokemon,dialogue,,
0x01F2F67A,as many limbs as your mother wants.,35,1,36,pokemon,dialogue,,
0x01F2F6DF,"Report back to Zeph and inform
him of my current status.",56,1,57,pokemon,dialogue,,
0x01F2F71B,"Cacnea, use Cut!",16,1,17,pokemon,dialogue,,
0x01F2F72F,Cac!,4,1,5,pokemon,dialogue,,
0x01F2F734,"No!
You need to recover the package!",36,1,37,pokemon,dialogue,,
0x01F2F7F4,"Descend to me, Articuno!",24,1,25,pokemon,dialogue,,
0x01F2F81E,Restrain it!,12,1,13,pokemon,dialogue,,
0x01F2F83D,"s time for you to
become ours.",30,1,31,pokemon,dialogue,,
0x01F2F879,Time to report back to Zeph.,28,1,29,pokemon,other,,
0x01F2F995,"t have you
pursuing us any further.",35,1,36,pokemon,dialogue,,
0x01F2FA62,Squeal!,7,1,8,pokemon,dialogue,,
0x01F2FAA8,ve taken what we needed from it.,32,1,33,pokemon,description,,
0x01F2FAD0,"d be smart not to follow
us again.",34,1,35,pokemon,description,,
0x01F2FB0E,s package!,10,1,11,pokemon,dialogue,,
0x01F2FB6F,ensuring Ivory obtains her target.,34,1,35,pokemon,description,,
0x01F2FC82,Do I make myself clear?,23,1,24,pokemon,dialogue,,
0x01F2FC9A,"Yes, sir!",9,1,10,pokemon,dialogue,,
0x01F2FCA4,Move out.,9,1,10,pokemon,location,,
0x01F2FDB4, history?,9,1,10,pokemon,dialogue,,
0x01F2FDFB,"I recorded a program from last night
that may help you fill in the gaps.",72,1,73,pokemon,dialogue,,
0x01F2FFFE,Grampa Arthur!,14,1,15,pokemon,dialogue,,
0x01F30012,"s wrong, Jax?",13,1,14,pokemon,dialogue,,
0x01F3013C,"Grampa, we have to stop those guys,
right?",42,1,43,pokemon,dialogue,,
0x01F301C7,"He needs to be informed of what
has transpired.",47,1,48,pokemon,description,,
0x01F301F7,"Right away, Grampa!",19,1,20,pokemon,dialogue,,
0x01F3022E,"What do you think should be done
about this, Arthur?",52,1,53,pokemon,dialogue,,
0x01F3036C,Moltres.,8,1,9,pokemon,other,,
0x01F30380,"That seems like a very reasonable
plan, Arthur.",47,1,48,pokemon,description,,
0x01F303D7,ll stop them and save Moltres!,30,1,31,pokemon,dialogue,,
0x01F304FC,Ho ho ho!,9,1,10,pokemon,dialogue,,
0x01F305DE, could lend.,12,1,13,pokemon,other,,
0x01F30780,my point.,9,1,10,pokemon,dialogue,,
0x01F307CA,ll need all the help we can get.,32,1,33,pokemon,description,,
0x01F3087B,"Yes, I think that will do it.",29,1,30,pokemon,dialogue,,
0x01F3091D,"Good luck, youngster.",21,1,22,pokemon,dialogue,,
0x01F30A5C," waiting to
discuss the next move.",34,1,35,pokemon,description,,
0x01F30AE8,"You must find Jax and seal it away
once more!",45,1,46,pokemon,dialogue,,
0x01F30B73,Your father would be proud.,27,1,28,pokemon,dialogue,,
0x01F30BEC,"m sure someone with your skill
could easily become the champion.",64,1,65,pokemon,dialogue,,
0x01F30E51,d like you to have this.,24,1,25,pokemon,dialogue,,
0x01F30F3D,"s grown rather fond
of both of them!",36,1,37,pokemon,dialogue,,
0x01F30FF1,your help.,10,1,11,pokemon,dialogue,,
0x01F31013,"d better get moving, then.",26,1,27,pokemon,other,,
0x01F310D1,"Descend to me, Moltres!",23,1,24,pokemon,dialogue,,
0x01F310E9,And now for the capture!,24,1,25,pokemon,dialogue,,
0x01F31118,Restrain it!,12,1,13,pokemon,dialogue,,
0x01F31166,s move out.,11,1,12,pokemon,other,,
0x01F3118F,"Return Moltres back to where
it belongs!",40,1,41,pokemon,dialogue,,
0x01F31216,"s good
for you.",15,1,16,pokemon,dialogue,,
0x01F31287,"ll
have to use force.",21,1,22,pokemon,other,,
0x01F3135A,"Ivory, wait!",12,1,13,pokemon,dialogue,,
0x01F313A1,"ll hold him off.
Just focus on the mission!",43,1,44,pokemon,dialogue,,
0x01F31579, decided to go with Jax!,24,1,25,pokemon,dialogue,,
0x01F3161E,"ll make sure to keep us both
healed up, too.",44,1,45,pokemon,description,,
0x01F3166A,s cut them off at the exit.,27,1,28,pokemon,other,,
0x01F316CC,party will be selected for battle.,34,1,35,pokemon,system,,
0x01F31734,escaping with Moltres!,22,1,23,pokemon,dialogue,,
0x01F31770,s the other way!,16,1,17,pokemon,dialogue,,
0x01F317C1,t stay too far behind!,22,1,23,pokemon,dialogue,,
0x01F317D8,Staravia! Use Aerial Ace!,25,1,26,pokemon,dialogue,,
0x01F317F5,Ravia!,6,1,7,pokemon,dialogue,,
0x01F317FF,Raptor!,7,1,8,pokemon,dialogue,,
0x01F31807,Duskull! Use Payback!,21,1,22,pokemon,dialogue,,
0x01F3181D,Cacnea! Use Feint Attack!,25,1,26,pokemon,dialogue,,
0x01F31877,"t let you escape from Cinder
Volcano with Moltres in hand!",58,1,59,pokemon,dialogue,,
0x01F31A48,"I need to return to base with
them now.",39,1,40,pokemon,dialogue,,
0x01F31ABE,"I can hold off this boy until
you escape with Moltres.",54,1,55,pokemon,dialogue,,
0x01F31B5B,through him and chase after Moltres!,36,1,37,pokemon,dialogue,,
0x01F31BF2,"But two of you trying to get
past makes no difference to me.",60,1,61,pokemon,dialogue,,
0x01F31C2F,"One of you grunts, give me a hand
over here!",44,1,45,pokemon,dialogue,,
0x01F31C61,"ll assist you in your battle,
Marlon, sir!",42,1,43,pokemon,dialogue,,
0x01F31CA6,"mon to
battle with.",19,1,20,pokemon,other,,
0x01F31CF1,"m sorry, Marlon, sir!",21,1,22,pokemon,dialogue,,
0x01F31D41,Ivory is long gone by now.,26,1,27,pokemon,other,,
0x01F31DCA,"So I advise both of you to do the
smart thing, and leave us alone.",66,1,67,pokemon,dialogue,,
0x01F31E11,s move.,7,1,8,pokemon,other,,
0x01F31ECE,"s house,
and tell him what happened.",36,1,37,pokemon,description,,
0x01F31F5C,"s imperative that it be rescued
before the Shadows can capture it.",66,1,67,pokemon,description,,
0x01F31FD2,ll head on out right away.,26,1,27,pokemon,other,,
0x01F320F5,"ll be willing to help
us find it before the Shadows do.",55,1,56,pokemon,description,,
0x01F3212D,"You got it, Grampa.",19,1,20,pokemon,dialogue,,
0x01F322E1,Badge is your utmost priority.,30,1,31,pokemon,dialogue,,
0x01F32388,"No sense in letting her worry,
after all.",41,1,42,pokemon,description,,
0x01F32431,Do you want me to do that?,26,1,27,pokemon,dialogue,,
0x01F32450,s head out right away.,22,1,23,pokemon,other,,
0x01F324A8,Woods and Cinder Volcano quicker.,33,1,34,pokemon,description,,
0x01F324E3,The target is on the move.,26,1,27,pokemon,other,,
0x01F32511,s move into position.,21,1,22,pokemon,other,,
0x01F32535, now!,5,1,6,pokemon,dialogue,,
0x01F3259A,"I am Zeph, the man lurking in the
Shadows behind this organization.",67,1,68,pokemon,dialogue,,
0x01F3274B,re not even trying.,19,1,20,pokemon,other,,
0x01F327B2, incentive.,11,1,12,pokemon,other,,
0x01F32826,"ll
only hurt all the more.",26,1,27,pokemon,other,,
0x01F328B1, in a simple battle?,20,1,21,pokemon,dialogue,,
0x01F328E0,My best skills lie elsewhere.,29,1,30,pokemon,dialogue,,
0x01F32950,show you the meaning of pain.,29,1,30,pokemon,dialogue,,
0x01F329F7, off.,5,1,6,pokemon,other,,
0x01F32A53,Time to suffer for your interference!,37,1,38,pokemon,dialogue,,
0x01F32B87,ll want to hear this.,21,1,22,pokemon,other,,
0x01F32D36,"A monster just appeared out of thin
air in the basement chamber!",64,1,65,pokemon,dialogue,,
0x01F32D96,"Stop whatever that monster is and
protect the Shadow Warriors!",62,1,63,pokemon,dialogue,,
0x01F32F46,"There is little chance he would ever
tell her.",46,1,47,pokemon,description,,
0x01F33324,"So, take this HM to help yerself
get to him.",44,1,45,pokemon,description,,
0x01F3369F,around the route.,17,1,18,pokemon,other,,
0x01F337F9,goons back at your hideout.,27,1,28,pokemon,dialogue,,
0x01F3388A,follow through on them.,23,1,24,pokemon,other,,
0x01F338F9,"mon will beat you to
a pulp!",28,1,29,pokemon,dialogue,,
0x01F3396B,Shhhhzzz!,9,1,10,pokemon,dialogue,,
0x01F33991,Return.,7,1,8,pokemon,other,,
0x01F33C8A,"ll prove it, right here,
right now!",35,1,36,pokemon,dialogue,,
0x01F33DF9,"ve got
important stuff to do.",29,1,30,pokemon,other,,
0x01F33EC2,ll head back down right away.,29,1,30,pokemon,other,,
0x01F33F29,"Please, come with me to
the KBT Expressway.",43,1,44,pokemon,description,,
0x01F33FD6,"Watch how I can use the move,
Rock Smash, to break the ice!",59,1,60,pokemon,dialogue,,
0x01F34012,"Gliscor!
Use Rock Smash!",24,1,25,pokemon,dialogue,,
0x01F3402B,"Gliscor!
Return!",16,1,17,pokemon,dialogue,,
0x01F3418A,ll see you again another time!,30,1,31,pokemon,dialogue,,
0x01F341AC,Staraptor! Use Aerial Ace!,26,1,27,pokemon,dialogue,,
0x01F34200,"t have time to deal with
you Shadows!",37,1,38,pokemon,dialogue,,
0x01F3429B,"Your silly attempts to play hero
are tiring.",44,1,45,pokemon,dialogue,,
0x01F342CB,Alakazam! Get rid of him!,25,1,26,pokemon,dialogue,,
0x01F34318,"Good work.
Return, Alakazam.",28,1,29,pokemon,other,,
0x01F3435E,d better get back to Route 9.,29,1,30,pokemon,other,,
0x01F3437C,"Gah! That Shadow Admin really
ticks me off!",43,1,44,pokemon,dialogue,,
0x01F3460A,"Do you think you could spare
a moment to do that?",49,1,50,pokemon,dialogue,,
0x01F346AB,"You should probably try
something similar.",42,1,43,pokemon,dialogue,,
0x01F3472B,help you get there quickly.,27,1,28,pokemon,dialogue,,
0x01F3474B,"s go, Staraptor.",16,1,17,pokemon,other,,
0x01F347AE,LET ME IN!,10,1,11,pokemon,dialogue,,
0x01F347F4,for you grunts!,15,1,16,pokemon,dialogue,,
0x01F3486F,re getting in.,14,1,15,pokemon,other,,
0x01F34902,s go look around.,17,1,18,pokemon,other,,
0x01F349B8,"t we team up?
We could move quicker that way.",45,1,46,pokemon,dialogue,,
0x01F34A8D,s friend on my own.,19,1,20,pokemon,dialogue,,
0x01F34BE4,"re saying you no longer
want to team up with me?",48,1,49,pokemon,dialogue,,
0x01F34C6A,"s
too late!",11,1,12,pokemon,dialogue,,
0x01F34CA5,Follow me inside quickly!,25,1,26,pokemon,dialogue,,
0x01F34D66,"t possibly want it for
anything, except evil!",45,1,46,pokemon,dialogue,,
0x01F34E28,"ve seen of us?
Please, enlighten me.",36,1,37,pokemon,dialogue,,
0x01F34E9F,"You intend to plunge Borrius into war
and darkness!",51,1,52,pokemon,dialogue,,
0x01F34F0E,Send our own region into chaos?,31,1,32,pokemon,dialogue,,
0x01F350A6,"re saying
at all!",17,1,18,pokemon,dialogue,,
0x01F3512D,by the door are dealt with.,27,1,28,pokemon,other,,
0x01F351B6,"You gotta help me get that thing
back!",38,1,39,pokemon,dialogue,,
0x01F3520B,"You, grunt, assist me.",22,1,23,pokemon,dialogue,,
0x01F35251,re defeated.,12,1,13,pokemon,other,,
0x01F3526D,"ll activate the mobile creation
pods.",37,1,38,pokemon,description,,
0x01F352E1, the hard way.,14,1,15,pokemon,other,,
0x01F352F8,"Scientists, activate
the backup plan, now!",42,1,43,pokemon,dialogue,,
0x01F3539C,"Now, hand over the Prison Stone!",32,1,33,pokemon,dialogue,,
0x01F35408,W-what did you say!?,20,1,21,pokemon,dialogue,,
0x01F35465,"And they should be functional by
now, I hope?",45,1,46,pokemon,dialogue,,
0x01F354E2,"However, they should serve well
enough as a distraction.",56,1,57,pokemon,description,,
0x01F35563,What did you do to them!?,25,1,26,pokemon,dialogue,,
0x01F355DE," is to
hold you off, as we retreat.",35,1,36,pokemon,dialogue,,
0x01F356B4,way they were!,14,1,15,pokemon,dialogue,,
0x01F35716,re okay!,8,1,9,pokemon,dialogue,,
0x01F3575F,"Any longer, and our will would have
been overwritten entirely.",62,1,63,pokemon,description,,
0x01F357B7,"re
safe now.",12,1,13,pokemon,other,,
0x01F35879,could be catastrophic!,22,1,23,pokemon,dialogue,,
0x01F3589A," do you know where they
could be headed, Dr. Harth?",51,1,52,pokemon,dialogue,,
0x01F35931,"Only there can the bottle within
be obtained.",45,1,46,pokemon,description,,
0x01F35C76,"Beauty is the most important virtue,
ammirite?",46,1,47,pokemon,dialogue,,
0x01F35CB9,"s important
in life. I like that.",33,1,34,pokemon,dialogue,,
0x01F35CFD,",
then.",7,1,8,pokemon,other,,
0x01F35D88,"Wanna feel? All natural pecs,
right here.",41,1,42,pokemon,dialogue,,
0x01F35EDD,"See ya soon, partner.",21,1,22,pokemon,other,,
0x01F35EF7,"Just wanna quick word with ya,
before ya hightail it.",53,1,54,pokemon,description,,
0x01F3611C,"So, take this and get yer heinie to
Epidimy faster.",51,1,52,pokemon,dialogue,,
0x01F3628E,"
dandy work!",12,1,13,pokemon,dialogue,,
0x01F3629B,"This is your final warning, rascal.
Move or be moved.",53,1,54,pokemon,dialogue,,
0x01F362FF," from entering
Thundercap Mt. at all cost.",42,1,43,pokemon,description,,
0x01F363BE,s gonna be trouble.,19,1,20,pokemon,other,,
0x01F3648C,"Go wild in there fer me, okay?",30,1,31,pokemon,dialogue,,
0x01F36570,s time for a little payback!,28,1,29,pokemon,dialogue,,
0x01F3662D,ll never forget this!,21,1,22,pokemon,dialogue,,
0x01F36666,d better go warn Marlon!,24,1,25,pokemon,dialogue,,
0x01F366AB,re not getting it!,18,1,19,pokemon,dialogue,,
0x01F36723,"mon
sealed behind an electric barrier.",38,1,39,pokemon,description,,
0x01F36790,Disengage the barrier to free them?,35,1,36,pokemon,dialogue,,
0x01F367B9, disengaged the barrier!,24,1,25,pokemon,dialogue,,
0x01F367E3,"mon appear to be
headed up the mountain.",40,1,41,pokemon,description,,
0x01F36814,"mon you freed are
repairing the stairs!",39,1,40,pokemon,dialogue,,
0x01F36911,"Come forth from the stormy clouds
in which you dwell!",53,1,54,pokemon,dialogue,,
0x01F369ED,"All remaining Shadow Warriors,
restrain Zapdos!",47,1,48,pokemon,dialogue,,
0x01F36A8C,"t make the same
mistake twice.",30,1,31,pokemon,other,,
0x01F36ACA,Dile!,5,1,6,pokemon,dialogue,,
0x01F36AD3,A critical hit!,15,1,16,pokemon,dialogue,,
0x01F36B05,"
to finally be ours!",20,1,21,pokemon,dialogue,,
0x01F36CB8,supposed to be impossible.,26,1,27,pokemon,other,,
0x01F36E1C,mon!,4,1,5,pokemon,dialogue,,
0x01F370AC,"Guess even he knew when to fold,
huh?",37,1,38,pokemon,dialogue,,
0x01F3724B,"What kind? Ha ha, that would be
spoiling the surprise!",54,1,55,pokemon,dialogue,,
0x01F3746F,"Alright, see you then!",22,1,23,pokemon,dialogue,,
0x01F37495,s go!,5,1,6,pokemon,dialogue,,
0x01F37615,"Come on then!
Lemme show you my new power!",42,1,43,pokemon,dialogue,,
0x01F37644,"? Why is nothing I do ever
good enough?",39,1,40,pokemon,dialogue,,
0x01F376E6,"Good thing I was able to catch up
to you two.",45,1,46,pokemon,dialogue,,
0x01F37729,"m surprised you can still run
that fast at your age.",52,1,53,pokemon,dialogue,,
0x01F37863,"So fierce, our spars could last for
days without stopping!",58,1,59,pokemon,dialogue,,
0x01F378E0,"Are you going to give us what you
brought along or not?",55,1,56,pokemon,dialogue,,
0x01F3796F,cross the sea.,14,1,15,pokemon,other,,
0x01F379BD,may have one as well.,21,1,22,pokemon,other,,
0x01F37AD4,"So, thanks, I guess, Log.",25,1,26,pokemon,dialogue,,
0x01F37B0C," that reminds me what I
came here for.",38,1,39,pokemon,description,,
0x01F37CC9,"If needed, he can provide you with
the Surfing directions.",58,1,59,pokemon,dialogue,,
0x01F37D79,"Thanks, Log, for saying something
worth listening to for once.",62,1,63,pokemon,description,,
0x01F37DE2,"ll close that
gap between us for sure!",38,1,39,pokemon,dialogue,,
0x01F37E71,ll be praying for your success.,31,1,32,pokemon,dialogue,,
0x01F37F81,"s time I returned back
home, to my children.",44,1,45,pokemon,dialogue,,
0x01F380DE, and regret.,12,1,13,pokemon,other,,
0x01F38168,"Pathetic!
This does not even resemble Zapdos!",45,1,46,pokemon,dialogue,,
0x01F381D8,old bag!,8,1,9,pokemon,dialogue,,
0x01F382D9,UNDERSTOOD?,11,1,12,pokemon,dialogue,,
0x01F382ED,"That is more like it!
Much better, Hoopa.",41,1,42,pokemon,dialogue,,
0x01F38504,"Understood. We will speak later
when I report my progress.",58,1,59,pokemon,dialogue,,
0x01F387ED,err!,4,1,5,pokemon,dialogue,,
0x01F38950,into the other.,15,1,16,pokemon,other,,
0x01F389A7,s a bit less noisy.,19,1,20,pokemon,other,,
0x01F38C7A,into those monsters!,20,1,21,pokemon,dialogue,,
0x01F38D88,"In the meantime, you go get that
Badge.",39,1,40,pokemon,dialogue,,
0x01F38DBD,", look out!",11,1,12,pokemon,dialogue,,
0x01F38E95, the Ruins of Void?,19,1,20,pokemon,dialogue,,
0x01F38EB7,"Look, those are Shadow Grunts at the
top of the stairs!",55,1,56,pokemon,dialogue,,
0x01F38F80," the power
of the Light of Ruin!",32,1,33,pokemon,dialogue,,
0x01F38FF8,Take out those Shadows!,23,1,24,pokemon,dialogue,,
0x01F39026,NOOOOOO!,8,1,9,pokemon,dialogue,,
0x01F39112,the Ruins.,10,1,11,pokemon,other,,
0x01F391B7,"mon, if you want.",17,1,18,pokemon,dialogue,,
0x01F39218,"When you find it, shout down to me.",35,1,36,pokemon,dialogue,,
0x01F3923C,Ethereal Voice,14,1,15,pokemon,location,,
0x01F39287,"PROVE YOUR WORTH, AGAINST THE
GUARDIAN OF THIS SACRED GROUND!",61,1,62,pokemon,dialogue,,
0x01F39326,Uh oh.,6,1,7,pokemon,location,,
0x01F39364,through the ruins!,18,1,19,pokemon,dialogue,,
0x01F393FF,for as long as possible.,24,1,25,pokemon,other,,
0x01F39475,of the trouble you have caused!,31,1,32,pokemon,dialogue,,
0x01F394FC,"DEMONSTRATE YOUR WORTH, OR BE
SMOTE BY MY JUDGMENT!",51,1,52,pokemon,dialogue,,
0x01F395A2,s take it down!,15,1,16,pokemon,dialogue,,
0x01F395D1,"BEGONE FROM THIS PLACE, LEST YE BE
CAST INTO THE VOID!",54,1,55,pokemon,dialogue,,
0x01F39630," it looks like
Staraptor will make a full recovery.",51,1,52,pokemon,description,,
0x01F39798,ll be waiting right outside.,28,1,29,pokemon,other,,
0x01F397ED,"AGAINST THE THREE, DEMONSTRATE
YOUR STRENGTH OF BODY AND SOUL.",62,1,63,pokemon,dialogue,,
0x01F398A1,"Be aware, once the battles begin,
there will be no chance to recover.",69,1,70,pokemon,description,,
0x01F398ED," ran back into
the portal.",26,1,27,pokemon,other,,
0x01F39914,"mon is making its way
through the portal!",41,1,42,pokemon,dialogue,,
0x01F3996B,"WITH FORTIFIED BODY, AND RIGHTEOUS
SOUL, STEP FORTH!",52,1,53,pokemon,dialogue,,
0x01F39A13,"t let the unbinding be
disrupted!",33,1,34,pokemon,dialogue,,
0x01F39A6B,s my turn to take you down!,27,1,28,pokemon,dialogue,,
0x01F39AEC,t you try me on for size!,25,1,26,pokemon,dialogue,,
0x01F39BFD,s no time left!,15,1,16,pokemon,dialogue,,
0x01F39C10,"Gotcha! You seriously never learn,
do you, kid?",47,1,48,pokemon,dialogue,,
0x01F39C9D,"You can proceed with the unbinding
when ready.",46,1,47,pokemon,dialogue,,
0x01F39D18," where is he, exactly?",22,1,23,pokemon,dialogue,,
0x01F39E0F,from him either.,16,1,17,pokemon,other,,
0x01F39EC5,"But either way, with or without him,
the unbinding must proceed.",64,1,65,pokemon,description,,
0x01F39FE5,"The keeper of storms, Zapdos!
Come forth!",41,1,42,pokemon,dialogue,,
0x01F3A00F,"The sacred flame, Moltres!
Come forth!",38,1,39,pokemon,dialogue,,
0x01F3A036,"The disciple of ice, Articuno!
Come forth!",42,1,43,pokemon,dialogue,,
0x01F3A0C1,be broken.,10,1,11,pokemon,other,,
0x01F3A161,be caged!,9,1,10,pokemon,dialogue,,
0x01F3A23C,Answer me!,10,1,11,pokemon,dialogue,,
0x01F3A264,"I am just a lowly Grunt among the
Shadows, nothing more.",56,1,57,pokemon,dialogue,,
0x01F3A2B8,What have you done!?,20,1,21,pokemon,dialogue,,
0x01F3A352,"However, there was one key
component you were missing.",54,1,55,pokemon,dialogue,,
0x01F3A393,"And what, exactly, would that be?",33,1,34,pokemon,dialogue,,
0x01F3A5F8,I shall finish the unbinding myself!,36,1,37,pokemon,dialogue,,
0x01F3A643,You will pay for this insult!,29,1,30,pokemon,dialogue,,
0x01F3A66B,Teach this fool a lesson!,25,1,26,pokemon,dialogue,,
0x01F3A685,"Hoopa!
Remove the threat!",25,1,26,pokemon,dialogue,,
0x01F3A6E8, into our base!,15,1,16,pokemon,dialogue,,
0x01F3A93B,"Now, stand aside!",17,1,18,pokemon,dialogue,,
0x01F3A9CF,"And now, let the main event begin.",34,1,35,pokemon,description,,
0x01F3AA4C,"And as your Trainer, I am fully
capable of controlling it!",58,1,59,pokemon,dialogue,,
0x01F3AACD,"The seal on your power has finally
been broken!",47,1,48,pokemon,dialogue,,
0x01F3AB00,Hoo hoo hoo!,12,1,13,pokemon,dialogue,,
0x01F3AB50,"If we share a common goal, perhaps
we can work together!",56,1,57,pokemon,dialogue,,
0x01F3ACE5,"Now, tell me, Zeph.
What were your goals?",41,1,42,pokemon,dialogue,,
0x01F3ADCD,"You lack ambition, Zeph!",24,1,25,pokemon,dialogue,,
0x01F3AECA, to me.,7,1,8,pokemon,other,,
0x01F3AFF9,branch to do with as I please.,30,1,31,pokemon,dialogue,,
0x01F3B0F9,She and I had a deal!,21,1,22,pokemon,dialogue,,
0x01F3B260,"And I cannot have you becoming
a nuisance to me as well.",56,1,57,pokemon,dialogue,,
0x01F3B2AD,mon to crush this fool!,23,1,24,pokemon,dialogue,,
0x01F3B2CE," flew back into
the portal.",27,1,28,pokemon,other,,
0x01F3B2EF,"?
You actually defeated it?",27,1,28,pokemon,dialogue,,
0x01F3B30B,"Summon another, Hoopa!",22,1,23,pokemon,dialogue,,
0x01F3B39A,"However, no matter how strong you
may be, I still have my trump card.",69,1,70,pokemon,dialogue,,
0x01F3B46E,"I have been instructed to seal you
inside this very Cube!",57,1,58,pokemon,dialogue,,
0x01F3B503," I built in the security
measures, myself!",42,1,43,pokemon,dialogue,,
0x01F3B5B8,"So watch carefully, Zeph - watch
just how far your invention has come!",70,1,71,pokemon,dialogue,,
0x01F3B652,s life!,7,1,8,pokemon,dialogue,,
0x01F3B69F,"fired, makes no difference to me.",33,1,34,pokemon,description,,
0x01F3B792,".
May we never meet again.",26,1,27,pokemon,other,,
0x01F3B842,"THE DATA HAS BEEN UPLOADED TO
THE MAINFRAME.",44,1,45,pokemon,system,,
0x01F3B8CA,"ll
always recognize you!",24,1,25,pokemon,dialogue,,
0x01F3B8E3,"Oh, they got to you too, huh?",29,1,30,pokemon,dialogue,,
0x01F3BA16,"Whoa, watch out!",16,1,17,pokemon,dialogue,,
0x01F3BAC4,to come flying out of nowhere!,30,1,31,pokemon,dialogue,,
0x01F3BDF9,mon!?,5,1,6,pokemon,dialogue,,
0x01F3BF56,t you see that?,15,1,16,pokemon,dialogue,,
0x01F3C31E,"t even aware you were
alive at all.",35,1,36,pokemon,dialogue,,
0x01F3C49E,ll get used to it eventually.,29,1,30,pokemon,other,,
0x01F3C4EB,Is there really no way out!?,28,1,29,pokemon,dialogue,,
0x01F3C5E0,"t need to eat
or sleep!",23,1,24,pokemon,dialogue,,
0x01F3C693,It is!,6,1,7,pokemon,dialogue,,
0x01F3C69A,"Marlon, do you have one, too?",29,1,30,pokemon,dialogue,,
0x01F3C8C0,"
I think this can work!",23,1,24,pokemon,dialogue,,
0x01F3C903,t have much time left!,22,1,23,pokemon,dialogue,,
0x01F3C9D1,Cube Space.,11,1,12,pokemon,location,,
0x01F3C9DD,"Are you sure about this, Aros?
Will this actually break us out?",63,1,64,pokemon,dialogue,,
0x01F3CA6B,"t worry - I rate your survival
odds as being higher than not.",61,1,62,pokemon,dialogue,,
0x01F3CB42,"ll end the Shadow Warrior
Project once and for all.",51,1,52,pokemon,description,,
0x01F3CC1C,"But, what about you?
Are you not coming with us?",48,1,49,pokemon,dialogue,,
0x01F3CC80,"In order for me to escape, someone
on the outside has to let me out.",68,1,69,pokemon,description,,
0x01F3CE3A,"Confine its power, and you can return
it to how it used to be.",62,1,63,pokemon,dialogue,,
0x01F3CF9D,"re running out of time!
You have to go, now!",44,1,45,pokemon,dialogue,,
0x01F3D018,I swear!,8,1,9,pokemon,dialogue,,
0x01F3D03A,t forget what you promised me!,30,1,31,pokemon,dialogue,,
0x01F3D07B,"re not getting past me, too!",28,1,29,pokemon,dialogue,,
0x01F3D103,I need to warn the others!,26,1,27,pokemon,dialogue,,
0x01F3D12D,Oh no no no no!,15,1,16,pokemon,dialogue,,
0x01F3D156,s the meaning of this?,22,1,23,pokemon,dialogue,,
0x01F3D1E5,"
what have you done with them!?",31,1,32,pokemon,dialogue,,
0x01F3D25D,"Most of them have already been
moved somewhere more secure.",59,1,60,pokemon,description,,
0x01F3D2D8,"ll turn you into
one of them myself!",36,1,37,pokemon,dialogue,,
0x01F3D787,"What do you know about what Fey
truly wants?",44,1,45,pokemon,dialogue,,
0x01F3D85D,"The Shadow Warriors, what do you
plan to do with them now?",58,1,59,pokemon,dialogue,,
0x01F3D996,"t change what we did, but I
can certainly end their pain now.",61,1,62,pokemon,description,,
0x01F3DAD6,Help me get rid of him!,23,1,24,pokemon,dialogue,,
0x01F3DB11,SIIIIIIIR!,10,1,11,pokemon,dialogue,,
0x01F3DB30,s here too!,11,1,12,pokemon,dialogue,,
0x01F3DC0C,"If you want anything done properly,
you must do it yourself.",60,1,61,pokemon,dialogue,,
0x01F3DCC8,"t
they? Great!",14,1,15,pokemon,dialogue,,
0x01F3DDC2,"
you are an enemy!",18,1,19,pokemon,dialogue,,
0x01F3DEB0,remain here!,12,1,13,pokemon,dialogue,,
0x01F3DECF,re not getting away that easily!,32,1,33,pokemon,dialogue,,
0x01F3DEF8,t restrain me!,14,1,15,pokemon,dialogue,,
0x01F3DF44,"re keeping
the Shadow Warriors!",31,1,32,pokemon,dialogue,,
0x01F3DF94,"Quite the opposite - it is you
who will soon be pinned down.",60,1,61,pokemon,dialogue,,
0x01F3E002,"re aware of the
incident that took place here, yes?",51,1,52,pokemon,dialogue,,
0x01F3E049,s your point?,13,1,14,pokemon,dialogue,,
0x01F3E21B,"Awaken, and revert to your
primordial state!",44,1,45,pokemon,dialogue,,
0x01F3E2B6,"You cannot hope to find the Shadow
Warriors whilst buried under rubble.",71,1,72,pokemon,dialogue,,
0x01F3E41B,location until we find them!,28,1,29,pokemon,dialogue,,
0x01F3E446,"d continue to be
stubborn, Marlon.",34,1,35,pokemon,description,,
0x01F3E49B,"Now, subdue them!",17,1,18,pokemon,dialogue,,
0x01F3E4CE,"Then, I shall take that as my cue
to leave.",43,1,44,pokemon,dialogue,,
0x01F3E55F,ll both be trapped here!,24,1,25,pokemon,dialogue,,
0x01F3E5A0,ve been separated!,18,1,19,pokemon,dialogue,,
0x01F3E6B9,"Just direct me on whether you want
to fight or switch!",54,1,55,pokemon,dialogue,,
0x01F3E6F9," sank into the lava and
fell into a deep slumber once more.",59,1,60,pokemon,description,,
0x01F3E757,"Krookodile! Destroy the rocks!
Use Rock Smash!",46,1,47,pokemon,dialogue,,
0x01F3E803,mon back.,9,1,10,pokemon,other,,
0x01F3E973,", for both our
sakes - stay away from our base.",47,1,48,pokemon,description,,
0x01F3E9DA,Put it on?,10,1,11,pokemon,dialogue,,
0x01F3E9E5,You put on the clothes.,23,1,24,pokemon,dialogue,,
0x01F3E9FD,"Your clothes are on the ground.
Put them on?",44,1,45,pokemon,dialogue,,
0x01F3EA31,"s Uniform is now available
in the Costume Box!",46,1,47,pokemon,dialogue,,
0x01F3EBDD, is that you?,13,1,14,pokemon,dialogue,,
0x01F3ED75,"ll all suffer for
your irredeemable sins!",41,1,42,pokemon,dialogue,,
0x01F3ED9F,Arrrrgh!,8,1,9,pokemon,dialogue,,
0x01F3EDFF,t be true!,10,1,11,pokemon,dialogue,,
0x01F3EEB6,of what remains of the Shadows.,31,1,32,pokemon,description,,
0x01F3EF54,s new base?,11,1,12,pokemon,dialogue,,
0x01F3F1F2,"s power will be
greatly diminished.",35,1,36,pokemon,description,,
0x01F3F26A,take action?,12,1,13,pokemon,dialogue,,
0x01F3F457,"
along, as well.",16,1,17,pokemon,other,,
0x01F3F4F1," would even
be willing to help us?",34,1,35,pokemon,dialogue,,
0x01F3F635,will remain trapped.,20,1,21,pokemon,other,,
0x01F3F6B8,"Someone who knew about the existence
of the Shadow Warriors?",60,1,61,pokemon,dialogue,,
0x01F3F762,"s father, too.",14,1,15,pokemon,other,,
0x01F3FB49,How was the journey?,20,1,21,pokemon,dialogue,,
0x01F3FB70,"It took a few days to arrive here,
but the journey was lovely.",62,1,63,pokemon,description,,
0x01F3FBDC, right?,7,1,8,pokemon,dialogue,,
0x01F3FC01," he succumbed to
illness much too young.",40,1,41,pokemon,dialogue,,
0x01F3FC71,to bring him back?,18,1,19,pokemon,dialogue,,
0x01F3FE0D,"Where are they now, if I may ask?",33,1,34,pokemon,dialogue,,
0x01F3FE7A,"re with him now, back in
Frozen Heights.",40,1,41,pokemon,description,,
0x01F40014,"What about your new twins?
What are their names?",48,1,49,pokemon,dialogue,,
0x01F4006C,"re the most beautiful children
in the world.",44,1,45,pokemon,description,,
0x01F40289,"I felt with that resolve, we could
achieve the impossible.",58,1,59,pokemon,dialogue,,
0x01F40304,"attempts, I convinced them.",27,1,28,pokemon,dialogue,,
0x01F40383,"With no distractions, I was certain
we would succeed.",53,1,54,pokemon,dialogue,,
0x01F4053B,position as CEO of Cube Corp.,29,1,30,pokemon,other,,
0x01F4059C,Science Society.,16,1,17,pokemon,location,,
0x01F40683,influence in Borrius it is today.,33,1,34,pokemon,description,,
0x01F407C7,as you have likely guessed.,27,1,28,pokemon,dialogue,,
0x01F4090F,"And with that out of the way, we
were able to experiment worry-free.",68,1,69,pokemon,description,,
0x01F40954,"Ivory, status report. ",22,1,23,pokemon,location,,
0x01F409B9,"Everyone, take your positions.",30,1,31,pokemon,dialogue,,
0x01F409D8,"Zeph, are you certain that this
will work?",42,1,43,pokemon,dialogue,,
0x01F40AC9,"s find out if this is
merely a hypothesis, or not.",50,1,51,pokemon,description,,
0x01F40B56,"And finally, turn on the molecular
fusion device!",49,1,50,pokemon,dialogue,,
0x01F40C19,Whoa!,5,1,6,pokemon,dialogue,,
0x01F40C2E,Hand me that control gauntlet!,30,1,31,pokemon,dialogue,,
0x01F40C5D,You must obey!,14,1,15,pokemon,dialogue,,
0x01F40D24,"All things considered, though, the
first test went rather smoothly.",67,1,68,pokemon,description,,
0x01F40F87,"s
request - and others were not.",32,1,33,pokemon,description,,
0x01F410FF,"It was always the Shadow Warriors
she was invested in.",54,1,55,pokemon,description,,
0x01F4160C,with us.,8,1,9,pokemon,other,,
0x01F416B0, violently.,11,1,12,pokemon,other,,
0x01F41726,"s
base!",7,1,8,pokemon,dialogue,,
0x01F4184A,"Prepare the Shadow!
We move out at once!",40,1,41,pokemon,dialogue,,
0x01F41884,"I doubt we have much time until
Aklove returns.",47,1,48,pokemon,dialogue,,
0x01F4195D,would sicken him.,17,1,18,pokemon,other,,
0x01F419C7," it may come in handy
someday.",30,1,31,pokemon,other,,
0x01F41AF8,",
when you are ready.",21,1,22,pokemon,dialogue,,
0x01F41C0A, I was looking for!,19,1,20,pokemon,dialogue,,
0x01F41C26," who the heck are you
supposed to be?",37,1,38,pokemon,dialogue,,
0x01F41C63,"Last I heard, he was planning to
travel to the Ruins of Void.",61,1,62,pokemon,dialogue,,
0x01F41D3A,anyone named Jax.,17,1,18,pokemon,other,,
0x01F4221F,with them.,10,1,11,pokemon,other,,
0x01F422DA,"But if whatever is going on has to
do with the Shadows, then I want in!",71,1,72,pokemon,dialogue,,
0x01F4234E,Who might you be?,17,1,18,pokemon,dialogue,,
0x01F4244B,m going!,8,1,9,pokemon,dialogue,,
0x01F424EF,"over, understood?",17,1,18,pokemon,dialogue,,
0x01F425AE,for what I want to know.,24,1,25,pokemon,dialogue,,
0x01F426FF,ve returned.,12,1,13,pokemon,other,,
0x01F427AC,"s making me lose my cool
somehow.",33,1,34,pokemon,dialogue,,
0x01F42834,ve seen no sign of them.,24,1,25,pokemon,other,,
0x01F4291F, guys?,6,1,7,pokemon,dialogue,,
0x01F42999,behind.,7,1,8,pokemon,other,,
0x01F429DB,"re you doing in this miserable
place, anyway?",45,1,46,pokemon,dialogue,,
0x01F42A5C,"s
good for you.",15,1,16,pokemon,dialogue,,
0x01F42B18,whether you like it or not!,27,1,28,pokemon,dialogue,,
0x01F42BD5,"No need for backup - I can deal
with them.",42,1,43,pokemon,dialogue,,
0x01F42C00,"You made a huge mistake,
coming here alone.",43,1,44,pokemon,dialogue,,
0x01F42C6F,ll eat those words!,19,1,20,pokemon,dialogue,,
0x01F42DCF,ve stepped into!,16,1,17,pokemon,dialogue,,
0x01F42E1E,Not you and not your entire branch!,35,1,36,pokemon,dialogue,,
0x01F42E46,s my chance!,12,1,13,pokemon,dialogue,,
0x01F42E5F,"mon, he was being obnoxious.
He totally had it coming.",54,1,55,pokemon,description,,
0x01F42EB8,"s
still unconcious.",19,1,20,pokemon,other,,
0x01F43045,"
How did a Shadow Warrior get here?",35,1,36,pokemon,dialogue,,
0x01F4309C,s get out of here!,18,1,19,pokemon,dialogue,,
0x01F430F3,"s this guy, anyway?",19,1,20,pokemon,dialogue,,
0x01F43118,t a person at all!,18,1,19,pokemon,dialogue,,
0x01F43134,"This one of your Shadow buddies?
Call it off!",45,1,46,pokemon,dialogue,,
0x01F4320E," uh, a pretty unimaginative
name, honestly.",43,1,44,pokemon,description,,
0x01F432F9,"I can still drag you right back
out!",36,1,37,pokemon,dialogue,,
0x01F4331E,"Oh, come on!",12,1,13,pokemon,dialogue,,
0x01F4338D,"ll have to alert everyone
else in person!",41,1,42,pokemon,dialogue,,
0x01F433FC,mon is a sure way to lose!,26,1,27,pokemon,dialogue,,
0x01F4344C,"ll
be all over for you two!",27,1,28,pokemon,dialogue,,
0x01F434C6,"I wonder where they are, anyway?",32,1,33,pokemon,dialogue,,
0x01F4372D,One less hurdle for us!,23,1,24,pokemon,dialogue,,
0x01F43776,"The sooner we do that, the sooner I
can get what I want from them!",66,1,67,pokemon,dialogue,,
0x01F4382E,Do you know the other letters?,30,1,31,pokemon,dialogue,,
0x01F43961, letters.,9,1,10,pokemon,other,,
0x01F439B8,"The door is open for you, Zeph.",31,1,32,pokemon,dialogue,,
0x01F43A3B,"Marlon, has that boy returned with
the bottle yet?",50,1,51,pokemon,dialogue,,
0x01F43A7A,"t.
He must still be searching for it.",37,1,38,pokemon,description,,
0x01F43B0A,the bottle.,11,1,12,pokemon,other,,
0x01F43B1D,"So my suspicions were correct -
you HAVE betrayed us.",53,1,54,pokemon,dialogue,,
0x01F43BF8,Aklove as your replacement.,27,1,28,pokemon,dialogue,,
0x01F43D2B,"He made it no secret to us that he
intends to destroy Borrius!",62,1,63,pokemon,dialogue,,
0x01F43D77," leave us, for now.",19,1,20,pokemon,other,,
0x01F43E4C,ll engage it.,13,1,14,pokemon,other,,
0x01F43F32,"And that includes the children we
still have living here!",57,1,58,pokemon,dialogue,,
0x01F4414E,d be wiping out!,16,1,17,pokemon,dialogue,,
0x01F44398,t change my answer.,19,1,20,pokemon,dialogue,,
0x01F44550,"Without them, you have nothing to
power the weapon.",51,1,52,pokemon,dialogue,,
0x01F445A4,s too soon for him to return!,29,1,30,pokemon,dialogue,,
0x01F4460D,locate the Ultimate Weapon?,27,1,28,pokemon,dialogue,,
0x01F44716,and flooding the Research Lab.,30,1,31,pokemon,other,,
0x01F4473C,"My data on the Ultimate Weapon has
been destroyed!?",51,1,52,pokemon,dialogue,,
0x01F4484F,the intruders.,14,1,15,pokemon,other,,
0x01F44900,I WILL find the weapon!,23,1,24,pokemon,dialogue,,
0x01F449C1,ll hand it over. Got it?,24,1,25,pokemon,dialogue,,
0x01F449FE,Give it to me!,14,1,15,pokemon,dialogue,,
0x01F44A49,s all yours.,12,1,13,pokemon,dialogue,,
0x01F44A75,ENOUGH! Do you mind?,20,1,21,pokemon,dialogue,,
0x01F44AED,m not here for you.,19,1,20,pokemon,dialogue,,
0x01F44B5E,you little brat!,16,1,17,pokemon,dialogue,,
0x01F44BA8,"t forget what you
promised me!",30,1,31,pokemon,dialogue,,
0x01F44BE8," you mean to
tell me THIS is your son?",38,1,39,pokemon,dialogue,,
0x01F44C88,"t be members of
the Shadows!",28,1,29,pokemon,dialogue,,
0x01F44CA5,"Oh, this is just rich, Ivory!",29,1,30,pokemon,dialogue,,
0x01F44CE4,Your own parents are villains!,30,1,31,pokemon,dialogue,,
0x01F44EE2,"You never even reached out to
to say you were okay!",51,1,52,pokemon,dialogue,,
0x01F44F25,"Your incessant blathering is
beginning to irk me.",49,1,50,pokemon,dialogue,,
0x01F44F57,"Hoopa, you know what to do
with the boy.",40,1,41,pokemon,dialogue,,
0x01F44F84,"Him as well, Hoopa.",19,1,20,pokemon,other,,
0x01F44FF5,"s way
during the coming ordeal.",31,1,32,pokemon,description,,
0x01F45015,"And where do you think you are
going, Zeph?",43,1,44,pokemon,dialogue,,
0x01F45081,re outmatched.,14,1,15,pokemon,other,,
0x01F450D0,"Send him to join that Houndoom
of his!",38,1,39,pokemon,dialogue,,
0x01F451C9,"s power belongs
only to me!",27,1,28,pokemon,dialogue,,
0x01F45200,mon!,4,1,5,pokemon,dialogue,,
0x01F45222,"The only thing you are fit for
is scientific research!",54,1,55,pokemon,dialogue,,
0x01F453CB,"I expect you are wondering what
happened to him, are you not?",61,1,62,pokemon,dialogue,,
0x01F45430,Would you like to meet him?,27,1,28,pokemon,dialogue,,
0x01F45460,"Hoopa, take this for your wounds.",33,1,34,pokemon,dialogue,,
0x01F45499, friend!,8,1,9,pokemon,dialogue,,
0x01F456EB,Did we save Articuno and Moltres?,33,1,34,pokemon,dialogue,,
0x01F4572B,"re stuck in here with me,
things obviously went south.",54,1,55,pokemon,description,,
0x01F45822,the rules here.,15,1,16,pokemon,other,,
0x01F45846,"ve noticed they move when you
step on a certain spot.",53,1,54,pokemon,dialogue,,
0x01F4587C,"Quick, follow me.",17,1,18,pokemon,location,,
0x01F45947,"ll have better luck finding
the exit apart.",43,1,44,pokemon,description,,
0x01F45986,"ll have better luck finding
the exit apart.",43,1,44,pokemon,description,,
0x01F45A18,I can feel it!,14,1,15,pokemon,dialogue,,
0x01F45AA6,Could we have missed something?,31,1,32,pokemon,dialogue,,
0x01F45B6A,"Could those be the key to moving
this rock slab?",48,1,49,pokemon,dialogue,,
0x01F45BF2,"But what now?
This place looks like a dead end.",47,1,48,pokemon,dialogue,,
0x01F45DC7,s go take a closer look!,24,1,25,pokemon,dialogue,,
0x01F45E09,mon is up ahead!,16,1,17,pokemon,dialogue,,
0x01F45E34,What am I thinking?,19,1,20,pokemon,dialogue,,
0x01F45EB6,mon first.,10,1,11,pokemon,other,,
0x01F45EF6,s capable of.,13,1,14,pokemon,other,,
0x01F45FB9,"s no doubt about it!
Look ahead!",32,1,33,pokemon,dialogue,,
0x01F46137,"Ah, right. Rift Cave is also said to
disobey the laws of reality.",65,1,66,pokemon,description,,
0x01F461FD,"t have
a second to spare!",25,1,26,pokemon,dialogue,,
0x01F46311,"mon and I
will be ready this time.",34,1,35,pokemon,description,,
0x01F46371,"He said he wanted to speak to both
of us.",41,1,42,pokemon,description,,
0x01F46454,Distortion World.,17,1,18,pokemon,location,,
0x01F464A0,showed up.,10,1,11,pokemon,other,,
0x01F46763,s whereabouts?,14,1,15,pokemon,dialogue,,
0x01F467F9, Marlon.,8,1,9,pokemon,other,,
0x01F46802,Marlon is your father!?,23,1,24,pokemon,dialogue,,
0x01F46918,"He got shuffled into this big
mountain covered in crystals.",59,1,60,pokemon,description,,
0x01F469CE,s at Crystal Peak?,18,1,19,pokemon,dialogue,,
0x01F469FD,"ll arrange passage for us to East
Borrius from Seaport City.",60,1,61,pokemon,description,,
0x01F46A5D,s at Crystal Peak!,18,1,19,pokemon,dialogue,,
0x01F46AF4,mountain.,9,1,10,pokemon,other,,
0x01F46AFE,"What, like the weapon they keep
blabbing on about?",50,1,51,pokemon,dialogue,,
0x01F46C14,"It was already brought to Borrius
3000 years ago.",49,1,50,pokemon,description,,
0x01F46C46,"Young man, what do you plan to
do now?",38,1,39,pokemon,dialogue,,
0x01F46DEF,"And no one, and I mean NO ONE, will
ever take my parents from me again.",71,1,72,pokemon,dialogue,,
0x01F46E46,s get a move on!,16,1,17,pokemon,dialogue,,
0x01F46ED5,ve got.,7,1,8,pokemon,other,,
0x01F46EDD,"Yeah, yeah, I got that.",23,1,24,pokemon,dialogue,,
0x01F46FEA,we can come up with.,20,1,21,pokemon,other,,
0x01F46FFF,"Alright, Grampa Arthur, you ready?",34,1,35,pokemon,dialogue,,
0x01F4703C,This sure brings me back!,25,1,26,pokemon,dialogue,,
0x01F470D4,The fate of Borrius depends on it!,34,1,35,pokemon,dialogue,,
0x01F4724D,take you there.,15,1,16,pokemon,dialogue,,
0x01F47282,s do that.,10,1,11,pokemon,other,,
0x01F47313,"Oh, right - take this ticket so you
can get on the boat, too.",61,1,62,pokemon,dialogue,,
0x01F47366,s East Borrius!,15,1,16,pokemon,dialogue,,
0x01F47403,"They must be getting the Ultimate
Weapon ready to destroy Borrius!",66,1,67,pokemon,dialogue,,
0x01F474A7,s schemes and save Borrius!,27,1,28,pokemon,dialogue,,
0x01F478C4,"re strong enough
to be my climbing buddy!",41,1,42,pokemon,dialogue,,
0x01F47920,re ready!,9,1,10,pokemon,dialogue,,
0x01F47988,"mon
from the PC real quick.",27,1,28,pokemon,other,,
0x01F479AF,m back.,7,1,8,pokemon,other,,
0x01F479FE,"mon healed up
on the way.",25,1,26,pokemon,other,,
0x01F47ACC," is also capable of using
Surf and Rock Climb.",46,1,47,pokemon,description,,
0x01F47B0F,s no time to waste!,19,1,20,pokemon,dialogue,,
0x01F47B74,"t
stand a chance against both of us!",36,1,37,pokemon,dialogue,,
0x01F47C52,s her problem?,14,1,15,pokemon,dialogue,,
0x01F47D9D,"Do you need to head back to town to
get supplies or something?",62,1,63,pokemon,dialogue,,
0x01F47DF2,s no time to waste!,19,1,20,pokemon,dialogue,,
0x01F47E8B,"s blast through
these things and get to the summit!",51,1,52,pokemon,dialogue,,
0x01F47EC3,"s that!
As if that was ever gonna stop us!",42,1,43,pokemon,dialogue,,
0x01F47F36,"s no point helping out that
Aklove goon!",40,1,41,pokemon,dialogue,,
0x01F4802C,"ll be safe from
the fallout.",28,1,29,pokemon,other,,
0x01F48199,t let you destroy another!,26,1,27,pokemon,dialogue,,
0x01F48211,"Alakazam!
Immobilize him!",25,1,26,pokemon,dialogue,,
0x01F48289,re finished at the summit.,26,1,27,pokemon,other,,
0x01F482DF,ll turn back?,13,1,14,pokemon,dialogue,,
0x01F48397,"When the battle starts, they will
automatically join your team.",63,1,64,pokemon,dialogue,,
0x01F4844F,"Until Aklove is finished, you shall
not pass!",45,1,46,pokemon,dialogue,,
0x01F485A8,"s keep going, and finish this
once and for all!",47,1,48,pokemon,dialogue,,
0x01F485ED,"Just pick up that boulder and move
it to the side.",50,1,51,pokemon,description,,
0x01F4869D,d come back!,12,1,13,pokemon,dialogue,,
0x01F486B4,"!
Help him out of there!",24,1,25,pokemon,dialogue,,
0x01F486ED,"Have you given any thought on what
I told you, at all?",54,1,55,pokemon,dialogue,,
0x01F48755,"ve forgiven
you for leaving us behind in Hoenn.",47,1,48,pokemon,dialogue,,
0x01F48823,"re not trying to blow
everything up, like Ivory.",48,1,49,pokemon,description,,
0x01F489A8,"t be any more than a
couple of goons left.",42,1,43,pokemon,description,,
0x01F48B12,ll find an answer!,18,1,19,pokemon,dialogue,,
0x01F48BC3,"It should help you deal with Aklove
if he tries anything at the summit.",71,1,72,pokemon,dialogue,,
0x01F48C19,ll need this.,13,1,14,pokemon,other,,
0x01F48CED,if you try to sneak past.,25,1,26,pokemon,dialogue,,
0x01F48D91,"Why would my dad just appear out
of the blue after 16 years?",60,1,61,pokemon,dialogue,,
0x01F48E44,You two! Get over here!,23,1,24,pokemon,dialogue,,
0x01F48F8D,"You may proceed with the activation
when ready.",47,1,48,pokemon,dialogue,,
0x01F490FC,"But no matter - I have my chance to
activate it now.",52,1,53,pokemon,dialogue,,
0x01F49172,"Gastrodon, now! Use Earth Power!",32,1,33,pokemon,dialogue,,
0x01F491D1, Hoopa!,7,1,8,pokemon,dialogue,,
0x01F49202,t as deadly as you hoped!,25,1,26,pokemon,dialogue,,
0x01F49238,"You could not even be rid of him
properly!?",43,1,44,pokemon,dialogue,,
0x01F492DA,"Then, there is nothing to stop me
from sending you right back!",62,1,63,pokemon,dialogue,,
0x01F49319,Hoopa! Get rid of him!,22,1,23,pokemon,dialogue,,
0x01F49330,"Gastrodon! Keep me locked down with
your Sticky Hold!",53,1,54,pokemon,dialogue,,
0x01F493CA,s your chance!,14,1,15,pokemon,dialogue,,
0x01F49435,"!
I will deal with this other pest.",35,1,36,pokemon,dialogue,,
0x01F49459,"As for you, Ivory, activate the
weapon in my stead!",51,1,52,pokemon,dialogue,,
0x01F494A3,"re not going anywhere, Ivory!",29,1,30,pokemon,dialogue,,
0x01F4951A,m gonna stop you and save us all!,33,1,34,pokemon,dialogue,,
0x01F495DF,"I have waited a year for this day,
so what is a few more moments?",65,1,66,pokemon,dialogue,,
0x01F496A1,and be done with it.,20,1,21,pokemon,other,,
0x01F496F1,"! Take down Hoopa, and turn
off that weapon!",44,1,45,pokemon,dialogue,,
0x01F49721,Rayquaza flew away!,19,1,20,pokemon,dialogue,,
0x01F4973F, Hooooo!,8,1,9,pokemon,dialogue,,
0x01F497B0,s weakened!,11,1,12,pokemon,dialogue,,
0x01F497C6, pa?,4,1,5,pokemon,dialogue,,
0x01F49803,"Too many times now have you failed
at the simplest tasks!",57,1,58,pokemon,dialogue,,
0x01F498AF,"mon,
are you?",13,1,14,pokemon,dialogue,,
0x01F498BD,"Unhand me, you uncouth brute!",29,1,30,pokemon,dialogue,,
0x01F498DB,"Not on your life, Aklove!",25,1,26,pokemon,dialogue,,
0x01F49917,Turn off the Ultimate Weapon!,29,1,30,pokemon,dialogue,,
0x01F499D9,to your knees!,14,1,15,pokemon,dialogue,,
0x01F499E8,"You take it from here, okay?",28,1,29,pokemon,dialogue,,
0x01F49A6B,s take him down together!,25,1,26,pokemon,dialogue,,
0x01F49A88, I refuse to admit defeat!,26,1,27,pokemon,dialogue,,
0x01F49ACF,THIS CANNOT BE HAPPENING!,25,1,26,pokemon,dialogue,,
0x01F49AEC,"s over, Aklove.
Time to turn yourself in.",41,1,42,pokemon,dialogue,,
0x01F49B4B," it started up
somehow!",23,1,24,pokemon,dialogue,,
0x01F49B91,"
No!",4,1,5,pokemon,dialogue,,
0x01F49CEF,"
it is all wrong!",17,1,18,pokemon,dialogue,,
0x01F49D06,How are you here!?,18,1,19,pokemon,dialogue,,
0x01F49ED0,"Just tell me, what have you done!?",34,1,35,pokemon,dialogue,,
0x01F49F52,"To give life, not take it.",26,1,27,pokemon,other,,
0x01F49FD1,blast before they all fell apart!,33,1,34,pokemon,dialogue,,
0x01F4A03C,"Were you planning to betray me,
this entire time?",49,1,50,pokemon,dialogue,,
0x01F4A106,Like so!,8,1,9,pokemon,dialogue,,
0x01F4A129,s go!,5,1,6,pokemon,dialogue,,
0x01F4A180,"t you
come for them!?",21,1,22,pokemon,dialogue,,
0x01F4A275,"m so sorry, Ivory.",18,1,19,pokemon,other,,
0x01F4A435,least start somewhere.,22,1,23,pokemon,other,,
0x01F4A477,t come looking for me.,22,1,23,pokemon,other,,
0x01F4A494, is it over?,12,1,13,pokemon,dialogue,,
0x01F4A515,ve done.,8,1,9,pokemon,other,,
0x01F4A5FE,"As for you, please come with us.
We have a lot to discuss.",58,1,59,pokemon,dialogue,,
0x01F4A663,m gone.,7,1,8,pokemon,other,,
0x01F4A6A4,re released.,12,1,13,pokemon,other,,
0x01F4A6DC,"s one more thing I
need to do.",30,1,31,pokemon,other,,
0x01F4A7D8,ve become!,10,1,11,pokemon,dialogue,,
0x01F4A85C,t really experienced it.,24,1,25,pokemon,other,,
0x01F4A98D,ve come!,8,1,9,pokemon,dialogue,,
0x01F4A9B0,"ve been saving this one,
just for you!",38,1,39,pokemon,dialogue,,
0x01F4AA26,"t just let you win
that easily!",31,1,32,pokemon,dialogue,,
0x01F4AA76,t already know.,15,1,16,pokemon,other,,
0x01F4AB6A,t be more proud of you.,23,1,24,pokemon,dialogue,,
0x01F4ABFC,I want to get to know you both.,31,1,32,pokemon,dialogue,,
0x01F4AC37, her?,5,1,6,pokemon,dialogue,,
0x01F4ACBB,"s ready, we can always
find her.",32,1,33,pokemon,description,,
0x01F4AF6A,"ll come and congratulate you
once you become the Champ!",55,1,56,pokemon,dialogue,,
0x01F4B11F,"So here, I think these may be
useful to you.",44,1,45,pokemon,dialogue,,
0x01F4B2C3,"!
I hope you excel!",19,1,20,pokemon,dialogue,,
0x01F4B2D7,Hold it!,8,1,9,pokemon,dialogue,,
0x01F4B564,this is going to be a fun battle!,33,1,34,pokemon,dialogue,,
0x01F4B5B0,s go!,5,1,6,pokemon,dialogue,,
0x01F4B736,"re now the new Champion of
Borrius!",35,1,36,pokemon,dialogue,,
0x01F4BAD3,Follow me!,10,1,11,pokemon,dialogue,,
0x01F4BC31,",
CONGRATULATIONS!",18,1,19,pokemon,dialogue,,
0x01F4BCCE,unlocked!,9,1,10,pokemon,dialogue,,
0x01F4BCD8,"Additionally, a new outfit has been
added to the Costume Box!",61,1,62,pokemon,dialogue,,
0x01F4BD7E,"mon Unbound,
and thank you for playing!",39,1,40,pokemon,dialogue,,
0x01F4BEBE,"My dad and I planned on heading
over soon to check it out.",58,1,59,pokemon,dialogue,,
0x01F4C16C,"ll
be sure to have a Mission for you.",37,1,38,pokemon,dialogue,,
0x01F4C6FE,dex will be enough.,19,1,20,pokemon,other,,
0x01F4C7D6," now
give back Grampa Arthur!",29,1,30,pokemon,dialogue,,
0x01F4C827,s in for it now!,16,1,17,pokemon,dialogue,,
0x01F4C9E1,"They never came with you, but I can
still have my revenge on you both!",70,1,71,pokemon,dialogue,,
0x01F4CACC,Time to end this once and for all!,34,1,35,pokemon,dialogue,,
0x01F4CC40,achieved!?,10,1,11,pokemon,dialogue,,
0x01F4CDED,s so pathetic.,14,1,15,pokemon,other,,
0x01F4CDFC,W-what did you say!?,20,1,21,pokemon,dialogue,,
0x01F4CF3D,our region because of it!,25,1,26,pokemon,dialogue,,
0x01F4CF5D,"Hmm? What are those sounds coming
from below?",45,1,46,pokemon,dialogue,,
0x01F4CF8B,"So, this is where you took him,
Aklove!",39,1,40,pokemon,dialogue,,
0x01F4CFBF,re here too?,12,1,13,pokemon,dialogue,,
0x01F4D087,"ve come to
rectify.",19,1,20,pokemon,other,,
0x01F4D20F,d never win!,12,1,13,pokemon,dialogue,,
0x01F4D26C,"re
long overdue.",16,1,17,pokemon,other,,
0x01F4D327,"t hurt you, did he?",19,1,20,pokemon,dialogue,,
0x01F4D3CB,"Just be thankful his ego outweighed
his common sense.",53,1,54,pokemon,description,,
0x01F4D41C,"s go home, Grampa.",18,1,19,pokemon,other,,
0x01F4D571,if you stop by!,15,1,16,pokemon,dialogue,,
0x01F4D629,m happy.,8,1,9,pokemon,other,,
0x01F4D64A," has
exceeded all my expectations.",34,1,35,pokemon,dialogue,,
0x01F4D67E,".
You deserve a nice rest.",26,1,27,pokemon,dialogue,,
0x01F4D735," has been
unlocked!",19,1,20,pokemon,dialogue,,
0x01F4DA6C,None,4,1,5,pokemon,other,,
0x01F4DA71,Quick HMs,9,1,10,pokemon,location,,
0x01F4DA7B,Skip Cutscenes,14,1,15,pokemon,location,,
0x01F4DA8A,Save Prompts,12,1,13,pokemon,location,,
0x01F4DA97,Speakers,8,1,9,pokemon,other,,
0x01F4DAA0,L-Button Mode,13,1,14,pokemon,location,,
0x01F4DAAE,R-Button Mode,13,1,14,pokemon,location,,
0x01F4DABC,Sound Effects,13,1,14,pokemon,location,,
0x01F4DACA,Background Music,16,1,17,pokemon,location,,
0x01F4DAE0,Surf Music,10,1,11,pokemon,location,,
0x01F4DAEB,Overworld Theme,15,1,16,pokemon,location,,
0x01F4DAFB,Wild Theme,10,1,11,pokemon,location,,
0x01F4DB06,Trainer Theme,13,1,14,pokemon,location,,
0x01F4DB14,Battle Effects,14,1,15,pokemon,location,,
0x01F4DB23,Battle Difficulty,17,1,18,pokemon,location,,
0x01F4DB3F,Item Restrictions,17,1,18,pokemon,location,,
0x01F4DB51,Fast Messages,13,1,14,pokemon,location,,
0x01F4DB5F,Type Icons,10,1,11,pokemon,location,,
0x01F4DB6A,General Options,15,1,16,pokemon,location,,
0x01F4DB7A,Audio Options,13,1,14,pokemon,location,,
0x01F4DB88,Battle Options,14,1,15,pokemon,location,,
0x01F4DB9D,Confirm,7,1,8,pokemon,other,,
0x01F4DBB0,Auto-Run,8,1,9,pokemon,other,,
0x01F4DBC4,Dexnav Scan,11,1,12,pokemon,location,,
0x01F4DBD0,Mining Scan,11,1,12,pokemon,location,,
0x01F4DBDC,View Party,10,1,11,pokemon,location,,
0x01F4DBE7,View Items,10,1,11,pokemon,location,,
0x01F4DBF2,Mission Log,11,1,12,pokemon,location,,
0x01F4DC09,Puzzle Difficulty,17,1,18,pokemon,location,,
0x01F4DC1B,Auto Item Sort,14,1,15,pokemon,location,,
0x01F4DC44,Semi-Shift,10,1,11,pokemon,other,,
0x01F4DC57,Exp. Share,10,1,11,pokemon,location,,
0x01F4DC62,Capped Exp. Share,17,1,18,pokemon,location,,
0x01F4DC74,4 Items Only,12,1,13,pokemon,other,,
0x01F4DC8A,Enemy Trainer Only,18,1,19,pokemon,dialogue,,
0x01F4DCB2,Team Preview,12,1,13,pokemon,location,,
0x01F4DCBF,Frontier Only,13,1,14,pokemon,location,,
0x01F4DCD4,Never,5,1,6,pokemon,other,,
0x01F4DCDA,Last Used Ball,14,1,15,pokemon,location,,
0x01F4DCE9,After 1 Ball,12,1,13,pokemon,location,,
0x01F4DCF6,Always Best Ball,16,1,17,pokemon,location,,
0x01F4DD15,Nickname Offer,14,1,15,pokemon,location,,
0x01F4DD24,Take Wild Item,14,1,15,pokemon,location,,
0x01F4DD33,Audio Quality,13,1,14,pokemon,location,,
0x01F4DD6D,Skip certain story cutscenes.,29,1,30,pokemon,other,,
0x01F4DD8B,Receive prompts to save often.,30,1,31,pokemon,other,,
0x01F4DDAA,HMs can be used quicker in the field.,37,1,38,pokemon,description,,
0x01F4DE12,The difficulty of overworld puzzles.,36,1,37,pokemon,description,,
0x01F4DE4B,s Items sector.,15,1,16,pokemon,other,,
0x01F4DE5B,The frame style of certain text boxes.,38,1,39,pokemon,description,,
0x01F4DE82,The quality of all game audio.,30,1,31,pokemon,other,,
0x01F4DEBC,Speakers may play differing audio.,34,1,35,pokemon,description,,
0x01F4DEDF,Both speakers play the same audio.,34,1,35,pokemon,description,,
0x01F4DF02,Play sound effects and cries.,29,1,30,pokemon,other,,
0x01F4DF20,Play background music.,22,1,23,pokemon,location,,
0x01F4DF37,Play themes when biking and Surfing.,36,1,37,pokemon,description,,
0x01F4DF5C,Override music for the overworld.,33,1,34,pokemon,description,,
0x01F4DF7E,Override music for wild battles.,32,1,33,pokemon,description,,
0x01F4DF9F,Override music for Trainer battles.,35,1,36,pokemon,description,,
0x01F4DFC3,View battle animations.,23,1,24,pokemon,location,,
0x01F4DFDB,Get free switch after a KO.,27,1,28,pokemon,other,,
0x01F4DFF7,No free switch after a KO.,26,1,27,pokemon,other,,
0x01F4E012,Get nameless free switch after a KO.,36,1,37,pokemon,description,,
0x01F4E037,The battle difficulty for all battles.,38,1,39,pokemon,description,,
0x01F4E05E,Button combination for fleeing quickly.,39,1,40,pokemon,description,,
0x01F4E086,Exp. distribution after a KO.,29,1,30,pokemon,other,,
0x01F4E0B1,mon sent out gain Exp.,22,1,23,pokemon,other,,
0x01F4E0D0,mon in the party gain Exp.,26,1,27,pokemon,other,,
0x01F4E0EB,Exp. Share with hard level caps.,32,1,33,pokemon,description,,
0x01F4E10C,Rules for using items in Trainer battles.,41,1,42,pokemon,description,,
0x01F4E136,Show prompt to view enemy team.,31,1,32,pokemon,dialogue,,
0x01F4E156,Show prompt to use last Poke Ball.,34,1,35,pokemon,description,,
0x01F4E179,Battle messages play with less delay.,37,1,38,pokemon,description,,
0x01F4E1A3,mon types are shown when attacking.,35,1,36,pokemon,description,,
0x01F4E1E6,mon.,4,1,5,pokemon,other,,
0x01F4E200,s item in the Cube.,19,1,20,pokemon,other,,
0x01F4E214,Save the selected settings.,27,1,28,pokemon,system,,
0x01F4E4FD, the selected settings?,23,1,24,pokemon,dialogue,,
0x01F4E515,Motorcycle,10,1,11,pokemon,other,,
0x01F4E55B,mon for you?,12,1,13,pokemon,dialogue,,
0x01F4E6F1,"mon for a
few seconds.",22,1,23,pokemon,other,,
0x01F4E80D,mon are at full health.,23,1,24,pokemon,other,,
0x01F4E825,Stay safe out there!,20,1,21,pokemon,dialogue,,
0x01F4E94C,500.,4,1,5,pokemon,other,,
0x01F4E9B1,t have the money.,17,1,18,pokemon,other,,
0x01F4E9D2,mon already.,12,1,13,pokemon,other,,
0x01F4EA37,t really tell.,14,1,15,pokemon,other,,
0x01F4EA46,"I really hope I see you and your
money again.",45,1,46,pokemon,dialogue,,
0x01F4ECC4,mon.,4,1,5,pokemon,other,,
0x01F4ED7B,"Is there something you needed to
ask me about linking?",54,1,55,pokemon,dialogue,,
0x01F4F0D1,"I hope you enjoy the Wireless
Communication System.",51,1,52,pokemon,dialogue,,
0x01F4F105,"Your Link Battle records?
Certainly.",36,1,37,pokemon,dialogue,,
0x01F4F12A,"I hope you enjoy the Wireless
Communication System.",51,1,52,pokemon,dialogue,,
0x01F4F15E,Explain Linking,15,1,16,pokemon,location,,
0x01F4F16E,Battle Records,14,2,16,pokemon,location,,
0x01F4F184,mon League,10,1,11,pokemon,other,,
0x01F4F543,"re prepared for these
conditions before you fight them!",55,1,56,pokemon,dialogue,,
0x01F4F77A,good variety of moves.,22,1,23,pokemon,other,,
0x01F4F8C2,"Demonstrate the power that brought
you here and go for glory!",61,1,62,pokemon,dialogue,,
0x01F4F99A,challenge anew.,15,1,16,pokemon,other,,
0x01F4F9AA,You Are My Only,15,1,16,pokemon,dialogue,,
0x01F4FA01,"mon, and prove your bond?",25,1,26,pokemon,dialogue,,
0x01F4FB33,mon?,4,1,5,pokemon,dialogue,,
0x01F4FB7A,fills you with strength!,24,1,25,pokemon,dialogue,,
0x01F4FB9F,"re one of those people
that needs more than one friend.",55,1,56,pokemon,description,,
0x01F4FC26,mon!,4,1,5,pokemon,dialogue,,
0x01F4FC9A,"Well, take this, in case you want
an even stronger friend.",58,1,59,pokemon,dialogue,,
0x01F4FD02,"It is definitely the most important
stat!",41,1,42,pokemon,dialogue,,
0x01F4FE88,"Very well! Learn of the wrath of
the mole-people and the very Earth!",68,1,69,pokemon,dialogue,,
0x01F4FF48,"This I swear, on behalf of all
mole-people!",43,1,44,pokemon,dialogue,,
0x01F5020C,Starting with you!,18,1,19,pokemon,dialogue,,
0x01F50255,"Leave. And do not return, for I
shall surely triumph next time!",63,1,64,pokemon,dialogue,,
0x01F50332,Elias,5,1,6,pokemon,other,,
0x01F50569,falls apart.,12,1,13,pokemon,other,,
0x01F506C7,s really inconvenient.,22,1,23,pokemon,other,,
0x01F5086C,"s just get this battle
over with.",33,1,34,pokemon,description,,
0x01F50949,"s still some members of the
Elite Four to beat.",47,1,48,pokemon,description,,
0x01F509C0,Go defend your title of Champion.,33,1,34,pokemon,dialogue,,
0x01F50B73,"m gonna show you
how a fairy princess does it!",46,1,47,pokemon,dialogue,,
0x01F50BBB,"!
I had so much fun!",20,1,21,pokemon,dialogue,,
0x01F50C86,s what people call Daddy now.,29,1,30,pokemon,other,,
0x01F50D14,"s where the Champion room is!
You should go and see it!",55,1,56,pokemon,dialogue,,
0x01F50E63,"Arabella the fairy princess!
Transform!",39,1,40,pokemon,dialogue,,
0x01F50EE6,"ll keep working at the Elite Four
until Daddy gets a new job!",61,1,62,pokemon,dialogue,,
0x01F50F59,"You should go defend your title of
Champion now!",48,1,49,pokemon,dialogue,,
0x01F51170,GRAWR!,6,1,7,pokemon,dialogue,,
0x01F511E0,"Looks like my dragons and I still
need to get stronger.",55,1,56,pokemon,dialogue,,
0x01F513C4,"No? Ah, suit yourself.
More merch for me!",41,1,42,pokemon,dialogue,,
0x01F51528,GRAWR!,6,1,7,pokemon,dialogue,,
0x01F5163E,"
until I beat you myself!",25,1,26,pokemon,dialogue,,
0x01F516FD,"No? Ah, suit yourself.
More merch for me!",41,1,42,pokemon,dialogue,,
0x01F51731,"You defended your title!
Congratulations!",41,1,42,pokemon,dialogue,,
0x01F51915,re going down!,14,1,15,pokemon,dialogue,,
0x01F519C9,"m taking your spot at the
top for sure!",39,1,40,pokemon,dialogue,,
0x01F51A8F,you that!,9,1,10,pokemon,dialogue,,
0x01F51D00,at defeating you!,17,1,18,pokemon,dialogue,,
0x01F51DFD,"And so, I have to put everything I
have on the line to take you down!",69,1,70,pokemon,dialogue,,
0x01F528A4,"ll pry that crown
out of your hands!",36,1,37,pokemon,dialogue,,
0x01F5294C,"ll be super fun with a
strong Trainer like you!",47,1,48,pokemon,dialogue,,
0x01F529B3,m glad I came all this way!,27,1,28,pokemon,dialogue,,
0x01F52A35,"t lose this
fight!",18,1,19,pokemon,dialogue,,
0x01F52AFF,"Like, I doubt West Borrians would
willingly live in a swamp.",60,1,61,pokemon,dialogue,,
0x01F52B8A,"The mud is actually very good for
the skin.",43,1,44,pokemon,description,,
0x01F52C1D,you fight them!,15,1,16,pokemon,dialogue,,
0x01F52CFC,"ll
disappear for a reason.",26,1,27,pokemon,other,,
0x01F52D53,Who needs Arceus?,17,1,18,pokemon,dialogue,,
0x01F52DA7,"We dance for the chance to one day
witness a true dancer.",57,1,58,pokemon,description,,
0x01F52E2F,"
I dance!",9,1,10,pokemon,dialogue,,
0x01F52E39,"Meloetta!
We love you!",22,1,23,pokemon,dialogue,,
0x01F5301A,"s
famous Croagunk show?",23,1,24,pokemon,dialogue,,
0x01F5303A,m going to get all fired up!,28,1,29,pokemon,dialogue,,
0x01F53057,"Ready all Croagunk!
Everyone, gather up!",40,1,41,pokemon,dialogue,,
0x01F530E4,"!
Ready, set, go!",17,1,18,pokemon,dialogue,,
0x01F530F6,cute round eyes,15,1,16,pokemon,other,,
0x01F53106,bright orange cheeks,20,1,21,pokemon,other,,
0x01F5311B,bored look on its face,22,1,23,pokemon,other,,
0x01F53132,biggest smile,13,1,14,pokemon,other,,
0x01F53140,"Okay! Find the Croagunk that
I asked you to follow!",51,1,52,pokemon,dialogue,,
0x01F53194,", right?",8,1,9,pokemon,dialogue,,
0x01F531D3,",
from that Croagunk!",21,1,22,pokemon,dialogue,,
0x01F53250,"Thank you, one and all!",23,1,24,pokemon,dialogue,,
0x01F53287,"s great, though.",16,1,17,pokemon,other,,
0x01F532FB,tomorrow!,9,1,10,pokemon,dialogue,,
0x01F533D6,Sundays and Wednesdays.,23,1,24,pokemon,location,,
0x01F5344F,Great Piscator,14,1,15,pokemon,location,,
0x01F534A8,mon.,4,1,5,pokemon,other,,
0x01F534EF,mon.,4,1,5,pokemon,other,,
0x01F53532,mon.,4,1,5,pokemon,other,,
0x01F53786, times!,7,1,8,pokemon,dialogue,,
0x01F53818, times.,7,1,8,pokemon,other,,
0x01F538D7,"This should be easy for a great
piscator such as yourself.",58,1,59,pokemon,dialogue,,
0x01F5398A,s your reward!,14,1,15,pokemon,dialogue,,
0x01F53A2C,"ll be running
that joint!",25,1,26,pokemon,dialogue,,
0x01F53AC2,"
if you want the reward.",24,1,25,pokemon,dialogue,,
0x01F53B20,party for it.,13,1,14,pokemon,other,,
0x01F53BF9,"But disposable items seem
to disappear.",39,1,40,pokemon,description,,
0x01F53C73, of town.,9,1,10,pokemon,other,,
0x01F53DFC,"They have the best value out of
all repellants!",47,1,48,pokemon,dialogue,,
0x01F53F74, Balls.,7,1,8,pokemon,other,,
0x01F53FC6,mon.,4,1,5,pokemon,other,,
0x01F54044,"d please do me a
favour.",24,1,25,pokemon,other,,
0x01F540D1,"m touched that you came here,
yet you are being so unkind.",58,1,59,pokemon,dialogue,,
0x01F5414C,Thank you.,10,1,11,pokemon,dialogue,,
0x01F54201,"t hesitate to accept
this.",26,1,27,pokemon,other,,
0x01F54254,m sure you can use it skillfully!,33,1,34,pokemon,dialogue,,
0x01F54276,All the Right Moves,19,1,20,pokemon,other,,
0x01F5428A,"There are 120 TMs in total.
Can you find them all?",50,1,51,pokemon,dialogue,,
0x01F54300,Do you think you can find them all?,35,1,36,pokemon,dialogue,,
0x01F543A3,t be shy! Talk to everyone!,27,1,28,pokemon,dialogue,,
0x01F5443F,"ll
give you a great gift!",25,1,26,pokemon,dialogue,,
0x01F54521,"As a reward, please accept this
as a gift!",42,1,43,pokemon,dialogue,,
0x01F545C3,s power!,8,1,9,pokemon,dialogue,,
0x01F545CC,"This TM was found in the outdoor
hedge maze.",44,1,45,pokemon,description,,
0x01F545F9,"This TM was found on the snowy
cliffs after using Rock Climb.",61,1,62,pokemon,description,,
0x01F54637,"This TM was found on B1F after
crossing the blue bridge.",56,1,57,pokemon,description,,
0x01F54670,"This TM was purchased in the
marketplace.",41,1,42,pokemon,description,,
0x01F5469A,"This TM was found in the large room
on 1F after using Surf.",59,1,60,pokemon,description,,
0x01F546D6,"This TM was found on the east side
of the bog after using Surf.",63,1,64,pokemon,description,,
0x01F54716,"This TM was received from a Clown
after helping him escape.",59,1,60,pokemon,description,,
0x01F54752,"This TM was purchased in the
marketplace.",41,1,42,pokemon,description,,
0x01F5477C,"This TM was found on the east side
of the route after using Cut.",64,1,65,pokemon,description,,
0x01F547BD,"This TM was received from the
Hidden Power man in his home.",59,1,60,pokemon,description,,
0x01F547F9,"This TM was received from a Clown
after showing him Solrock or
Solgaleo.",72,1,73,pokemon,description,,
0x01F54842,"This TM was found hiding behind
the Mart.",41,1,42,pokemon,description,,
0x01F5486C,"This TM was found on 4F after
defeating a pair of Ace Trainers.",63,1,64,pokemon,description,,
0x01F548AC,"This TM was found on B1F after
pushing a boulder down a hole.",61,1,62,pokemon,description,,
0x01F548EA,This TM was purchased on 4F.,28,1,29,pokemon,other,,
0x01F54907,"This TM was purchased for
2000 Coins.",37,1,38,pokemon,description,,
0x01F5492D,"This TM was purchased in the
marketplace.",41,1,42,pokemon,description,,
0x01F54957,"This TM was received from a Clown
after finding him hiding.",59,1,60,pokemon,description,,
0x01F54993,"This TM was found after using Cut
near the exit to Cube Corp.",61,1,62,pokemon,description,,
0x01F549D1,"This TM was purchased for 16 BP
from the shop.",46,1,47,pokemon,description,,
0x01F54A00,"This TM was found on B1F after
navigating through the frustrating
cracked floor.",80,1,81,pokemon,description,,
0x01F54A51,"This TM was found underneath a
treetop on the southern half of
the east side of the route.",90,1,91,pokemon,description,,
0x01F54AAC,"This TM was found after resurfacing
with the ADM.",49,1,50,pokemon,description,,
0x01F54ADE,"This TM was found on 1F by the
Epidimy Town entrance after using
Surf.",70,1,71,pokemon,dialogue,,
0x01F54B25,"This TM was found near the peak
after using Rock Climb.",55,1,56,pokemon,description,,
0x01F54B5D,"This TM was found above the Tomb
of Borrius after using Rock Climb.",67,1,68,pokemon,description,,
0x01F54C11,"This TM was found above the KBT
Expressway after using Waterfall.",65,1,66,pokemon,description,,
0x01F54C53,"This TM was found in the centre of
the lake.",44,1,45,pokemon,description,,
0x01F54C80,"This TM was found on B3F after
using Rock Smash.",48,1,49,pokemon,description,,
0x01F54CB1,"This TM was purchased for
3000 Coins.",37,1,38,pokemon,description,,
0x01F54CD7,"This TM was purchased for
2000 Coins.",37,1,38,pokemon,description,,
0x01F54CFD,"This TM was found purchased from
the Mart.",42,1,43,pokemon,description,,
0x01F54D28,"This TM was found after crossing
over the magma.",48,1,49,pokemon,description,,
0x01F54D59,"This TM was found in the south room
after using Waterfall.",58,1,59,pokemon,description,,
0x01F54D94,"This TM was received from a Clown
after smashing all of the rocks in
the west section of the desert.",100,1,101,pokemon,description,,
0x01F54DF9,"This TM was found on 3F after using
Rock Climb.",47,1,48,pokemon,description,,
0x01F54E29,"This TM was found purchased from
the Mart.",42,1,43,pokemon,description,,
0x01F54E54,"This TM was received as a reward
for defeating the Gym Leader.",62,1,63,pokemon,description,,
0x01F54E93,"This TM was found on B2F behind a
locked door.",46,1,47,pokemon,description,,
0x01F54EC2,"This TM was received as a reward
for defeating the Gym Leader.",62,1,63,pokemon,description,,
0x01F54F01,"This TM was purchased for
3000 Coins.",37,1,38,pokemon,description,,
0x01F54F27,"This TM was found on B1F after
using Surf.",42,1,43,pokemon,description,,
0x01F54F52,"This TM was found on a beach next
to a Fisherman after using Surf.",66,1,67,pokemon,description,,
0x01F54F95,"This TM was received as a reward
for defeating the Gym Leader.",62,1,63,pokemon,description,,
0x01F54FD4,"This TM was found after hopping
a ledge on the east side of the
route.",70,1,71,pokemon,description,,
0x01F5501B,"This TM was found on the cliffs
after both resurfacing with the
ADM and using Rock Climb.",89,1,90,pokemon,description,,
0x01F55075,"This TM was received as a reward
for defeating the Gym Leader.",62,1,63,pokemon,description,,
0x01F550B4,"This TM was found on 1F in the left
room after hiding blue and red
crystals.",76,1,77,pokemon,description,,
0x01F55101,"This TM was found on some rocky
ground after using Rock Climb.",62,1,63,pokemon,description,,
0x01F55140,This TM was purchased on 4F.,28,1,29,pokemon,other,,
0x01F5515D,"This TM was purchased in the
marketplace.",41,1,42,pokemon,description,,
0x01F55187,"This TM was found next to a fence
above the Camper.",51,1,52,pokemon,description,,
0x01F551BB,"This TM was found purchased from
the Mart.",42,1,43,pokemon,description,,
0x01F5521B,"This TM was purchased in the
marketplace.",41,1,42,pokemon,description,,
0x01F55245,"This TM was purchased for 24 BP
from the shop.",46,1,47,pokemon,description,,
0x01F55297,mon Center after using Cut.,27,1,28,pokemon,other,,
0x01F552B3,"This TM was received as a reward
for defeating the Gym Leader.",62,1,63,pokemon,description,,
0x01F552F2,"This TM was purchased for
4000 Coins.",37,1,38,pokemon,description,,
0x01F5534B,"This TM was found purchased from
the Mart.",42,1,43,pokemon,description,,
0x01F55376,This TM was purchased on 4F.,28,1,29,pokemon,other,,
0x01F55393,"This TM was found on the cliffs
after using Rock Climb.",55,1,56,pokemon,description,,
0x01F553CB,"This TM was found after using Cut
outside the western Grim Woods
exit.",70,1,71,pokemon,description,,
0x01F55412,"This TM was found in the north
room. Always remember to recycle!",64,1,65,pokemon,dialogue,,
0x01F55453,This TM was purchased on 4F.,28,1,29,pokemon,other,,
0x01F55470,"This TM was found on B1F after
sliding around the ice and using
Rock Smash.",75,1,76,pokemon,description,,
0x01F554BC,"This TM was received as a gift in
the Mart.",43,1,44,pokemon,description,,
0x01F554E8,"This TM was found on 1F in the
right room after hiding yellow
crystals.",71,1,72,pokemon,description,,
0x01F55530,"This TM was found on 2F after going
up an alternate ladder.",59,1,60,pokemon,description,,
0x01F555A2,"This TM was found after Surfing to
rocky ground and using Rock Climb.",69,1,70,pokemon,description,,
0x01F555E8,"This TM was purchased for
4000 Coins.",37,1,38,pokemon,description,,
0x01F55635,"s storage area after using
both Strength and Rock Smash.",56,1,57,pokemon,description,,
0x01F5566E,"This TM was found underneath a
treetop after using Surf in the
eastern hidden pathway.",86,1,87,pokemon,description,,
0x01F556C5,"This TM was found purchased from
the Mart.",42,1,43,pokemon,description,,
0x01F556F0,"This TM was found on 1F after using
Rock Climb near the entrance.",65,1,66,pokemon,description,,
0x01F55732,"This TM was found on 2F after using
Rock Climb.",47,1,48,pokemon,description,,
0x01F55762,"This TM was found near mushrooms
hiding Paras after using Surf.",63,1,64,pokemon,description,,
0x01F557A2,"This TM was purchased for
4000 Coins.",37,1,38,pokemon,description,,
0x01F557C8,"This TM was found after using Rock
Climb above the KBT Expressway.",66,1,67,pokemon,description,,
0x01F5580B,"This TM was purchased in the
marketplace.",41,1,42,pokemon,description,,
0x01F55835,"This TM was received in the Dream
Research Lab.",47,1,48,pokemon,description,,
0x01F55865,"This TM was received as a reward
for defeating the Gym Leader.",62,1,63,pokemon,description,,
0x01F558A4,"This TM was purchased for
2000 Coins.",37,1,38,pokemon,description,,
0x01F558CA,"This TM was found purchased from
the Mart.",42,1,43,pokemon,description,,
0x01F558F5,"This TM was found in the foresty
area after using both Surf and Cut.",68,1,69,pokemon,description,,
0x01F5593A,"This TM was purchased for 32 BP
from the shop.",46,1,47,pokemon,description,,
0x01F55969,"This TM was found on 2F after using
Rock Climb.",47,1,48,pokemon,description,,
0x01F55999,"This TM was received as a reward
for defeating the Gym Leader.",62,1,63,pokemon,description,,
0x01F559D8,"This TM was found on 2F after
wandering around for a while.",59,1,60,pokemon,description,,
0x01F55A14,"This TM was found on 3F near the
Battle Girl.",45,1,46,pokemon,description,,
0x01F55A42,"This TM was found near the ocean
between two ledges after battling
the Sun Trio.",80,1,81,pokemon,description,,
0x01F55A93,"This TM was found purchased from
the Mart.",42,1,43,pokemon,description,,
0x01F55ABE,"This TM was found after using Rock
Climb.",41,1,42,pokemon,description,,
0x01F55B1F,"This TM was found in the warehouse
where a Science Society scientist
was experimenting on an Electivire.",104,1,105,pokemon,description,,
0x01F55B88,"This TM was found near a Bug
Catcher on the north side of the
forest.",69,1,70,pokemon,description,,
0x01F55BCE,"This TM was found after using Rock
Climb and destroying the tablet.",67,1,68,pokemon,description,,
0x01F55C12,"This TM was found underneath a
treetop.",39,1,40,pokemon,description,,
0x01F55C3A,"This TM was purchased for 48 BP
from the shop.",46,1,47,pokemon,description,,
0x01F55C69,"This TM was found after using Rock
Climb on the eastern beach.",62,1,63,pokemon,description,,
0x01F55CA8,This TM was found after using Surf.,35,1,36,pokemon,description,,
0x01F55D39,"mon with Eerie
Impulse.",23,1,24,pokemon,other,,
0x01F55D51,"This TM was found in the patch of
grass next to the entrance of
Frost Mountain.",79,1,80,pokemon,description,,
0x01F55DF6,"This TM was found after diving
underwater in the Research Lab.",62,1,63,pokemon,description,,
0x01F55E70,"This TM was found in the middle of
Challenge Road after using Cut.",66,1,67,pokemon,description,,
0x01F55EB3,"This TM was purchased for
2000 Coins.",37,1,38,pokemon,description,,
0x01F55ED9,"This TM was received as a gift in
the marketplace.",50,1,51,pokemon,description,,
0x01F55F0C,"This TM was purchased for 24 BP
from the shop.",46,1,47,pokemon,description,,
0x01F55F3B,"This TM was purchased for 48 BP
from the shop.",46,1,47,pokemon,description,,
0x01F55F6A,"This TM was found after resurfacing
with the ADM.",49,1,50,pokemon,description,,
0x01F55F9C,"This TM was received as a gift in
one of the southern houses.",61,1,62,pokemon,description,,
0x01F55FDA,"This TM was found after using
Waterfall.",40,1,41,pokemon,description,,
0x01F56040, Missions,9,2,11,pokemon,other,,
0x01F56057,Type,4,1,5,pokemon,other,,
0x01F5605C,Active,6,1,7,pokemon,other,,
0x01F56063,Inactive,8,1,9,pokemon,other,,
0x01F5606C,Reward Available,16,1,17,pokemon,location,,
0x01F5607D,Done,4,1,5,pokemon,other,,
0x01F56082,Caught,6,1,7,pokemon,other,,
0x01F56089,Found,5,1,6,pokemon,other,,
0x01F5608F,Read,4,1,5,pokemon,other,,
0x01F56094,Close,5,1,6,pokemon,other,,
0x01F5609A,Back,4,1,5,pokemon,other,,
0x01F560A3,Completed,9,2,11,pokemon,other,,
0x01F560D5,None,4,1,5,pokemon,other,,
0x01F560E6," to
receive your reward!",24,1,25,pokemon,dialogue,,
0x01F560FF,Start for more details.,23,1,24,pokemon,other,,
0x01F56125,"s package from the
Bellin Town Mart!",36,1,37,pokemon,dialogue,,
0x01F5616D,s package!,10,1,11,pokemon,dialogue,,
0x01F561A0,s package!,10,1,11,pokemon,dialogue,,
0x01F561BC,s package to him!,17,1,18,pokemon,dialogue,,
0x01F561F5,dex to him!,11,1,12,pokemon,dialogue,,
0x01F56201,Challenge the Dresco Town Gym!,30,1,31,pokemon,dialogue,,
0x01F56232,"s friend in
Dresco Town!",24,1,25,pokemon,dialogue,,
0x01F5624B,"Make a beeline for Cinder Volcano
and save Moltres!",51,1,52,pokemon,dialogue,,
0x01F5627F,Challenge the Crater Town Gym!,30,1,31,pokemon,dialogue,,
0x01F5629E,"Use the KBT Expressway to go south
of Crater Town.",50,1,51,pokemon,description,,
0x01F562D1,"Head through Valley Cave and make
your way towards Blizzard City!",65,1,66,pokemon,dialogue,,
0x01F56313,"Head up Frost Mountain and make
your way towards Blizzard City!",63,1,64,pokemon,dialogue,,
0x01F56397,"s
friend in Blizzard City!",26,1,27,pokemon,dialogue,,
0x01F563B2,"Travel south through the KBT
Expressway to Fallshore City!",58,1,59,pokemon,dialogue,,
0x01F563ED,"Make your way down Route 10 to
Tehl Town!",41,1,42,pokemon,dialogue,,
0x01F56482,"Talk to the Fallshore City Gym
Leader in Tehl Town!",51,1,52,pokemon,dialogue,,
0x01F564D8,"Obtain the power of Mega Evolution
from the Tarmigan Mansion!",61,1,62,pokemon,dialogue,,
0x01F5655B,"Make a beeline for Thundercap Mt.
and save Zapdos!",50,1,51,pokemon,dialogue,,
0x01F5658E,"Meet up with Jax in Epidimy Town
to discuss your next move!",59,1,60,pokemon,dialogue,,
0x01F565CA,Head up Route 12 to Dehara City!,32,1,33,pokemon,dialogue,,
0x01F565EB,"Talk to Jax at the Dehara
Game Corner!",38,1,39,pokemon,dialogue,,
0x01F56612,"Explore the Ruins of Void and make
your way to the top!",55,1,56,pokemon,dialogue,,
0x01F5664A,The Mission Log is not connected.,33,1,34,pokemon,description,,
0x01F5666C,"Help Marlon destroy the Shadow
Warriors in Cinder Volcano!",58,1,59,pokemon,dialogue,,
0x01F566BB,"ga deeper into
Cinder Volcano!",30,1,31,pokemon,dialogue,,
0x01F566F0," base in
Frozen Heights and find Zeph!",38,1,39,pokemon,dialogue,,
0x01F56736,"Get the Go-Goggles from a Hiker
in Dehara City!",47,1,48,pokemon,dialogue,,
0x01F56766,"Make your way through the Great
Desert to Vivill Town!",54,1,55,pokemon,dialogue,,
0x01F567CF,"Head inside the Vivill Town
warehouse!",38,1,39,pokemon,dialogue,,
0x01F567F6,"Look around Vivill Warehouse and
find a way into the Command Centre!",68,1,69,pokemon,dialogue,,
0x01F56883,Meet Jax in Vivill Town!,24,1,25,pokemon,dialogue,,
0x01F568B7,"Make your way to Seaport City and
board a boat to East Borrius!",63,1,64,pokemon,dialogue,,
0x01F5694A,"Make a beeline to the top of
Crystal Peak and save Borrius!",59,1,60,pokemon,dialogue,,
0x01F56986,"Defeat Ivory and continue your
climb to the top of Crystal Peak!",64,1,65,pokemon,dialogue,,
0x01F569C7,"Defeat Hoopa to make a path to
the Ultimate Weapon!",51,1,52,pokemon,dialogue,,
0x01F569FB,Turn off the Ultimate Weapon!,29,1,30,pokemon,dialogue,,
0x01F56A28," one last
time to defeat Marlon!",32,1,33,pokemon,dialogue,,
0x01F56A94,mon League!,11,1,12,pokemon,dialogue,,
0x01F56AA0,Check in with your mom!,23,1,24,pokemon,dialogue,,
0x01F56AB8,"Buy an ADM in Seaport City in order
to Dive underwater!",55,1,56,pokemon,dialogue,,
0x01F56AF0,"Dive underwater at the Ruins of Void
and rescue your mom from Aklove!",69,1,70,pokemon,dialogue,,
0x01F56B36,"The main story has been completed.
Just enjoy exploring Borrius!",64,2,66,pokemon,dialogue,,
0x01F56B92,"mon
in the den!",15,1,16,pokemon,dialogue,,
0x01F56C08,"Would you like to throw in a
Wishing Piece?",43,1,44,pokemon,dialogue,,
0x01F56C34,You threw in a Wishing Piece.,29,1,30,pokemon,dialogue,,
0x01F56CE0,"I can explain about these areas
if it is!",41,1,42,pokemon,dialogue,,
0x01F56D0A,What should I explain?,22,1,23,pokemon,dialogue,,
0x01F56D78,"m looking forward to teaming up
with you sometime!",50,1,51,pokemon,dialogue,,
0x01F56FC3,normal size.,12,1,13,pokemon,other,,
0x01F5725F,effect while Dynamaxed!,23,1,24,pokemon,dialogue,,
0x01F5746C,preset teams.,13,1,14,pokemon,other,,
0x01F5748A,Preset Teams,12,1,13,pokemon,location,,
0x01F57497,"This Raid Den was found in a Hidden
Grotto after using Rock Climb by
the entrance to Flower Paradise.",101,1,102,pokemon,description,,
0x01F574FD,"This Raid Den was found in a Hidden
Grotto after using Cut outside the
western Grim Woods exit.",95,1,96,pokemon,description,,
0x01F5755D,"This Raid Den was found in a Hidden
Grotto after using Cut on the
south side of the route.",90,1,91,pokemon,description,,
0x01F575B8,"This Raid Den was found in a Hidden
Grotto after crossing the bridge
on the east side of the route.",99,1,100,pokemon,description,,
0x01F5761C,"This Raid Den was found in a Hidden
Grotto on the road that connects
Route 7 to Route 6.",88,1,89,pokemon,description,,
0x01F57675,"This Raid Den was found in a Hidden
Grotto after using Rock Smash in
the middle of the route.",93,1,94,pokemon,description,,
0x01F576D3,"This Raid Den was found in a Hidden
Grotto on the western side of the
lake.",75,1,76,pokemon,description,,
0x01F5771F,"This Raid Den was found in a Hidden
Grotto after heading directly north
from Tehl Town.",87,1,88,pokemon,description,,
0x01F57777,"This Raid Den was found in a Hidden
Grotto after using Surf by the
entrance to Cliff Cave.",90,1,91,pokemon,description,,
0x01F57811,"s secret
exit on 1F.",20,1,21,pokemon,other,,
0x01F57826,"This Raid Den was found in a Hidden
Grotto on the west side of the
route near the Hiker.",88,1,89,pokemon,description,,
0x01F5787F,"This Raid Den was found in a Hidden
Grotto after using Rock Climb above
the KBT Expressway.",91,1,92,pokemon,description,,
0x01F578DB,"This Raid Den was found above
the Tomb of Borrius after using
Rock Climb.",73,1,74,pokemon,description,,
0x01F57925,"This Raid Den was found in a Hidden
Grotto after using Rock Climb by
the entrance to Vivill Woods.",98,1,99,pokemon,description,,
0x01F57988,"This Raid Den was found in a Hidden
Grotto after using Surf north of
the Antisis City exit.",91,1,92,pokemon,description,,
0x01F579E4,"This Raid Den was found in a Hidden
Grotto after crossing the bridge
and using Cut.",83,1,84,pokemon,description,,
0x01F57A38,"This Raid Den was found in a Hidden
Grotto by the entrance to Crystal
Peak after using Surf.",92,1,93,pokemon,description,,
0x01F57A95,"This Raid Den was found in a Hidden
Grotto on the southern half of
the east side of the route.",94,1,95,pokemon,description,,
0x01F57B47,mon Center.,11,1,12,pokemon,other,,
0x01F57B53,"This Raid Den was found in a Hidden
Grotto after using Surf to go east
from the docks.",86,1,87,pokemon,description,,
0x01F57BCA,"This Raid Den was found in the
hidden section of Icicle Cave
behind the Braille tablet.",87,1,88,pokemon,description,,
0x01F57C22,"This Raid Den was found near the
western exit after placing the
boulder on a pressure plate.",92,1,93,pokemon,description,,
0x01F57C7F,"This Raid Den was found on 2F
behind the Braille tablet.",56,1,57,pokemon,description,,
0x01F57CB8,"This Raid Den was found in a small
room after breaking through a
collapsed doorway.",83,1,84,pokemon,description,,
0x01F57D0C,"This Raid Den was found on 1F
behind the Braille tablet.",56,1,57,pokemon,description,,
0x01F57D45,"This Raid Den was found on 1F
behind the Braille tablet.",56,1,57,pokemon,description,,
0x01F57D7E,"This Raid Den was found on 3F
behind the Braille tablet.",56,1,57,pokemon,description,,
0x01F57DB7,"This Raid Den was found on B3F
behind the Braille tablet.",57,1,58,pokemon,description,,
0x01F57DF1,"This Raid Den was found in the
large room on 1F behind the
Braille tablet.",74,1,75,pokemon,description,,
0x01F57E3C,"This Raid Den was found in the
lava room on B1F behind the
Braille tablet.",74,2,76,pokemon,description,,
0x01F57E87, Redwood Forest,15,1,16,pokemon,other,,
0x01F57F10,t stop true love!,17,1,18,pokemon,dialogue,,
0x01F57F22,"Infernape!
Wake it up with a Fire Punch!",40,1,41,pokemon,dialogue,,
0x01F57F4E,Ooh ooh ahh!,12,1,13,pokemon,dialogue,,
0x01F58050,s your chance!,14,1,15,pokemon,dialogue,,
0x01F58096,"ll have to capture
it if you want to get rid of it.",51,1,52,pokemon,dialogue,,
0x01F58131,"Here, this is for your trouble.
I appreciate ya, Champ!",55,1,56,pokemon,dialogue,,
0x01F58179,The suspicious person ran off!,30,1,31,pokemon,dialogue,,
0x01F581D8,Numbskull,9,1,10,pokemon,other,,
0x01F58215, times!,7,1,8,pokemon,dialogue,,
0x01F582E4, times!,7,1,8,pokemon,dialogue,,
0x01F582EC,"Good, attack trees with Headbutt,
and dem who defend trees.",59,1,60,pokemon,description,,
0x01F58328,"Okee, me will hurt trees meself!",32,1,33,pokemon,dialogue,,
0x01F583BC,"Take dis to help you for you
help me.",37,1,38,pokemon,dialogue,,
0x01F583E2,"Me be better soon.
Me brain not very broke.",43,1,44,pokemon,description,,
0x01F584F9,"Would you be willing to take
his place?",39,1,40,pokemon,dialogue,,
0x01F5863E, or higher.,11,1,12,pokemon,other,,
0x01F586F4, or higher.,11,1,12,pokemon,other,,
0x01F5888E,Krawwr!,7,1,8,pokemon,dialogue,,
0x01F5899E,ll tell you a secret!,21,1,22,pokemon,dialogue,,
0x01F589B4,Wow! Okay! Okay!,16,1,17,pokemon,dialogue,,
0x01F589EE,"Sometimes if you go backwards,
you go forwards!",47,1,48,pokemon,dialogue,,
0x01F58A5E,these woods?,12,1,13,pokemon,dialogue,,
0x01F58A88,"
Let me tell you about it!",26,1,27,pokemon,dialogue,,
0x01F58B22,I could tell that much at least.,32,1,33,pokemon,dialogue,,
0x01F58B54,GHOSTS!?,8,1,9,pokemon,dialogue,,
0x01F58B60, GHOSTS!?,9,1,10,pokemon,dialogue,,
0x01F58B85,"s so spooky in here, I figured
it must be Grim Woods!",53,1,54,pokemon,dialogue,,
0x01F58BE2,"The deeper I go, the more bugs
I find!",38,1,39,pokemon,dialogue,,
0x01F58C09,"Agh, maybe you should get lost!",31,1,32,pokemon,dialogue,,
0x01F58DC0,s battle!,9,1,10,pokemon,dialogue,,
0x01F58DCA,"Nothing could have prepared me
for that.",40,1,41,pokemon,description,,
0x01F58E22,s just up ahead.,16,2,18,pokemon,other,,
0x01F58E33, Redwood Village,16,1,17,pokemon,other,,
0x01F58E68,"Be gone, wandering spirits!",27,1,28,pokemon,dialogue,,
0x01F59060,yourself!,9,1,10,pokemon,dialogue,,
0x01F59172,through last!,13,1,14,pokemon,dialogue,,
0x01F591CC,"And again when I grow down,
just like he does!",46,1,47,pokemon,dialogue,,
0x01F592B4,will reveal itself once more.,29,1,30,pokemon,other,,
0x01F5948C,Splishy Splash,14,1,15,pokemon,location,,
0x01F594B8,"mon!
Magikarp! Can you place 30 of them
in your current Box?",60,1,61,pokemon,dialogue,,
0x01F596D0,cake for you!,13,1,14,pokemon,dialogue,,
0x01F597DB,"And for an esteemed member such as
yourself, I want you to have this.",69,1,70,pokemon,dialogue,,
0x01F5998C,ve done that.,13,1,14,pokemon,other,,
0x01F599CF,mon Trainer.,12,1,13,pokemon,other,,
0x01F59A59,"s also useless until
it gets bigger!",36,1,37,pokemon,dialogue,,
0x01F59AED,"Would you care to tend to him
while I complete my work?",55,1,56,pokemon,dialogue,,
0x01F59B2F,"Please walk around with him until I
finish my work today.",57,1,58,pokemon,dialogue,,
0x01F59BF4,"Here is the payment for your
services.",38,1,39,pokemon,dialogue,,
0x01F59C2D," from
the woman!",16,1,17,pokemon,dialogue,,
0x01F59C4B,"I have no choice but to continue to
neglect him today.",54,1,55,pokemon,dialogue,,
0x01F59C82,"Please walk around with my grandson
until I finish my work today.",65,1,66,pokemon,dialogue,,
0x01F59D0B,"required again, tomorrow.",25,1,26,pokemon,other,,
0x01F59DF1,",
and I will pay you to babysit.",32,1,33,pokemon,dialogue,,
0x01F59E15,The baby is sleeping peacefully.,32,1,33,pokemon,description,,
0x01F59E39,"The baby started following behind
you!",38,1,39,pokemon,dialogue,,
0x01F59EA2,finished her work.,18,1,19,pokemon,other,,
0x01F59EB8,"The baby is bouncing around happily
in his stroller.",52,1,53,pokemon,description,,
0x01F59F84,"t seem to want to go
this way.",30,1,31,pokemon,other,,
0x01F5A0A2,"Sounds like a pretty good deal,
am I right?",43,1,44,pokemon,dialogue,,
0x01F5A0D5,"Please pass me all the Eggs in
your party.",42,1,43,pokemon,dialogue,,
0x01F5A105," handed over all Eggs
on hand.",30,1,31,pokemon,other,,
0x01F5A142,I hope to see you again tomorrow!,33,1,34,pokemon,dialogue,,
0x01F5A173,"d prefer to wait until you have
more Eggs, am I right?",54,1,55,pokemon,dialogue,,
0x01F5A1F0,I right?,8,1,9,pokemon,dialogue,,
0x01F5A1FE,"Why would you want to spend money
when you have no Eggs?",56,1,57,pokemon,dialogue,,
0x01F5A26D,"m looking forward to working with
your Eggs again!",50,1,51,pokemon,dialogue,,
0x01F5A30B,"Do you have any Eggs you want to
sell to me?",44,1,45,pokemon,dialogue,,
0x01F5A338,"Do you have any Eggs you want to
sell to me?",44,1,45,pokemon,dialogue,,
0x01F5A365,"Which Egg do you want to sell
to me?",36,1,37,pokemon,dialogue,,
0x01F5A38A,"Are you sure you want to sell me
this Egg?",42,1,43,pokemon,dialogue,,
0x01F5A3B5,"Are you sure you want to sell me
all of the Eggs in your party?",63,1,64,pokemon,dialogue,,
0x01F5A4C9,"Come see me again if you have more
Eggs to sell.",48,1,49,pokemon,dialogue,,
0x01F5A531,t want.,7,1,8,pokemon,other,,
0x01F5A5B1,s not in an Egg!,16,1,17,pokemon,dialogue,,
0x01F5A72A,s an Egg.,9,1,10,pokemon,other,,
0x01F5A746,"s not holding
a Charcoal.",25,1,26,pokemon,other,,
0x01F5A919,it seems!,9,1,10,pokemon,dialogue,,
0x01F5A9AD,Do you have one to trade me?,28,1,29,pokemon,dialogue,,
0x01F5AA20,", not that.",11,1,12,pokemon,other,,
0x01F5AA51,mon!,4,1,5,pokemon,dialogue,,
0x01F5AAA7,I even evolved it!,18,1,19,pokemon,dialogue,,
0x01F5AB03," at it for
super easy catch!",28,7,35,pokemon,dialogue,,
0x01F5AB53,"BEGIN FROM
THE CENTRE.
CREATE WHAT
YOU SEEK.",44,1,45,pokemon,dialogue,,
0x01F5ABAC,"mon statue that exudes the
power of rock started moving!",56,1,57,pokemon,dialogue,,
0x01F5AC25,"CRACK THE
ICE. LEAVE
PURE WHAT
YOU SEEK.",40,1,41,pokemon,dialogue,,
0x01F5AC59,"mon statue that exudes the
power of ice started moving!",55,1,56,pokemon,dialogue,,
0x01F5AC94,Jakiih!,7,7,14,pokemon,dialogue,,
0x01F5ACE0,"NATURE MOLDS
TO OUR WILL.
TURN THE
CRYSTALS TO
WHAT YOU SEEK.",61,1,62,pokemon,dialogue,,
0x01F5AD29,"mon statue that exudes the
power of steel started moving!",57,1,58,pokemon,dialogue,,
0x01F5AD96,"A mysterious cave said to have a
connection to the great beyond.
Those who wander about inside may
never find their way out.",124,2,126,pokemon,dialogue,,
0x01F5AE13, Route 1,8,1,9,pokemon,other,,
0x01F5AE4A,Better go another way for now.,30,1,31,pokemon,other,,
0x01F5AF1C,"ll show you
the way.",20,1,21,pokemon,dialogue,,
0x01F5B013, up there?,10,1,11,pokemon,dialogue,,
0x01F5B073,Bellin Town is just over that way.,34,1,35,pokemon,description,,
0x01F5B109, to him.,8,1,9,pokemon,other,,
0x01F5B243,mon.,4,1,5,pokemon,other,,
0x01F5B36E,mon.,4,1,5,pokemon,other,,
0x01F5B373,"Alrighty!
Here we go!",21,1,22,pokemon,dialogue,,
0x01F5B465,to capture them.,16,1,17,pokemon,other,,
0x01F5B4DF,my younger days.,16,1,17,pokemon,dialogue,,
0x01F5B4F0,"If you would ever like to see my
skills again, please, stop by.",63,1,64,pokemon,dialogue,,
0x01F5B530,"If you ever would like to see me in
action, please, stop by.",60,1,61,pokemon,dialogue,,
0x01F5B578,Route 10,8,1,9,pokemon,location,,
0x01F5B5D8,Take this so you can train too!,31,1,32,pokemon,dialogue,,
0x01F5B6BE,"Fine, settle for an inferior
product!",37,1,38,pokemon,dialogue,,
0x01F5B6FD,"s
for me to upgrade your Macho Brace!",37,1,38,pokemon,dialogue,,
0x01F5B884,"Show me you too, can be as furious
as the sea.",46,1,47,pokemon,dialogue,,
0x01F5B8BC,"mon battled just as
furiously as the sea.",41,1,42,pokemon,description,,
0x01F5B8E6,"You have done well.
Take this item.",35,1,36,pokemon,dialogue,,
0x01F5B953,"With the right Trainer, it too can
battle as furiously as the sea.",66,1,67,pokemon,description,,
0x01F5B9DC,"d like to see your fury, too.",29,1,30,pokemon,dialogue,,
0x01F5BA0C,"I want to paint this
perfect moment.",36,1,37,pokemon,dialogue,,
0x01F5BADE,mon in the area.,16,1,17,pokemon,other,,
0x01F5BB3A,"That cave over there, what do you
suppose is in it?",51,1,52,pokemon,dialogue,,
0x01F5BB85,"mon live
there!",15,1,16,pokemon,dialogue,,
0x01F5BBE1,"People say it bears a resemblance
to the lake caves of Sinnoh.",62,1,63,pokemon,description,,
0x01F5BC23,"s always raining here!
Why is it always raining here?",53,1,54,pokemon,dialogue,,
0x01F5BC62," the rain was supposed
to put me at an advantage!",49,1,50,pokemon,dialogue,,
0x01F5BCD2,"So why is it always raining on
Route 10?",40,2,42,pokemon,dialogue,,
0x01F5BCFB, Route 11,9,1,10,pokemon,other,,
0x01F5BD05,Cliff Cave,10,1,11,pokemon,location,,
0x01F5BE43,"That thought may not cross your
mind, but it certainly does mine.",65,1,66,pokemon,dialogue,,
0x01F5C08C,"Then, I shall put this Trainer to
the test!",43,1,44,pokemon,dialogue,,
0x01F5C0B8,"A glorious defeat for me, a
glorious defeat you see.",52,1,53,pokemon,dialogue,,
0x01F5C12D,the very best.,14,1,15,pokemon,other,,
0x01F5C173,", it will shine
bright.",23,1,24,pokemon,other,,
0x01F5C248,"We battle as one!
Us and nature!",32,1,33,pokemon,dialogue,,
0x01F5C269,"Mother nature, where have we
gone wrong?",40,1,41,pokemon,dialogue,,
0x01F5C292,"I work to protect the environment.
In turn, nature protects me!",63,1,64,pokemon,dialogue,,
0x01F5C338,"re strong!
Together with nature!",32,1,33,pokemon,dialogue,,
0x01F5C3E7,s caves.,8,1,9,pokemon,other,,
0x01F5C45A,"mon from the sea have infested
this body of water!",50,1,51,pokemon,dialogue,,
0x01F5C48D,How did they get up here?,25,1,26,pokemon,dialogue,,
0x01F5C4B5,"t belong in ponds,
they belong in the sea!",42,1,43,pokemon,dialogue,,
0x01F5C4E0,"Be patient.
Fishing is a waiting game.",38,1,39,pokemon,description,,
0x01F5C507,That one got away!,18,1,19,pokemon,dialogue,,
0x01F5C576,"d be best if I also had more
work.",34,1,35,pokemon,dialogue,,
0x01F5C5C5,t bug me anymore.,17,1,18,pokemon,other,,
0x01F5C63F,that just passed by.,20,1,21,pokemon,other,,
0x01F5C676,s the better Trainer.,21,1,22,pokemon,other,,
0x01F5C6E3,t top me at fishing.,20,1,21,pokemon,other,,
0x01F5C6FB,s kind of chilly out here.,26,1,27,pokemon,other,,
0x01F5C716,That warmed me right up!,24,1,25,pokemon,dialogue,,
0x01F5C732,s always important to stay warm.,32,1,33,pokemon,description,,
0x01F5C753,"Do you know how the Cliff Caves got
their name?",47,1,48,pokemon,dialogue,,
0x01F5C785,m the one who came up with it!,30,1,31,pokemon,dialogue,,
0x01F5C814,"Like what? Cliff Caves Remastered?
Original Recipe Cliff Caves?",63,1,64,pokemon,dialogue,,
0x01F5C854,I believe I can fly!,20,1,21,pokemon,dialogue,,
0x01F5C869,I believe I can touch the sky!,30,1,31,pokemon,dialogue,,
0x01F5C8B3,Being grounded sucks.,21,1,22,pokemon,location,,
0x01F5C90D,"No matter the distance, I still
lost!",37,1,38,pokemon,dialogue,,
0x01F5C96C,"It can use its Flying-type moves
faster!",40,2,42,pokemon,dialogue,,
0x01F5C998,Route 12,8,1,9,pokemon,location,,
0x01F5CAB0,devastating attack!,19,1,20,pokemon,dialogue,,
0x01F5CAD2,"mon in the bag!
Take it?",24,1,25,pokemon,dialogue,,
0x01F5CB0B, nature.,8,1,9,pokemon,other,,
0x01F5CB3D,mon.,4,1,5,pokemon,other,,
0x01F5CBC6,mon?,4,1,5,pokemon,dialogue,,
0x01F5CBE5,mon!,4,1,5,pokemon,dialogue,,
0x01F5CBEA,"When I whistle, I can hear an echo.",35,1,36,pokemon,dialogue,,
0x01F5CC17,s tragic!,9,1,10,pokemon,dialogue,,
0x01F5CCB5,this one!,9,1,10,pokemon,dialogue,,
0x01F5CCD5,re going?,9,1,10,pokemon,dialogue,,
0x01F5CCDF,You must know.,14,1,15,pokemon,dialogue,,
0x01F5CD2D,down the mountain.,18,1,19,pokemon,other,,
0x01F5CD6A,I just know it!,15,1,16,pokemon,dialogue,,
0x01F5CDB6,s simply not possible!,22,1,23,pokemon,dialogue,,
0x01F5CDCD,"My psychic powers foretell my
victory!",38,1,39,pokemon,dialogue,,
0x01F5CDF6, I was wrong?,13,1,14,pokemon,dialogue,,
0x01F5CE2B,"Next time, I will not be wrong.",31,1,32,pokemon,dialogue,,
0x01F5CE69,"No heat, no help.",17,1,18,pokemon,other,,
0x01F5CE7B,"The warmer the weather, the
stronger I get!",43,1,44,pokemon,dialogue,,
0x01F5CEA7,"The ocean off the coast is really
deep!",39,1,40,pokemon,dialogue,,
0x01F5CED1,ll keep fishing.,16,1,17,pokemon,other,,
0x01F5CEF3,"mon can take
you underwater.",28,1,29,pokemon,dialogue,,
0x01F5CF3C,ll fall into the ocean!,23,1,24,pokemon,dialogue,,
0x01F5CF6E,"t
so shallow.",13,1,14,pokemon,other,,
0x01F5CF84,"t see from on land, but
the water here is very deep!",52,2,54,pokemon,dialogue,,
0x01F5CFBC,Route 13,8,1,9,pokemon,location,,
0x01F5D07F,"Aiyah! 
You smashed it!",23,1,24,pokemon,dialogue,,
0x01F5D11B,Allow me to show you.,21,1,22,pokemon,dialogue,,
0x01F5D131,"You are now the Ocean Master.
Congratulations.",46,1,47,pokemon,dialogue,,
0x01F5D1F9,"That is all in the past now, so I
would like you to have this.",62,1,63,pokemon,dialogue,,
0x01F5D2B1,"It will make for an explosive
battle.",37,1,38,pokemon,description,,
0x01F5D3A0,on Route 13 and Route 14.,25,1,26,pokemon,other,,
0x01F5D3CD,"s going to catch
himself a big one!",35,1,36,pokemon,dialogue,,
0x01F5D435,re a big-one-to-be!,19,1,20,pokemon,dialogue,,
0x01F5D51D,"ll
hook a big one!",18,1,19,pokemon,dialogue,,
0x01F5D530,"I look at the sea to forget all
the bad things that happened.",61,1,62,pokemon,dialogue,,
0x01F5D56E,"Ooh!
Traumatic!",15,1,16,pokemon,dialogue,,
0x01F5D580,"m looking at the sea to forget
the bad thing that happened!",59,1,60,pokemon,dialogue,,
0x01F5D5D3,"mon, and it
worked!",19,1,20,pokemon,dialogue,,
0x01F5D5E7,Help!,5,1,6,pokemon,dialogue,,
0x01F5D5ED,"You can only Dive where the sea
is dark.",40,1,41,pokemon,dialogue,,
0x01F5D61B,s beyond the horizon?,21,1,22,pokemon,dialogue,,
0x01F5D631,Glub!,5,1,6,pokemon,dialogue,,
0x01F5D637,"I see the Ruins of Void over
yonder!",36,1,37,pokemon,dialogue,,
0x01F5D65C,"I love swimming!
What about you?",32,1,33,pokemon,dialogue,,
0x01F5D67D,Belly flop!,11,1,12,pokemon,dialogue,,
0x01F5D6A4,"mon
at swimming.",16,1,17,pokemon,other,,
0x01F5D6D8,Shocker!,8,1,9,pokemon,dialogue,,
0x01F5D6E1,"My friend wanted to swim to
the Ruins of Void.",46,1,47,pokemon,dialogue,,
0x01F5D782,"Lapras is so big, I bet it
would keep me dry on water.",54,1,55,pokemon,dialogue,,
0x01F5D7B9,"Oh, I just love your ride!
Can I have it if I win?",50,1,51,pokemon,dialogue,,
0x01F5D7EC,Oh! I lost!,11,1,12,pokemon,dialogue,,
0x01F5D824,I want to go back to Dresco Town.,33,1,34,pokemon,dialogue,,
0x01F5D852,"s gorgeous!
Perfect for a battle!",33,1,34,pokemon,dialogue,,
0x01F5D874,Aiyeeeeh!,9,1,10,pokemon,dialogue,,
0x01F5D89F,ll ruin the makeup.,19,1,20,pokemon,other,,
0x01F5D8B3,"Kurukkoo!
How do you like my birdcall?",38,1,39,pokemon,dialogue,,
0x01F5D8DA,I had to bug you!,17,1,18,pokemon,dialogue,,
0x01F5D8FE,"mon on weekends
because the sea is so close.",44,1,45,pokemon,description,,
0x01F5D92B,"What is a Beauty like me doing all
alone out on the beach?",58,1,59,pokemon,dialogue,,
0x01F5D97B,s what!,7,1,8,pokemon,dialogue,,
0x01F5D9B0,"t do it on
Route 10!",20,1,21,pokemon,dialogue,,
0x01F5D9C5,"From out of the sand I leap! Hiyah!
I challenge thee!",53,1,54,pokemon,dialogue,,
0x01F5D9FB,With honour I admit defeat!,27,1,28,pokemon,dialogue,,
0x01F5DA17,"I must refine the art of concealment.
I bid thee farewell.",58,1,59,pokemon,dialogue,,
0x01F5DA6B,"t swim
without my float ring.",29,1,30,pokemon,dialogue,,
0x01F5DA89,"Waaah!
Waaah!",13,1,14,pokemon,dialogue,,
0x01F5DAA4,"m going to finally
learn how to swim!",37,1,38,pokemon,dialogue,,
0x01F5DAD8,mon!,4,1,5,pokemon,dialogue,,
0x01F5DADD,What happens now?,17,1,18,pokemon,dialogue,,
0x01F5DAEF,"Did I just win?
Or did I lose?",30,1,31,pokemon,dialogue,,
0x01F5DB10,Route 14,8,1,9,pokemon,location,,
0x01F5DB19,"Ahoy, there!
These waters are treacherous!",42,1,43,pokemon,dialogue,,
0x01F5DB44,"Ooh!
Dangerous!",15,1,16,pokemon,dialogue,,
0x01F5DB7C,"The water is deep here.
There are many people swimming.",55,1,56,pokemon,description,,
0x01F5DBB4,Splash!,7,1,8,pokemon,dialogue,,
0x01F5DBE6,re not tired.,13,1,14,pokemon,other,,
0x01F5DC16,t you swim?,11,1,12,pokemon,dialogue,,
0x01F5DC22,"Ouch!
Torpedoed!",16,1,17,pokemon,dialogue,,
0x01F5DC40,mon sure looks fun!,19,1,20,pokemon,dialogue,,
0x01F5DC54,Check out my buff physique!,27,1,28,pokemon,dialogue,,
0x01F5DC70,Wimpy!,6,1,7,pokemon,dialogue,,
0x01F5DC9A,"mon, not me!",12,1,13,pokemon,dialogue,,
0x01F5DCB4,m in a triathlon meet.,22,1,23,pokemon,other,,
0x01F5DCDF,"m beat! But, I still have the
bike race and marathon left!",58,1,59,pokemon,dialogue,,
0x01F5DD1A,My boyfriend gave me big pearls.,32,1,33,pokemon,dialogue,,
0x01F5DD3B,"Oh, no!
My pearls were in them!",31,1,32,pokemon,dialogue,,
0x01F5DD5B,"Will my pearls grow bigger inside
Cloyster?",43,1,44,pokemon,dialogue,,
0x01F5DD94,"s always busy, so I
come swimming by myself.",44,1,45,pokemon,dialogue,,
0x01F5DDC1,"Awww, I knew this would happen!",31,1,32,pokemon,dialogue,,
0x01F5DE25,gave me.,8,1,9,pokemon,other,,
0x01F5DE2E,I love having picnics on the beach!,35,1,36,pokemon,dialogue,,
0x01F5DE52,You ruined my picnic!,21,1,22,pokemon,dialogue,,
0x01F5DE99,"Wow!
Your Badges are too cool!",30,1,31,pokemon,dialogue,,
0x01F5DEB8,Not enough!,11,1,12,pokemon,dialogue,,
0x01F5DEC4,"You got those Badges from Gym
Leaders. I know!",46,1,47,pokemon,dialogue,,
0x01F5DEF3,What are you looking at?,24,1,25,pokemon,dialogue,,
0x01F5DF0E,m just relaxing here.,21,1,22,pokemon,other,,
0x01F5DF24,Even rough housers need a break.,32,1,33,pokemon,description,,
0x01F5DF89,m feeling strong!,17,1,18,pokemon,dialogue,,
0x01F5DFB6,t you something!,16,1,17,pokemon,dialogue,,
0x01F5DFE4,"t call
myself an Expert now, can I?",35,1,36,pokemon,dialogue,,
0x01F5E036,mon?,4,1,5,pokemon,dialogue,,
0x01F5E041,t keep up!,10,1,11,pokemon,dialogue,,
0x01F5E079,mon!,4,1,5,pokemon,dialogue,,
0x01F5E098,"
It tickles my heart.",21,1,22,pokemon,dialogue,,
0x01F5E113,"re standing on top of the
KBT Expressway!",41,1,42,pokemon,dialogue,,
0x01F5E13D,"Can you feel the people moving
below us?",40,1,41,pokemon,dialogue,,
0x01F5E166,"This section of the KBT Expressway
runs from Crater Town to Tehl Town.",70,1,71,pokemon,description,,
0x01F5E1AD,"I wonder how much weight the ground
can hold up?",48,1,49,pokemon,dialogue,,
0x01F5E1DE,Enough for a good battle!,25,1,26,pokemon,dialogue,,
0x01F5E237,could support the weight?,25,2,27,pokemon,dialogue,,
0x01F5E254,Route 15,8,1,9,pokemon,location,,
0x01F5E39C,Why did it suddenly end?,24,1,25,pokemon,dialogue,,
0x01F5E3B5,It ended as suddenly as our battle!,35,1,36,pokemon,dialogue,,
0x01F5E474,Thunderstorms affect fishing!,29,1,30,pokemon,dialogue,,
0x01F5E492,Or was that just my imagination?,32,1,33,pokemon,dialogue,,
0x01F5E528,t clear.,8,2,10,pokemon,other,,
0x01F5E534,Route 16,8,1,9,pokemon,location,,
0x01F5E54E,Something unseeable is in the way.,34,1,35,pokemon,description,,
0x01F5E58B, the road!,10,1,11,pokemon,dialogue,,
0x01F5E62A, the road.,10,1,11,pokemon,other,,
0x01F5E6C7, used the Devon Scope.,22,1,23,pokemon,other,,
0x01F5E6F2,"mon became
completely visible!",30,1,31,pokemon,dialogue,,
0x01F5E725,mon took off!,13,1,14,pokemon,dialogue,,
0x01F5E7B3,"I hear the Gym Leader there has
been pretty bored lately.",57,1,58,pokemon,dialogue,,
0x01F5E8D9,s have ourselves a good time!,29,1,30,pokemon,dialogue,,
0x01F5E8FB,t make me mad!,14,1,15,pokemon,dialogue,,
0x01F5E94C,"re great for startling people.
And, they bite, too.",51,1,52,pokemon,description,,
0x01F5E997,s an exit toll to pay!,22,1,23,pokemon,dialogue,,
0x01F5E9AE,You took my money!,18,1,19,pokemon,dialogue,,
0x01F5E9D2,t need your money!,18,1,19,pokemon,dialogue,,
0x01F5EA1A,"It does seem weird, I agree.",28,1,29,pokemon,dialogue,,
0x01F5EA37,Kaploosh!,9,1,10,pokemon,dialogue,,
0x01F5EA5A,"m willing
to show you how to swim.",34,1,35,pokemon,dialogue,,
0x01F5EA7D,"My favourite kind of guy is someone
that looks good out in the sea!",67,1,68,pokemon,dialogue,,
0x01F5EB53,mon!,4,1,5,pokemon,dialogue,,
0x01F5EBBD,"m having a great
time!",22,1,23,pokemon,dialogue,,
0x01F5EBD4,You spoiled my good time!,25,1,26,pokemon,dialogue,,
0x01F5EC32,the city.,9,1,10,pokemon,other,,
0x01F5EC75,mon from around the world!,26,1,27,pokemon,dialogue,,
0x01F5EC90,"I lost, but I am one step closer to
realizing my dream!",55,1,56,pokemon,dialogue,,
0x01F5ECC8,"Listen, you! Whatever happens,
never lose sight of your dream!",62,1,63,pokemon,dialogue,,
0x01F5ED67,place.,6,1,7,pokemon,other,,
0x01F5ED74,"t know how, but I lost!",23,1,24,pokemon,dialogue,,
0x01F5EDAA,t I?,4,1,5,pokemon,dialogue,,
0x01F5EDE1,It was you!,11,1,12,pokemon,dialogue,,
0x01F5EDED,"Defeating you will be no easy
matter.",37,1,38,pokemon,dialogue,,
0x01F5EE4F,mon?,4,1,5,pokemon,dialogue,,
0x01F5EE63,"s good exercise running around
the canyon!",42,1,43,pokemon,dialogue,,
0x01F5EE8E,"It was good exercise battling you,
too!",39,1,40,pokemon,dialogue,,
0x01F5EEE8,"mon and I exercise every
day to keep our bodies fit.",52,1,53,pokemon,dialogue,,
0x01F5EF1D,Look at these magnificent wings!,32,1,33,pokemon,dialogue,,
0x01F5EF40,m going to peck you for that!,29,1,30,pokemon,dialogue,,
0x01F5EF83,mon can mimic speech?,21,1,22,pokemon,dialogue,,
0x01F5EF99,"What kind of person are you, to be
drawn to a barren area like this?",68,1,69,pokemon,dialogue,,
0x01F5EFDE,"It was a strong Trainer who was
drawn to this barren area!",58,1,59,pokemon,dialogue,,
0x01F5F019,"I came here in hopes of bringing
new life into the area.",56,1,57,pokemon,dialogue,,
0x01F5F054,Route 17,8,1,9,pokemon,location,,
0x01F5F078,"Well, here you go.",18,1,19,pokemon,dialogue,,
0x01F5F159,"Just face that rock wall over
there to use it.",46,1,47,pokemon,description,,
0x01F5F240,Seaport City in the meantime.,29,1,30,pokemon,other,,
0x01F5F261,s a seashell.,13,1,14,pokemon,other,,
0x01F5F362,"Becauth of your heroic efforth, I
want you to take thome Berrieth!",66,1,67,pokemon,dialogue,,
0x01F5F3AE,"ll be back tomorrow to look for
more Berrieth!",46,1,47,pokemon,dialogue,,
0x01F5F563,aerial battle!,14,1,15,pokemon,dialogue,,
0x01F5F572,"Today appears to be my lucky day.
Let us battle!",48,1,49,pokemon,dialogue,,
0x01F5F5A3,"A shame.
That is indeed unfortunate.",36,1,37,pokemon,description,,
0x01F5F5C8,You are truly an aerial expert.,31,1,32,pokemon,dialogue,,
0x01F5F6FA,gratitude!,10,1,11,pokemon,dialogue,,
0x01F5F735,"Please, take these Wings as a show
of my gratitude!",51,1,52,pokemon,dialogue,,
0x01F5F7C4,Let us do it again tomorrow.,28,1,29,pokemon,other,,
0x01F5F7F4,s sport.,8,1,9,pokemon,other,,
0x01F5F7FD,"Only a loner could blow off a loss
like that.",45,1,46,pokemon,description,,
0x01F5F870,possible.,9,1,10,pokemon,other,,
0x01F5F87A,"Most of my friends came to Seaport
City from far away regions.",62,1,63,pokemon,dialogue,,
0x01F5F95B,mon.,4,1,5,pokemon,other,,
0x01F5F960,Were my travels in vain?,24,1,25,pokemon,dialogue,,
0x01F5F990,"There was much more variety in
watery areas where I came from.",62,1,63,pokemon,dialogue,,
0x01F5FA14,re this vertical!,17,1,18,pokemon,dialogue,,
0x01F5FA26,All the more fun to climb!,26,1,27,pokemon,dialogue,,
0x01F5FA85,in the seashells on the beach!,30,1,31,pokemon,dialogue,,
0x01F5FAC7,"They only appear in the wild for
one hour each day.",51,1,52,pokemon,description,,
0x01F5FAFB,"It seems rarity does not indicate
exceptional strength.",55,1,56,pokemon,description,,
0x01F5FBA3,encounter it again!,19,1,20,pokemon,dialogue,,
0x01F5FBEA,We can take a kid Trainer like you!,35,1,36,pokemon,dialogue,,
0x01F5FC46,"Jogging and battling make a tiring
combo!",41,1,42,pokemon,dialogue,,
0x01F5FC70,"Zangoose and Seviper around
here always fight each other.",57,1,58,pokemon,description,,
0x01F5FCAA,They fight just like you do!,28,1,29,pokemon,dialogue,,
0x01F5FCC7,"I trained my Zangoose and Seviper
to play together nicely!",58,1,59,pokemon,dialogue,,
0x01F5FD31,"mon
around here?",16,1,17,pokemon,dialogue,,
0x01F5FD72,"mon
from?",9,1,10,pokemon,dialogue,,
0x01F5FDD0, of them flying around!,23,1,24,pokemon,dialogue,,
0x01F5FDE8,"The more I run, the closer my
babies get to me!",47,1,48,pokemon,dialogue,,
0x01F5FE26,re not as close anymore!,24,1,25,pokemon,dialogue,,
0x01F5FE7D,for what you did to them!,25,2,27,pokemon,dialogue,,
0x01F5FE97, Route 18,9,1,10,pokemon,other,,
0x01F5FEC5,Where are you swimming to?,26,1,27,pokemon,dialogue,,
0x01F5FEFC,"mon
League, too?",16,1,17,pokemon,dialogue,,
0x01F5FF41,mon League first!,17,1,18,pokemon,dialogue,,
0x01F5FF94,prepared me for this moment.,28,1,29,pokemon,other,,
0x01F5FFB1,It was the moment I met you!,28,1,29,pokemon,dialogue,,
0x01F60078,"Is that a Wailmer?
It sure looks like one!",42,1,43,pokemon,dialogue,,
0x01F600E7,s a secret!,11,1,12,pokemon,dialogue,,
0x01F600FB,ll tell you my secret.,22,1,23,pokemon,dialogue,,
0x01F6014B,"What?
Expecting a different answer?",35,1,36,pokemon,dialogue,,
0x01F601A6,mon League!,11,1,12,pokemon,dialogue,,
0x01F601B6,re cheating!,12,1,13,pokemon,dialogue,,
0x01F6020F,mon does it for you!,20,1,21,pokemon,dialogue,,
0x01F60276,mon!,4,1,5,pokemon,dialogue,,
0x01F602DC,out using my psychic abilities!,31,1,32,pokemon,dialogue,,
0x01F60324,s my rival!,11,1,12,pokemon,dialogue,,
0x01F603B5,brain.,6,1,7,pokemon,other,,
0x01F603D2,"She taught me how to
climb Waterfalls!",38,1,39,pokemon,dialogue,,
0x01F6045D,"mon
gain the skill to scale waterfalls.",39,1,40,pokemon,description,,
0x01F6051C,t you?,6,1,7,pokemon,dialogue,,
0x01F60567,in all of Borrius!,18,1,19,pokemon,dialogue,,
0x01F60682, new Champion!,14,1,15,pokemon,dialogue,,
0x01F606AA,t win?,6,1,7,pokemon,dialogue,,
0x01F6073D,And it gets everywhere!,23,1,24,pokemon,dialogue,,
0x01F607B1,the Elite Four!,15,1,16,pokemon,dialogue,,
0x01F607C1,"Heading for Victory Road, eh?
Let me put a stop to those plans.",63,1,64,pokemon,dialogue,,
0x01F60801,Hmph.,5,1,6,pokemon,other,,
0x01F60842,"s right, me, and me alone!",26,1,27,pokemon,dialogue,,
0x01F6089C,"t let a Trainer like you
stand against us!",42,1,43,pokemon,dialogue,,
0x01F608D8,"t let me stand
against you!",27,1,28,pokemon,dialogue,,
0x01F609CF,"ve just got
to challenge you, myself!",37,1,38,pokemon,dialogue,,
0x01F609F5,"That was a royal battle, one
fought with honour and dignity.",60,1,61,pokemon,description,,
0x01F60AD4,will bounce back status attacks!,32,1,33,pokemon,dialogue,,
0x01F60B25,"Defeat all the Trainers on this
route to find out!",50,1,51,pokemon,dialogue,,
0x01F60C16,Are you one of those Trainers?,30,1,31,pokemon,dialogue,,
0x01F60C59,Take these!,11,1,12,pokemon,dialogue,,
0x01F60CE4,mon away while you climb.,25,1,26,pokemon,dialogue,,
0x01F60CFE,"Did ya know that money grows
on trees?",38,1,39,pokemon,dialogue,,
0x01F60D41,"I just picked this here money right
off this here tree!",55,1,56,pokemon,dialogue,,
0x01F60D8B," from
the organic alchemist!",28,1,29,pokemon,dialogue,,
0x01F60DD4,"I know, inconvenient, amaright?",31,1,32,pokemon,dialogue,,
0x01F60E4B,pass through this point.,24,1,25,pokemon,other,,
0x01F60E66,You may pass.,13,1,14,pokemon,dialogue,,
0x01F60F1D, Champion.,10,1,11,pokemon,other,,
0x01F60F28,Hero of the Hall,16,1,17,pokemon,other,,
0x01F60F39,"Become a grand Champion! Enter the
Hall of Fame with monotype teams.",68,1,69,pokemon,dialogue,,
0x01F610E3,"Maybe you want to take up the
challenge instead?",48,1,49,pokemon,dialogue,,
0x01F612AF,and Dark-type teams!,20,1,21,pokemon,dialogue,,
0x01F612C4,"Then I guess Artie will always
reign as the ultimate Champion!",62,1,63,pokemon,dialogue,,
0x01F614AA,and Dark-type teams!,20,1,21,pokemon,dialogue,,
0x01F614F7,"Take this humble offering, oh
mighty Champion.",46,1,47,pokemon,description,,
0x01F61531,", the greatest
Champion Borrius has ever seen!",46,1,47,pokemon,dialogue,,
0x01F6159B,mon.,4,1,5,pokemon,other,,
0x01F615DC,mon.,4,1,5,pokemon,other,,
0x01F6161F,mon.,4,1,5,pokemon,other,,
0x01F61664,mon.,4,1,5,pokemon,other,,
0x01F616A6,mon.,4,1,5,pokemon,other,,
0x01F616EB,mon.,4,1,5,pokemon,other,,
0x01F6172C,mon.,4,1,5,pokemon,other,,
0x01F6176F,mon.,4,1,5,pokemon,other,,
0x01F617B1,mon.,4,1,5,pokemon,other,,
0x01F617F3,mon.,4,1,5,pokemon,other,,
0x01F61836,mon.,4,1,5,pokemon,other,,
0x01F61876,mon.,4,1,5,pokemon,other,,
0x01F618B9,mon.,4,1,5,pokemon,other,,
0x01F618FC,mon.,4,1,5,pokemon,other,,
0x01F61940,mon.,4,1,5,pokemon,other,,
0x01F61981,mon.,4,1,5,pokemon,other,,
0x01F619C3,mon.,4,1,5,pokemon,other,,
0x01F61A05,mon.,4,1,5,pokemon,other,,
0x01F61AAA,I guarantee it!,15,1,16,pokemon,dialogue,,
0x01F61ABC,Route 2,7,1,8,pokemon,location,,
0x01F61B19,"mon
for you.",12,1,13,pokemon,dialogue,,
0x01F61BCF,to be fully healed!,19,1,20,pokemon,dialogue,,
0x01F61BE6,Cleeeeewoo!,11,1,12,pokemon,dialogue,,
0x01F61D03,"What do you say, are you in?",28,1,29,pokemon,dialogue,,
0x01F61D20,"What do you say, should I teleport
you to Dresco Town?",54,1,55,pokemon,dialogue,,
0x01F61D63,"Abra, Kadabra, Reuniclus!",25,1,26,pokemon,dialogue,,
0x01F61D7D,"If you change your mind let
me know.",36,1,37,pokemon,dialogue,,
0x01F61DB3,"re on Challenge
Road to train, yeah?",36,1,37,pokemon,dialogue,,
0x01F61DD8,"Oh, my bad, just ignore me then.",32,1,33,pokemon,dialogue,,
0x01F61EDD,"ll give it to you then, so make
sure you have space in your party!",66,1,67,pokemon,dialogue,,
0x01F61FC0,mon.,4,1,5,pokemon,other,,
0x01F61FC5,"But make space in your party for it
first, yeah?",48,1,49,pokemon,dialogue,,
0x01F62055,for sure!,9,1,10,pokemon,dialogue,,
0x01F6209C," I gave you
before is doing great, yeah?",40,1,41,pokemon,dialogue,,
0x01F62119,"Would you like to put your hand
deep in the hole?",49,1,50,pokemon,dialogue,,
0x01F6214E,The mysterious ring disappeared.,32,1,33,pokemon,dialogue,,
0x01F621A9,"ll
have to go through me!",25,1,26,pokemon,dialogue,,
0x01F621C7,re something else.,18,1,19,pokemon,other,,
0x01F621DA,"Challenge Road is a place where
many Trainers come to practice.",63,1,64,pokemon,description,,
0x01F6221E,"re taking up the challenge, eh?
I hope you healed up!",53,1,54,pokemon,dialogue,,
0x01F62258,re decent.,10,1,11,pokemon,other,,
0x01F622BB,mon of different types.,23,1,24,pokemon,other,,
0x01F6232E,re for!,7,1,8,pokemon,dialogue,,
0x01F62336,"You done got me, and real good,
too!",36,1,37,pokemon,dialogue,,
0x01F623E4,as you want!,12,1,13,pokemon,dialogue,,
0x01F623F1,"Did you know that moves can have
different categories?",54,1,55,pokemon,dialogue,,
0x01F62455,mon uses its moves.,19,1,20,pokemon,other,,
0x01F62509,deal more damage!,17,1,18,pokemon,dialogue,,
0x01F62540,mon for this battle?,20,1,21,pokemon,dialogue,,
0x01F62555,"Drat!
Kelsey took up my second slot!",36,1,37,pokemon,dialogue,,
0x01F6263B,second row and so on!,21,1,22,pokemon,dialogue,,
0x01F626AF,mon!,4,1,5,pokemon,dialogue,,
0x01F626B7,"re a team!
We battle and picnic together!",41,1,42,pokemon,dialogue,,
0x01F62710,t matter to me!,15,1,16,pokemon,dialogue,,
0x01F62764,attack.,7,1,8,pokemon,other,,
0x01F627CC,mon!,4,1,5,pokemon,dialogue,,
0x01F62842,mon!,4,1,5,pokemon,dialogue,,
0x01F628BE,s evasiveness.,14,1,15,pokemon,other,,
0x01F628CD,"How did this old Hiker get onto
this little piece of land?",58,1,59,pokemon,dialogue,,
0x01F62908,"I swam, of course!",18,1,19,pokemon,dialogue,,
0x01F629BC,speed your way up slippery slopes.,34,1,35,pokemon,dialogue,,
0x01F62B05,re made of!,11,1,12,pokemon,dialogue,,
0x01F62B11,You have proven your strength!,30,1,31,pokemon,dialogue,,
0x01F62B30,"The strongest of Trainers deserve
items like this!",50,1,51,pokemon,dialogue,,
0x01F62BCC,Fighting-type!,14,1,15,pokemon,dialogue,,
0x01F62D69,re made of!,11,1,12,pokemon,dialogue,,
0x01F62D8B,re the best!,12,1,13,pokemon,dialogue,,
0x01F62D98,"The best of Trainers deserve
items like this!",45,1,46,pokemon,dialogue,,
0x01F62E26,Fighting-type power!,20,1,21,pokemon,dialogue,,
0x01F62EBF, Route 3,8,1,9,pokemon,other,,
0x01F62ECB,"The sand castle came alive
and attacked!",40,1,41,pokemon,dialogue,,
0x01F62EFD," receded into
the sand.",23,1,24,pokemon,other,,
0x01F62F1C,"mon are going to roll
all over yours!",37,1,38,pokemon,dialogue,,
0x01F62F42,"Whoa!
That was too much!",24,1,25,pokemon,dialogue,,
0x01F62FCF,"s time for a grassy battle on a
grassy island!",46,1,47,pokemon,dialogue,,
0x01F62FFE,A grassy defeat!,16,1,17,pokemon,dialogue,,
0x01F6304C,"t be a grassy
island anymore!",29,1,30,pokemon,dialogue,,
0x01F6306A,I love the smell of the sea!,28,1,29,pokemon,dialogue,,
0x01F63087,"Would it suffice to say that the
air here is tasty?",51,1,52,pokemon,dialogue,,
0x01F630EF,"It smells good, so it must be
tasty, too, right?",48,1,49,pokemon,dialogue,,
0x01F63120,I love running around on the beach!,35,1,36,pokemon,dialogue,,
0x01F63144,"Oh no, you beat me!",19,1,20,pokemon,dialogue,,
0x01F6319B,around on the beach!,20,1,21,pokemon,dialogue,,
0x01F631EF,reminiscing about my past.,26,1,27,pokemon,dialogue,,
0x01F63221,t changed.,10,1,11,pokemon,other,,
0x01F63265,always pleasurable.,19,1,20,pokemon,other,,
0x01F632C8,That is the question.,21,1,22,pokemon,other,,
0x01F632DE,"Battling with you was a true test
of patience!",46,1,47,pokemon,dialogue,,
0x01F6330D,Patience is a virtue not many have.,35,1,36,pokemon,description,,
0x01F63375,fishing with you.,17,1,18,pokemon,dialogue,,
0x01F63387,Secret time!,12,1,13,pokemon,dialogue,,
0x01F63408,mon of its species.,19,1,20,pokemon,other,,
0x01F6342A,"mon is a key
ingredient in fishing.",35,1,36,pokemon,description,,
0x01F6344E,"My lead was great for fishing, but
not so much for battling!",60,1,61,pokemon,dialogue,,
0x01F63504,mon.,4,2,6,pokemon,other,,
0x01F6350C,Route 4,7,1,8,pokemon,location,,
0x01F63514,Route 4 - 5,11,1,12,pokemon,other,,
0x01F6354B, here?,6,1,7,pokemon,dialogue,,
0x01F6357D, here?,6,1,7,pokemon,dialogue,,
0x01F63584,"Here, take some Potions.",24,1,25,pokemon,other,,
0x01F635F3,"mon to
protect you, you could faint.",36,1,37,pokemon,dialogue,,
0x01F63652,mon for free!,13,1,14,pokemon,dialogue,,
0x01F63660,Healing time!,13,1,14,pokemon,dialogue,,
0x01F6366E,Time to heal up!,16,1,17,pokemon,dialogue,,
0x01F6367F,"All set!
Stay safe out there!",29,1,30,pokemon,dialogue,,
0x01F636FD,"Once you hop it, the only way back
here is through Grim Woods!",62,1,63,pokemon,dialogue,,
0x01F6373E,Go away.,8,1,9,pokemon,location,,
0x01F6374A,Ride on Lapras?,15,1,16,pokemon,dialogue,,
0x01F63795,Prassss!,8,1,9,pokemon,dialogue,,
0x01F637C7, elated?,8,1,9,pokemon,dialogue,,
0x01F637D8,"ve been spending too much
time in the Dresco Town Gym.",54,1,55,pokemon,description,,
0x01F63887,t be happier!,13,1,14,pokemon,dialogue,,
0x01F638B8,t seem to catch anything good.,30,1,31,pokemon,other,,
0x01F638E0,"s back to fishing now,
I guess.",31,1,32,pokemon,dialogue,,
0x01F63926,You just go have fun.,21,1,22,pokemon,dialogue,,
0x01F6395A,s been fishing there for days.,30,1,31,pokemon,other,,
0x01F63979,"It looks like I lost.
I should catch a better haul.",51,1,52,pokemon,dialogue,,
0x01F639BD,"ve been here for
days, too.",27,2,29,pokemon,other,,
0x01F639DC,Route 5,7,1,8,pokemon,location,,
0x01F63A50,t get tired like me.,20,1,21,pokemon,other,,
0x01F63A65,Take care of yourself.,22,1,23,pokemon,dialogue,,
0x01F63BA7,"How would you like to take care of
one for me?",46,1,47,pokemon,dialogue,,
0x01F63C0E,"mon will
you take now?",22,1,23,pokemon,dialogue,,
0x01F63C37,Which one will you take?,24,1,25,pokemon,dialogue,,
0x01F63C69,"ll have to keep searching
for a Trainer.",40,1,41,pokemon,description,,
0x01F63CEE,mon.,4,1,5,pokemon,other,,
0x01F63D19,",
come back so I can give you more!",35,1,36,pokemon,dialogue,,
0x01F63D4A,How are my old friends doing?,29,1,30,pokemon,dialogue,,
0x01F63D86,Leg Day,7,1,8,pokemon,location,,
0x01F63DA3," steps to
work out those calves.",32,1,33,pokemon,description,,
0x01F63E64,"If you walk enough, I will give you
a reward in celebration of leg day.",71,1,72,pokemon,dialogue,,
0x01F63ECF," steps to
really work those calves.",35,1,36,pokemon,description,,
0x01F63EF3,"Okay, then go back to the gym and
lift some dumbbells, flabby calves!",69,1,70,pokemon,dialogue,,
0x01F63F78,"Come on now, feel the burn!",27,1,28,pokemon,dialogue,,
0x01F63FCB,"Here, take this small snack to heal
your muscles.",49,1,50,pokemon,dialogue,,
0x01F63FFD,"Leg day should really be a
national holiday.",44,1,45,pokemon,description,,
0x01F64052,t tell!,7,1,8,pokemon,dialogue,,
0x01F6405A,You tricked me!,15,1,16,pokemon,dialogue,,
0x01F640F7,"I swear he keeps giving me creepy
looks.",40,1,41,pokemon,dialogue,,
0x01F64129,"t focus with that guy
nearby.",29,1,30,pokemon,other,,
0x01F64147,"Why does that guy keep looking
at me like that?",47,1,48,pokemon,dialogue,,
0x01F641AB,re raring to go!,16,1,17,pokemon,dialogue,,
0x01F641C9,"
More like medium rare!",23,1,24,pokemon,dialogue,,
0x01F641E5,"mon left in the Day Care get
stronger as you travel.",52,1,53,pokemon,dialogue,,
0x01F6421C,"m looking for Hidden Grottos.
Have you seen any?",48,1,49,pokemon,dialogue,,
0x01F64283,ve won!,7,1,8,pokemon,dialogue,,
0x01F642BB,"Those indicate that there is a
hidden pathway there.",52,1,53,pokemon,description,,
0x01F64355,easy to wear!,13,1,14,pokemon,dialogue,,
0x01F64363,"Ow!
My legs are chafing!",24,1,25,pokemon,dialogue,,
0x01F64407,mon on the ground.,18,1,19,pokemon,other,,
0x01F6441E,"t think you can get past me
so easily.",38,1,39,pokemon,dialogue,,
0x01F64445,"At least I caught you before you
could get past me!",51,1,52,pokemon,dialogue,,
0x01F64523,"s synchronize in a beautiful
battle to find out!",48,1,49,pokemon,dialogue,,
0x01F64601, as it!,7,1,8,pokemon,dialogue,,
0x01F64667,ll never beat me in knowledge!,30,1,31,pokemon,dialogue,,
0x01F646EF,s hair?,7,2,9,pokemon,dialogue,,
0x01F646F7, Route 6,8,1,9,pokemon,other,,
0x01F64700,Route 6 - 7,11,1,12,pokemon,other,,
0x01F6472B,"ll tell you which
one gets you to the next route!",49,1,50,pokemon,dialogue,,
0x01F6475D,I guess I have to tell you now.,31,1,32,pokemon,dialogue,,
0x01F647A4,re going the right way.,23,1,24,pokemon,other,,
0x01F647FE,for adventure!,14,1,15,pokemon,dialogue,,
0x01F6480D,I hope I satisfied your craving!,32,1,33,pokemon,dialogue,,
0x01F6482E,"Unless you can Surf, going this
way just leads to a dead end.",61,1,62,pokemon,dialogue,,
0x01F648C7,morning!,8,1,9,pokemon,dialogue,,
0x01F648F1,ll hear Kricketot cries!,24,1,25,pokemon,dialogue,,
0x01F64988,mon.,4,1,5,pokemon,other,,
0x01F64991," I must not have searched
hard enough.",38,1,39,pokemon,dialogue,,
0x01F649D3,"mon
generally change when the sun sets.",39,1,40,pokemon,description,,
0x01F649FB,"When Smeargle swarm, they swarm
on this very route!",51,1,52,pokemon,dialogue,,
0x01F64A2F,"I may have caught Smeargle here,
but I taught it moves elsewhere!",65,1,66,pokemon,dialogue,,
0x01F64AC7,"That it learned from a Shroomish
on Route 9.",44,1,45,pokemon,description,,
0x01F64B61,like the taste!,15,1,16,pokemon,dialogue,,
0x01F64B91,"t
help!",7,1,8,pokemon,dialogue,,
0x01F64C18,"Beat us three to win a fantastic
prize!",39,1,40,pokemon,dialogue,,
0x01F64C40,"One down, two to go!",20,1,21,pokemon,dialogue,,
0x01F64C81,"s why they have me stand
at the back.",37,1,38,pokemon,description,,
0x01F64CD2,m burning with excitement!,26,1,27,pokemon,dialogue,,
0x01F64CED,"Another member of the Sun Trio
has been beaten!",47,1,48,pokemon,dialogue,,
0x01F64DD2,also end all life in an instant.,32,1,33,pokemon,description,,
0x01F64F30,"
Coming at you!",15,1,16,pokemon,dialogue,,
0x01F64F70,s what made it fun!,19,1,20,pokemon,dialogue,,
0x01F64FB1,"Day or night, our source of light
is always because of the sun!",63,1,64,pokemon,dialogue,,
0x01F65103,Hahaha!,7,1,8,pokemon,dialogue,,
0x01F6510B,"Yeah, yeah!",11,1,12,pokemon,dialogue,,
0x01F6512A,"em up and steal
their cash!",27,1,28,pokemon,dialogue,,
0x01F6514B,"re all gonna cry for
their mommies!",35,1,36,pokemon,dialogue,,
0x01F651B9,Scram!,6,1,7,pokemon,dialogue,,
0x01F65241," if you want to
get there, though.",34,1,35,pokemon,dialogue,,
0x01F65264,Route 7,7,1,8,pokemon,location,,
0x01F652B2,Rattata found on Route 2?,25,1,26,pokemon,dialogue,,
0x01F652DF,"
I wonder why they look different?",34,1,35,pokemon,dialogue,,
0x01F65350,t noticed them.,15,1,16,pokemon,other,,
0x01F653D0,Starting with you!,18,1,19,pokemon,dialogue,,
0x01F653E3,Meanie! Now I need to heal again!,33,1,34,pokemon,dialogue,,
0x01F654B8,mon.,4,1,5,pokemon,other,,
0x01F6550D,mon?,4,1,5,pokemon,dialogue,,
0x01F65512,I can tell you have!,20,1,21,pokemon,dialogue,,
0x01F655AD,re fighting two on two!,23,1,24,pokemon,dialogue,,
0x01F655D0,"s wool is so fuzzy and
fun to rub against!",42,1,43,pokemon,dialogue,,
0x01F65628,ll get zapped!,14,1,15,pokemon,dialogue,,
0x01F65664,"mon that hit it with direct
contact might get Paralyzed.",56,1,57,pokemon,description,,
0x01F656A0,"My Psychic power involves reading
your mind to mimic your strategy!",67,1,68,pokemon,dialogue,,
0x01F656E4,"I am not very good at it yet,
however.",38,1,39,pokemon,dialogue,,
0x01F65786,mon!,4,1,5,pokemon,dialogue,,
0x01F657A1,"bout this humidity, day
after day!",34,1,35,pokemon,dialogue,,
0x01F657E2,"mon
are splendid!",17,1,18,pokemon,dialogue,,
0x01F65892,"ll have to take you out the
old fashioned way!",46,1,47,pokemon,dialogue,,
0x01F658E7,mon!,4,1,5,pokemon,dialogue,,
0x01F659C3,"Hiyah! I am running around to hatch
some Eggs I have!",53,1,54,pokemon,dialogue,,
0x01F65A22,mon to fight with!,18,1,19,pokemon,dialogue,,
0x01F65A83,Eggs would hatch much faster!,29,1,30,pokemon,dialogue,,
0x01F65AA1,"All birds can fly!
Even the flightless ones!",44,1,45,pokemon,dialogue,,
0x01F65AFA,t have crashed down so hard!,28,1,29,pokemon,dialogue,,
0x01F65B7D,"How in the world is that even
possible?",39,1,40,pokemon,dialogue,,
0x01F65BF0,"Tell me, do you like to fish?",29,1,30,pokemon,dialogue,,
0x01F65C43,"Take this and fish, young friend!",33,1,34,pokemon,dialogue,,
0x01F65C9D,"From the seas to rivers, go out
and land the big one, my friend.",64,1,65,pokemon,dialogue,,
0x01F65D0C,How are the fish biting?,24,1,25,pokemon,dialogue,,
0x01F65D59,Let me heal them for you.,25,1,26,pokemon,dialogue,,
0x01F65D73,"All set!
Stay safe out there!",29,1,30,pokemon,dialogue,,
0x01F65DE0,"re not one of us,
scram, kid!",29,1,30,pokemon,dialogue,,
0x01F65E5B, Route 8,8,1,9,pokemon,other,,
0x01F65E64,"All set!
Stay safe in the blizzard!",35,1,36,pokemon,dialogue,,
0x01F65E88,No Fall Damage,14,1,15,pokemon,location,,
0x01F65ECB, times.,7,1,8,pokemon,other,,
0x01F65FD5, jumps?,7,1,8,pokemon,dialogue,,
0x01F6605D,It happens to the best jumpers.,31,1,32,pokemon,description,,
0x01F6607D,"I hope one day you will want to
master this super secret skill.",63,1,64,pokemon,dialogue,,
0x01F66115," more
to become a master.",25,1,26,pokemon,other,,
0x01F661C9,"Anyway, here is some Protein for a
post-workout snack.",54,1,55,pokemon,description,,
0x01F6622E,"t let anyone tell you
otherwise.",32,1,33,pokemon,dialogue,,
0x01F6624F,Battling in the snow gets me going!,35,1,36,pokemon,dialogue,,
0x01F66281,"
Is my training method not right?",33,1,34,pokemon,dialogue,,
0x01F662C6,ll get stronger too.,20,1,21,pokemon,other,,
0x01F66305,"Your opponents are my partners
in life!",39,1,40,pokemon,dialogue,,
0x01F66342," for all
your hard work.",24,1,25,pokemon,dialogue,,
0x01F66372,"mon will
stick with me until the end!",37,1,38,pokemon,dialogue,,
0x01F663A2,s get this battle going!,24,1,25,pokemon,dialogue,,
0x01F663D9,"Even when I lose, I still get some
enjoyment out of it.",55,1,56,pokemon,dialogue,,
0x01F66411,"I got used to this snowiness.
I sing while I climb now.",55,1,56,pokemon,dialogue,,
0x01F664B0,"But where can you even get a Bike
around here?",46,1,47,pokemon,dialogue,,
0x01F664DF,Strike before being struck!,27,1,28,pokemon,dialogue,,
0x01F664FB,I ran out of energy to fight!,29,1,30,pokemon,dialogue,,
0x01F66531,"ll become
one with the wind.",28,1,29,pokemon,other,,
0x01F66580,mon!,4,1,5,pokemon,dialogue,,
0x01F66585,"I lost because the ground is
too snowy!",39,1,40,pokemon,dialogue,,
0x01F665B2,"ll forget about losing and just
enjoy this snowy hike.",54,1,55,pokemon,description,,
0x01F6661A,"m an Ace Hiker, I tells ya.",27,1,28,pokemon,dialogue,,
0x01F66646,"re stronger than
this Ace Hiker!",32,1,33,pokemon,dialogue,,
0x01F66667,"No one knows the mountains better
than me, I tells ya.",54,1,55,pokemon,dialogue,,
0x01F6677C,Route 9,7,1,8,pokemon,location,,
0x01F66784,Route 9 - 10,12,1,13,pokemon,other,,
0x01F66824,s how much I love her.,22,1,23,pokemon,dialogue,,
0x01F66891,boat to Hoenn!,14,1,15,pokemon,dialogue,,
0x01F669FE,the Prison Stone.,17,1,18,pokemon,other,,
0x01F66A79, it be.,7,1,8,pokemon,other,,
0x01F66A8B,mon it be?,10,1,11,pokemon,dialogue,,
0x01F66A9B," handed over 1 Blue Shard
and 1 Red Shard.",42,1,43,pokemon,description,,
0x01F66AC6,Hwa!,4,1,5,pokemon,dialogue,,
0x01F66BD7,NO ONE!,7,1,8,pokemon,dialogue,,
0x01F66EDA,"Now that those strange people are
gone, we can finally camp again!",66,1,67,pokemon,dialogue,,
0x01F66F31,t even care if I lose!,22,1,23,pokemon,dialogue,,
0x01F66F4C,"
Camping out in the leaves is great!",36,1,37,pokemon,dialogue,,
0x01F66F75,"t the autumn aesthetic of this
route just to die for?",53,1,54,pokemon,dialogue,,
0x01F66FB6,s lovely!,9,1,10,pokemon,dialogue,,
0x01F66FFC,perpetually stuck in one!,25,1,26,pokemon,dialogue,,
0x01F67040,t able to run anymore.,22,1,23,pokemon,other,,
0x01F6706B,t outrun you!,13,1,14,pokemon,dialogue,,
0x01F6707C,"s so freeing being able to run
again!  ",39,1,40,pokemon,dialogue,,
0x01F670E4,"m so mad, lemme take it out
on you!",35,1,36,pokemon,dialogue,,
0x01F671D5,I wonder who they were?,23,1,24,pokemon,dialogue,,
0x01F6723F,m happy again!,14,1,15,pokemon,dialogue,,
0x01F67285,"s about learning to dance in
the rain.",38,1,39,pokemon,description,,
0x01F672AC,"Do you know how Karrablast and
Shelmet evolve?",46,1,47,pokemon,dialogue,,
0x01F672DE,s a crazy way!,14,1,15,pokemon,dialogue,,
0x01F673A3,"t even need
to be in the party!",31,1,32,pokemon,dialogue,,
0x01F673EA,"When it rains, of course!",25,1,26,pokemon,dialogue,,
0x01F67411,m training right now!,21,1,22,pokemon,dialogue,,
0x01F67490,makes them stronger!,20,1,21,pokemon,dialogue,,
0x01F674A9,! How did you even get in!?,27,1,28,pokemon,dialogue,,
0x01F674FC,"Did you suddenly gain the ability to
walk through walls?",56,1,57,pokemon,dialogue,,
0x01F67557,s simple!,9,1,10,pokemon,dialogue,,
0x01F67561,It gets the bills paid!,23,1,24,pokemon,dialogue,,
0x01F675E3,than retail.,12,1,13,pokemon,other,,
0x01F6764C,"d be
two of you brats?",22,1,23,pokemon,dialogue,,
0x01F6766D,"t your mother teach you
any manners, kid!?",42,1,43,pokemon,dialogue,,
0x01F6772B,"But, what does Zeph want with it?",33,1,34,pokemon,dialogue,,
0x01F677B5,t tell me anything.,19,1,20,pokemon,other,,
0x01F67841,"ll earn myself a sweet
bonus by beating you!",44,1,45,pokemon,dialogue,,
0x01F6786E,No! My pay rise!,16,1,17,pokemon,dialogue,,
0x01F678EB,Ha ha ha!,9,1,10,pokemon,dialogue,,
0x01F67908,ll use it to rule Borrius!,26,1,27,pokemon,dialogue,,
0x01F679C7,t you think?,12,1,13,pokemon,dialogue,,
0x01F679D4,"Prepare to face the wrath of
the Shadows!",41,1,42,pokemon,dialogue,,
0x01F67A04," what kind of wrath was that,
anyway?",37,1,38,pokemon,dialogue,,
0x01F67A5E,"ve got all the pull we need to
get back up, again and again!",60,1,61,pokemon,dialogue,,
0x01F67B54,"down, kid!",10,1,11,pokemon,dialogue,,
0x01F67C20,d you get past our barrier?,27,1,28,pokemon,dialogue,,
0x01F67C3C,Shoot!,6,1,7,pokemon,dialogue,,
0x01F67CB0,re all over this route!,23,1,24,pokemon,dialogue,,
0x01F67CC8,"Are you lost already, kid?",26,1,27,pokemon,dialogue,,
0x01F67D45,"d do the smart thing, and turn
around and go home.",50,1,51,pokemon,description,,
0x01F67DDB,able to break through me!,25,1,26,pokemon,dialogue,,
0x01F67E94,s it!,5,1,6,pokemon,dialogue,,
0x01F67E9C,Ruins of Void,13,1,14,pokemon,location,,
0x01F67ECA,"Ancient ruins where it is said the
dark force had its power sealed
ages ago.",76,1,77,pokemon,description,,
0x01F67F6D,mon again.,10,1,11,pokemon,other,,
0x01F67F7E,"m trying to battle these grunts,
but I can heal you quickly!",60,1,61,pokemon,dialogue,,
0x01F67FFB,"s an ancient switch.
Flip it?",29,1,30,pokemon,dialogue,,
0x01F68019,"This ancient switch has already
been flipped.",45,1,46,pokemon,description,,
0x01F6806A,Clopppps!,9,1,10,pokemon,dialogue,,
0x01F680C3,"SWITCH BELOW
THEN AVOIDING
THE DUSCLOPS
IS THE KEY.",51,1,52,pokemon,description,,
0x01F68116,s a tile puzzle!,16,1,17,pokemon,dialogue,,
0x01F68127,You have already solved the puzzle.,35,1,36,pokemon,dialogue,,
0x01F6814E,Dollllll!,9,1,10,pokemon,dialogue,,
0x01F6815D, came through the portal!,25,1,26,pokemon,dialogue,,
0x01F68194,Safari Zone,11,1,12,pokemon,dialogue,,
0x01F68222, appeared!,10,1,11,pokemon,dialogue,,
0x01F682F3,"mon so far.
Continue playing the Safari Game?",45,1,46,pokemon,dialogue,,
0x01F68390,Quit playing the Safari Game?,29,1,30,pokemon,dialogue,,
0x01F684A9,Would you like to play?,23,1,24,pokemon,dialogue,,
0x01F684C1,"Okay.
Please come again!",24,1,25,pokemon,dialogue,,
0x01F684E6,"500, please!",12,1,13,pokemon,dialogue,,
0x01F68516, Ball here.,11,1,12,pokemon,other,,
0x01F68533," Safari Balls
from the attendant.",33,1,34,pokemon,dialogue,,
0x01F68598,Which would you like to play?,29,1,30,pokemon,dialogue,,
0x01F68693,"ll wish you the best
of luck!",29,1,30,pokemon,dialogue,,
0x01F686B1,"Did you catch your fair share?
Come again!",42,1,43,pokemon,dialogue,,
0x01F6876B,"You currently have no high score
for the Safari Game.",53,1,54,pokemon,dialogue,,
0x01F687A7,Medium,6,1,7,pokemon,other,,
0x01F687AE,High Score,10,1,11,pokemon,location,,
0x01F689EB,What would you like to know about?,34,1,35,pokemon,dialogue,,
0x01F68B75,"Once you run out of Safari Balls or
choose to quit, the game is over.",69,1,70,pokemon,dialogue,,
0x01F68CF5,lower difficulty modes.,23,1,24,pokemon,other,,
0x01F68E26,"Which Berry would you like to know
about?",41,1,42,pokemon,dialogue,,
0x01F68E50,"Which Berry would you like to know
about?",41,1,42,pokemon,dialogue,,
0x01F68F02,mon.,4,1,5,pokemon,other,,
0x01F68F84,mon.,4,1,5,pokemon,other,,
0x01F6903E,mon.,4,1,5,pokemon,other,,
0x01F690D4,mon.,4,1,5,pokemon,other,,
0x01F6916E,mon.,4,1,5,pokemon,other,,
0x01F69173,Berries,7,1,8,pokemon,other,,
0x01F6917B,Difficulty Modes,16,1,17,pokemon,location,,
0x01F6918C,Razz Berry,10,1,11,pokemon,location,,
0x01F69197,Nanab Berry,11,1,12,pokemon,location,,
0x01F691A3,Bluk Berry,10,1,11,pokemon,location,,
0x01F691AE,Wepear Berry,12,1,13,pokemon,location,,
0x01F691BB,Pinap Berry,11,1,12,pokemon,location,,
0x01F69284,Seaport City,12,1,13,pokemon,location,,
0x01F692B4,s Shipyard,10,1,11,pokemon,other,,
0x01F692BF,Seaport Warehouse,17,1,18,pokemon,location,,
0x01F69361,the Battle Frontier.,20,1,21,pokemon,other,,
0x01F69407,"Cube Corp., of course.",22,1,23,pokemon,other,,
0x01F695D4, nonstop!,9,1,10,pokemon,dialogue,,
0x01F69638,"mon, you
should head there and study up!",40,1,41,pokemon,dialogue,,
0x01F69663,"m sorry, but only members are
allowed into the Battleground.",60,1,61,pokemon,description,,
0x01F699EA,s a great gig!,14,1,15,pokemon,dialogue,,
0x01F69A44,"The only thing written about it is
scrawled on those steel beams.",65,1,66,pokemon,description,,
0x01F69A86,"Hi, dear.
Would you like some exotic berries?",45,1,46,pokemon,dialogue,,
0x01F69AEB,"Just please, let me back in!",28,1,29,pokemon,dialogue,,
0x01F69B6F,ll see!,7,1,8,pokemon,dialogue,,
0x01F69BB8, of?,4,1,5,pokemon,dialogue,,
0x01F69BBD,"Which Berry should I tell you
about?",36,1,37,pokemon,dialogue,,
0x01F69BF6,"Natural Gift can only be used with
Berries!",43,1,44,pokemon,dialogue,,
0x01F69CEE,somewhat powerful one-use attack!,33,1,34,pokemon,dialogue,,
0x01F69DFB,"Take it, then.",14,1,15,pokemon,location,,
0x01F69E1C,My legacy will live on within you.,34,1,35,pokemon,dialogue,,
0x01F69F30,"Ahoy, there!
Where do you want to sail?",39,1,40,pokemon,dialogue,,
0x01F69FFE,"ll
set sail right way.",22,1,23,pokemon,other,,
0x01F6A06E, of them.,9,1,10,pokemon,other,,
0x01F6A2AF,"If you decide later on to lend a
hand, it will be much appreciated.",67,1,68,pokemon,dialogue,,
0x01F6A2F3,"I knew we could count on you once
again, Champion!",50,1,51,pokemon,dialogue,,
0x01F6A4D0,items before heading down there.,32,1,33,pokemon,description,,
0x01F6A527,"Please, accept this payment for
your services to the police force.",66,1,67,pokemon,dialogue,,
0x01F6A5FB,"Until we meet again, farewell.",30,1,31,pokemon,other,,
0x01F6A68F,"t you join up and enjoy
some fishing?",37,1,38,pokemon,dialogue,,
0x01F6A6E4,"t give up. If you change
your mind, come see me again!",54,1,55,pokemon,dialogue,,
0x01F6A7C9,"If you catch one, please show it
to me!",39,1,40,pokemon,dialogue,,
0x01F6A827,Have you caught one already?,28,1,29,pokemon,dialogue,,
0x01F6A87C,"m counting on you, Member No. 3!",32,1,33,pokemon,dialogue,,
0x01F6A8A2,s great! Show it to me!,23,1,24,pokemon,dialogue,,
0x01F6A8E1,"s the Offical
Hip Waders Catch of the Day! Sorry!",49,1,50,pokemon,dialogue,,
0x01F6A932,"s not the Official Hip
Waders Catch of the Day. Sorry!",54,1,55,pokemon,dialogue,,
0x01F6AA85,mon?,4,1,5,pokemon,dialogue,,
0x01F6AAD0,mon.,4,1,5,pokemon,other,,
0x01F6AB72,s in an Egg.,12,1,13,pokemon,other,,
0x01F6ACD9,mon?,4,1,5,pokemon,dialogue,,
0x01F6AD12,"mon bigger than
7 metres!",25,1,26,pokemon,dialogue,,
0x01F6AD5F,"mon bigger than
7 metres!",25,1,26,pokemon,dialogue,,
0x01F6AEF7,Pangs of Hunger,15,1,16,pokemon,location,,
0x01F6AF46,mon to cheer her up!,20,1,21,pokemon,dialogue,,
0x01F6AF8E,"mon resembling a
sea cucumber to cheer her up!",46,1,47,pokemon,dialogue,,
0x01F6AFF0,"mon with a big
nose and moustache to cheer her up!",50,1,51,pokemon,dialogue,,
0x01F6B125,d sure like to hear it sometime.,32,1,33,pokemon,description,,
0x01F6B169,"Gobble gobble gobble!
It sounds just like its eating!",53,1,54,pokemon,dialogue,,
0x01F6B2BD,solely on my mouth!,19,1,20,pokemon,dialogue,,
0x01F6B317,"It makes me giggle from the bottom
up!",38,1,39,pokemon,dialogue,,
0x01F6B3D7,Thanks!,7,1,8,pokemon,dialogue,,
0x01F6B4BB,"She does not seem to need it,
so I will give it to you.",55,1,56,pokemon,dialogue,,
0x01F6B52F,t I?,4,1,5,pokemon,dialogue,,
0x01F6B726,mon?,4,1,5,pokemon,dialogue,,
0x01F6B77B,"re not as caring as I
thought.",30,1,31,pokemon,other,,
0x01F6B7DB,mon.,4,1,5,pokemon,other,,
0x01F6B831,",
and I will give you another one.",34,1,35,pokemon,dialogue,,
0x01F6B9A2,"Does that look like a Pumpkaboo
to you?",39,1,40,pokemon,dialogue,,
0x01F6BBF4, and found one of these!,24,1,25,pokemon,dialogue,,
0x01F6BCAA,mon behind them.,16,1,17,pokemon,other,,
0x01F6BD38,"He may even be willing to let you
rent an apartment if you ask.",63,1,64,pokemon,dialogue,,
0x01F6BDB0,"s been quite chipper since a new
resident moved in.",51,1,52,pokemon,description,,
0x01F6BDE7,"Her brain appears to be as
gelatinous as pudding.",49,1,50,pokemon,description,,
0x01F6BE2E,My favourite is chocolate!,26,1,27,pokemon,dialogue,,
0x01F6BF1F,roots in the far eastern regions.,33,1,34,pokemon,description,,
0x01F6C00A,"mon you wanna
share with me?",28,1,29,pokemon,dialogue,,
0x01F6C03E,m all excited now!,18,1,19,pokemon,dialogue,,
0x01F6C096, now!,5,1,6,pokemon,dialogue,,
0x01F6C123,of the usual three.,19,1,20,pokemon,other,,
0x01F6C2C7,Do you have one I could pet?,28,1,29,pokemon,dialogue,,
0x01F6C2ED,"s great!
Can I see it?",22,1,23,pokemon,dialogue,,
0x01F6C4A2,"I get it. Not everyone carries a
Pichu around with them.",56,1,57,pokemon,dialogue,,
0x01F6C50F,"Oh, never mind!
You need space in your party first!",51,1,52,pokemon,dialogue,,
0x01F6C5F1,know the move!,14,1,15,pokemon,dialogue,,
0x01F6C67F,mon Breeders.,13,1,14,pokemon,other,,
0x01F6C6D8,mon?,4,1,5,pokemon,dialogue,,
0x01F6C6E7,mon should I raise?,19,1,20,pokemon,dialogue,,
0x01F6C724, for a while.,13,1,14,pokemon,other,,
0x01F6C762,mon has grown!,14,1,15,pokemon,dialogue,,
0x01F6C78F,"mon
if you only have one with you!",34,1,35,pokemon,dialogue,,
0x01F6C7CA,"mon, what
would you battle with?",32,1,33,pokemon,dialogue,,
0x01F6C838,mon.,4,1,5,pokemon,other,,
0x01F6C84F," back
from the Nursery Lady.",28,1,29,pokemon,other,,
0x01F6C88E," needs to spend some
more time with me.",39,1,40,pokemon,description,,
0x01F6C941,t have room for it.,19,1,20,pokemon,other,,
0x01F6C968,t have enough money!,20,1,21,pokemon,dialogue,,
0x01F6C993,d like!,7,1,8,pokemon,dialogue,,
0x01F6C9B4,Polololol.,10,1,11,pokemon,other,,
0x01F6C9BF,Flaming Body,12,1,13,pokemon,location,,
0x01F6C9CC,Armoured Magma,14,1,15,pokemon,location,,
0x01F6CA15, Eggs total!,12,1,13,pokemon,dialogue,,
0x01F6CA4A, Eggs total!,12,1,13,pokemon,dialogue,,
0x01F6CA8C, Eggs total!,12,1,13,pokemon,dialogue,,
0x01F6CB5B,Get out there and start hatching!,33,1,34,pokemon,dialogue,,
0x01F6CBB1,"Seems good to me.
Take your reward!",35,1,36,pokemon,dialogue,,
0x01F6CC6C,Get hatching!,13,1,14,pokemon,dialogue,,
0x01F6CCB9,"If you do that, the reward I give
you will be priceless.",56,1,57,pokemon,dialogue,,
0x01F6CD2D,the Master Incubator.,21,1,22,pokemon,other,,
0x01F6CD8C,Keep up the hatching!,21,1,22,pokemon,dialogue,,
0x01F6CDA2,"Looks like you need to get room in
your party if you want the reward.",69,1,70,pokemon,dialogue,,
0x01F6CEBD,"ye until ye prove yerself, first.",33,1,34,pokemon,description,,
0x01F6D01B,"And to go along with it, lemme give
ye this, too.",49,1,50,pokemon,description,,
0x01F6D06E,"Now, listen here.",17,1,18,pokemon,location,,
0x01F6D263,"
Not within yer price range?",28,1,29,pokemon,dialogue,,
0x01F6D28C,t have enough money.,20,1,21,pokemon,other,,
0x01F6D2CA,Would you like to use the ADM?,30,1,31,pokemon,dialogue,,
0x01F6D312,Would you like to cut it?,25,1,26,pokemon,dialogue,,
0x01F6D32C,"This rock appears to be breakable.
Would you like to use the ADM?",65,1,66,pokemon,dialogue,,
0x01F6D36E,"This rock appears to be breakable.
Would you like to smash it?",62,1,63,pokemon,dialogue,,
0x01F6D3ED,Would you like to use the ADM?,30,1,31,pokemon,dialogue,,
0x01F6D44C,Would you like to push it?,26,1,27,pokemon,dialogue,,
0x01F6D467,"The ADM made it possible to move
boulders around!",49,1,50,pokemon,dialogue,,
0x01F6D499,"It is now possible to move
boulders around!",43,1,44,pokemon,dialogue,,
0x01F6D4C5,"The ADM made it possible to move
boulders around.",49,1,50,pokemon,description,,
0x01F6D4F7,"It is already possible to move
boulders around.",47,1,48,pokemon,description,,
0x01F6D5F0, funded its construction.,25,1,26,pokemon,other,,
0x01F6D681,any big ship!,13,1,14,pokemon,dialogue,,
0x01F6D868,a little expensive to buy.,26,1,27,pokemon,other,,
0x01F6D9E2,likely to yield Gems.,21,1,22,pokemon,other,,
0x01F6DB51,for you.,8,1,9,pokemon,dialogue,,
0x01F6DFB0,"We are not currently boarding
passengers.",41,1,42,pokemon,description,,
0x01F6E005," right there.
Do you want to board?",35,1,36,pokemon,dialogue,,
0x01F6E1B6,ll give you a prize.,20,1,21,pokemon,dialogue,,
0x01F6E1CB,Please board the ship.,22,1,23,pokemon,other,,
0x01F6E2F3,It already sailed today.,24,1,25,pokemon,other,,
0x01F6E30C,Board,5,1,6,pokemon,other,,
0x01F6E312,"Okay!
You must be the last passenger.",37,1,38,pokemon,dialogue,,
0x01F6E39A,"s having
engine trouble.",24,1,25,pokemon,other,,
0x01F6E542,its depths.,11,1,12,pokemon,other,,
0x01F6E629,You in on the deal of a lifetime?,33,1,34,pokemon,dialogue,,
0x01F6E683,t have enough cash.,19,1,20,pokemon,other,,
0x01F6E6FA,Only the weather will tell!,27,1,28,pokemon,dialogue,,
0x01F6E78E,"For that, you have my gratitude.",32,1,33,pokemon,dialogue,,
0x01F6E82A,"Til your travels bringeth us
together again, I bid you adieu.",61,1,62,pokemon,dialogue,,
0x01F6E879,"But first, make space in your
party.",36,1,37,pokemon,dialogue,,
0x01F6E9A5,speak with me.,14,1,15,pokemon,other,,
0x01F6EAB0,Water-type.,11,1,12,pokemon,other,,
0x01F6EAFC,a ruin.,7,1,8,pokemon,other,,
0x01F6EB3C,"Woah! You spotted me behind this
tree! Impressive!",50,1,51,pokemon,dialogue,,
0x01F6EB7F,t a good hiding place?,22,1,23,pokemon,dialogue,,
0x01F6EBCC,m right proud of them!,22,1,23,pokemon,dialogue,,
0x01F6EBF5,"mon sure can be
counted on!",27,1,28,pokemon,dialogue,,
0x01F6EC58,"I may not have it on me anymore,
but I can still cream you, too!",64,1,65,pokemon,dialogue,,
0x01F6ED67,mon you have?,13,1,14,pokemon,dialogue,,
0x01F6EE10,mon.,4,1,5,pokemon,other,,
0x01F6F042,battling there!,15,1,16,pokemon,dialogue,,
0x01F6F093,imported all the way from Johto!,32,1,33,pokemon,dialogue,,
0x01F6F157,t you think?,12,1,13,pokemon,dialogue,,
0x01F6F167,Kyu! Kyu!,9,1,10,pokemon,dialogue,,
0x01F6F177," ran off into the
warehouse.",28,1,29,pokemon,other,,
0x01F6F194,Shadow Base,11,1,12,pokemon,location,,
0x01F6F234,", to be opened.",15,1,16,pokemon,other,,
0x01F6F28F,Open it?,8,1,9,pokemon,dialogue,,
0x01F6F298,"Bingo!
The Key Card opened the door!",36,1,37,pokemon,dialogue,,
0x01F6F50D,"The door appears to have been
blown apart.",42,1,43,pokemon,description,,
0x01F6F571,"I tried to stop him, but he just
shoved me aside.",49,1,50,pokemon,dialogue,,
0x01F6F5A3,"Which floor would you like, sir?",32,1,33,pokemon,dialogue,,
0x01F6F5C4,Which floor do you want?,24,1,25,pokemon,dialogue,,
0x01F6F6B9,the Light of Ruin.,18,1,19,pokemon,other,,
0x01F6FA12,"Would you allow me the privilege of
battling with you, sir?",59,1,60,pokemon,dialogue,,
0x01F6FA4E,"I expected nothing less from
you, sir.",38,1,39,pokemon,dialogue,,
0x01F6FADE,the Light of Ruin.,18,1,19,pokemon,other,,
0x01F6FB0A,"t expect you to waste your
time on a grunt such as myself.",58,1,59,pokemon,dialogue,,
0x01F6FB83,"Watch for too long and it might
fry your brain.",47,1,48,pokemon,dialogue,,
0x01F6FC24,"s fine if I
allow you in.",25,1,26,pokemon,dialogue,,
0x01F6FC3E,"Please feel free to enter the
lab, sir.",39,1,40,pokemon,description,,
0x01F6FD0C,his revenge on the Light of Ruin.,33,1,34,pokemon,description,,
0x01F6FDBB,Would you like to see it?,25,1,26,pokemon,dialogue,,
0x01F6FDD5,"Are you impressed, sir?",23,1,24,pokemon,dialogue,,
0x01F6FE44,mon.,4,1,5,pokemon,other,,
0x01F6FE5B,"m sure you have much more
important business to attend to.",58,1,59,pokemon,dialogue,,
0x01F6FF3B,"And the Light of Ruin will stand no
chance against them!",56,1,57,pokemon,dialogue,,
0x01F70057,continue synthesizing them.,27,1,28,pokemon,other,,
0x01F70887,An island town on a frozen lake.,32,1,33,pokemon,description,,
0x01F708B0,mon Research Lab,16,1,17,pokemon,other,,
0x01F708C4,s Residence,11,1,12,pokemon,other,,
0x01F708D3,s Residence,11,1,12,pokemon,other,,
0x01F7090B,Better get going!,17,1,18,pokemon,dialogue,,
0x01F7094D," Bellin Town, Icicle Cave",25,1,26,pokemon,other,,
0x01F709A5, Icicle Cave,12,1,13,pokemon,other,,
0x01F709BE,"A quiet town nestled deep in the
mountains.",43,1,44,pokemon,description,,
0x01F70AA9,and Frozen Heights.,19,1,20,pokemon,other,,
0x01F70ABD,"Icicle Cave
Passage",19,1,20,pokemon,location,,
0x01F70AF5," Icicle Cave, Route 15",22,1,23,pokemon,other,,
0x01F70B18,"The archipelago of the Borrius
Region.",38,1,39,pokemon,description,,
0x01F70BA7,s content!,10,1,11,pokemon,dialogue,,
0x01F70C54,Cinder Volcano.,15,1,16,pokemon,location,,
0x01F70CD7, Dresco Town,12,1,13,pokemon,other,,
0x01F70CF4,A safe haven for flowers.,25,1,26,pokemon,other,,
0x01F70D5A, Route 13,9,1,10,pokemon,other,,
0x01F70D8F, Grim Woods,11,1,12,pokemon,other,,
0x01F70D9B,"Cinder Volcano
Passage",22,1,23,pokemon,location,,
0x01F70DF4,mon Day Care,12,1,13,pokemon,other,,
0x01F70E38, Route 4,8,1,9,pokemon,other,,
0x01F70E63, Route 4,8,1,9,pokemon,other,,
0x01F70E70,mon Day Care,12,1,13,pokemon,other,,
0x01F70ECE,mon Day Care,12,1,13,pokemon,other,,
0x01F70F1A,A town built from ash.,22,1,23,pokemon,other,,
0x01F70F9D,Valley Cave,11,1,12,pokemon,location,,
0x01F70FFA, Route 14,9,1,10,pokemon,other,,
0x01F71040, Route 6,8,1,9,pokemon,other,,
0x01F71085, Route 6,8,1,9,pokemon,other,,
0x01F7108E,Frost Mountain,14,1,15,pokemon,location,,
0x01F710CC," Frost Mountain, Route 7",24,1,25,pokemon,other,,
0x01F710F3,The chilly mountain city.,25,1,26,pokemon,other,,
0x01F71135,The High-Flying Ice Queen,25,1,26,pokemon,other,,
0x01F7117F, Tehl Town,10,1,11,pokemon,other,,
0x01F711BA," Tehl Town, Route 10",20,1,21,pokemon,other,,
0x01F711E9,"s perpetually
Autumn.",21,1,22,pokemon,other,,
0x01F71236, Fallshore City,15,1,16,pokemon,other,,
0x01F7127C, Fallshore City,15,1,16,pokemon,other,,
0x01F7128D, Auburn Waterway,16,1,17,pokemon,other,,
0x01F712C6, Route 10,9,1,10,pokemon,other,,
0x01F712DF,The waterfall capital of Borrius.,33,1,34,pokemon,description,,
0x01F7135F,Enjoy backwards battles!,24,1,25,pokemon,dialogue,,
0x01F71383,Come get your next job!,23,1,24,pokemon,dialogue,,
0x01F713D7, Tarmigan Town,14,1,15,pokemon,other,,
0x01F713F3,The town of happiness and bliss.,32,1,33,pokemon,description,,
0x01F71414,"Thundercap Mt.
Passage",22,1,23,pokemon,location,,
0x01F714CF,Thundercap Mt.,14,1,15,pokemon,location,,
0x01F714FD, Antisis City,13,1,14,pokemon,other,,
0x01F71519,"The town located on the
Thundercap Highland.",44,1,45,pokemon,description,,
0x01F71557,Claim the power of Mega Evolution!,34,1,35,pokemon,dialogue,,
0x01F7158D,We study your dreams.,21,1,22,pokemon,dialogue,,
0x01F715B0,"
The text is too faded to read.",31,1,32,pokemon,description,,
0x01F71626,"The door is tightly shut.
It appears impossible to open.",56,1,57,pokemon,description,,
0x01F716C5, Route 14,9,1,10,pokemon,other,,
0x01F716DB,An oasis at the edge of the desert.,35,1,36,pokemon,description,,
0x01F71749,"Find what you need at the
Dehara Dept. Store!",45,1,46,pokemon,dialogue,,
0x01F717D6, Wiseman Gifts,14,1,15,pokemon,other,,
0x01F717FA,Top-Grade Items for Trainers!,29,1,30,pokemon,dialogue,,
0x01F7181B, Service Counter,16,1,17,pokemon,other,,
0x01F71838,s Market,8,1,9,pokemon,other,,
0x01F71844, Evolution Zone,15,1,16,pokemon,other,,
0x01F71857, TM Corner,10,1,11,pokemon,other,,
0x01F71865, Medicine Box,13,1,14,pokemon,other,,
0x01F71876, Wiseman Gifts,14,1,15,pokemon,other,,
0x01F71897,The playground for grown-ups!,29,1,30,pokemon,dialogue,,
0x01F718C9,Enjoy two on two battles!,25,1,26,pokemon,dialogue,,
0x01F719B3, Dehara City,12,1,13,pokemon,other,,
0x01F71A06, Route 14,9,1,10,pokemon,other,,
0x01F71A54, Route 12,9,1,10,pokemon,other,,
0x01F71A88," Ruins of Void, Route 12",24,1,25,pokemon,other,,
0x01F71AD9,Here lies King Borrius III.,27,1,28,pokemon,other,,
0x01F71B00,"A town that has survived the sands
of time.",43,1,44,pokemon,description,,
0x01F71BBD,"Their current dwelling place
is unknown.",40,1,41,pokemon,description,,
0x01F71C1A,"The town filled with light and
prosperity.",42,1,43,pokemon,description,,
0x01F71C80,Move along.,11,1,12,pokemon,location,,
0x01F71C97,Cafeteria,9,1,10,pokemon,other,,
0x01F71CA1,Research Lab,12,1,13,pokemon,location,,
0x01F71CAE,Rest Room,9,1,10,pokemon,location,,
0x01F71CB8,Power Grid,10,1,11,pokemon,location,,
0x01F71CF7, Vivill Town,12,1,13,pokemon,other,,
0x01F71D3A, Route 17,9,1,10,pokemon,other,,
0x01F71D99,"s good
for ya!",14,1,15,pokemon,dialogue,,
0x01F71DF0,Antisis Storage Building,24,1,25,pokemon,location,,
0x01F71F2B,City to its former glory.,25,1,26,pokemon,other,,
0x01F71F58, Antisis City,13,1,14,pokemon,other,,
0x01F71F84, Antisis City,13,1,14,pokemon,other,,
0x01F71FB8, Seaport City,13,1,14,pokemon,other,,
0x01F7201E,Never Lose! Keep Winning!,25,1,26,pokemon,dialogue,,
0x01F720AD,The port hub of Borrius.,24,1,25,pokemon,other,,
0x01F720C7, Battle Frontier,16,1,17,pokemon,other,,
0x01F72106,"mon of
new type combinations!",29,1,30,pokemon,dialogue,,
0x01F7213D,Learn to become a breeding expert!,34,1,35,pokemon,dialogue,,
0x01F721CC,Now departing for East Borrius!,31,1,32,pokemon,dialogue,,
0x01F72254,"The town situated in
a quagmire.",32,1,33,pokemon,description,,
0x01F72286,Now departing for West Borrius!,31,1,32,pokemon,dialogue,,
0x01F72301,em if you can!,14,1,15,pokemon,dialogue,,
0x01F72346,Crystal Peak,12,1,13,pokemon,location,,
0x01F723B3,"The ranch town with the lovely
sea breeze.",42,1,43,pokemon,description,,
0x01F723EC,Moomoo Farm,11,1,12,pokemon,location,,
0x01F72419, Redwood Village,16,1,17,pokemon,other,,
0x01F72520,Victory Road,12,1,13,pokemon,location,,
0x01F7256F,mon League,10,1,11,pokemon,other,,
0x01F725A5,Redwood Village,15,1,16,pokemon,location,,
0x01F725C0,Home of the Super Cube V3!,26,1,27,pokemon,dialogue,,
0x01F725F4,"Where the magic happens!
Public tours now available!",52,1,53,pokemon,dialogue,,
0x01F72684,mon Unbound!,12,1,13,pokemon,dialogue,,
0x01F726B1, Blizzard City,14,1,15,pokemon,other,,
0x01F7283A, Frozen Heights,15,1,16,pokemon,other,,
0x01F7288F, Tehl Town,10,1,11,pokemon,other,,
0x01F728A1, Fallshore City,15,1,16,pokemon,other,,
0x01F7291D, Seaport City,13,1,14,pokemon,other,,
0x01F729DE,"Skipping text on these signs will
likely cost you!",50,1,51,pokemon,dialogue,,
0x01F72A58, to toggle auto-run!,20,1,21,pokemon,dialogue,,
0x01F72BA7," can be used
to scroll between pages of options!",48,1,49,pokemon,dialogue,,
0x01F72E3F,"ll
be returned to this point as well!",37,1,38,pokemon,dialogue,,
0x01F72F41,Points earned in battle.,24,1,25,pokemon,other,,
0x01F730AC," symbol indicates the move
has the Same-Type-Attack-Bonus.",58,1,59,pokemon,description,,
0x01F73292,"This last choice works for any
difficulty.",42,1,43,pokemon,description,,
0x01F7335B,mon the party lead!,19,1,20,pokemon,dialogue,,
0x01F733E7," before selecting
a move!",25,1,26,pokemon,dialogue,,
0x01F7340F,"Talk to Lapras to ride it down
the waterfall!",45,1,46,pokemon,dialogue,,
0x01F734A8,"Use them to help strengthen your
team and give yourself an edge!",64,1,65,pokemon,dialogue,,
0x01F73687,back here to find it!,21,1,22,pokemon,dialogue,,
0x01F73825," lets you scroll
through items in the Cube faster!",50,1,51,pokemon,dialogue,,
0x01F738D8,mon!,4,1,5,pokemon,dialogue,,
0x01F73953,s time to hop on!,17,1,18,pokemon,dialogue,,
0x01F73A24,t get as many.,14,1,15,pokemon,other,,
0x01F73A7F,"mon are unaffected
by powder and spore moves!",45,1,46,pokemon,dialogue,,
0x01F73BEC,"Hop on the rocks to cross over
the water!",41,1,42,pokemon,dialogue,,
0x01F73CB8,the more likely it will occur.,30,1,31,pokemon,other,,
0x01F73EA5,once more.,10,1,11,pokemon,other,,
0x01F73EBE,"Use Strength to push the boulders
onto the pressure plates!",59,1,60,pokemon,dialogue,,
0x01F74181,reward!,7,1,8,pokemon,dialogue,,
0x01F742A2, there to resurface.,20,1,21,pokemon,other,,
0x01F74335,mon like these.,15,1,16,pokemon,other,,
0x01F74412,Items again.,12,1,13,pokemon,location,,
0x01F74494,if the weather is clear!,24,1,25,pokemon,dialogue,,
0x01F74521,Turbo Surf!,11,1,12,pokemon,dialogue,,
0x01F74669," to pin
Missions to the top of the list!",40,1,41,pokemon,dialogue,,
0x01F74709,Buy healing items!,18,1,19,pokemon,dialogue,,
0x01F7477E,"t be caught off guard and be
prepared for intense fights!",57,1,58,pokemon,dialogue,,
0x01F747CD,  to climb up the ladder!,25,1,26,pokemon,dialogue,,
0x01F747FC,"  on the tree to the left of
the sign to enter a Hidden Grotto!",63,1,64,pokemon,dialogue,,
0x01F7487B,s HP as digits!,15,1,16,pokemon,dialogue,,
0x01F74962, as well!,9,1,10,pokemon,dialogue,,
0x01F74A3B," when
reading Trainer Tips signs!",33,1,34,pokemon,dialogue,,
0x01F74B30,the Hall of Fame.,17,1,18,pokemon,other,,
0x01F74DBB,mon quickly!,12,1,13,pokemon,dialogue,,
0x01F74F22,This tip is sponsored by Cube Corp.,35,1,36,pokemon,description,,
0x01F74FF6," to quickly
reset the music to the default track!",49,1,50,pokemon,dialogue,,
0x01F75028,Continue,8,1,9,pokemon,other,,
0x01F750D0,SS Marine,9,1,10,pokemon,location,,
0x01F7517E,to win five times the prizes?,29,1,30,pokemon,dialogue,,
0x01F751CD,re aboard.,10,1,11,pokemon,other,,
0x01F751D8,Please enjoy yourself.,22,1,23,pokemon,dialogue,,
0x01F75217,"s about to arrive in
Polder Town.",33,1,34,pokemon,description,,
0x01F752C1,"The ship is nearing the port.
Do you want to get off the ship?",62,1,63,pokemon,dialogue,,
0x01F7535E,"The ship is nearing the port.
Do you want to get off the ship?",62,1,63,pokemon,dialogue,,
0x01F7541E,"The ship is nearing the port.
Do you want to get off the ship?",62,1,63,pokemon,dialogue,,
0x01F7545D,"Sure. Just wait a sec, please.",30,1,31,pokemon,other,,
0x01F7547C,"Sure.
Please continue to enjoy the trip!",40,1,41,pokemon,dialogue,,
0x01F75570,"You want a tip about the Trainers
still on board the S.S. Marine?",65,1,66,pokemon,dialogue,,
0x01F75600, on the starboard side.,23,1,24,pokemon,other,,
0x01F7564F,Have fun exploring the S.S. Marine!,35,1,36,pokemon,dialogue,,
0x01F75778,only stop when a whistle blows!,31,1,32,pokemon,dialogue,,
0x01F758BD,"re nothing I can use, so you
can have one, if ye want.",54,1,55,pokemon,dialogue,,
0x01F7595D,"s not just because
of the calmer water, either!",47,1,48,pokemon,dialogue,,
0x01F75999,"m terrified of ships!
Lemme off! Lemme off!",43,1,44,pokemon,dialogue,,
0x01F75A58,s privacy?,10,1,11,pokemon,dialogue,,
0x01F75A98,But where can I get a bite to eat?,34,1,35,pokemon,dialogue,,
0x01F75BD6,"d, uh, rather not talk
about the rest.",38,1,39,pokemon,description,,
0x01F75E1E,challenged by these oafs!,25,1,26,pokemon,dialogue,,
0x01F75FCF,Huh? Honchkrows are already black?,34,1,35,pokemon,dialogue,,
0x01F76326,"Ow! Ow! Stop kicking my face - my
poor, personal space invading face!",69,1,70,pokemon,dialogue,,
0x01F764B3,m on a boat.,12,1,13,pokemon,other,,
0x01F764C0,"My Expert speaking skills were too
POWERFUL to let that talk end!",65,1,66,pokemon,dialogue,,
0x01F770FB,s left!,7,1,8,pokemon,dialogue,,
0x01F771C6,with you again!,15,1,16,pokemon,dialogue,,
0x01F772BF,"next cruise, okay?",18,1,19,pokemon,dialogue,,
0x01F772D2,"Alright - this is a stick-up!
Fork over all your money!",55,1,56,pokemon,dialogue,,
0x01F7767E,a solid strength to prop me up!,31,1,32,pokemon,dialogue,,
0x01F7776B,and vigor!,10,1,11,pokemon,dialogue,,
0x01F777EF,"I like to amuse myself by guessing
exactly what is happening!",61,1,62,pokemon,dialogue,,
0x01F7787F,LL TAKE YOU ON!,15,1,16,pokemon,dialogue,,
0x01F77898, THAT WAS QUITE A SHOCK!,24,1,25,pokemon,dialogue,,
0x01F77902,"T KNOW HOW MANY OF US ARE
HERE - ASK THE CREW.",46,1,47,pokemon,description,,
0x01F779F5, illegal!,9,1,10,pokemon,dialogue,,
0x01F77AB8,Nope - definitely not.,22,1,23,pokemon,other,,
0x01F77B52," Big Mo, than Big Mo!",21,1,22,pokemon,dialogue,,
0x01F77C27,Cancel,6,1,7,pokemon,system,,
0x01F77CF5,Egg Moves,9,1,10,pokemon,location,,
0x01F77CFF,Tutors,6,1,7,pokemon,other,,
0x01F77D06,Level-Up,8,1,9,pokemon,other,,
0x01F783B8,Tarmigan Town,13,1,14,pokemon,location,,
0x01F7845E,"Those only happen to the east of
here, by Epidimy Town.",55,1,56,pokemon,dialogue,,
0x01F785C6,"Since a single capsule is useless
to me, you can have it.",57,1,58,pokemon,dialogue,,
0x01F78718,Mist if you can defeat it.,26,1,27,pokemon,dialogue,,
0x01F787F1,t fall into the dark void!,26,1,27,pokemon,dialogue,,
0x01F788BB,teleporter to send you down.,28,1,29,pokemon,dialogue,,
0x01F78A67,"Carpe diem, child!
Seize the day!",33,1,34,pokemon,dialogue,,
0x01F78B95,"horrific nightmares, of course.",31,1,32,pokemon,description,,
0x01F78CBD,"Start collecting Z-Crystals
already!",36,1,37,pokemon,dialogue,,
0x01F78D23,"I got it all the way up in this
hidden section of Icicle Cave!",62,1,63,pokemon,dialogue,,
0x01F78DB9,re going down!,14,1,15,pokemon,dialogue,,
0x01F78E91,horrendous nightmares.,22,1,23,pokemon,other,,
0x01F78F60,"ve been rejected, yet
again.",28,1,29,pokemon,other,,
0x01F78FDC,re a real pal?,14,1,15,pokemon,dialogue,,
0x01F79015,"ve been feeding it lots and lots
of sweet Berries.",50,1,51,pokemon,description,,
0x01F790C0,"Here, I stole a couple from his
collection for you to enjoy.",60,1,61,pokemon,dialogue,,
0x01F790FD,"I hold by the principle that it is
permitted to steal from thieves.",67,1,68,pokemon,dialogue,,
0x01F7921E,Fire power!,11,1,12,pokemon,dialogue,,
0x01F7937F,"mon known
for their connection to dreams.",41,1,42,pokemon,description,,
0x01F79424,test it out for us!,19,1,20,pokemon,dialogue,,
0x01F795C8,nightmare.,10,1,11,pokemon,other,,
0x01F79CC8,"mon are capable of
learning it, too!",36,1,37,pokemon,dialogue,,
0x01F79D68,Naaa!,5,1,6,pokemon,dialogue,,
0x01F79D79,Gar!,4,1,5,pokemon,dialogue,,
0x01F79D90,Tarmigan Mansion,16,1,17,pokemon,location,,
0x01F79DA1,"An ancient mansion present in
Tarmigan Town since its founding.
Defeat the master of the mansion to
obtain the power of Mega Evolution!",135,1,136,pokemon,dialogue,,
0x01F79E70,"ll give you
something special.",30,1,31,pokemon,dialogue,,
0x01F79EC8,"If you manage to find it, it will
open up a new passageway.",59,1,60,pokemon,dialogue,,
0x01F79FD7,"That being Successor Maxima,
of course.",39,1,40,pokemon,description,,
0x01F7A1F6,into a delectable meal.,23,1,24,pokemon,other,,
0x01F7A391,"Here, enjoy these fresh handpicked
ingredients from the garden.",63,1,64,pokemon,description,,
0x01F7A3D3,"m responsible for gathering the
daily ingredients.",50,1,51,pokemon,description,,
0x01F7A406,Maxima,6,1,7,pokemon,other,,
0x01F7A413,t find Successor Maxima!,24,1,25,pokemon,dialogue,,
0x01F7A42C,"Oh, no! I lost!",15,1,16,pokemon,dialogue,,
0x01F7A442,"s a switch somewhere that
opens up a path to Maxima.",52,1,53,pokemon,description,,
0x01F7A47F,"The power of Mega Evolution will
be mine!",41,1,42,pokemon,dialogue,,
0x01F7A4A9,Awooh!,6,1,7,pokemon,dialogue,,
0x01F7A4BF,"t get anywhere if I
keep standing here.",39,1,40,pokemon,description,,
0x01F7A529,as powerful!,12,1,13,pokemon,dialogue,,
0x01F7A536,Shot down!,10,1,11,pokemon,dialogue,,
0x01F7A541,"I need to grow even stronger to
surpass the others.",51,1,52,pokemon,dialogue,,
0x01F7A575,"Welcome to the top floor, kid.",30,1,31,pokemon,other,,
0x01F7A598,re not even close to the end.,29,1,30,pokemon,other,,
0x01F7A5B8,"d say this point in the challenge
is around the mid-point.",58,1,59,pokemon,description,,
0x01F7A5F3,"Who are you?
Why are you here?",30,1,31,pokemon,dialogue,,
0x01F7A612,Whoa!,5,1,6,pokemon,dialogue,,
0x01F7A618,"A statue with a switch?
Never heard of it.",42,1,43,pokemon,dialogue,,
0x01F7A66C,mon!,4,1,5,pokemon,dialogue,,
0x01F7A677,t they ultra-cool-mega-ninja?,29,1,30,pokemon,dialogue,,
0x01F7A695,Super-de-duper-de-doo!,22,1,23,pokemon,dialogue,,
0x01F7A6AE,m an expert kindler!,20,1,21,pokemon,dialogue,,
0x01F7A6C3,"My fire creation skills will put
you to shame one day!",54,1,55,pokemon,dialogue,,
0x01F7A716,"m still
young and free!",23,1,24,pokemon,dialogue,,
0x01F7A72E,"Dragons can Mega Evolve, too!",29,1,30,pokemon,dialogue,,
0x01F7A74C,"Not just yet, though!",21,1,22,pokemon,dialogue,,
0x01F7A762,"One day, my dragons will soar high
in their Mega Evolved forms!",63,1,64,pokemon,dialogue,,
0x01F7A7A2,"Do you know about the secrets this
mansion holds?",49,1,50,pokemon,dialogue,,
0x01F7A7D6,ll tell you.,12,1,13,pokemon,dialogue,,
0x01F7A825,sacred art of Mega Evolution.,29,1,30,pokemon,other,,
0x01F7A843,"How does it feel to know that your
opponents are growing stronger?",66,1,67,pokemon,dialogue,,
0x01F7A89B,t it?,5,1,6,pokemon,dialogue,,
0x01F7A8A5,"d better hope you have enough
healing items.",44,1,45,pokemon,dialogue,,
0x01F7A8DA,t make it past here.,20,1,21,pokemon,other,,
0x01F7A8EF,Proceed.,8,1,9,pokemon,other,,
0x01F7A8F8,The end is nigh.,16,1,17,pokemon,other,,
0x01F7A927,re going?,9,1,10,pokemon,dialogue,,
0x01F7A931,"To obtain the power of
Mega Evolution?",38,1,39,pokemon,dialogue,,
0x01F7A9CA,Be careful.,11,1,12,pokemon,location,,
0x01F7AA07,Are you ready?,14,1,15,pokemon,dialogue,,
0x01F7AA22,re ready.,9,1,10,pokemon,other,,
0x01F7AA7F,t hurt.,7,1,8,pokemon,other,,
0x01F7AD60,This shall be my final test.,28,1,29,pokemon,dialogue,,
0x01F7AD7D,"Triumph over me, and show me you are
worthy of wielding my greatest gift!",73,1,74,pokemon,dialogue,,
0x01F7AEA6,"m glad my defeat came at the hands
of a truly wonderful Trainer!",64,1,65,pokemon,dialogue,,
0x01F7B021," choose the one that
suits you best.",36,1,37,pokemon,dialogue,,
0x01F7B04E," choose the one that
suits you best.",36,1,37,pokemon,dialogue,,
0x01F7B63A,mon Altaria.,12,1,13,pokemon,other,,
0x01F7B647,Mega Ring,9,1,10,pokemon,location,,
0x01F7B651,Mega Bracelet,13,1,14,pokemon,location,,
0x01F7B669,Mega Charm,10,1,11,pokemon,location,,
0x01F7B677,s an ordinary statue.,21,1,22,pokemon,other,,
0x01F7B69E,Press it?,9,1,10,pokemon,dialogue,,
0x01F7B6B6,Not quite yet!,14,1,15,pokemon,dialogue,,
0x01F7B76C,"However, a large part of Mega
Evolution still remains a mystery.",64,1,65,pokemon,dialogue,,
0x01F7B83D,"The remainder of the book is empty.
Prof. Log only researches stats.",68,1,69,pokemon,description,,
0x01F7B9D9,"What do you say?
Do you want to be teleported?",46,1,47,pokemon,dialogue,,
0x01F7BA14,"Abra, use Teleport!",19,1,20,pokemon,dialogue,,
0x01F7BA4F,ll be sitting here.,19,1,20,pokemon,other,,
0x01F7BA66,Braaaaa!,8,1,9,pokemon,dialogue,,
0x01F7BAFA,receiving them as gifts.,24,1,25,pokemon,other,,
0x01F7BBC2,"Perhaps someone from the renowned
Science Society?",50,2,52,pokemon,dialogue,,
0x01F7BBF8,Tehl Town,9,1,10,pokemon,location,,
0x01F7BD2F,"
biggest, bestest one right here!",33,1,34,pokemon,dialogue,,
0x01F7BDAD,re up to?,9,1,10,pokemon,dialogue,,
0x01F7BDB7,"Here, take these!",17,1,18,pokemon,dialogue,,
0x01F7BE61,Statue of Regi,14,1,15,pokemon,location,,
0x01F7BEB0,"mon
that sleeps under Bellin Town.",34,1,35,pokemon,description,,
0x01F7C0D0,"
bring it here, could yeh?",26,1,27,pokemon,dialogue,,
0x01F7C110," know how,
anyway.",18,1,19,pokemon,other,,
0x01F7C219,"manage, bring it here.",22,1,23,pokemon,other,,
0x01F7C2DD,"
best work I ever done.",23,1,24,pokemon,dialogue,,
0x01F7C4B5,"ll give it a
free upgrade.",26,1,27,pokemon,other,,
0x01F7C504,"ll give it a
free upgrade.",26,1,27,pokemon,other,,
0x01F7C591, me.,4,1,5,pokemon,other,,
0x01F7C5D4," the amount of prize money will
be earned when brought into battle.",67,1,68,pokemon,description,,
0x01F7C7E5,"
yer mind.",10,1,11,pokemon,other,,
0x01F7C82C,"
me again.",10,1,11,pokemon,other,,
0x01F7C893, yeh good.,10,1,11,pokemon,other,,
0x01F7CA69,completing it.,14,1,15,pokemon,other,,
0x01F7CACE,mon?,4,1,5,pokemon,dialogue,,
0x01F7CAE1,"s nickname should
I see?",24,1,25,pokemon,dialogue,,
0x01F7CB4E,How about it?,13,1,14,pokemon,dialogue,,
0x01F7CB69,s an Egg!,9,1,10,pokemon,dialogue,,
0x01F7CB73,"Uh huh.
Come back again.",24,1,25,pokemon,other,,
0x01F7CBC9,"Cool. Then, what should the new
nickname be?",44,1,45,pokemon,dialogue,,
0x01F7CC6C,re so lucky!,12,1,13,pokemon,dialogue,,
0x01F7CCD4,re so swag!,11,1,12,pokemon,dialogue,,
0x01F7CDAE,mon?,4,1,5,pokemon,dialogue,,
0x01F7CDE5,"Congratulations!
Here you go!",29,1,30,pokemon,dialogue,,
0x01F7CF1A,ll see a small white circle.,28,1,29,pokemon,other,,
0x01F7CF66,"mon,
come back.",15,1,16,pokemon,other,,
0x01F7D04F,mon.,4,1,5,pokemon,other,,
0x01F7D054,Seasonal Research,17,1,18,pokemon,location,,
0x01F7D066,"Help a researcher study seasonal
form changes around Borrius by
bringing him various Sawsbuck.",94,1,95,pokemon,description,,
0x01F7D0C5,"Help a researcher study seasonal
form changes by bringing him a
Sawsbuck in its Spring form.",92,1,93,pokemon,description,,
0x01F7D122,"Help a researcher study seasonal
form changes by bringing him a
Sawsbuck in its Summer form.",92,1,93,pokemon,description,,
0x01F7D17F,"Help a researcher study seasonal
form changes by bringing him a
Sawsbuck in its Autumn form.",92,1,93,pokemon,description,,
0x01F7D1DC,"Help a researcher study seasonal
form changes by bringing him a
Sawsbuck in its Winter form.",92,1,93,pokemon,description,,
0x01F7D302,"Would you like to help me with
my research?",43,1,44,pokemon,dialogue,,
0x01F7D3BD, form.,6,1,7,pokemon,other,,
0x01F7D3C8,"If you change your mind, your help
would still be invaluable.",61,1,62,pokemon,dialogue,,
0x01F7D4AF," form, please.",14,1,15,pokemon,other,,
0x01F7D4D1,"Please wait a moment while I
study it.",38,1,39,pokemon,description,,
0x01F7D566, form.,6,1,7,pokemon,other,,
0x01F7D734,"Ah yes, your reward.",20,1,21,pokemon,dialogue,,
0x01F7D8B1,"s Nature should
I change?",25,1,26,pokemon,dialogue,,
0x01F7DABF,I will happy to change more.,28,1,29,pokemon,dialogue,,
0x01F7DB0C,mon.,4,1,5,pokemon,other,,
0x01F7DB4A,s Nature.,9,1,10,pokemon,other,,
0x01F7DBB1,", I can do another.",19,1,20,pokemon,dialogue,,
0x01F7DBFA, Nature?,8,1,9,pokemon,dialogue,,
0x01F7DC9D,"And now, the payment, if you would.",35,1,36,pokemon,dialogue,,
0x01F7DD03,more.,5,1,6,pokemon,other,,
0x01F7DD09,"I am afraid neither you or I are
able to afford a Nature change.",64,1,65,pokemon,dialogue,,
0x01F7DD51,Summer,6,1,7,pokemon,other,,
0x01F7DD58,Autumn,6,1,7,pokemon,other,,
0x01F7DD9F,Talk to rocks!,14,1,15,pokemon,dialogue,,
0x01F7DDE2,"That is, until those guys showed
up and started swarming Route 9.",65,1,66,pokemon,description,,
0x01F7DE3F,"Not many are incentivized to hang
around in a small forest town.",64,1,65,pokemon,description,,
0x01F7DFAE,"mon back
to half health!",24,1,25,pokemon,dialogue,,
0x01F7DFD3,"Please, enjoy this gift!",24,1,25,pokemon,dialogue,,
0x01F7E03B, Thundercap Mt.,15,1,16,pokemon,other,,
0x01F7E0BC,"mon
roosts at the summit.",25,1,26,pokemon,other,,
0x01F7E109,"Let me heal you up so you can
continue on, worry free!",54,1,55,pokemon,dialogue,,
0x01F7E140,"All set!
Stay safe out there!",29,1,30,pokemon,dialogue,,
0x01F7E175,"
It compels me to give this to you!",35,1,36,pokemon,dialogue,,
0x01F7E199,"I may feel compelled to give you
something tomorrow, as well.",61,1,62,pokemon,dialogue,,
0x01F7E1D7,The Wayward Kid,15,1,16,pokemon,location,,
0x01F7E1EC,"A little boy has lost his way in
Thundercap Mt. 4F! Team up with
him, and guide him to the exit.",96,1,97,pokemon,dialogue,,
0x01F7E293,"Please!
Please take me to the exit!",35,1,36,pokemon,dialogue,,
0x01F7E2CF, decided to go with Milo!,25,1,26,pokemon,dialogue,,
0x01F7E2FC,"mon healthy
all the time!",25,1,26,pokemon,dialogue,,
0x01F7E344,Those are my favourites.,24,1,25,pokemon,dialogue,,
0x01F7E461,party will be selected for battle.,34,1,35,pokemon,system,,
0x01F7E4D9,", bye-bye!
Thank you!",21,1,22,pokemon,dialogue,,
0x01F7E937,"The item is sealed behind the
electric barrier.",47,1,48,pokemon,description,,
0x01F7E9EC,"PRESSURE
ELSEWHERE
IS THE KEY.",30,1,31,pokemon,other,,
0x01F7EB09,"Can you even hope to take the title
from me?",44,1,45,pokemon,dialogue,,
0x01F7EBD5,t be needing this anymore.,26,1,27,pokemon,other,,
0x01F7EC59,"Farewell, Trainer.",18,1,19,pokemon,location,,
0x01F7ED6A,Better go a different way.,26,1,27,pokemon,other,,
0x01F7ED9A,"re not getting to Zapdos no
matter how fast you move!",53,1,54,pokemon,dialogue,,
0x01F7EDE8,"No matter how fast you run, there
are plenty of us to slow you down!",68,1,69,pokemon,dialogue,,
0x01F7EE3D,"mon, attack!",12,1,13,pokemon,dialogue,,
0x01F7EE51,mon - defeated!,15,1,16,pokemon,dialogue,,
0x01F7EE7C,"Beats me.
I just get paid to follow orders.",43,1,44,pokemon,dialogue,,
0x01F7EF30,"t slow you down, at
least this room will.",41,1,42,pokemon,dialogue,,
0x01F7EF6E,"Good luck getting to the top of the
mountain now!",49,1,50,pokemon,dialogue,,
0x01F7F002,"How can you climb up a mountain
with no stairs?",47,1,48,pokemon,dialogue,,
0x01F7F0C0,d you get past the guard?,25,1,26,pokemon,dialogue,,
0x01F7F187,"t put me on Shadow Warrior
feeding duty! Please!",48,1,49,pokemon,dialogue,,
0x01F7F2FE,ll ever tell you!,17,1,18,pokemon,dialogue,,
0x01F7F349,"s worse - losing to
you or being zapped.",40,1,41,pokemon,dialogue,,
0x01F7F43F,"t
interrupt Marlon!",19,1,20,pokemon,dialogue,,
0x01F7F4CE,he prepares to capture Zapdos.,30,1,31,pokemon,other,,
0x01F7F51A,s nothing like Antisis City.,28,1,29,pokemon,other,,
0x01F7F58C,m out of my depth in here.,26,1,27,pokemon,dialogue,,
0x01F7F5B5,"The Dehara City Gym Leader
trains here regularly.",49,1,50,pokemon,description,,
0x01F7F5F0,"re strong!
Do you train here too?",33,1,34,pokemon,dialogue,,
0x01F7F612,"I guess I need to train more to
match that Gym Leader.",54,1,55,pokemon,dialogue,,
0x01F7F649,"Ack!
I got caught in an electric web!",37,1,38,pokemon,dialogue,,
0x01F7F66F,You freed me!,13,1,14,pokemon,dialogue,,
0x01F7F67D,"My top speed went down when I got
trapped in that electric web!",63,1,64,pokemon,dialogue,,
0x01F7F6EC, with my bare hands!,20,1,21,pokemon,dialogue,,
0x01F7F751,"I will keep smashing rocks with
my bare hands!",46,1,47,pokemon,dialogue,,
0x01F7F7A5,s so mysterious!,16,1,17,pokemon,dialogue,,
0x01F7F7B6,Fascinating!,12,1,13,pokemon,dialogue,,
0x01F7F7CA,"mon evolved from the energy
in this cave!",41,1,42,pokemon,dialogue,,
0x01F7F858,mon.,4,1,5,pokemon,other,,
0x01F7F893,t mercilessly beat them.,24,1,25,pokemon,other,,
0x01F7F8C0,"
No respect for their elders.",29,1,30,pokemon,other,,
0x01F7F907,"These Tynamo keep trying to
shock me!",37,1,38,pokemon,dialogue,,
0x01F7F941,"t prevent your
power from shocking me!",38,1,39,pokemon,dialogue,,
0x01F7F996,"Maybe I should invest in a more
expensive brand.",48,1,49,pokemon,dialogue,,
0x01F7F9C7,"I sense great power within you.
Power that will kneel to mine!",62,1,63,pokemon,dialogue,,
0x01F7FA06,"Oh spirits, I have failed you.",30,1,31,pokemon,dialogue,,
0x01F7FA25,"It appears I need to spend more
time honing my clairvoyance.",60,1,61,pokemon,dialogue,,
0x01F7FA89,"s light it up with a
sparking battle!",37,1,38,pokemon,dialogue,,
0x01F7FAB7,s blinding in here!,19,1,20,pokemon,dialogue,,
0x01F7FAF5,"The cavern is glowing with the
fires of passion!",48,1,49,pokemon,dialogue,,
0x01F7FB3E,s a mountain!,13,1,14,pokemon,dialogue,,
0x01F7FB5F,"You got my blood flowing during my
long climb.",46,1,47,pokemon,dialogue,,
0x01F7FB8E,"Be careful when climbing the rock
walls, the fall can be treacherous.",69,1,70,pokemon,description,,
0x01F7FC1B,it is a complex one!,20,1,21,pokemon,dialogue,,
0x01F7FC30,"The puzzle requires you to use
Rock Smash, Strength, and Surf!",62,1,63,pokemon,dialogue,,
0x01F7FCEF,"ll need Surf to get over there,
though.",39,1,40,pokemon,description,,
0x01F7FD1A,s a trap!,9,1,10,pokemon,dialogue,,
0x01F7FD37,mon!,4,1,5,pokemon,dialogue,,
0x01F7FD77,"re only found daily in one of
the Gyms.",39,1,40,pokemon,description,,
0x01F7FD9F,"How did I get down the ladder
on a bicycle?",43,1,44,pokemon,dialogue,,
0x01F7FDD0,s a secret!,11,1,12,pokemon,dialogue,,
0x01F7FDE6,"t get back up the ladder,
no matter how hard I try.",51,1,52,pokemon,dialogue,,
0x01F7FE28,"mon been acting
funny lately?",29,1,30,pokemon,dialogue,,
0x01F7FEC8,"t
it fascinating?",17,1,18,pokemon,dialogue,,
0x01F7FEF4,"m not
building a machine?",25,1,26,pokemon,dialogue,,
0x01F7FF7C,"Nobody can tell me who I have
to be!",36,1,37,pokemon,dialogue,,
0x01F7FFA1,"Look!
A Trainer lost in Thundercap Mt!",38,1,39,pokemon,dialogue,,
0x01F7FFC8,I strayed from the battle plan!,31,1,32,pokemon,dialogue,,
0x01F7FFF2,"m not lost.
I live here!",24,1,25,pokemon,dialogue,,
0x01F80069,"t
stop burping! Bluurrf!",24,1,25,pokemon,dialogue,,
0x01F800ED,"Not around here, though.
I wonder if they taste any good?",57,1,58,pokemon,dialogue,,
0x01F8016C,"mon
battle!",11,1,12,pokemon,dialogue,,
0x01F80184,s nothing lost about this kid!,30,1,31,pokemon,dialogue,,
0x01F80214,ll guide you if you can beat me.,32,1,33,pokemon,dialogue,,
0x01F80256,m not going to guide you now!,29,1,30,pokemon,dialogue,,
0x01F802A0,s my story!,11,1,12,pokemon,dialogue,,
0x01F802DE,mon Trainer?,12,1,13,pokemon,dialogue,,
0x01F8030E,"s a start, right?",17,1,18,pokemon,dialogue,,
0x01F803C8,fun battle!,11,1,12,pokemon,dialogue,,
0x01F803DE,t any fun for me!,17,1,18,pokemon,dialogue,,
0x01F8041C,s no deep meaning to it.,24,1,25,pokemon,other,,
0x01F80435,"Did you come to play, too?
Wanna play battle with me?",53,1,54,pokemon,dialogue,,
0x01F8046B,You were just toying with me!,29,1,30,pokemon,dialogue,,
0x01F8048B,"m playing hide-and-seek here.
I like some underground tag, too.",63,1,64,pokemon,dialogue,,
0x01F804FB,m here to take care of you!,27,1,28,pokemon,dialogue,,
0x01F80526,s crying now?,13,1,14,pokemon,dialogue,,
0x01F805A1,"I eat softies for breakfast!
Softies like you!",46,1,47,pokemon,dialogue,,
0x01F805D3, you ate me for lunch!,22,1,23,pokemon,dialogue,,
0x01F806AF,mon trained even more!,22,1,23,pokemon,dialogue,,
0x01F806E8,m energetic!,12,1,13,pokemon,dialogue,,
0x01F808FF,"mon and
smash your way through!",31,1,32,pokemon,dialogue,,
0x01F80A3A,"Gather the stars around Borrius
and come again!",47,1,48,pokemon,dialogue,,
0x01F80AA6,"Obtain more stars to your name
and come again!",46,1,47,pokemon,dialogue,,
0x01F80B8C,Quit,4,1,5,pokemon,other,,
0x01F80BA1,Cancel,6,1,7,pokemon,system,,
0x01F80BB9,Quit,4,1,5,pokemon,other,,
0x01F80BE9,Give up solving the puzzle?,27,2,29,pokemon,dialogue,,
0x01F80C08,Tomb of Borrius,15,1,16,pokemon,location,,
0x01F80C18,"An ancient tomb said to be the
resting place of King Borrius III.
Immense wealth is said to wait for
anyone who can reach the burial
chamber.",141,1,142,pokemon,description,,
0x01F80CB2,"A hole has opened up into the
depths of a tomb! Explore it and
solve its mysteries.",83,1,84,pokemon,dialogue,,
0x01F80E2B,then be my guest.,17,1,18,pokemon,dialogue,,
0x01F80ED9,t go there!,11,1,12,pokemon,dialogue,,
0x01F8109F,I can feel it in my bones!,26,1,27,pokemon,dialogue,,
0x01F811C0,"
Let me throw down a ladder.",28,1,29,pokemon,other,,
0x01F8131F,"A whiz like you should have no
problem finding it.",50,1,51,pokemon,dialogue,,
0x01F813DB,Booooooooo!,11,1,12,pokemon,dialogue,,
0x01F814BA,through the tomb.,17,1,18,pokemon,other,,
0x01F81569,lead us to the next floor.,26,1,27,pokemon,other,,
0x01F81584,The rock reacted to your touch!,31,1,32,pokemon,dialogue,,
0x01F816CC,"Am I ever glad I got through that
in one piece!",47,1,48,pokemon,dialogue,,
0x01F81799,"Maybe if you can reach a certain
speed?",39,1,40,pokemon,dialogue,,
0x01F81820,falling through the holes.,26,1,27,pokemon,other,,
0x01F8196A,mon.,4,1,5,pokemon,other,,
0x01F81A39,"THE AUTOMATED DEFENSE SYSTEM HAS
BEEN ENGAGED!",46,1,47,pokemon,dialogue,,
0x01F81ACA,"s a good thing I let you take
the lead on the exploration!",58,1,59,pokemon,dialogue,,
0x01F81CDC,"Here, you can have it.",22,1,23,pokemon,dialogue,,
0x01F81CF6,Kriiikrookriii!,15,1,16,pokemon,dialogue,,
0x01F81D0B, disappeared into the tomb.,27,2,29,pokemon,other,,
0x01F81D3A,The Top,7,1,8,pokemon,location,,
0x01F81E44,Name,4,1,5,pokemon,other,,
0x01F81E49,Birthday,8,1,9,pokemon,other,,
0x01F81E52,Wallet,6,1,7,pokemon,other,,
0x01F81E61,Time,4,1,5,pokemon,other,,
0x01F81E66,Adventure Started,17,1,18,pokemon,location,,
0x01F81E78,Hall of Fame Debut,18,1,19,pokemon,other,,
0x01F81E8B,Missions Completed,18,1,19,pokemon,location,,
0x01F81E9E,Jan. ,5,1,6,pokemon,location,,
0x01F81EB0,Apr. ,5,1,6,pokemon,location,,
0x01F81EBB,June ,5,1,6,pokemon,location,,
0x01F81EC1,July ,5,1,6,pokemon,location,,
0x01F81EC7,Aug. ,5,1,6,pokemon,location,,
0x01F81EDF,Dec. ,5,2,7,pokemon,location,,
0x01F81EE8,Trainer Catalogue,17,1,18,pokemon,location,,
0x01F81F4F, confirmed!,11,1,12,pokemon,dialogue,,
0x01F8206D,"You can do it!
Good luck!",25,1,26,pokemon,dialogue,,
0x01F821E0,The wall collapsed!,19,1,20,pokemon,dialogue,,
0x01F82211,"
was found.",11,1,12,pokemon,other,,
0x01F82358,Underground Pass,16,1,17,pokemon,location,,
0x01F82369,"A tunnel connecting Tehl Town to
Route 9.
Enthusiasts have set up a daily
challenge here.",89,1,90,pokemon,description,,
0x01F8243E,fantastic prize!,16,1,17,pokemon,dialogue,,
0x01F8244F,"Back for another attempt at our
daily challenge?",48,1,49,pokemon,dialogue,,
0x01F82484,"t hack it, eh?",14,1,15,pokemon,dialogue,,
0x01F8256A,ll let you know when time is up.,32,1,33,pokemon,dialogue,,
0x01F825A3,GO! GO! GO!,11,1,12,pokemon,dialogue,,
0x01F825AF,"What are you waiting for?
GO, GO, GO!",37,1,38,pokemon,dialogue,,
0x01F827D0,Better luck next time!,22,1,23,pokemon,dialogue,,
0x01F8283D,Dowsing Wizard,14,1,15,pokemon,location,,
0x01F82874, hidden items.,14,1,15,pokemon,other,,
0x01F82941,"You want to find some hidden items,
and then compare?",53,1,54,pokemon,dialogue,,
0x01F829D3,"t find anything as
sweet as my haul here!",41,1,42,pokemon,dialogue,,
0x01F82A0C,"ll find other people
to compare with.",37,1,38,pokemon,description,,
0x01F82B7C,"Remember to check between couch
cushions for secret treasures.",62,2,64,pokemon,description,,
0x01F82BFA,its size!,9,1,10,pokemon,dialogue,,
0x01F82C07,Toxapex receded into the sand.,30,7,37,pokemon,other,,
0x01F82C4E,"DEFEATING
THE TOXAPEX
IS THE KEY.",33,1,34,pokemon,description,,
0x01F82C75, found a rare Egg!,18,1,19,pokemon,dialogue,,
0x01F82C88,The rare Egg,12,1,13,pokemon,location,,
0x01F82C95,The Sharpedo is angry!,22,1,23,pokemon,dialogue,,
0x01F82CC4,The Sharpedo attacked!,22,1,23,pokemon,dialogue,,
0x01F82D04,Valley Cave,11,1,12,pokemon,location,,
0x01F82D10,"A seemingly plain tunnel that
connects Crater Town to Route 6.
The ocean has recently started
flooding in.",106,1,107,pokemon,description,,
0x01F82D7B,"The inscription on the tablet
appears to have eroded away.",58,1,59,pokemon,description,,
0x01F82DF2,Press it?,9,1,10,pokemon,dialogue,,
0x01F82E32,re getting into.,16,1,17,pokemon,other,,
0x01F82E52,"
Okay.",6,1,7,pokemon,other,,
0x01F82E59,"A life of gambling is a life of
no regrets.",43,1,44,pokemon,description,,
0x01F82E85,Hiyargh!,8,1,9,pokemon,dialogue,,
0x01F82E8E,"No pain, no gain!",17,1,18,pokemon,dialogue,,
0x01F82EA0,"I train myself every day by running
barefoot across these stones.",65,1,66,pokemon,dialogue,,
0x01F82EE2,"Rare herbs grow in this cave.
It is my job to protect them.",59,1,60,pokemon,dialogue,,
0x01F82F1E,My job is important.,20,1,21,pokemon,dialogue,,
0x01F82F6F,affection for you will decrease.,32,1,33,pokemon,dialogue,,
0x01F82F92,"ve been strolling in this cave
since I was a young lad.",55,1,56,pokemon,dialogue,,
0x01F82FCA,"I know everything there is to know
about this cave.",51,1,52,pokemon,dialogue,,
0x01F830E3,What ever could that mean?,26,1,27,pokemon,dialogue,,
0x01F8317C,Victory Road,12,1,13,pokemon,location,,
0x01F831BF,"mon League.
Trainers seeking to become the best
arrive here after enduring a long
and grueling journey.",103,1,104,pokemon,description,,
0x01F836EF,"Ooh woo woo, are you coming this
way because you solved the puzzle?",67,1,68,pokemon,dialogue,,
0x01F83733,"I solved the puzzle!
It only took me two seconds!",49,1,50,pokemon,dialogue,,
0x01F83807,"That way, those lacking conviction
are forced to turn back.",59,1,60,pokemon,description,,
0x01F83869,Could you be a hurdle for me?,29,1,30,pokemon,dialogue,,
0x01F83943,mon League.,11,1,12,pokemon,other,,
0x01F8397B,mon are capable of?,19,1,20,pokemon,dialogue,,
0x01F839B9,That has certainly been proven!,31,1,32,pokemon,dialogue,,
0x01F83A36,mon and I are!,14,1,15,pokemon,dialogue,,
0x01F83A4E,s brought you this far?,23,1,24,pokemon,dialogue,,
0x01F83A9F,t it?,5,1,6,pokemon,dialogue,,
0x01F83B1C,"mon, too!",9,1,10,pokemon,dialogue,,
0x01F83B26,"Each day, different Trainers try
to push a boulder past me!",59,1,60,pokemon,dialogue,,
0x01F83B62,"These Trainers are like you, they
desire to become the very best.",65,1,66,pokemon,dialogue,,
0x01F83C06,move boulders around!,21,1,22,pokemon,dialogue,,
0x01F83C7A,ll never stop!,14,1,15,pokemon,dialogue,,
0x01F83C99,"t go the way I
wanted it to!",28,1,29,pokemon,dialogue,,
0x01F83D23,reason to fight.,16,1,17,pokemon,other,,
0x01F83D3E," I can guarantee it is
not a natural formation.",47,1,48,pokemon,dialogue,,
0x01F83DF9,"Who could have set it up, I wonder?",35,1,36,pokemon,dialogue,,
0x01F83E4B,mon.,4,1,5,pokemon,other,,
0x01F83E50,"Not bad!
I like your strength.",30,1,31,pokemon,dialogue,,
0x01F83E9D,s calling!,10,1,11,pokemon,dialogue,,
0x01F83EDC,"What exactly do I tame, again?",30,1,31,pokemon,dialogue,,
0x01F83F1D,"t
have lost.",12,1,13,pokemon,other,,
0x01F83F6C,exactly I tame.,15,1,16,pokemon,dialogue,,
0x01F83FDB,"I caught mine right here in the
caves of Victory Road!",54,1,55,pokemon,dialogue,,
0x01F84022,mon!,4,1,5,pokemon,dialogue,,
0x01F84064,Druddigon is a pure Dragon-type.,32,1,33,pokemon,description,,
0x01F84108,of his bugs.,12,1,13,pokemon,other,,
0x01F84119,"t worry, his bugs are fine.",27,1,28,pokemon,other,,
0x01F84196,"t realize the only Bug-type
around here is Durant.",50,1,51,pokemon,description,,
0x01F842A7,mon here!,9,1,10,pokemon,dialogue,,
0x01F842C6,"s trying to eat my
Durant again!",32,1,33,pokemon,dialogue,,
0x01F842F1,"s Heatmor is always
trying to eat the Durant I caught.",54,1,55,pokemon,dialogue,,
0x01F84382,"d fight
you to express my frustration.",38,1,39,pokemon,dialogue,,
0x01F843A9,"Have a little taste of our
mother-daughter fighting style!",58,1,59,pokemon,dialogue,,
0x01F843E4,"Our mother-daughter combination has
seen better fights.",55,1,56,pokemon,description,,
0x01F84450,"Ever since she could speak, all she
could talk about was Arabella.",66,1,67,pokemon,description,,
0x01F844EF,"Me and Mommy are super strong
when we fight together!",53,1,54,pokemon,dialogue,,
0x01F84532, we lost?,9,1,10,pokemon,dialogue,,
0x01F8455B,Super adorable and super powerful!,34,1,35,pokemon,dialogue,,
0x01F84602,mon in battle!,14,1,15,pokemon,dialogue,,
0x01F84611,"Your strength is fathomless!
I am deeply impressed.",51,1,52,pokemon,dialogue,,
0x01F84677,"But my first step is to take care
of these hedges.",50,1,51,pokemon,dialogue,,
0x01F846E3,I want to win!,14,1,15,pokemon,dialogue,,
0x01F84701,"How could you defeat me this
utterly!?",38,1,39,pokemon,dialogue,,
0x01F847B9,mon.,4,1,5,pokemon,other,,
0x01F847CC,"t be bested by
anyone!",22,1,23,pokemon,dialogue,,
0x01F847FD,s alright.,10,1,11,pokemon,other,,
0x01F84853,"re
still together after all that.",33,1,34,pokemon,description,,
0x01F8488E,"
Are you the one who kicked it up?",34,1,35,pokemon,dialogue,,
0x01F848EC,"A supple and comforting wind
blowing through Victory Road!",58,1,59,pokemon,dialogue,,
0x01F84965,getting burned!,15,1,16,pokemon,dialogue,,
0x01F8497D,"
I think I got a bit singed.",28,1,29,pokemon,dialogue,,
0x01F849FC,mon League.,11,1,12,pokemon,other,,
0x01F84A28,mon!,4,1,5,pokemon,dialogue,,
0x01F84ABC,"mon, see!",9,1,10,pokemon,dialogue,,
0x01F84AE2,mon.,4,1,5,pokemon,other,,
0x01F84AED,"t comprehend this!
How could my partners lose!?",47,1,48,pokemon,dialogue,,
0x01F84B49,"mon that understands
that can become one of my partners!",56,1,57,pokemon,dialogue,,
0x01F84BE0,mon?,4,1,5,pokemon,dialogue,,
0x01F84C66,"s nothing worse than a
halfhearted opponent.",44,1,45,pokemon,description,,
0x01F84CA3,"m strong, you know.
Do you still want to take me on?",52,1,53,pokemon,dialogue,,
0x01F84CFD,Why did you want to take me on?,31,1,32,pokemon,dialogue,,
0x01F84D5F,"That is right!
At least I am persistent!",40,1,41,pokemon,dialogue,,
0x01F84E02,those people!,13,1,14,pokemon,dialogue,,
0x01F84E10,"Mwahaha!
It is fun!",19,1,20,pokemon,dialogue,,
0x01F84F77,"MOVE LIKE A
CLOCK. FINISH
IN THE CENTRE.",40,1,41,pokemon,description,,
0x01F84FBF, Vivill Town,12,1,13,pokemon,other,,
0x01F8506B,our town.,9,1,10,pokemon,other,,
0x01F850D9,"m so happy, I want to share my
joy with you!",44,1,45,pokemon,dialogue,,
0x01F8517D,"What did they do to get the weather
to act like that?",53,1,54,pokemon,dialogue,,
0x01F8534D,Kaboom!,7,1,8,pokemon,dialogue,,
0x01F854E7,"No luck either, eh?",19,1,20,pokemon,dialogue,,
0x01F85524,Not that!,9,1,10,pokemon,dialogue,,
0x01F8552E,"Aww, sweet!
Fungus is now among you!",36,1,37,pokemon,dialogue,,
0x01F85553,"Aww, sweet!
Fungus is now among us!",35,1,36,pokemon,dialogue,,
0x01F855E0,from eating it!,15,1,16,pokemon,dialogue,,
0x01F855F0,Trader Traitor,14,1,15,pokemon,location,,
0x01F85624,mon with Borrians to find out!,30,1,31,pokemon,dialogue,,
0x01F8573C,mon?,4,1,5,pokemon,dialogue,,
0x01F8578C,Borrius that is willing.,24,1,25,pokemon,other,,
0x01F8582E,"For helping me prove my point,
take this.",41,1,42,pokemon,dialogue,,
0x01F858C9,ll give you a nice reward.,26,1,27,pokemon,dialogue,,
0x01F85958,oblige them.,12,1,13,pokemon,other,,
0x01F859A3,please.,7,1,8,pokemon,other,,
0x01F859C2,"Traded an Alolan Sandshrew in
exchange for Quacker the Ducklett.",64,1,65,pokemon,description,,
0x01F85A16,"Traded an Onix in exchange for
Roly-Poly the Electrode.",55,1,56,pokemon,description,,
0x01F85A66,"Traded a Lickitung in exchange for
Top the Hitmontop.",53,1,54,pokemon,description,,
0x01F85AB4,"Traded a Manectric in exchange for
Squirry the Pachirisu.",57,1,58,pokemon,description,,
0x01F85B1E,"Traded an Amoonguss in exchange for
Shin the Shiinotic.",55,1,56,pokemon,description,,
0x01F85BA8,"Traded a Zweilous in exchange for
Torch the Lampent.",52,1,53,pokemon,description,,
0x01F85C5C, or greater with you!,21,1,22,pokemon,dialogue,,
0x01F85CA8, or greater?,12,1,13,pokemon,dialogue,,
0x01F85CFC,ll give you this!,17,1,18,pokemon,dialogue,,
0x01F85D81,or greater!,11,1,12,pokemon,dialogue,,
0x01F85DF2,or greater!,11,1,12,pokemon,dialogue,,
0x01F85E52,or greater!,11,1,12,pokemon,dialogue,,
0x01F85EA1,"d like, please come visit me
again tomorrow, okay?",50,1,51,pokemon,dialogue,,
0x01F85EDB,tough,5,1,6,pokemon,other,,
0x01F85F87,ve heard.,9,1,10,pokemon,other,,
0x01F861BD,whatever their nefarious plot was.,34,1,35,pokemon,description,,
0x01F861E0,Vivill Warehouse,16,1,17,pokemon,location,,
0x01F86285,s hot!,6,1,7,pokemon,dialogue,,
0x01F862AF,"The Shadows made you into the man
you are!",42,1,43,pokemon,dialogue,,
0x01F8634C,"s our new leader,
you should be on our side!",44,1,45,pokemon,dialogue,,
0x01F8638F,"s the point in still working
for Zeph?",38,1,39,pokemon,dialogue,,
0x01F86407,m sticking with him!,20,1,21,pokemon,dialogue,,
0x01F8641C,"Stop right there, Shadow!",25,1,26,pokemon,dialogue,,
0x01F864AD,"Those creatures roaming around lash
out at anything they see.",61,1,62,pokemon,description,,
0x01F864F3,Floette! Use Dazzle Gleam!,26,1,27,pokemon,dialogue,,
0x01F86511,Flo!,4,1,5,pokemon,dialogue,,
0x01F86519,Flo!,4,1,5,pokemon,dialogue,,
0x01F86521,Flo!,4,1,5,pokemon,dialogue,,
0x01F86563,Remove its cloak?,17,1,18,pokemon,dialogue,,
0x01F8657A, tugged on the cloak.,21,1,22,pokemon,other,,
0x01F86593,The Shadow Warrior is furious!,30,1,31,pokemon,dialogue,,
0x01F86641,"re not one of them, I
have no fears about taking you on!",56,1,57,pokemon,dialogue,,
0x01F86680,m too young to lose!,20,1,21,pokemon,dialogue,,
0x01F86771,"ll need more than that to get
in there, though.",47,1,48,pokemon,description,,
0x01F86870,"ll need more than that to get
in there, though.",47,1,48,pokemon,description,,
0x01F86918,league with the traitor Shadows!,32,1,33,pokemon,dialogue,,
0x01F86947,"re in league with the
Shadows, then I must defeat you!",54,1,55,pokemon,dialogue,,
0x01F86A48,"s where she is, so go!",22,1,23,pokemon,dialogue,,
0x01F86A82,You came to attack our base!,28,1,29,pokemon,dialogue,,
0x01F86AA8,t let you destroy it!,21,1,22,pokemon,dialogue,,
0x01F86C2B,How did you know how to do that?,32,1,33,pokemon,dialogue,,
0x01F86CD7,"m grateful for your
help.",25,1,26,pokemon,dialogue,,
0x01F86DB4,"If you need anything else from me,
please feel free to ask.",59,1,60,pokemon,dialogue,,
0x01F86DF0,"If you need anything from me,
please feel free to ask.",54,1,55,pokemon,dialogue,,
0x01F86E46,"Please lie down on one of these
beds, first.",44,1,45,pokemon,description,,
0x01F86EE2,"mon are
all rested up.",22,1,23,pokemon,other,,
0x01F87114,"However, for some reason, the
Command Centre is still accessible.",65,1,66,pokemon,description,,
0x01F87163,Password,8,1,9,pokemon,other,,
0x01F871A8,s all over for my belly!,24,1,25,pokemon,dialogue,,
0x01F8723A,"Who knew undead creatures needed
so much energy to survive?",59,1,60,pokemon,dialogue,,
0x01F87306,"If it were to go offline, all of
the warp panels would stop working.",68,1,69,pokemon,description,,
0x01F873F5," why are there more of
them!?",29,1,30,pokemon,dialogue,,
0x01F874E1, get away from me!,18,1,19,pokemon,dialogue,,
0x01F87551,defend myself!,14,1,15,pokemon,dialogue,,
0x01F87672,re even.,8,1,9,pokemon,other,,
0x01F8778A,"d
destroy them eventually.",26,1,27,pokemon,other,,
0x01F877C6,"m not paying you to just
stand around!",38,1,39,pokemon,dialogue,,
0x01F87893,"The Shadow Warrior is standing
motionless.",42,1,43,pokemon,description,,
0x01F878C0,Vivill Woods,12,1,13,pokemon,location,,
0x01F878D0,Meep!,5,1,6,pokemon,dialogue,,
0x01F878E4,Prass!,6,1,7,pokemon,dialogue,,
0x01F878F4," scurried off into
the forest.",30,1,31,pokemon,other,,
0x01F8791B,ve almost made it to Gurun Town.,32,1,33,pokemon,description,,
0x01F8793F,s a good thing I can heal soon.,31,1,32,pokemon,dialogue,,
0x01F87978,"For some reason, it has been
raining a lot lately.",50,1,51,pokemon,description,,
0x01F879EB,Am I going the right way?,25,1,26,pokemon,dialogue,,
0x01F87A10,How do I get out of here?,25,1,26,pokemon,dialogue,,
0x01F87A2A,"Rare items can be found if you
search mushrooms!",48,1,49,pokemon,dialogue,,
0x01F87A64,"mon hide in mushrooms,
too!",27,1,28,pokemon,dialogue,,
0x01F87A89,"mon and items can be found
in the mushrooms on the ground.",58,1,59,pokemon,description,,
0x01F87AC4,Gasp!,5,1,6,pokemon,dialogue,,
0x01F87AFA,"mon
in these woods?",19,1,20,pokemon,dialogue,,
0x01F87B0E,Time to face my swarm!,22,1,23,pokemon,dialogue,,
0x01F87B2F,"
No!",4,1,5,pokemon,dialogue,,
0x01F87B58,The Powerhouse of the Cell,26,1,27,pokemon,other,,
0x01F87B73,"Collect the mysterious green cells
that are appearing around Borrius!",69,1,70,pokemon,dialogue,,
0x01F87CFD,a special component installed.,30,1,31,pokemon,other,,
0x01F87E16, of Zygarde.,12,1,13,pokemon,other,,
0x01F87E9E,locations within Borrius.,25,1,26,pokemon,other,,
0x01F87ED6,"t force
you to do it, unfortunately.",36,1,37,pokemon,dialogue,,
0x01F88023,"For now, good luck!",19,1,20,pokemon,dialogue,,
0x01F8808A,"My wife, Zygardia, and I would like
to discuss something very important.",72,1,73,pokemon,dialogue,,
0x01F8811A,report back to my wife.,23,1,24,pokemon,dialogue,,
0x01F88191,"t already, please talk
to my wife.",34,1,35,pokemon,dialogue,,
0x01F8821F,"t already, please talk
to my wife.",34,1,35,pokemon,dialogue,,
0x01F8829E,"Please speak to my wife to assemble
your permanent Zygarde.",59,1,60,pokemon,dialogue,,
0x01F8833A,What would you like to do?,26,1,27,pokemon,dialogue,,
0x01F88355,What would you like to do?,26,1,27,pokemon,dialogue,,
0x01F883C0,please let me know!,19,1,20,pokemon,dialogue,,
0x01F88411,please let me know!,19,1,20,pokemon,dialogue,,
0x01F88425,Which move should I teach?,26,1,27,pokemon,dialogue,,
0x01F88440,Which Zygarde should I teach it to?,35,1,36,pokemon,dialogue,,
0x01F88472,"s Ability should
I change?",26,1,27,pokemon,dialogue,,
0x01F884E0,"s an Egg, not a Zygarde!",24,1,25,pokemon,dialogue,,
0x01F8855C,please let me know!,19,1,20,pokemon,dialogue,,
0x01F88570,Teach Zygarde Moves,19,1,20,pokemon,location,,
0x01F88584,Change Zygarde Ability,22,1,23,pokemon,location,,
0x01F8859B,1000 Arrows,11,1,12,pokemon,other,,
0x01F885B2,Core Enforce,12,1,13,pokemon,location,,
0x01F88664, percent of the cells.,22,1,23,pokemon,other,,
0x01F886EE, construct?,11,1,12,pokemon,dialogue,,
0x01F8876B, construct?,11,1,12,pokemon,dialogue,,
0x01F88777,"Would you like to disassemble your
temporary Zygarde construct?",63,1,64,pokemon,dialogue,,
0x01F88802,ve made space.,14,1,15,pokemon,other,,
0x01F88879,it is disassembled.,19,1,20,pokemon,other,,
0x01F889B0,Enjoy your new Zygarde!,23,1,24,pokemon,dialogue,,
0x01F88A0B,What would you fight with?,26,1,27,pokemon,dialogue,,
0x01F88A8F,"mon is, unfortunately,
not what I am referring to.",50,1,51,pokemon,dialogue,,
0x01F88AF0,"If it was holding an item, it will
now be back in your Cube.",60,1,61,pokemon,dialogue,,
0x01F88B2D,"Best of luck collecting the
remaining cells.",44,1,45,pokemon,description,,
0x01F88B9F,as possible!,12,1,13,pokemon,dialogue,,
0x01F88BAC,"Would you like to change the form
of your Zygarde?",50,1,51,pokemon,dialogue,,
0x01F88C33,"mon is, unfortunately,
not what I am referring to.",50,1,51,pokemon,dialogue,,
0x01F88C6C,"The form of your Zygarde has
been changed!",42,1,43,pokemon,dialogue,,
0x01F88CD9,speak with me.,14,1,15,pokemon,other,,
0x01F88CE8,Beast,5,1,6,pokemon,other,,
0x01F88CEE,Serpent,7,1,8,pokemon,other,,
0x01F88D28,s house.,8,1,9,pokemon,other,,
0x01F88D31,"The Zygarde Cell was found just
south of the ice on the open road.",66,1,67,pokemon,description,,
0x01F88D74,"This Zygarde Cell was found on the
east side of town beside the fence.",70,1,71,pokemon,description,,
0x01F88DBB,"This Zygarde Cell was found on B1F
of the cave below Bellin Town after
using Rock Climb.",88,1,89,pokemon,description,,
0x01F88E14,"This Zygarde Cell was found near
the Black Belt on B1F.",55,1,56,pokemon,description,,
0x01F88E4C,"This Zygarde Cell was found near
the ladder after Surfing on B2F.",65,1,66,pokemon,description,,
0x01F88E8E,"This Zygarde Cell was found on the
beach after exiting Icicle Cave.",67,1,68,pokemon,description,,
0x01F88ED2,"This Zygarde Cell was found on a
sandy island reached by Surfing
east from Dresco Town.",87,1,88,pokemon,description,,
0x01F88F63,s house.,8,1,9,pokemon,other,,
0x01F88F6C,"This Zygarde Cell was found on the
uppermost left corner of the north
beach.",76,1,77,pokemon,description,,
0x01F88FB9,"This Zygarde Cell was found by the
northern shore.",50,1,51,pokemon,description,,
0x01F88FEC,"This Zygarde Cell was found on a
log floating in the water.",59,1,60,pokemon,description,,
0x01F89028,"This Zygarde Cell was found
southwest of the bridge where the
upper Lapras waits.",81,1,82,pokemon,description,,
0x01F8907A,"This Zygarde Cell was found above
the waterfall.",48,1,49,pokemon,description,,
0x01F890AB,"This Zygarde Cell was found near
the lava fall on 1F.",53,1,54,pokemon,description,,
0x01F890E1,"This Zygarde Cell was found on the
north end of the west bridge on 3F.",70,1,71,pokemon,description,,
0x01F89153, storage facility.,18,1,19,pokemon,other,,
0x01F89166,"This Zygarde Cell was found on the
west end of the route by the path
leading up to the Day Care.",96,1,97,pokemon,description,,
0x01F891C7,"This Zygarde Cell was found behind
the lamp post on the northwest side
of town.",79,1,80,pokemon,description,,
0x01F89217,"This Zygarde Cell was found in a
crevice after heading up some
downward facing stairs.",86,1,87,pokemon,description,,
0x01F8926E,"This Zygarde cell was found in the
shortcut to Route 7 by the entrance
of Valley Cave.",86,1,87,pokemon,description,,
0x01F892C5,"This Zygarde Cell was found on a
rocky piece of land in the ocean.",66,1,67,pokemon,description,,
0x01F89308,"This Zygarde Cell was found behind
a fence with a small opening next
to the Route 9 gate.",89,1,90,pokemon,description,,
0x01F89362,"This Zygarde Cell was found after
using Rock Climb to go up the
butte in the middle of the route.",97,1,98,pokemon,description,,
0x01F893C4,"This Zygarde Cell was found next to
a ladder on 2F.",51,1,52,pokemon,description,,
0x01F893F8,"This Zygarde Cell was found between
some rocks next to the bridge
on 2F.",72,1,73,pokemon,description,,
0x01F89441,"This Zygarde Cell was found near
some trees south of the path up to
Blizzard City.",82,1,83,pokemon,description,,
0x01F89494,"This Zygarde Cell was found by the
frozen river on the east side of
the route.",78,1,79,pokemon,description,,
0x01F894E3,"This Zygarde Cell was found next
to a tree by the entrance to the
KBT Expressway.",81,1,82,pokemon,description,,
0x01F89565,s nest.,7,1,8,pokemon,other,,
0x01F8956D,"This Zygarde Cell was found nestled
in some trees near the gatehouse.",69,1,70,pokemon,description,,
0x01F895B3,"This Zygarde Cell was found on the
island in the centre of the lake.",68,1,69,pokemon,description,,
0x01F895F8,"This Zygarde Cell was found next to
the rock face west of the entrance
to the KBT Expressway.",93,1,94,pokemon,description,,
0x01F89656,"This Zygarde Cell was found
overlooking the ocean on the
southeast side of the route.",85,1,86,pokemon,description,,
0x01F896AC,"This Zygarde Cell was found between
some waterfalls overlooking the
ocean in the centre of the route.",101,1,102,pokemon,description,,
0x01F89712,"This Zygarde Cell was found behind
a fence near the gatehouse.",62,1,63,pokemon,description,,
0x01F89751,"This Zygarde Cell was found nestled
in some trees at the easternmost
tip of the centre island.",94,1,95,pokemon,description,,
0x01F897B0,"This Zygarde Cell was found at the
end of the southwest passageway.",67,1,68,pokemon,description,,
0x01F897F4,"This Zygarde Cell was found behind
a house on the east side of town.",68,1,69,pokemon,description,,
0x01F89839,"This Zygarde Cell was found on the
beach by the Rock Climb wall.",64,1,65,pokemon,description,,
0x01F8987A,"This Zygarde Cell was found on the
cliffs after scaling the Rock Climb
wall near the Expert.",92,1,93,pokemon,description,,
0x01F898D7,"This Zygarde Cell was found near
the exit leading out to the Expert
on Route 11.",80,1,81,pokemon,description,,
0x01F89953,mon Center.,11,1,12,pokemon,other,,
0x01F8995F,"This Zygarde Cell was found on 2F
next to the southern muddy slope.",67,1,68,pokemon,description,,
0x01F899A3,"This Zygarde Cell was found after
leaving the hidden exit of Tarmigan
Mansion.",78,1,79,pokemon,description,,
0x01F899F2,"This Zygarde Cell was found next to
a statue on B1F.",52,1,53,pokemon,description,,
0x01F89A27,"This Zygarde Cell was found above a
ledge near the Tarmigan gatehouse.",70,1,71,pokemon,description,,
0x01F89A6E,"This Zygarde Cell was found by the
southwestern pond.",53,1,54,pokemon,description,,
0x01F89AA4,"This Zygarde Cell was found in the
never-ending maze on B1F.",60,1,61,pokemon,description,,
0x01F89AE1,"This Zygarde Cell was found outside
near the western B1F entrance.",66,1,67,pokemon,description,,
0x01F89B24,"This Zygarde Cell was found near
the tablet on B3F.",51,1,52,pokemon,description,,
0x01F89B58,"This Zygarde Cell was found next to
a table on B1F.",51,1,52,pokemon,description,,
0x01F89B8C,"This Zygarde Cell was found in the
lab on B2F.",46,1,47,pokemon,description,,
0x01F89BBB,"This Zygarde Cell was found on a
piece of land next to the bluffs.",66,1,67,pokemon,description,,
0x01F89BFE,"This Zygarde Cell was found at the
end of path connected to Route 5.",68,1,69,pokemon,description,,
0x01F89C43,"This Zygarde Cell was found on the
island in the centre of the route.",69,1,70,pokemon,description,,
0x01F89C89,"This Zygarde Cell was found on top
of the KBT Expressway.",57,1,58,pokemon,description,,
0x01F89CC3,"This Zygarde Cell was found at the
bottom of the centre canyon.",63,1,64,pokemon,description,,
0x01F89D03,"This Zygarde Cell was found between
some cacti near the entrance to the
Tomb of Borrius.",88,1,89,pokemon,dialogue,,
0x01F89D5C,"This Zygarde Cell was found below
the Dusknoir on B2F.",54,1,55,pokemon,description,,
0x01F89DDC,mon.,4,1,5,pokemon,other,,
0x01F89DE1,"This Zygarde Cell was found next to
some trees on the southwest side
of the forest.",83,1,84,pokemon,description,,
0x01F89E35,"This Zygarde Cell was found on the
cliff next the northeastern most
house.",74,1,75,pokemon,description,,
0x01F89E80,"This Zygarde Cell was found in the
Power Grid on B2F.",53,1,54,pokemon,description,,
0x01F89EB6,"This Zygarde Cell was found between
some crates on B3F.",55,1,56,pokemon,description,,
0x01F89EEE,"This Zygarde Cell was found near
the Trainer Tips sign.",55,1,56,pokemon,description,,
0x01F89F26,"This Zygarde Cell was found over
the bridge on the north side of
the canyon.",76,1,77,pokemon,description,,
0x01F89F73,"This Zygarde Cell was found by
climbing down some rocks near
Antisis City.",74,1,75,pokemon,description,,
0x01F89FBE,"This Zygarde Cell was found behind
a lamp on the north end of the
city.",71,1,72,pokemon,description,,
0x01F8A03E,00 PM.,6,1,7,pokemon,other,,
0x01F8A045,"This Zygarde Cell was found next to
a wall in the northern area.",64,1,65,pokemon,description,,
0x01F8A086,"This Zygarde Cell was found next to
a wall in the southern area after
crawling in from the east tunnel.",103,1,104,pokemon,description,,
0x01F8A0EE,"This Zygarde Cell was found in the
room next to the Scientist that
makes medicine from poison.",94,1,95,pokemon,description,,
0x01F8A14D,"This Zygarde Cell was found below a
tree overlooking the ocean in the
centre of the route.",90,1,91,pokemon,description,,
0x01F8A1A8,"This Zygarde Cell was found in the
sand below the bluffs in the centre
of the route.",84,1,85,pokemon,description,,
0x01F8A1FD,"This Zygarde Cell was found below
the fence west of the gatehouse.",66,1,67,pokemon,description,,
0x01F8A240,"This Zygarde Cell was found next to
the western warehouse.",58,1,59,pokemon,description,,
0x01F8A27B,"This Zygarde Cell was found behind
some steel beams.",52,1,53,pokemon,description,,
0x01F8A2B0,"This Zygarde Cell was found on the
top floor of the eastern warehouse.",70,1,71,pokemon,description,,
0x01F8A333,s room.,7,1,8,pokemon,other,,
0x01F8A33B,"This Zygarde Cell was found on the
beach near the Black Belt.",61,1,62,pokemon,description,,
0x01F8A379,"This Zygarde Cell was found on the
beach southeast of the waterfall.",68,1,69,pokemon,description,,
0x01F8A3BE,"This Zygarde Cell was found east of
the entrance to Victory Road.",65,1,66,pokemon,description,,
0x01F8A400,This Zygarde Cell was found on 2F.,34,1,35,pokemon,description,,
0x01F8A423,"This Zygarde Cell was found in the
hedge maze near the entrance to 3F.",70,1,71,pokemon,description,,
0x01F8A46A,"This Zygarde Cell was found at the
southwestern corner on 3F.",61,1,62,pokemon,description,,
0x01F8A4A8,"This Zygarde Cell was found up the
first set of stairs of the snowy
ascent.",75,1,76,pokemon,description,,
0x01F8A550, Ball.,6,1,7,pokemon,other,,
0x01F8A557,"This Zygarde Cell was found beneath
a tree on the southwestern end of
town.",75,1,76,pokemon,description,,
0x01F8A5A3,"This Zygarde Cell was found near
the northwestern most pond.",60,1,61,pokemon,description,,
0x01F8A5E0,"The Zygarde Cell was found on the
outside cliffs.",49,1,50,pokemon,description,,
0x01F8A612,"The Zygarde Cell was found on the
summit behind a rock.",55,1,56,pokemon,description,,
0x01F8A64A,"The Zygarde Cell was found after
climbing up the orange rocks near
the Cube Corp. exit.",87,1,88,pokemon,description,,
0x01F8A6D0,"This Zygarde Cell was found on the
northwestern side of the route
next to a tree.",81,1,82,pokemon,description,,
0x01F8A722,"This Zygarde Cell was found on a
small patch of land on the
southeastern side of the route.",91,1,92,pokemon,description,,
0x01F8A77E,"This Zygarde Cell was found east
of the Gym.",44,1,45,pokemon,description,,
0x01F8A7AB,"This Zygarde Cell was found after
taking the east passage near the
Bug Maniac.",78,1,79,pokemon,description,,
0x01F8A7FA,"This Zygarde Cell was found across
the pond near near the exit to Cube
Corp. hiding beneath a tree top.",103,1,104,pokemon,description,,
0x01F8A862,"This Zygarde Cell was found on a
patch of grass after Surfing west
from the dock.",81,1,82,pokemon,description,,
0x01F8A8B4,Battle Circus,13,1,14,pokemon,location,,
0x01F8A8E0,"I am your guide to the Single
and Double Battle Shows.",54,1,55,pokemon,dialogue,,
0x01F8A935,"I am your guide to the Multi
Battle Shows.",42,1,43,pokemon,dialogue,,
0x01F8A960,"Would you like to take the Battle
Show challenge?",49,1,50,pokemon,dialogue,,
0x01F8A992,"Which Battle Show would you like?
Single or Double?",51,1,52,pokemon,dialogue,,
0x01F8A9C6,Which Battle Show would you like?,33,1,34,pokemon,dialogue,,
0x01F8A9E8,"I will now show you to the
Battle Show.",39,1,40,pokemon,dialogue,,
0x01F8AA10,"I will now show you to the
Battle Salon.",40,1,41,pokemon,dialogue,,
0x01F8ADBF,Please be aware of that!,24,1,25,pokemon,dialogue,,
0x01F8B2C0,Please be aware of that!,24,1,25,pokemon,dialogue,,
0x01F8B3BC,Ringmaster,10,1,11,pokemon,other,,
0x01F8B3E4,s about to begin!,17,1,18,pokemon,dialogue,,
0x01F8B4B2, begin!,7,1,8,pokemon,dialogue,,
0x01F8B4D9,"Drumroll, please!",17,1,18,pokemon,dialogue,,
0x01F8C044,"But ultimately, what you do is up
to you.",41,1,42,pokemon,dialogue,,
0x01F8C098,"I am your guide to the Battle
Rooms.",36,1,37,pokemon,dialogue,,
0x01F8C0BD,"Would you like to take the Battle
Mine challenge?",49,1,50,pokemon,dialogue,,
0x01F8C0EF,"Which Battle Format would you like?
Each has its own tier set.",62,1,63,pokemon,dialogue,,
0x01F8C46C,Please be aware of that!,24,1,25,pokemon,dialogue,,
0x01F8C5EF,within the set.,15,1,16,pokemon,other,,
0x01F8C5FF,"Which tier set would you like to
know about?",44,1,45,pokemon,dialogue,,
0x01F8C671,"Which tier set would you like to
know about?",44,1,45,pokemon,dialogue,,
0x01F8C6B8,"
would you like to know about?",30,1,31,pokemon,dialogue,,
0x01F8C7A2, qualifies in each of those tiers.,34,1,35,pokemon,description,,
0x01F8C7C5,"Please hop into the cart behind me
and descend into the mine.",61,1,62,pokemon,description,,
0x01F8C84E,Cave Format,11,1,12,pokemon,location,,
0x01F8C85A,Mountain Format,15,1,16,pokemon,location,,
0x01F8C878,Cordillera Format,17,1,18,pokemon,location,,
0x01F8C88A,"Please proceed further into the
mine and initiate your battle.",62,1,63,pokemon,dialogue,,
0x01F8C8C9,"Please hop into the cart and
continue your descent.",51,1,52,pokemon,dialogue,,
0x01F8C9E0,mon to fight with.,18,1,19,pokemon,other,,
0x01F8D323,d say.,6,1,7,pokemon,other,,
0x01F8D335,"mon will be restored to
full health.",36,1,37,pokemon,description,,
0x01F8D382,. Are you ready?,16,1,17,pokemon,dialogue,,
0x01F8D3BB,. Are you ready?,16,1,17,pokemon,dialogue,,
0x01F8D61C, BP!,4,1,5,pokemon,dialogue,,
0x01F8D700,"ve learned through
battles with Trainers!",41,1,42,pokemon,dialogue,,
0x01F8D72A,"I have no problem with losing to a
spectacular Trainer like you!",64,1,65,pokemon,dialogue,,
0x01F8D76B,"Ah, wonderful! That was fantastic!
Do come again!",49,1,50,pokemon,dialogue,,
0x01F8D881,in stature!,11,1,12,pokemon,dialogue,,
0x01F8DAAF,"To pay tribute to your talent, we
present you BP!",49,1,50,pokemon,dialogue,,
0x01F8DB19,"Your progress will be kept for
when you return.",47,1,48,pokemon,dialogue,,
0x01F8DBAD,"mon
you would like to use.",26,1,27,pokemon,dialogue,,
0x01F8DD0F,Keep Going,10,1,11,pokemon,location,,
0x01F8DD26,Tower Tycoon,12,1,13,pokemon,location,,
0x01F8DD3F,"Please find a partner from the
Trainers that are gathered here.",63,1,64,pokemon,description,,
0x01F8DDB3,"Would you like to quit looking and
return to the reception counter?",67,1,68,pokemon,dialogue,,
0x01F8DE19,"I will now show you to your
Multi Battle Room.",46,1,47,pokemon,dialogue,,
0x01F8DF25,Do you wanna join with me?,26,1,27,pokemon,dialogue,,
0x01F8DF45,"Which of my friends do you want
helping you out?",48,1,49,pokemon,dialogue,,
0x01F8DF97,t be long!,10,1,11,pokemon,dialogue,,
0x01F8DFB0,s go another time!,18,1,19,pokemon,dialogue,,
0x01F8DFE3,Would you like to team up with me?,34,1,35,pokemon,dialogue,,
0x01F8E010,"mon do you want
to fight alongside, then?",41,1,42,pokemon,dialogue,,
0x01F8E064,"Alright.
Another time, then.",28,1,29,pokemon,other,,
0x01F8E087,"s that?
You want me to go with you?",35,1,36,pokemon,dialogue,,
0x01F8E0BB,mon should I use?,17,1,18,pokemon,dialogue,,
0x01F8E145,"Do you want to fight together,
just like old times?",51,1,52,pokemon,dialogue,,
0x01F8E189,mon should I use?,17,1,18,pokemon,dialogue,,
0x01F8E1DE,s too bad.,10,1,11,pokemon,other,,
0x01F8E1EE,Room,4,2,6,pokemon,other,,
0x01F8E1FF,"s it going, pal?
Welcome to Battle Sands!",41,1,42,pokemon,dialogue,,
0x01F8E229,Do you want to play?,20,1,21,pokemon,dialogue,,
0x01F8E23E,"Which battle format do you want?
Single or Double?",50,1,51,pokemon,dialogue,,
0x01F8E681,mon.,4,1,5,pokemon,other,,
0x01F8E845,"This tier is only available in
the Double battle format.",56,1,57,pokemon,description,,
0x01F8EAB6,"No records currently exist for the
Battle Sands.",48,1,49,pokemon,description,,
0x01F8F659,"I am your guide to the Single
and Double Battle Rooms.",54,1,55,pokemon,dialogue,,
0x01F8F6AD,"I am your guide to the Multi
Battle Rooms.",42,1,43,pokemon,dialogue,,
0x01F8F6F5,"I am your guide to the
Metronome Battle Rooms.",46,1,47,pokemon,dialogue,,
0x01F8F724,"Would you like to take the Battle
Room challenge?",49,1,50,pokemon,dialogue,,
0x01F8F756,"Which Battle Room would you like?
Single or Double?",51,1,52,pokemon,dialogue,,
0x01F8F78A,Which Battle Room would you like?,33,1,34,pokemon,dialogue,,
0x01F8F7C6,"mon from
a preset team, or your party?",38,1,39,pokemon,dialogue,,
0x01F8F82D,"mon you wish
to enter. ",23,1,24,pokemon,dialogue,,
0x01F8F845,"I will now show you to the
Battle Room.",39,1,40,pokemon,dialogue,,
0x01F8F86D,"I will now show you to the
Battle Salon.",40,1,41,pokemon,dialogue,,
0x01F8F898,"m sorry, this feature is
unavailable right now.",47,1,48,pokemon,description,,
0x01F8F8C8,What would you like me to explain?,34,1,35,pokemon,dialogue,,
0x01F8FBD6,Please be aware of that!,24,1,25,pokemon,dialogue,,
0x01F8FFF4,Please be aware of that!,24,1,25,pokemon,dialogue,,
0x01F9027C,Please be aware of that!,24,1,25,pokemon,dialogue,,
0x01F905DE,s previous team.,16,1,17,pokemon,other,,
0x01F90678,"As such, this allows for up to
5 different preset teams.",56,1,57,pokemon,description,,
0x01F906E8,"Each tier has its own ruleset which
provide a unique way of battling.",69,1,70,pokemon,description,,
0x01F9072E,"Which tier would you like to
know about?",40,1,41,pokemon,dialogue,,
0x01F907F6,used either.,12,1,13,pokemon,other,,
0x01F909F7,uber,4,1,5,pokemon,other,,
0x01F90BD5,"Additionally, this tier only has a
Single Battle format.",56,1,57,pokemon,description,,
0x01F90D21,"This tier is only available in
Double or Multi battle formats.",62,1,63,pokemon,dialogue,,
0x01F90EC7,monotype,8,1,9,pokemon,other,,
0x01F91091,uber,4,1,5,pokemon,other,,
0x01F92074,"Which settings would you like to
change?",40,1,41,pokemon,dialogue,,
0x01F9253E,We hope to see you again!,25,1,26,pokemon,dialogue,,
0x01F925DE,We hope to see you again!,25,1,26,pokemon,dialogue,,
0x01F925F8,Thank you for playing!,22,1,23,pokemon,dialogue,,
0x01F9263E,We hope to see you again!,25,1,26,pokemon,dialogue,,
0x01F92687,"In honour of your victory, we
present you with this trophy!",59,1,60,pokemon,dialogue,,
0x01F926DB," Trophy
from the attendant!",27,1,28,pokemon,dialogue,,
0x01F92708,"In honour of your victory, we
present you this special print!",61,1,62,pokemon,dialogue,,
0x01F9276C,s Frontier Card!,16,2,18,pokemon,dialogue,,
0x01F931BB,We look forward to your next visit.,35,1,36,pokemon,dialogue,,
0x01F93211,We look forward to your next visit.,35,1,36,pokemon,dialogue,,
0x01F93235,We look forward to your next visit.,35,1,36,pokemon,dialogue,,
0x01F9327F,t give one to you yet.,22,1,23,pokemon,dialogue,,
0x01F932ED,mon League.,11,1,12,pokemon,other,,
0x01F9333E,"m sorry, but the Battle Frontier
is currently being renovated.",62,1,63,pokemon,description,,
0x01F933FF,ll need this.,13,1,14,pokemon,other,,
0x01F934A9,"Come speak with me if you have any
further questions!",53,1,54,pokemon,dialogue,,
0x01F934DF,We hope you enjoy your visit!,29,1,30,pokemon,dialogue,,
0x01F934FD,Which topic should I explain?,29,1,30,pokemon,dialogue,,
0x01F93680,battle formats.,15,1,16,pokemon,other,,
0x01F937B2,duration of the battles.,24,1,25,pokemon,other,,
0x01F93891,"BP can be exchanged for prizes at
Exchange Service Corners.",59,1,60,pokemon,description,,
0x01F9398A,Please do visit them!,21,1,22,pokemon,dialogue,,
0x01F93A06,"You will find one near the
reception counter in each facility.",62,1,63,pokemon,dialogue,,
0x01F93A45,Battle Frontier,15,1,16,pokemon,location,,
0x01F93A6F,Exchange Service Corners,24,1,25,pokemon,location,,
0x01F93A88,Performance Monitor,19,1,20,pokemon,location,,
0x01F93AC3,"It changed colour when I beat all
of the Frontier Brains!",57,1,58,pokemon,dialogue,,
0x01F93C9F,More Than A Game,16,1,17,pokemon,other,,
0x01F93CE8, times.,7,1,8,pokemon,other,,
0x01F93D96,"Do you want to accept this ethos of
battle into the fabric of your soul?",72,1,73,pokemon,dialogue,,
0x01F93E9E,there yourself.,15,1,16,pokemon,dialogue,,
0x01F93EEF,t you?,6,1,7,pokemon,dialogue,,
0x01F93F78,of battle merge with your soul.,31,1,32,pokemon,dialogue,,
0x01F9405A,you feel better.,16,1,17,pokemon,dialogue,,
0x01F940C6,"Difference is, one sounds sweeter!",34,2,36,pokemon,dialogue,,
0x01F940FE,Silver,6,1,7,pokemon,other,,
0x01F94105,Challenge,9,1,10,pokemon,other,,
0x01F94114,View Records,12,1,13,pokemon,location,,
0x01F94121,Battle Options,14,1,15,pokemon,location,,
0x01F94135,Single Battle,13,1,14,pokemon,location,,
0x01F94143,Double Battle,13,1,14,pokemon,location,,
0x01F94151,Multi Battle,12,1,13,pokemon,dialogue,,
0x01F94170,Random Single Battle,20,1,21,pokemon,location,,
0x01F941AE,Party,5,1,6,pokemon,other,,
0x01F941C9,Battle Settings,15,1,16,pokemon,location,,
0x01F941D9,Preset Teams,12,1,13,pokemon,location,,
0x01F941E6,Battle Tiers,12,1,13,pokemon,location,,
0x01F941F3,Battle Tier,11,1,12,pokemon,location,,
0x01F941FF,Pokemon Level,13,1,14,pokemon,location,,
0x01F94219,Party Size,10,1,11,pokemon,location,,
0x01F94224,Inverse Battle,14,1,15,pokemon,location,,
0x01F94233,Battle Music,12,1,13,pokemon,location,,
0x01F94240,Battle Background,17,1,18,pokemon,location,,
0x01F94252,Standard,8,1,9,pokemon,other,,
0x01F9425B,No Restrictions,15,1,16,pokemon,location,,
0x01F94275,Smogon Ubers,12,1,13,pokemon,location,,
0x01F94282,Smogon Little Cup,17,1,18,pokemon,location,,
0x01F942A0, GS Cup,7,1,8,pokemon,other,,
0x01F942A8,Smogon Monotype,15,1,16,pokemon,location,,
0x01F942B8,Middle Cup,10,1,11,pokemon,location,,
0x01F942C3,GS Cup,6,1,7,pokemon,location,,
0x01F942DA,Uber Camomons,13,1,14,pokemon,location,,
0x01F942E8,Little Cup Camomons,19,1,20,pokemon,location,,
0x01F9431C, GS Cup Camomons,16,1,17,pokemon,other,,
0x01F9432D,Smogon Scalemons,16,1,17,pokemon,location,,
0x01F9433E,Smogon 350 Cup,14,1,15,pokemon,location,,
0x01F9434D,Smogon Averagemons,18,1,19,pokemon,location,,
0x01F94360,Smogon Benjamin Butterfree,26,1,27,pokemon,location,,
0x01F94386,Dynamax Standard,16,1,17,pokemon,location,,
0x01F94397,Smogon National Dex OU,22,1,23,pokemon,other,,
0x01F943BE,View Allowed List,17,1,18,pokemon,location,,
0x01F943D0,View Ban List,13,1,14,pokemon,location,,
0x01F943DE,Level 50,8,1,9,pokemon,location,,
0x01F943E7,Level 100,9,1,10,pokemon,location,,
0x01F9440A, 4v4,4,1,5,pokemon,other,,
0x01F94426,Battle! Borrius Trainer,23,1,24,pokemon,dialogue,,
0x01F9443E,Battle! Kanto Trainer,21,1,22,pokemon,dialogue,,
0x01F94454,Battle! Johto Trainer,21,1,22,pokemon,dialogue,,
0x01F9446A,Battle! Hoenn Trainer,21,1,22,pokemon,dialogue,,
0x01F94480,Battle! Sinnoh Trainer,22,1,23,pokemon,dialogue,,
0x01F94497,Battle! Unova Trainer,21,1,22,pokemon,dialogue,,
0x01F944AD,Battle! Kalos Trainer,21,1,22,pokemon,dialogue,,
0x01F944C3,Battle! Alola Trainer,21,1,22,pokemon,dialogue,,
0x01F944D9,Battle! Rival,13,1,14,pokemon,dialogue,,
0x01F944E7,Battle! Gym Leader,18,1,19,pokemon,dialogue,,
0x01F944FA,Battle! Sinnoh Gym Leader,25,1,26,pokemon,dialogue,,
0x01F94514,Battle! Successor,17,1,18,pokemon,dialogue,,
0x01F94526,Battle! Elite 4,15,1,16,pokemon,dialogue,,
0x01F94536,Battle! Jax,11,1,12,pokemon,dialogue,,
0x01F94542,Battle! Frontier Brain,22,1,23,pokemon,dialogue,,
0x01F94559,Battle! Cynthia,15,1,16,pokemon,dialogue,,
0x01F94569,Battle! Red,11,1,12,pokemon,dialogue,,
0x01F9457B, Cyrus,6,1,7,pokemon,other,,
0x01F94582,Battle! Shadow Grunt,20,1,21,pokemon,dialogue,,
0x01F94597,Battle! Marlon,14,1,15,pokemon,dialogue,,
0x01F945A6,Battle! Zeph,12,1,13,pokemon,dialogue,,
0x01F945B3,Battle! Light of Ruin Grunt,27,1,28,pokemon,dialogue,,
0x01F945CF,Battle! Ivory,13,1,14,pokemon,dialogue,,
0x01F945DD,Battle! Aklove,14,1,15,pokemon,dialogue,,
0x01F945EC,Battle! Black Emboar,20,1,21,pokemon,dialogue,,
0x01F94601,Battle! James,13,1,14,pokemon,dialogue,,
0x01F9460F,Battle! Terror Granbull,23,1,24,pokemon,dialogue,,
0x01F94627,Battle! Gruff,13,1,14,pokemon,dialogue,,
0x01F94635,Battle! Black Ferrothorn,24,1,25,pokemon,dialogue,,
0x01F9464E,Battle! Barbs,13,1,14,pokemon,dialogue,,
0x01F9465C,Battle! Science Society,23,1,24,pokemon,dialogue,,
0x01F94674,Battle! Fey,11,1,12,pokemon,dialogue,,
0x01F946D1,Battle! Legendary Bird,22,1,23,pokemon,dialogue,,
0x01F946E8,Battle! Mewtwo,14,1,15,pokemon,dialogue,,
0x01F946F7,Battle! Raikou,14,1,15,pokemon,dialogue,,
0x01F94706,Battle! Entei,13,1,14,pokemon,dialogue,,
0x01F94714,Battle! Suicune,15,1,16,pokemon,dialogue,,
0x01F94724,Battle! Ho-Oh,13,1,14,pokemon,dialogue,,
0x01F94732,Battle! Lugia,13,1,14,pokemon,dialogue,,
0x01F94740,Battle! Regi Trio,17,1,18,pokemon,dialogue,,
0x01F94752,Battle! Hoenn Ancient,21,1,22,pokemon,dialogue,,
0x01F94768,Battle! Deoxys,14,1,15,pokemon,dialogue,,
0x01F94777,Battle! Sinnoh Lake Trio,24,1,25,pokemon,dialogue,,
0x01F9479F,Palkia,6,1,7,pokemon,other,,
0x01F947A6,Battle! Giratina,16,1,17,pokemon,dialogue,,
0x01F947B7,Battle! Sinnoh Legendary,24,1,25,pokemon,dialogue,,
0x01F947D0,Battle! Arceus,14,1,15,pokemon,dialogue,,
0x01F947DF,Battle! Unova Legendary,23,1,24,pokemon,dialogue,,
0x01F94808,Zekrom,6,1,7,pokemon,other,,
0x01F9480F,Battle! Kyurem,14,1,15,pokemon,dialogue,,
0x01F9481E,Battle! Kalos Legendary,23,1,24,pokemon,dialogue,,
0x01F94836,Battle! Hoopa,13,1,14,pokemon,dialogue,,
0x01F94855,Lunala,6,1,7,pokemon,other,,
0x01F9485C,Battle! Guardian Deity,22,1,23,pokemon,dialogue,,
0x01F94873,Battle! Ultra Beast,19,1,20,pokemon,dialogue,,
0x01F94887,Battle! Ultra Necrozma,22,1,23,pokemon,dialogue,,
0x01F948B9,Battle! Wild Boss,17,1,18,pokemon,dialogue,,
0x01F948CB,Battle! Raid Boss,17,1,18,pokemon,dialogue,,
0x01F948DD,Randomize Each Battle,21,1,22,pokemon,location,,
0x01F94901,Default,7,2,9,pokemon,other,,
0x01F94923,Pathway,7,1,8,pokemon,other,,
0x01F9492B,Tall Grass,10,1,11,pokemon,location,,
0x01F94936,Forest,6,1,7,pokemon,other,,
0x01F9493D,Beach,5,1,6,pokemon,other,,
0x01F94943,Underwater,10,1,11,pokemon,other,,
0x01F94957,Mountain,8,1,9,pokemon,other,,
0x01F94979,Volcano,7,1,8,pokemon,other,,
0x01F94981,Crystal Cave,12,1,13,pokemon,location,,
0x01F9498E,Snow,4,1,5,pokemon,other,,
0x01F949B1,Elias,5,1,6,pokemon,other,,
0x01F949C6,Champion,8,1,9,pokemon,other,,
0x01F949CF,Nightmare,9,1,10,pokemon,other,,
0x01F949D9,Frontier Card,13,1,14,pokemon,location,,
0x01F949EC,Frontier Brain,14,2,16,pokemon,location,,
0x01F949FB," Which topic would you like to
learn about?",43,1,44,pokemon,dialogue,,
0x01F94B60,original forms.,15,1,16,pokemon,other,,
0x01F94D21,also species specific.,22,1,23,pokemon,other,,
0x01F94FAD,to use.,7,1,8,pokemon,other,,
0x01F950F9," symbol indicates the move
has the Same-Type-Attack-Bonus.",58,1,59,pokemon,description,,
0x01F95134,Mega Evolution,14,1,15,pokemon,location,,
0x01F9514B,Dynamax,7,1,8,pokemon,other,,
0x01F95153,Effectiveness,13,2,15,pokemon,other,,
0x01F95164,"A place where people from all over
come to show off their strength.
The vendors found here change
routinely throughout the day.",127,1,128,pokemon,description,,
0x01F953E9,"Apparently, Cube Corp. has similar
facilities for battling.",59,1,60,pokemon,description,,
0x01F95616,to pick a full team of 6.,25,1,26,pokemon,other,,
0x01F963F3,"s
lucky number?",15,1,16,pokemon,dialogue,,
0x01F96403,"Oh. I see.
Please do visit us again.",36,1,37,pokemon,dialogue,,
0x01F96428,"First, would you kindly choose a
number between 0 and 9999?",59,1,60,pokemon,dialogue,,
0x01F96469, your chosen number?,20,1,21,pokemon,dialogue,,
0x01F964A5,"Please enter a valid number
between 0 and 9999.",47,1,48,pokemon,description,,
0x01F965FC,Take these BP as your reward!,29,1,30,pokemon,dialogue,,
0x01F9666C,"Please take this BP as a
consolation prize.",43,1,44,pokemon,description,,
0x01F96698,"Stop by tomorrow for another chance
to score big!",49,1,50,pokemon,dialogue,,
0x01F967B4,benefit greatly from zis!,25,1,26,pokemon,dialogue,,
0x01F9688D,You find zis acceptable?,24,1,25,pokemon,dialogue,,
0x01F96932,You find zis acceptable?,24,1,25,pokemon,dialogue,,
0x01F969C3,"mon, instead?",13,1,14,pokemon,dialogue,,
0x01F96A3C,"mon, instead?",13,1,14,pokemon,dialogue,,
0x01F96A60,"mon should I
train?",19,1,20,pokemon,dialogue,,
0x01F96D03,take zem.,9,1,10,pokemon,other,,
0x01F96D23,Bottle Cap,10,1,11,pokemon,location,,
0x01F96D2E,Gold Bottle Cap,15,1,16,pokemon,location,,
0x01F96D3E,Nope,4,1,5,pokemon,other,,
0x01F96E1F, BP!,4,1,5,pokemon,dialogue,,
0x01F96E34,mon should I buff!?,19,1,20,pokemon,dialogue,,
0x01F96E58,mon should I weaken!?,21,1,22,pokemon,dialogue,,
0x01F96EB3,mon!,4,1,5,pokemon,dialogue,,
0x01F96EF9,mon!,4,1,5,pokemon,dialogue,,
0x01F96F26,mon!,4,1,5,pokemon,dialogue,,
0x01F96F43,"s stats should
I pump up!?",26,1,27,pokemon,dialogue,,
0x01F96F76,"s stats should
I completely purge!?",35,1,36,pokemon,dialogue,,
0x01F96FD5,Choose another stat!,20,1,21,pokemon,dialogue,,
0x01F97025,Choose another stat!,20,1,21,pokemon,dialogue,,
0x01F9707B,Should I do it!?,16,1,17,pokemon,dialogue,,
0x01F970C6,Should I do it!?,16,1,17,pokemon,dialogue,,
0x01F97123,re welcome!,11,1,12,pokemon,dialogue,,
0x01F97173,re welcome!,11,1,12,pokemon,dialogue,,
0x01F971AF,Come again!,11,1,12,pokemon,dialogue,,
0x01F971F6,Sure thing!,11,1,12,pokemon,dialogue,,
0x01F97209,No huah for you!,16,1,17,pokemon,dialogue,,
0x01F97238,No Thanks,9,1,10,pokemon,location,,
0x01F9724C, IVs,4,1,5,pokemon,other,,
0x01F973C4,"Let me guess, you want me to teach
a move, right?",49,1,50,pokemon,dialogue,,
0x01F97433,"Let me guess, you want me to teach
a move, right?",49,1,50,pokemon,dialogue,,
0x01F97490,"t look like you have
enough BP.",31,1,32,pokemon,dialogue,,
0x01F9751B, BP.,4,1,5,pokemon,other,,
0x01F9754D,m your girl!,12,1,13,pokemon,dialogue,,
0x01F9781E,View Hidden Power,17,1,18,pokemon,location,,
0x01F97837,Fighting,8,1,9,pokemon,other,,
0x01F97847,Poison,6,1,7,pokemon,other,,
0x01F9784E,Ground,6,1,7,pokemon,other,,
0x01F97855,Rock,4,1,5,pokemon,other,,
0x01F97864,Steel,5,1,6,pokemon,other,,
0x01F9786F,Water,5,1,6,pokemon,other,,
0x01F97875,Grass,5,1,6,pokemon,other,,
0x01F97890,Dragon,6,1,7,pokemon,other,,
0x01F9789C,Fairy,5,1,6,pokemon,other,,
0x01F979F8, BP.,4,1,5,pokemon,other,,
0x01F97A19," would you
like to change?",26,1,27,pokemon,dialogue,,
0x01F97B95,"Fortunately, it seems to remember
nothing about the procedure.",62,1,63,pokemon,description,,
0x01F97C05,mon to undergo the procedure!,29,1,30,pokemon,dialogue,,
0x01F97D03,mon?,4,1,5,pokemon,dialogue,,
0x01F97D28,-Defense,8,1,9,pokemon,other,,
0x01F97D4A,-Speed,6,1,7,pokemon,other,,
0x01F97D6C,-Sp. Atk,8,1,9,pokemon,other,,
0x01F97D90,-Sp. Def,8,1,9,pokemon,other,,
0x01F97DBA,Docile,6,1,7,pokemon,other,,
0x01F97E6A,Serious,7,1,8,pokemon,other,,
0x01F97F1A,Bashful,7,1,8,pokemon,other,,
0x01F97FCF,Quirky,6,1,7,pokemon,other,,
0x01F981A3,"!
Useless to most, priceless to me!",35,1,36,pokemon,dialogue,,
0x01F981DC,mon!,4,1,5,pokemon,dialogue,,
0x01F98206, in!?,5,1,6,pokemon,dialogue,,
0x01F9825C,s got a fancier Ball now!,25,1,26,pokemon,dialogue,,
0x01F98276,"What!
No, no!",13,1,14,pokemon,dialogue,,
0x01F98294, is already in that ball!,25,1,26,pokemon,dialogue,,
0x01F982EB,mon!,4,1,5,pokemon,dialogue,,
0x01F9832D,"Go buy some in the Battle Frontier
or something!",48,1,49,pokemon,dialogue,,
0x01F98375,Great Ball,10,1,11,pokemon,location,,
0x01F9839F,Dive Ball,9,1,10,pokemon,location,,
0x01F983A9,Nest Ball,9,1,10,pokemon,location,,
0x01F983B3,Repeat Ball,11,1,12,pokemon,location,,
0x01F983BF,Timer Ball,10,1,11,pokemon,location,,
0x01F983CA,Luxury Ball,11,1,12,pokemon,location,,
0x01F983D6,Premier Ball,12,1,13,pokemon,location,,
0x01F983ED,Heal Ball,9,1,10,pokemon,location,,
0x01F983F7,Quick Ball,10,1,11,pokemon,location,,
0x01F98402,Cherish Ball,12,1,13,pokemon,location,,
0x01F98423,Level Ball,10,1,11,pokemon,location,,
0x01F9842E,Lure Ball,9,1,10,pokemon,location,,
0x01F98438,Heavy Ball,10,1,11,pokemon,location,,
0x01F98443,Love Ball,9,1,10,pokemon,location,,
0x01F9844D,Friend Ball,11,1,12,pokemon,location,,
0x01F98459,Moon Ball,9,1,10,pokemon,location,,
0x01F9846E,Beast Ball,10,1,11,pokemon,location,,
0x01F98554, BP.,4,1,5,pokemon,other,,
0x01F9856B,monnnnn?,8,1,9,pokemon,dialogue,,
0x01F9857B,"
Which Abilityyyyy?",19,1,20,pokemon,dialogue,,
0x01F9887D,BP for your hard work.,22,1,23,pokemon,dialogue,,
0x01F988F9,"
to go!",7,1,8,pokemon,dialogue,,
0x01F98932,"Please, accept this BP for your
efforts!",40,1,41,pokemon,dialogue,,
0x01F989A1,showed me today.,16,1,17,pokemon,other,,
0x01F98A4C,d be on your guard around him.,30,1,31,pokemon,dialogue,,
0x01F98B38,d call my favourite.,20,1,21,pokemon,dialogue,,
0x01F98B8B,Wait and see!,13,1,14,pokemon,dialogue,,
0x01F98C40," is a good
way to pass the time while I wait.",45,1,46,pokemon,dialogue,,
0x01F98D3F,s a harrowing experience!,25,1,26,pokemon,dialogue,,
0x01F98DAB,"So many different ways to
experience the heat of battle!",56,1,57,pokemon,dialogue,,
0x01F98DFE,"Which record would you like
to view?",36,1,37,pokemon,dialogue,,
0x01F98E64,"Would you like to trade in your BP
for some prizes?",51,1,52,pokemon,dialogue,,
0x01F98FBA,"mon moves in
exchange for BP?",29,1,30,pokemon,dialogue,,
0x01F99063,"mon moves in
exchange for BP?",29,1,30,pokemon,dialogue,,
0x01F99108,"mon moves in
exchange for BP?",29,1,30,pokemon,dialogue,,
0x01F991B1,"mon moves in
exchange for BP?",29,1,30,pokemon,dialogue,,
0x01F9921F,moves in exchange for BP.,25,1,26,pokemon,other,,
0x01F9938F,mon?,4,1,5,pokemon,dialogue,,
0x01F99415,mon?,4,1,5,pokemon,dialogue,,
0x01F994F7,Which move should I teach?,26,1,27,pokemon,dialogue,,
0x01F99515, BP.,4,1,5,pokemon,other,,
0x01F99531,"?
How many would you like?",26,1,27,pokemon,dialogue,,
0x01F9959C, BP. Okay?,10,1,11,pokemon,dialogue,,
0x01F995E4,"mon
should I teach it to?",25,1,26,pokemon,dialogue,,
0x01F9966C,t have enough BP.,17,1,18,pokemon,other,,
0x01F9967E,You already own that item.,26,1,27,pokemon,dialogue,,
0x01F99699,You already own that TM.,24,1,25,pokemon,dialogue,,
0x01F99794,"mon with
you now can learn the move.",36,1,37,pokemon,dialogue,,
0x01F998D3,"Please come back any time you
want!",35,1,36,pokemon,dialogue,,
0x01F9991D,"Well then!
Until next time!",27,1,28,pokemon,dialogue,,
0x01F99939,"Well then!
See you next time!",29,1,30,pokemon,dialogue,,
0x01F9997F,"ve got
Battle Points to spend!",30,1,31,pokemon,dialogue,,
0x01F999C8,"ve got
Battle Points to spend!",30,1,31,pokemon,dialogue,,
0x01F999E7,"I see. You have no interest.
That is fine.",42,1,43,pokemon,dialogue,,
0x01F99A12,"Well, perhaps if you change your
mind, do come back.",52,1,53,pokemon,dialogue,,
0x01F99ABA,Ooh hoo hoo hoo hoo.,20,1,21,pokemon,other,,
0x01F99B27, 2 BP,5,1,6,pokemon,other,,
0x01F99B79, 16 BP,6,1,7,pokemon,other,,
0x01F99B92, 16 BP,6,1,7,pokemon,other,,
0x01F99BD7, 16 BP,6,1,7,pokemon,other,,
0x01F99BF0, 16 BP,6,1,7,pokemon,other,,
0x01F99C08, 32 BP,6,1,7,pokemon,other,,
0x01F99C23, 32 BP,6,1,7,pokemon,other,,
0x01F99C3E, 32 BP,6,1,7,pokemon,other,,
0x01F99C86, 32 BP,6,1,7,pokemon,other,,
0x01F99C9B, 32 BP,6,1,7,pokemon,other,,
0x01F99CCA, 32 BP,6,1,7,pokemon,other,,
0x01F99D2C, 32 BP,6,1,7,pokemon,other,,
0x01F99E59, 16 BP,6,1,7,pokemon,other,,
0x01F99E71, 16 BP,6,1,7,pokemon,other,,
0x01F99EA4, 16 BP,6,1,7,pokemon,other,,
0x01F99ED4, 16 BP,6,1,7,pokemon,other,,
0x01F99EED, 16 BP,6,1,7,pokemon,other,,
0x01F99FB2, 24 BP,6,1,7,pokemon,other,,
0x01F99FFA, 32 BP,6,1,7,pokemon,other,,
0x01F9A028, 32 BP,6,1,7,pokemon,other,,
0x01F9A076, 32 BP,6,1,7,pokemon,other,,
0x01F9A107, 32 BP,6,1,7,pokemon,other,,
0x01F9A186, 48 BP,6,1,7,pokemon,other,,
0x01F9A19C, 48 BP,6,1,7,pokemon,other,,
0x01F9A1C8, 48 BP,6,1,7,pokemon,other,,
0x01F9A1DE, 48 BP,6,1,7,pokemon,other,,
0x01F9A272, 48 BP,6,1,7,pokemon,other,,
0x01F9A28F, 48 BP,6,1,7,pokemon,other,,
0x01F9A2C0, 50 BP,6,1,7,pokemon,other,,
0x01F9A2DC, 200 BP,7,1,8,pokemon,other,,
0x01F9A34B, 32 BP,6,1,7,pokemon,other,,
0x01F9A36A, 48 BP,6,1,7,pokemon,other,,
0x01F9A55E, 4 BP,5,1,6,pokemon,other,,
0x01F9A607, 8 BP,5,1,6,pokemon,other,,
0x01F9A61F, 8 BP,5,1,6,pokemon,other,,
0x01F9A634, 8 BP,5,1,6,pokemon,other,,
0x01F9A64A, 8 BP,5,1,6,pokemon,other,,
0x01F9A662, 8 BP,5,1,6,pokemon,other,,
0x01F9A689, 8 BP,5,1,6,pokemon,other,,
0x01F9A69B, 8 BP,5,1,6,pokemon,other,,
0x01F9A6B2, 8 BP,5,1,6,pokemon,other,,
0x01F9A6CA, 8 BP,5,1,6,pokemon,other,,
0x01F9A6E2, 8 BP,5,1,6,pokemon,other,,
0x01F9A6F8, 8 BP,5,1,6,pokemon,other,,
0x01F9A749, 8 BP,5,1,6,pokemon,other,,
0x01F9A778, 12 BP,6,1,7,pokemon,other,,
0x01F9A7A3, 8 BP,5,1,6,pokemon,other,,
0x01F9A7B5, 8 BP,5,1,6,pokemon,other,,
0x01F9A80D, 8 BP,5,1,6,pokemon,other,,
0x01F9A83F, 8 BP,5,1,6,pokemon,other,,
0x01F9A866, 8 BP,5,1,6,pokemon,other,,
0x01F9A87F, 8 BP,5,1,6,pokemon,other,,
0x01F9A8A5, 8 BP,5,1,6,pokemon,other,,
0x01F9A8BA, 8 BP,5,1,6,pokemon,other,,
0x01F9A8DF, 8 BP,5,1,6,pokemon,other,,
0x01F9A8F7, 8 BP,5,1,6,pokemon,other,,
0x01F9A90F, 8 BP,5,1,6,pokemon,other,,
0x01F9A97E, 8 BP,5,1,6,pokemon,other,,
0x01F9A993, 8 BP,5,1,6,pokemon,other,,
0x01F9A9AA, 8 BP,5,1,6,pokemon,other,,
0x01F9A9F1, 8 BP,5,1,6,pokemon,other,,
0x01F9AA0B, 8 BP,5,1,6,pokemon,other,,
0x01F9AA24, 8 BP,5,1,6,pokemon,other,,
0x01F9AA3F, 8 BP,5,1,6,pokemon,other,,
0x01F9AA55, 8 BP,5,1,6,pokemon,other,,
0x01F9AA6A, 8 BP,5,1,6,pokemon,other,,
0x01F9AA83, 8 BP,5,1,6,pokemon,other,,
0x01F9AAB0, 8 BP,5,1,6,pokemon,other,,
0x01F9AADC, 8 BP,5,1,6,pokemon,other,,
0x01F9AB09, 8 BP,5,1,6,pokemon,other,,
0x01F9AB38, 8 BP,5,1,6,pokemon,other,,
0x01F9AB92, 8 BP,5,1,6,pokemon,other,,
0x01F9ABCD, 8 BP,5,1,6,pokemon,other,,
0x01F9AC39, 12 BP,6,1,7,pokemon,other,,
0x01F9AC96, 12 BP,6,1,7,pokemon,other,,
0x01F9ACC8, 12 BP,6,1,7,pokemon,other,,
0x01F9ACDE, 12 BP,6,1,7,pokemon,other,,
0x01F9ACF8, 12 BP,6,1,7,pokemon,other,,
0x01F9AD28, 12 BP,6,1,7,pokemon,other,,
0x01F9AD5B, 12 BP,6,1,7,pokemon,other,,
0x01F9AD8B, 12 BP,6,1,7,pokemon,other,,
0x01F9ADA0, 16 BP,6,1,7,pokemon,other,,
0x01F9ADEA, 12 BP,6,1,7,pokemon,other,,
0x01F9AE02, 12 BP,6,1,7,pokemon,other,,
0x01F9AE18, 12 BP,6,1,7,pokemon,other,,
0x01F9AE46, 12 BP,6,1,7,pokemon,other,,
0x01F9AE5C, 12 BP,6,1,7,pokemon,other,,
0x01F9AE8B, 12 BP,6,1,7,pokemon,other,,
0x01F9AEA3, 12 BP,6,1,7,pokemon,other,,
0x01F9AEBD, 12 BP,6,1,7,pokemon,other,,
0x01F9AEEC, 16 BP,6,1,7,pokemon,other,,
0x01F9AF1B, 16 BP,6,1,7,pokemon,other,,
0x01F9AF2F, 16 BP,6,1,7,pokemon,other,,
0x01F9AFA0, 16 BP,6,1,7,pokemon,other,,
0x01F9AFCF, 16 BP,6,1,7,pokemon,other,,
0x01F9AFE6, 16 BP,6,1,7,pokemon,other,,
0x01F9AFFE, 16 BP,6,1,7,pokemon,other,,
0x01F9B02E, 16 BP,6,1,7,pokemon,other,,
0x01F9B05C, 16 BP,6,1,7,pokemon,other,,
0x01F9B073, 16 BP,6,1,7,pokemon,other,,
0x01F9B0B6, 16 BP,6,1,7,pokemon,other,,
0x01F9B117, 16 BP,6,1,7,pokemon,other,,
0x01F9B130, 4 BP,5,1,6,pokemon,other,,
0x01F9B147, 4 BP,5,1,6,pokemon,other,,
0x01F9B15F, 4 BP,5,1,6,pokemon,other,,
0x01F9B177, 8 BP,5,1,6,pokemon,other,,
0x01F9B1A5, 8 BP,5,1,6,pokemon,other,,
0x01F9B1B7,Dragon Ascent,13,1,14,pokemon,location,,
0x01F9B1C5,Secret Sword,12,1,13,pokemon,location,,
0x01F9B1D2,Relic Song,10,1,11,pokemon,location,,
0x01F9B1DD,Steel Beam,10,1,11,pokemon,location,,
0x01F9B240,mon?,4,1,5,pokemon,dialogue,,
0x01F9B3BF,"How can you we award you with BP if
you have no place to store it?",66,1,67,pokemon,dialogue,,
0x01F9B42E,I am your guide to the Battle Ring.,35,1,36,pokemon,dialogue,,
0x01F9B452,"Would you like to take the Battle
Ring Challenge?",49,1,50,pokemon,dialogue,,
0x01F9B672, tier may not be used.,22,1,23,pokemon,other,,
0x01F9B96B,Please be aware of that!,24,1,25,pokemon,dialogue,,
0x01F9B9C0,"-Battle Music
-Battle Background",32,1,33,pokemon,description,,
0x01F9B9E1,"Which record would you like
to view?",36,1,37,pokemon,dialogue,,
0x01F9BA06,Current,7,1,8,pokemon,other,,
0x01F9BABD, wins.,6,1,7,pokemon,other,,
0x01F9BAC4,"There are currenly no records for
the Antisis City Ring Challenge.",66,1,67,pokemon,description,,
0x01F9BB07,Please wait here.,17,1,18,pokemon,location,,
0x01F9BBD3,"mon to
battle with.",19,1,20,pokemon,other,,
0x01F9BC30,"mon to
battle with.",19,1,20,pokemon,other,,
0x01F9BC9A,"mon to
battle with.",19,1,20,pokemon,other,,
0x01F9BCF7,"mon to
battle with.",19,1,20,pokemon,other,,
0x01F9BD61,"mon to
battle with.",19,1,20,pokemon,other,,
0x01F9BDAD,"Your progress will be kept for
when you return.",47,1,48,pokemon,dialogue,,
0x01F9BF66,"s see if ya still got the
mettle to take on the kingpin!",56,1,57,pokemon,dialogue,,
0x01F9C0D3,"s ending your run of
glory, right here, right now!",50,1,51,pokemon,dialogue,,
0x01F9C27F,"Then gimme your best shot!
Let the kingpin measure ya up!",57,1,58,pokemon,dialogue,,
0x01F9C5C9,"I got my title of kingpin to defend,
after all! Ha ha ha ha!",60,1,61,pokemon,dialogue,,
0x01F9C7B4,"t gonna lose
to ya again!",25,1,26,pokemon,dialogue,,
0x01F9C7DF,t believe ya beat me again!,27,1,28,pokemon,dialogue,,
0x01F9C813," you were the
best in the world, huh, kid?",42,1,43,pokemon,dialogue,,
0x01F9C840,Abandonment Issues,18,1,19,pokemon,location,,
0x01F9C853,"A little Tuber girl is missing!
Track her down, and return her
safely to her worried mother.",92,1,93,pokemon,dialogue,,
0x01F9C936,", search for her!",17,1,18,pokemon,dialogue,,
0x01F9CA74,"Please, continue to search for her!",35,1,36,pokemon,dialogue,,
0x01F9CB5D,Please take me back to my mommy.,32,1,33,pokemon,dialogue,,
0x01F9CB81,"The little girl appears to have
been blown away.",48,1,49,pokemon,description,,
0x01F9CC03,"t blow
away again!",18,1,19,pokemon,dialogue,,
0x01F9CCA8,s over!,7,1,8,pokemon,dialogue,,
0x01F9CD2E,"m okay now, thanks to
this person!",34,1,35,pokemon,dialogue,,
0x01F9CD7F,"Mommy, wait!",12,1,13,pokemon,dialogue,,
0x01F9CDAE, who helped me!,15,1,16,pokemon,dialogue,,
0x01F9CDF4,Bad Babysitter,14,1,15,pokemon,location,,
0x01F9CE03,"A young boy in a Pikachu costume
has run away from home to Route 8!
Find him, and bring him home safely.",104,1,105,pokemon,dialogue,,
0x01F9CEC3,"Please, help me find him!",25,1,26,pokemon,dialogue,,
0x01F9CFB4,My parents are going to kill me!,32,1,33,pokemon,dialogue,,
0x01F9D010,re amazing!,11,1,12,pokemon,dialogue,,
0x01F9D09D,"s the perfect TM for such a nice
person like you!",49,1,50,pokemon,dialogue,,
0x01F9D0FD,Thank you again!,16,1,17,pokemon,dialogue,,
0x01F9D125,t eat me!,9,1,10,pokemon,dialogue,,
0x01F9D15C,"mon was going
to eat me.",24,1,25,pokemon,other,,
0x01F9D1F5,ll follow you there.,20,1,21,pokemon,dialogue,,
0x01F9D20F, decided to go with Willy!,26,1,27,pokemon,dialogue,,
0x01F9D272,party will be selected for battle.,34,1,35,pokemon,system,,
0x01F9D312,re the best!,12,1,13,pokemon,dialogue,,
0x01F9D34B,re the best!,12,1,13,pokemon,dialogue,,
0x01F9D358,The Black Emboar,16,1,17,pokemon,location,,
0x01F9D3A7," in
the KBT Expressway.",23,1,24,pokemon,other,,
0x01F9D3CD,Black Emboar Boss,17,1,18,pokemon,location,,
0x01F9D566,"d be willing to check up on
him for me?",39,1,40,pokemon,dialogue,,
0x01F9D592,"re the one who barged into my
home and asked.",45,1,46,pokemon,dialogue,,
0x01F9D63A,"They say these Black Emboar are
insanely vicious.",49,1,50,pokemon,description,,
0x01F9D6B1,worried about him.,18,1,19,pokemon,other,,
0x01F9D787,the Black Emboar?,17,1,18,pokemon,dialogue,,
0x01F9D8BC,can really do!,14,1,15,pokemon,dialogue,,
0x01F9D8CB,Gwa ha ha ha!,13,1,14,pokemon,dialogue,,
0x01F9D9C0,s awesome!,10,1,11,pokemon,dialogue,,
0x01F9DA44,ll go with you.,15,1,16,pokemon,dialogue,,
0x01F9DA95,the Black Emboar!,17,1,18,pokemon,dialogue,,
0x01F9DAEF,"t let you go down this
path any longer!",39,1,40,pokemon,dialogue,,
0x01F9DBA1,to get your own hands dirty.,28,1,29,pokemon,dialogue,,
0x01F9DBCB,s got guts!,11,1,12,pokemon,dialogue,,
0x01F9DD42,Gwa ha ha ha!,13,1,14,pokemon,dialogue,,
0x01F9DD63,"t just
leave me all alone!",26,1,27,pokemon,dialogue,,
0x01F9DDFB,"
join our ranks.",16,1,17,pokemon,other,,
0x01F9DE2A,"All members gotta have a Bike,
so take this.",44,1,45,pokemon,description,,
0x01F9DF15,ll welcome you with open arms.,30,1,31,pokemon,dialogue,,
0x01F9E11A,Please take this TM for your time.,34,1,35,pokemon,dialogue,,
0x01F9E164,Get over here!,14,1,15,pokemon,dialogue,,
0x01F9E1DF,"So scram! Toddle off home to your
ma, ya little goody-two-shoes punk!",69,1,70,pokemon,dialogue,,
0x01F9E28E,t forget your baby bottle!,26,1,27,pokemon,dialogue,,
0x01F9E336,With relish!,12,1,13,pokemon,dialogue,,
0x01F9E343,Really bad!,11,1,12,pokemon,dialogue,,
0x01F9E3DF,s somewhere in this tunnel!,27,1,28,pokemon,dialogue,,
0x01F9E446,Go back to where you came from!,31,1,32,pokemon,dialogue,,
0x01F9E466,Huh? A kid?,11,1,12,pokemon,dialogue,,
0x01F9E472,Twerp.,6,1,7,pokemon,other,,
0x01F9E479,"Get lost, punk.",15,1,16,pokemon,location,,
0x01F9E489,"You think you can just come in here
and mess with the Black Emboar?",67,1,68,pokemon,dialogue,,
0x01F9E4CD,You do.,7,1,8,pokemon,dialogue,,
0x01F9E4D8,"re the Black Emboar, you litch!",31,1,32,pokemon,dialogue,,
0x01F9E513,re the Black Emboar!,20,1,21,pokemon,dialogue,,
0x01F9E528,Crikey.,7,1,8,pokemon,other,,
0x01F9E545,"t fall
so easily!",17,1,18,pokemon,dialogue,,
0x01F9E569,s dangerous!,12,1,13,pokemon,dialogue,,
0x01F9E576,"The Black Emboar!
Never stop, and never look back!",50,1,51,pokemon,dialogue,,
0x01F9E5BE,re busy!,8,1,9,pokemon,dialogue,,
0x01F9E5EF, HQ!,4,1,5,pokemon,dialogue,,
0x01F9E73F, out?,5,1,6,pokemon,dialogue,,
0x01F9E842, to the sewers!,15,1,16,pokemon,dialogue,,
0x01F9E8E6,out?,4,1,5,pokemon,dialogue,,
0x01F9E9FD,actual stairs!,14,1,15,pokemon,dialogue,,
0x01F9EA18," up with a strategy to
take down the Black Ferrothorn.",54,1,55,pokemon,description,,
0x01F9EAAB,"I bet they have a boatload in that
fancy base of theirs!",56,1,57,pokemon,dialogue,,
0x01F9EAE4,Flushed Away,12,1,13,pokemon,location,,
0x01F9EB3A, his socks from the sewer.,26,1,27,pokemon,other,,
0x01F9ED06, for me?,8,1,9,pokemon,dialogue,,
0x01F9ED81,use the main entrance outside.,30,1,31,pokemon,other,,
0x01F9EDAF,"But oh man, do they reek!",25,1,26,pokemon,dialogue,,
0x01F9EE60,"m sure you can find a better
place for it than I could.",55,1,56,pokemon,dialogue,,
0x01F9EF97,main entrance outside.,22,1,23,pokemon,other,,
0x01F9F081,A Minor Scrap,13,1,14,pokemon,location,,
0x01F9F0EA,s turf.,7,1,8,pokemon,other,,
0x01F9F12F,with them Black Ferrothorn?,27,1,28,pokemon,dialogue,,
0x01F9F28C,"em both
out for me?",19,1,20,pokemon,dialogue,,
0x01F9F2D5,re ready!,9,1,10,pokemon,dialogue,,
0x01F9F30B, on about?,10,1,11,pokemon,dialogue,,
0x01F9F4B5,"You really are the gutsiest Trainer
I know.",43,1,44,pokemon,dialogue,,
0x01F9F534,"mon to
be strong a lot easier.",30,1,31,pokemon,other,,
0x01F9F5C5,m here for a rematch!,21,1,22,pokemon,dialogue,,
0x01F9F63F,"
we gave him last time?",23,1,24,pokemon,dialogue,,
0x01F9F689,", here, is gonna
destroy youse guys for me!",43,1,44,pokemon,dialogue,,
0x01F9F6EE, into the ground!,17,1,18,pokemon,dialogue,,
0x01F9F72B," down with our
combined might!",30,1,31,pokemon,dialogue,,
0x01F9F77B,"em
down the drain!",18,1,19,pokemon,dialogue,,
0x01F9F7E4,mon?,4,1,5,pokemon,dialogue,,
0x01F9F7F5,"
You rocked my socks off!",25,1,26,pokemon,dialogue,,
0x01F9F841, useless!,9,1,10,pokemon,dialogue,,
0x01F9F84B,"Come on, man!
How could this happen?",36,1,37,pokemon,dialogue,,
0x01F9F8AC,Our hides are iron thick!,25,1,26,pokemon,dialogue,,
0x01F9F8EC,"re gonna use those enhancers we
got off those dumb scientists.",62,1,63,pokemon,description,,
0x01F9F9BD,are really capable of!,22,1,23,pokemon,dialogue,,
0x01F9FA66," on you, again!",15,1,16,pokemon,dialogue,,
0x01F9FA7C,ll make you all pay for this!,29,1,30,pokemon,dialogue,,
0x01F9FB64, for your help.,15,1,16,pokemon,dialogue,,
0x01F9FBBF,Odd Odd Docks,13,1,14,pokemon,location,,
0x01F9FBFD," smuggle some
goods off the port after 8 PM.",44,1,45,pokemon,description,,
0x01F9FC2A,"Find the Oddish Leaves hidden on
west side of the Antisis Port and
smuggle them back to the city.",97,1,98,pokemon,description,,
0x01F9FDAA,Capisce?,8,1,9,pokemon,dialogue,,
0x01F9FDE5,re like family now!,19,1,20,pokemon,dialogue,,
0x01F9FE9C,"t have that, can we?",20,1,21,pokemon,dialogue,,
0x01FA013A,Now hand over dem Oddish Leaves.,32,1,33,pokemon,description,,
0x01FA0195,The goon is feeling tougher!,28,1,29,pokemon,dialogue,,
0x01FA0221,"Hows about I share some with you
for your effort?",49,1,50,pokemon,dialogue,,
0x01FA02D1,"ll
happily do it for ya.",24,1,25,pokemon,other,,
0x01FA0300, Goon,5,1,6,pokemon,other,,
0x01FA0319,The shipment just arrived.,26,1,27,pokemon,other,,
0x01FA0391,"Are you the dude that ordered
these?",36,1,37,pokemon,dialogue,,
0x01FA03D5,em off your hands.,18,1,19,pokemon,dialogue,,
0x01FA0441,Haw haw haw!,12,1,13,pokemon,dialogue,,
0x01FA044E,Did someone mention Rose Incense?,33,1,34,pokemon,dialogue,,
0x01FA04EF,Haw haw haw!,12,1,13,pokemon,dialogue,,
0x01FA0569,"em busy while I stash the
Oddish Leaves somewhere.",50,1,51,pokemon,dialogue,,
0x01FA05F2,Like we gonna squash you!,25,1,26,pokemon,dialogue,,
0x01FA060C,"Drat, nabbit, ding dong!",24,1,25,pokemon,dialogue,,
0x01FA064C,"m an elite member of the
Black Ferrothorn!",42,1,43,pokemon,dialogue,,
0x01FA06D2,"Over there, officer!",20,1,21,pokemon,dialogue,,
0x01FA0758,"What do you have to say
for yourselves?",39,1,40,pokemon,dialogue,,
0x01FA0896,s time for you to come with me.,31,1,32,pokemon,dialogue,,
0x01FA0935,base.,5,1,6,pokemon,other,,
0x01FA0AED,"Nope, you appear to be clean.
Proceed.",38,1,39,pokemon,dialogue,,
0x01FA0B1A,"Show some valid identification if
you wish to pass.",51,1,52,pokemon,dialogue,,
0x01FA0B51,"You flashed your Trainer Card for
the guard.",44,1,45,pokemon,dialogue,,
0x01FA0D26,"You are good to go.
Proceed.",28,1,29,pokemon,dialogue,,
0x01FA0D43,Supply and Demand,17,1,18,pokemon,location,,
0x01FA0D55,"Hit the Black Ferrothorn where it
hurts by cutting off the supplies
they receive from a scientist.",98,1,99,pokemon,description,,
0x01FA1345,ave this.,9,1,10,pokemon,other,,
0x01FA134F,You received an Egg from the goon!,34,1,35,pokemon,dialogue,,
0x01FA13F0,ear?,4,1,5,pokemon,dialogue,,
0x01FA14C7,"ey, you, scientist lady!",24,1,25,pokemon,dialogue,,
0x01FA16B3,Activate all defenses!,22,1,23,pokemon,dialogue,,
0x01FA17B0,s good for you!,15,1,16,pokemon,dialogue,,
0x01FA17E2,s an Electrode underfoot!,25,1,26,pokemon,dialogue,,
0x01FA187A,you avoid all of these?,23,1,24,pokemon,dialogue,,
0x01FA1892,"No! I knew I should have taught
them more than just Explosion!",62,1,63,pokemon,dialogue,,
0x01FA18D1,"No! I knew I should have taught
them better moves!",50,1,51,pokemon,dialogue,,
0x01FA191D,"I have plenty more Electrode on
the floor to use against you!",61,1,62,pokemon,dialogue,,
0x01FA195B,"Serves you right, you mug.",26,1,27,pokemon,dialogue,,
0x01FA19F7,all them Electrode.,19,1,20,pokemon,other,,
0x01FA1A6C,up all them Electrode.,22,1,23,pokemon,other,,
0x01FA1B55,"m sorry, but I cannot sell any
to you.",38,1,39,pokemon,dialogue,,
0x01FA1B7F,The scientist is out cold.,26,1,27,pokemon,other,,
0x01FA1C96,on you!,7,1,8,pokemon,dialogue,,
0x01FA1CD8,mon could it contain?,21,1,22,pokemon,dialogue,,
0x01FA1CF1,"Something is balanced carefully on
the windowsill.",50,1,51,pokemon,description,,
0x01FA1D7B,"em
back to James pronto.",24,1,25,pokemon,other,,
0x01FA1D99," handed over the stat
enhancers.",32,1,33,pokemon,description,,
0x01FA1E07,ear?,4,1,5,pokemon,dialogue,,
0x01FA1EDF,ear?,4,1,5,pokemon,dialogue,,
0x01FA1EE4,Black Ferrothorn,16,1,17,pokemon,location,,
0x01FA1EF5,Black Ferrothorn Boss,21,1,22,pokemon,location,,
0x01FA1F0B,Ferrothorn Turf,15,1,16,pokemon,location,,
0x01FA1F21,The Battle of Antisis,21,1,22,pokemon,other,,
0x01FA1F90, their home turf!,17,1,18,pokemon,dialogue,,
0x01FA1FE9, down in the sewers.,20,1,21,pokemon,other,,
0x01FA2001,"s time to bring the fight to the
Black Ferrothorn! Meet James on the
top floor of their HQ.",91,1,92,pokemon,dialogue,,
0x01FA2179," ears, unless ya
wanna lose em!",31,1,32,pokemon,dialogue,,
0x01FA219D,"s go, boys!
Jump up through the hole!",37,1,38,pokemon,dialogue,,
0x01FA21C3,Jump up through the hole?,25,1,26,pokemon,dialogue,,
0x01FA2244,gotta wreak havoc!,18,1,19,pokemon,dialogue,,
0x01FA22C0,are through and through!,24,1,25,pokemon,dialogue,,
0x01FA2302," to watch some TV
in peace, here!",33,1,34,pokemon,dialogue,,
0x01FA2340,This is my couch!,17,1,18,pokemon,dialogue,,
0x01FA23A4,"s more than enough room for
the both of us!",43,1,44,pokemon,dialogue,,
0x01FA2433,em now!,7,1,8,pokemon,dialogue,,
0x01FA244B,"Get those out of my face!
They reek!",36,1,37,pokemon,dialogue,,
0x01FA24C5,"Not so tough without your buddy,
are you, now?",46,1,47,pokemon,dialogue,,
0x01FA2574,"Well, I am!",11,1,12,pokemon,dialogue,,
0x01FA2753,"Get out of here, punk!",22,1,23,pokemon,dialogue,,
0x01FA2863, around!,8,1,9,pokemon,dialogue,,
0x01FA2982,Bwa ha ha!,10,1,11,pokemon,dialogue,,
0x01FA29E6,"We still have the old fashioned
brute force security system, too!",65,1,66,pokemon,dialogue,,
0x01FA2AA2,"You think your puny brain is big
enough to handle it?",53,1,54,pokemon,dialogue,,
0x01FA2BA4,this one extra tough to crack!,30,1,31,pokemon,dialogue,,
0x01FA3136,for show!,9,1,10,pokemon,dialogue,,
0x01FA3155,"The guy you stooges are named
after?",36,1,37,pokemon,dialogue,,
0x01FA31E9,"s gonna mop the floor with
all of ya!",37,1,38,pokemon,dialogue,,
0x01FA345D,Whaddya say?,12,1,13,pokemon,dialogue,,
0x01FA3553,", from
the realest gang in Antisis!",35,1,36,pokemon,dialogue,,
0x01FA3672,"cept
a pile of broken dreams!",29,1,30,pokemon,dialogue,,
0x01FA3705,for the job!,12,1,13,pokemon,dialogue,,
0x01FA377E,"em go,
boss!?",13,1,14,pokemon,dialogue,,
0x01FA37BF,t come back.,12,1,13,pokemon,other,,
0x01FA3862,"t got no place in this town
anymore.",36,1,37,pokemon,description,,
0x01FA38C8,I look forward to that day.,27,1,28,pokemon,dialogue,,
0x01FA39A7,OUT!,4,1,5,pokemon,dialogue,,
0x01FA39B7,"!
Show him how tough you are!",29,1,30,pokemon,dialogue,,
0x01FA3C47, The Endless Nightmare,22,1,23,pokemon,other,,
0x01FA3C5E,"A small boy is having a nightmare!
Find a way to wake him up.",61,1,62,pokemon,dialogue,,
0x01FA3C9C,"A small boy is having a nightmare!
Maybe a scientist at the Dream
Research Lab can wake him up.",95,1,96,pokemon,dialogue,,
0x01FA3D4B,"A small boy is having a nightmare!
Board a boat to Fullmoon Island
and retrieve the Lunar Wing.",95,1,96,pokemon,dialogue,,
0x01FA3DAB,"A small boy is having a nightmare!
Return to Tarmigan Town with the
Lunar Wing to wake up him.",94,1,95,pokemon,dialogue,,
0x01FA3F57,"If not for me, then for my son?",31,1,32,pokemon,dialogue,,
0x01FA405B,take us there.,14,1,15,pokemon,other,,
0x01FA406A,"Please, I need the Lunar Wing from
Fullmoon Island to awaken him!",65,1,66,pokemon,dialogue,,
0x01FA40AC,Do you wanna set sail?,22,1,23,pokemon,dialogue,,
0x01FA40CD,"re ready to go to Fullmoon
Island for us?",41,1,42,pokemon,dialogue,,
0x01FA40F7,Anchors aweigh!,15,1,16,pokemon,dialogue,,
0x01FA41DC,Should we sail back to Fallshore?,33,1,34,pokemon,dialogue,,
0x01FA4243,"Please hurry and meet me at
my home.",36,1,37,pokemon,dialogue,,
0x01FA4268,"Please bring the Lunar Wing to
my son.",38,1,39,pokemon,dialogue,,
0x01FA4293,re awake!,9,1,10,pokemon,dialogue,,
0x01FA43BF,purpose than it does me.,24,1,25,pokemon,other,,
0x01FA43FD,"ll be by the docks in Fallshore
City if you ever need to set sail.",66,1,67,pokemon,dialogue,,
0x01FA44DB,do not disturb me.,18,1,19,pokemon,other,,
0x01FA45C1,ll go take a look.,18,1,19,pokemon,other,,
0x01FA4615,in some way. ,13,1,14,pokemon,other,,
0x01FA4657,m glad I was able to help.,26,1,27,pokemon,dialogue,,
0x01FA4758,t scare him!,12,1,13,pokemon,dialogue,,
0x01FA47ED,The little boy woke up!,23,1,24,pokemon,dialogue,,
0x01FA48CA,s the best way to be!,21,1,22,pokemon,dialogue,,
0x01FA49AB,"t you scientists get funding
for this kind of thing?",52,1,53,pokemon,dialogue,,
0x01FA4AE8,"s all I can say.
Best of luck.",30,1,31,pokemon,dialogue,,
0x01FA4B2E,"s unconscious.
Better leave him alone for now.",46,1,47,pokemon,description,,
0x01FA4B6C,s get out of here!,18,1,19,pokemon,dialogue,,
0x01FA4B8F,s my package?,13,1,14,pokemon,dialogue,,
0x01FA4C91,"Welcome to your new home, dear!",31,1,32,pokemon,dialogue,,
0x01FA4D82,WHAT HAVE YOU DONE!?,20,1,21,pokemon,dialogue,,
0x01FA4DD4,"mon used the power of the
nightmare to increase its size!",57,1,58,pokemon,dialogue,,
0x01FA4E10,The Food Thief,14,1,15,pokemon,location,,
0x01FA4E34,"mon has been
stealing food! Hunt it down and
recover what was stolen.",69,1,70,pokemon,dialogue,,
0x01FA5084,s come to steal more food!,26,1,27,pokemon,dialogue,,
0x01FA509F,No! Get away from my fridge!,28,1,29,pokemon,dialogue,,
0x01FA50C1,"ll stop it from leaving, Daddy!",31,1,32,pokemon,dialogue,,
0x01FA50EC,Daddy! It hurt me!,18,1,19,pokemon,dialogue,,
0x01FA5137,mon hurt you anymore.,21,1,22,pokemon,dialogue,,
0x01FA524B,be able to battle me someday.,29,1,30,pokemon,other,,
0x01FA52C3,mon and me?,11,1,12,pokemon,dialogue,,
0x01FA52D8,"Just wait and see how strong my
Sandslash has become!",53,1,54,pokemon,dialogue,,
0x01FA5332,t stand up to you!,18,1,19,pokemon,dialogue,,
0x01FA535C,"Feel free to come back tomorrow and
battle me again.",52,1,53,pokemon,description,,
0x01FA5391,"Feel free to come back anytime for
a battle.",44,1,45,pokemon,description,,
0x01FA53DF,m always so bored at home.,26,1,27,pokemon,other,,
0x01FA5421,s really strong now!,20,1,21,pokemon,dialogue,,
0x01FA544C,mon hurt me!,12,1,13,pokemon,dialogue,,
0x01FA549F,s empty now!,12,1,13,pokemon,dialogue,,
0x01FA5504,Slash!,6,1,7,pokemon,dialogue,,
0x01FA5551,"Now, return the food you stole!",31,1,32,pokemon,dialogue,,
0x01FA5583,"Have you been stealing my food for
your friends and family?",59,1,60,pokemon,dialogue,,
0x01FA57AE,Does that work for you?,23,1,24,pokemon,dialogue,,
0x01FA57DD,s go.,5,1,6,pokemon,other,,
0x01FA5823,"s your little
something.",24,1,25,pokemon,dialogue,,
0x01FA58D0,Guardians of the Lake,21,1,22,pokemon,other,,
0x01FA58E6,"Help a scientist uncover the
mysteries of the Cave of Being!",60,1,61,pokemon,dialogue,,
0x01FA64DC,Herd But Not Seen,17,1,18,pokemon,other,,
0x01FA64EE,"Rescue Miltank kidnapped by the
Terror Granbull in Magnolia Fields!",67,1,68,pokemon,dialogue,,
0x01FA654A,"This Miltank was found in the woods
on the northern side of the route.",70,1,71,pokemon,description,,
0x01FA6591,"This Miltank was found near the
ocean on the northern side of the
route.",72,1,73,pokemon,description,,
0x01FA65DA,"This Miltank was found near the
Skinny Trees on the southern side
of the route.",79,1,80,pokemon,description,,
0x01FA6689,d go our livelihood!,20,1,21,pokemon,dialogue,,
0x01FA67A8,"t you help us get our Miltank
back?",35,1,36,pokemon,dialogue,,
0x01FA6844, as we speak.,13,1,14,pokemon,other,,
0x01FA6917,ll take it from there.,22,1,23,pokemon,other,,
0x01FA69A9,", I reckon.",11,1,12,pokemon,dialogue,,
0x01FA69D6,"t help me,
then who can?",24,1,25,pokemon,dialogue,,
0x01FA6A6A,"s supply
of Moomoo Milk as my thanks.",37,1,38,pokemon,dialogue,,
0x01FA6ACD,"t never been
better!",20,1,21,pokemon,dialogue,,
0x01FA6B83,"em dry for
everything they have!",32,1,33,pokemon,dialogue,,
0x01FA6BBD,Give milk!,10,1,11,pokemon,dialogue,,
0x01FA6C1B,"on, fork it over!",17,1,18,pokemon,dialogue,,
0x01FA6C5B,Any of you got any bright ideas?,32,1,33,pokemon,dialogue,,
0x01FA6CB0, ya!,4,1,5,pokemon,dialogue,,
0x01FA6EF0, momma!,7,1,8,pokemon,dialogue,,
0x01FA6F34,"Move over, and lemme show you how
to really use Granbull!",57,1,58,pokemon,dialogue,,
0x01FA6F78,m the dumbo!,12,1,13,pokemon,dialogue,,
0x01FA7100,"t have to be that way,
Gruff.",29,1,30,pokemon,other,,
0x01FA711E,And who do ya think you are?,28,1,29,pokemon,dialogue,,
0x01FA7303,"t stand
a chance anymore!",25,1,26,pokemon,dialogue,,
0x01FA7430,re sold.,8,1,9,pokemon,other,,
0x01FA74AA,Terror Granbull alone could whip up!,36,1,37,pokemon,dialogue,,
0x01FA7630,"
the gutsiest Trainer I know!",29,1,30,pokemon,dialogue,,
0x01FA765D,"The Miltank returned home to
Moomoo Farm.",41,2,43,pokemon,description,,
0x01FA7687, Home for a Hobo,16,1,17,pokemon,other,,
0x01FA76B4,"A poor old man needs a new home!
Search Borrius for any and all
indoor homes available.",87,1,88,pokemon,dialogue,,
0x01FA7725,"mon has
gone missing! Help him reunite with
his precious friend.",64,1,65,pokemon,dialogue,,
0x01FA77A6,"Bring only Ice- and Fairy-types to
rescue a rich businessman from some
goons in the western warehouse.",102,1,103,pokemon,description,,
0x01FA780D,"The rich businessman has returned
home safely! Head to his home in
Seaport City to collect a reward.",100,1,101,pokemon,dialogue,,
0x01FA7872,"Return to Epidimy Town and inform
the old man that he has permission
to move to Seaport City.",93,1,94,pokemon,dialogue,,
0x01FA7924,Better leave him alone.,23,1,24,pokemon,other,,
0x01FA7A85,I shall await your return.,26,1,27,pokemon,dialogue,,
0x01FA7ABA,"No caring child would turn down
such a request from an old man.",63,1,64,pokemon,description,,
0x01FA7B1C,"Anywhere will do, as long as
it is indoors.",43,1,44,pokemon,description,,
0x01FA7BC1,"Meet me there to make sure I get
settled in alright.",52,1,53,pokemon,dialogue,,
0x01FA7C42,"Please, I want you to take this
rare crystal as my thanks.",58,1,59,pokemon,dialogue,,
0x01FA7C91,"You are very kind coming to visit
this kindly old man.",54,1,55,pokemon,dialogue,,
0x01FA7E68,"?
I cannot think without her!",29,1,30,pokemon,dialogue,,
0x01FA7EFE,"Knowing her, there is little chance
she ran far.",48,1,49,pokemon,description,,
0x01FA7F97,"t
miss her!",11,1,12,pokemon,dialogue,,
0x01FA7FDF,Hrmph.,6,1,7,pokemon,other,,
0x01FA8042,s my queen!,11,1,12,pokemon,dialogue,,
0x01FA80AE,a handsome reward.,18,1,19,pokemon,other,,
0x01FA824D,"in upstairs, free of charge.",28,1,29,pokemon,other,,
0x01FA82AD,charge.,7,1,8,pokemon,other,,
0x01FA8363,What a gentleman!,17,1,18,pokemon,dialogue,,
0x01FA83B6,"Let us try searching somewhere
else.",36,1,37,pokemon,description,,
0x01FA83F6,ve found quite a catch!,23,1,24,pokemon,dialogue,,
0x01FA8451,"ll go for big
bucks on the Black Market!",40,1,41,pokemon,dialogue,,
0x01FA847D,"Nooooooooo!
You ruffians! Leave my queen alone!",47,1,48,pokemon,dialogue,,
0x01FA84C5,"You think you can interfere with
our business?",46,1,47,pokemon,dialogue,,
0x01FA84F7,"Somebody ought to teach a kid
like you to mind your manners!",60,1,61,pokemon,dialogue,,
0x01FA8557,m sorry!,8,1,9,pokemon,dialogue,,
0x01FA85BB,em take out for you.,20,1,21,pokemon,dialogue,,
0x01FA8615," you and your Skitty
will regret this!",38,1,39,pokemon,dialogue,,
0x01FA8703,"ll be willing to talk business
with you once I arrive home safely.",66,1,67,pokemon,dialogue,,
0x01FA8873,t forget!,9,1,10,pokemon,dialogue,,
0x01FA887D,"That is not the way to my home.
Let us go in a different direction.",67,1,68,pokemon,dialogue,,
0x01FA89D8,"That fat man is gonna stay down
there until someone rescues him.",64,1,65,pokemon,description,,
0x01FA8A92,ll need to do as I say.,23,1,24,pokemon,dialogue,,
0x01FA8B32,"Time for you to face our new
and improved teams!",48,1,49,pokemon,dialogue,,
0x01FA8B6B,"
Nah, we still taught you a lesson.",35,1,36,pokemon,dialogue,,
0x01FA8BA2," that Skitty was a
bad idea.",28,1,29,pokemon,other,,
0x01FA8BE4,Just let my team handle it.,27,1,28,pokemon,dialogue,,
0x01FA8D27,"Please meet me inside to discuss
your reward.",45,1,46,pokemon,dialogue,,
0x01FA8D95,"ll get away with
messing with us!",33,1,34,pokemon,dialogue,,
0x01FA8DBD,s still more to come!,21,1,22,pokemon,dialogue,,
0x01FA8DF7,t outsmart him!,15,1,16,pokemon,dialogue,,
0x01FA8E0A,"re members of the Seaport
Burglar Society!",42,1,43,pokemon,dialogue,,
0x01FA8E35,Never heard of us?,18,1,19,pokemon,dialogue,,
0x01FA8E48,"The Seaport Burglar Society controls
crime in Seaport City.",59,1,60,pokemon,description,,
0x01FA8E84,"We called in the Black Ferrothorn
to help us expand our empire.",63,1,64,pokemon,description,,
0x01FA8ED0,"t going to stop the
expansion.",30,1,31,pokemon,other,,
0x01FA8EEF,"One of these days the Seaport
Burglar Society will be known to all!",67,1,68,pokemon,dialogue,,
0x01FA8FB4,He likes to scam people!,24,1,25,pokemon,dialogue,,
0x01FA8FCD,El-Scamo is gonna be upset!,27,1,28,pokemon,dialogue,,
0x01FA9005,"No one knows what he truly looks
like!",38,1,39,pokemon,dialogue,,
0x01FA902F,"re the Black Ferrothorn!
Rulers of Antisis City!",48,1,49,pokemon,dialogue,,
0x01FA9060,Not rulers of this battle!,26,1,27,pokemon,dialogue,,
0x01FA907E,"ll slow you down!
The Black Ferrothorn rule!",44,1,45,pokemon,dialogue,,
0x01FA90AB,"Our leader sent us here to take
control of the underworld.",58,1,59,pokemon,description,,
0x01FA90F5,"re around, that goal
is distant.",32,1,33,pokemon,description,,
0x01FA9135,ll rule the Seaport underworld!,31,1,32,pokemon,dialogue,,
0x01FA91B5,em out!,7,1,8,pokemon,dialogue,,
0x01FA91CC,"We control crime here, now!
Us, the Black Ferrothorn!",53,1,54,pokemon,dialogue,,
0x01FA9273,you!,4,1,5,pokemon,dialogue,,
0x01FA9278,"Our leader is the iron-willed
Barbs!",36,1,37,pokemon,dialogue,,
0x01FA929D,Barbs is gonna be mad!,22,1,23,pokemon,dialogue,,
0x01FA92B4,"Barbs rules the Black Ferrothorn
with an iron fist!",51,1,52,pokemon,dialogue,,
0x01FA92E8,Island Saviour,14,1,15,pokemon,location,,
0x01FA9332,"mon with
Dig to help him escape.",32,1,33,pokemon,description,,
0x01FA9449,Can you help me get back home?,30,1,31,pokemon,dialogue,,
0x01FA94A1,Do you have one with you?,25,1,26,pokemon,dialogue,,
0x01FA9506,"There is no going back until you
reach the other exit.",54,1,55,pokemon,dialogue,,
0x01FA9588,"re strong
enough to survive down there.",39,1,40,pokemon,description,,
0x01FA95BC,re ready!,9,1,10,pokemon,dialogue,,
0x01FA95D4,"s go!
Use Dig!",14,1,15,pokemon,dialogue,,
0x01FA9692, usually know Dig.,18,1,19,pokemon,other,,
0x01FA96BE,"s there
to be scared about?",27,1,28,pokemon,dialogue,,
0x01FA9781,"s a ladder up, somewhere
around here.",37,1,38,pokemon,description,,
0x01FA980B,"re
going.",9,1,10,pokemon,other,,
0x01FA9815,"Have I ever mentioned how much I
hate Diglett?",46,1,47,pokemon,dialogue,,
0x01FA986B,"re surprisingly brave for a
young Trainer, you know?",52,1,53,pokemon,dialogue,,
0x01FA98A0,"What?
An earthquake? Now?",25,1,26,pokemon,dialogue,,
0x01FA990C,s feet look like?,17,1,18,pokemon,dialogue,,
0x01FA99A1,t be a coincidence!,19,1,20,pokemon,dialogue,,
0x01FA99F2,"But now that you took out that
Dugtrio, the tremors should stop.",64,1,65,pokemon,dialogue,,
0x01FA9A75,s get out of here.,18,1,19,pokemon,other,,
0x01FA9AD9,"A weak spot in the wall, right
here.",36,1,37,pokemon,description,,
0x01FA9AFE,"Graveler, use Rock Smash!",25,1,26,pokemon,dialogue,,
0x01FA9B1B,Rarrrarrr!,10,1,11,pokemon,dialogue,,
0x01FA9B54,I forgot I had it this whole time.,34,1,35,pokemon,dialogue,,
0x01FA9B90,"We should have just used it right
away, eh?",43,1,44,pokemon,dialogue,,
0x01FA9BBC,Nine Tails of Snow,18,1,19,pokemon,other,,
0x01FA9C2D,mon.,4,1,5,pokemon,other,,
0x01FA9C32,Burglar,7,1,8,pokemon,other,,
0x01FA9CAE,"Please, help me get my baby back!",33,1,34,pokemon,dialogue,,
0x01FA9ECA,s the least I can do.,21,1,22,pokemon,dialogue,,
0x01FA9F14,You received an Egg from the Idol!,34,1,35,pokemon,dialogue,,
0x01FA9F4C,s baby!,7,1,8,pokemon,dialogue,,
0x01FAA037,t let you take her from me!,27,1,28,pokemon,dialogue,,
0x01FAA05C, you beat my precious!,22,1,23,pokemon,dialogue,,
0x01FAA209,Run for your lives!,19,1,20,pokemon,dialogue,,
0x01FAA21D,Oof!,4,1,5,pokemon,dialogue,,
0x01FAA225,Crah rah rah rah rah!,21,1,22,pokemon,dialogue,,
0x01FAA2C5,"s time for me to return her
to her owner.",41,1,42,pokemon,description,,
0x01FAA312," burrowed into
the snow.",24,1,25,pokemon,other,,
0x01FAA32E,Taaaaales!,10,2,12,pokemon,dialogue,,
0x01FAA33C,Portal Purge,12,1,13,pokemon,location,,
0x01FAA355,"mon in the mysterious
portals appearing around Borrius!",55,1,56,pokemon,dialogue,,
0x01FAA396,"mon was found roaming
around Borrius after interacting
with its portal.",71,1,72,pokemon,description,,
0x01FAA3E7,"mon was found in the
room beneath the top floor after
bringing Entei and Raikou.",80,1,81,pokemon,dialogue,,
0x01FAA441,"mon was found in the
large room after bringing Entei,
Raikou, and Suicune.",74,1,75,pokemon,description,,
0x01FAA495,"mon was found during the
day on 3F.",35,1,36,pokemon,description,,
0x01FAA4C2,"mon was found at night
on 3F.",29,1,30,pokemon,other,,
0x01FAA4E9,"mon was found in the
Command Centre.",36,1,37,pokemon,description,,
0x01FAA517,"mon was found during the
day by the centre trees.",49,1,50,pokemon,description,,
0x01FAA552,"mon was found at night in
the small room beneath the large
room on 1F.",70,1,71,pokemon,description,,
0x01FAA5A2,"mon was found after using
Rock Climb on the east side of the
route.",67,1,68,pokemon,description,,
0x01FAA5EF,"mon was found after using
Rock Climb on the west side of the
route.",67,1,68,pokemon,description,,
0x01FAA63C,"mon was found on an
island in the middle of the lake.",53,1,54,pokemon,description,,
0x01FAA67B,"mon was found near the
Hiker, Black Belt, and Battle Girl.",58,1,59,pokemon,description,,
0x01FAA6BF,"mon was found during the
day on the beach after bringing
Lunala.",64,1,65,pokemon,description,,
0x01FAA709,"mon was found at night
on the beach after bringing
Solgaleo.",60,1,61,pokemon,description,,
0x01FAA74F,"mon was found at night
beneath the Ruins of Void.",49,1,50,pokemon,description,,
0x01FAA78A,"mon was found during the
day above Cinder Volcano after
going up the waterfall.",79,1,80,pokemon,description,,
0x01FAA7E3,"mon was found during the
day in the centre canyon.",50,1,51,pokemon,description,,
0x01FAA81F,"mon was found at night
after using Rock Climb on the west
side of 2F.",69,1,70,pokemon,description,,
0x01FAA86E,"mon was found at night
in the centre of the meteorites by
the entrance to Valley Cave.",86,1,87,pokemon,description,,
0x01FAA8CE,"mon was found during the
day on a log in the northwest pond.",60,1,61,pokemon,description,,
0x01FAA914,"mon was found at night in
the southern area on the water.",57,1,58,pokemon,description,,
0x01FAA957,"mon was found at night
by the exit to Route 8.",46,1,47,pokemon,description,,
0x01FAA9D3,s house.,8,1,9,pokemon,other,,
0x01FAA9E5,"mon was found at night
on the northwest side of the route.",58,1,59,pokemon,description,,
0x01FAAB0D,"In that case, take this.",24,1,25,pokemon,other,,
0x01FAABE3,Ho ho ho!,9,1,10,pokemon,dialogue,,
0x01FAAC59,"ll find them most
useful.",25,1,26,pokemon,other,,
0x01FAACAE,"ll find them most
useful.",25,1,26,pokemon,other,,
0x01FAAD0B,Time sure does go by!,21,1,22,pokemon,dialogue,,
0x01FAAD27,"s some rare item belonging to
Prof. Log.",40,1,41,pokemon,description,,
0x01FAAD50,Protector of the Swamp,22,1,23,pokemon,other,,
0x01FAAD86," a
ruckus! Team up with Tessy to find
her Swampert and restore order.",69,1,70,pokemon,dialogue,,
0x01FAAFF8, Tessy?,7,1,8,pokemon,dialogue,,
0x01FAB005, decided to go with Tessy!,26,1,27,pokemon,dialogue,,
0x01FAB09A,"mon healed
up, too.",19,1,20,pokemon,other,,
0x01FAB0EF,party will be selected for battle.,34,1,35,pokemon,system,,
0x01FAB179, here.,6,1,7,pokemon,other,,
0x01FAB202,ol Swampert!,12,1,13,pokemon,dialogue,,
0x01FAB24A,the Terror Granbull.,20,1,21,pokemon,other,,
0x01FAB289,The trouble is that way.,24,1,25,pokemon,other,,
0x01FAB325, here.,6,1,7,pokemon,other,,
0x01FAB36F,anymore trouble in the bog!,27,1,28,pokemon,dialogue,,
0x01FAB3DD, pan in a July sun!,19,1,20,pokemon,dialogue,,
0x01FAB424," to
be much trouble from here on out.",37,1,38,pokemon,description,,
0x01FAB4DB,into an unstoppable force!,26,1,27,pokemon,dialogue,,
0x01FAB5A4," to need to
settle it down again.",33,1,34,pokemon,description,,
0x01FAB6D7,"ll be so proud of all
us Terror Granbull!",41,1,42,pokemon,dialogue,,
0x01FAB808,ll be able to do to stop us!,28,1,29,pokemon,dialogue,,
0x01FAB88F,SCATTER!,8,1,9,pokemon,dialogue,,
0x01FAB9EA,em have it!,11,1,12,pokemon,dialogue,,
0x01FABA6C,"s a little parcel of my
gratitude for ya service.",49,1,50,pokemon,dialogue,,
0x01FABAB3,"Me, Swampert, and the swamp are
obliged to ya.",46,1,47,pokemon,description,,
0x01FABB25,"em is
the strongest!",20,1,21,pokemon,dialogue,,
0x01FABB3E,"re strong, but are you really
the strongest?",44,1,45,pokemon,dialogue,,
0x01FABB6B,"If you wanna find the strong, you
gotta first weed out the weak.",64,1,65,pokemon,dialogue,,
0x01FABBD8,Haw haw!,8,1,9,pokemon,dialogue,,
0x01FABBE7,"t gonna confirm nor deny that
the Swampert is our captive.",58,1,59,pokemon,description,,
0x01FABC36,Haw haw!,8,1,9,pokemon,dialogue,,
0x01FABC83,into our trap!,14,1,15,pokemon,dialogue,,
0x01FABCBC, the trap!,10,1,11,pokemon,dialogue,,
0x01FABD0A,trap?,5,1,6,pokemon,dialogue,,
0x01FABD57,", to maintain balance.",22,1,23,pokemon,other,,
0x01FABD81,"Only the powerful should be allowed
to move on.",47,1,48,pokemon,description,,
0x01FABDE4, to gain power.,15,1,16,pokemon,other,,
0x01FABE06,"m ready for duty, boss!",23,1,24,pokemon,dialogue,,
0x01FABE1E,"Okay, boss, maybe I did just do a
quick little sample.",54,1,55,pokemon,dialogue,,
0x01FABE8B, I tried.,9,1,10,pokemon,dialogue,,
0x01FABEAA,"We Terror Granbull used to live
like kings!",43,1,44,pokemon,dialogue,,
0x01FABEF8,mon here to aid us.,19,1,20,pokemon,other,,
0x01FABF1E,"mon is necessary
for our plan to get a new home.",48,1,49,pokemon,description,,
0x01FABF77,mon duke it out.,16,1,17,pokemon,other,,
0x01FABF88,"Well, at least I still have a front
row seat for the show.",58,1,59,pokemon,dialogue,,
0x01FAC004,at each other until one faints?,31,1,32,pokemon,dialogue,,
0x01FAC05C,ve got a lot on the line here.,30,1,31,pokemon,other,,
0x01FAC0B3, first?,7,1,8,pokemon,dialogue,,
0x01FAC0E1,10000 bet on it.,16,1,17,pokemon,other,,
0x01FAC0F4,A Rift in Space,15,1,16,pokemon,other,,
0x01FAC104,"A little girl has gone missing in
Rift Cave! Find her, and bring her
home to her worried parents.",97,1,98,pokemon,dialogue,,
0x01FAC1E8,"I shudder every time I think of
what could have happened!",57,1,58,pokemon,dialogue,,
0x01FAC2C4,"Please, Champion!
Bring her home!",33,1,34,pokemon,dialogue,,
0x01FAC378,"If the Champion is too afraid to do
it, who would?",50,1,51,pokemon,dialogue,,
0x01FAC47E,"Please, accept this rare gem stone
from my collection.",54,1,55,pokemon,dialogue,,
0x01FAC511,"I will make sure that she never
leaves the corner again.",56,1,57,pokemon,dialogue,,
0x01FAC54A,"My parents put me in the corner
because I tried to go to Rift Cave.",67,1,68,pokemon,dialogue,,
0x01FAC5FA,"Please, nice Trainer!
Take me home!",35,1,36,pokemon,dialogue,,
0x01FAC63D,"Trainer!
Protect me!",20,1,21,pokemon,dialogue,,
0x01FAC655,The little girl disappeared.,28,1,29,pokemon,other,,
0x01FAC6B0,"Wahhh!
I wanna go home!",23,1,24,pokemon,dialogue,,
0x01FAC701,"t let it
hurt me!",17,1,18,pokemon,dialogue,,
0x01FAC776,ve played enough for today.,27,1,28,pokemon,other,,
0x01FAC797," decided to go with the
little girl!",36,1,37,pokemon,dialogue,,
0x01FAC867,"Why is it so mean?
Is this its home?",36,1,37,pokemon,dialogue,,
0x01FAC8B0,I know how to get home from here.,33,1,34,pokemon,dialogue,,
0x01FAC8D2,"My parents put me in the corner
because I went into Rift Cave.",62,1,63,pokemon,dialogue,,
0x01FAC991,seen again.,11,1,12,pokemon,other,,
0x01FACAD0,"I shudder to think what could have
happened to her.",51,1,52,pokemon,dialogue,,
0x01FACB07,Gagyagyaah!,11,1,12,pokemon,dialogue,,
0x01FACB4E,s size!,7,1,8,pokemon,dialogue,,
0x01FACB77, The Rogue Electivire,21,1,22,pokemon,other,,
0x01FACB8D,Science Society,15,1,16,pokemon,location,,
0x01FACBA9,"s Electivire has gone rogue!
Track it down and return it to
the nerd.",69,1,70,pokemon,dialogue,,
0x01FACC85,"s Electivire has been
kidnapped! Head to Seaport City
to rescue it from the thief.",82,1,83,pokemon,dialogue,,
0x01FACD51," please!
Why are you acting like this?",38,1,39,pokemon,dialogue,,
0x01FACD7B,Vire!,5,1,6,pokemon,dialogue,,
0x01FACDC8, return!,8,1,9,pokemon,dialogue,,
0x01FACE1D,"ve
seriously injured me!",24,1,25,pokemon,dialogue,,
0x01FACE5C,s gone rogue!,13,1,14,pokemon,dialogue,,
0x01FACE6D,Protect the nerd?,17,1,18,pokemon,dialogue,,
0x01FACEA7,"Now, please, battle my Electivire
and bring it back to its senses!",66,1,67,pokemon,dialogue,,
0x01FACEEA,"Electivire!
Come back!",22,1,23,pokemon,dialogue,,
0x01FACFBF, Ball!,6,1,7,pokemon,dialogue,,
0x01FAD051,reward for your help.,21,1,22,pokemon,dialogue,,
0x01FAD218,"ll throw
in something extra.",28,1,29,pokemon,other,,
0x01FAD335,s all I can say.,16,1,17,pokemon,dialogue,,
0x01FAD3A2,"The door requires a passcode to
unlock.",39,1,40,pokemon,description,,
0x01FAD4CC,"Maybe the passcode is written
somewhere close by?",49,1,50,pokemon,dialogue,,
0x01FAD4FE,The door is already open.,25,1,26,pokemon,other,,
0x01FAD669,"You see, now?",13,1,14,pokemon,dialogue,,
0x01FAD677,"Electivire!
Attack this Trainer!",32,1,33,pokemon,dialogue,,
0x01FAD69B,Vire!,5,1,6,pokemon,dialogue,,
0x01FAD71E,"Heh, heh, heh, hah, hah!",24,1,25,pokemon,dialogue,,
0x01FAD7BE,Use it to attack this Trainer!,30,1,31,pokemon,dialogue,,
0x01FADAD1,"Electivire!
Out of my way!",26,1,27,pokemon,dialogue,,
0x01FADAEE,"ll come at you using my very
first test subjects!",49,1,50,pokemon,dialogue,,
0x01FADC33,"One day in the future, I will show
you the true power of science!",65,1,66,pokemon,dialogue,,
0x01FADCBA,Take it there?,14,1,15,pokemon,dialogue,,
0x01FADDF4,chasing down my Electivire.,27,1,28,pokemon,dialogue,,
0x01FADE10,"Take this Egg, too.",19,1,20,pokemon,other,,
0x01FADE24,You received an Egg from the nerd!,34,1,35,pokemon,dialogue,,
0x01FADE86,give you this Electirizer.,26,1,27,pokemon,dialogue,,
0x01FADEE1,give you your reward.,21,1,22,pokemon,dialogue,,
0x01FADF27,"
to evolve it.",14,1,15,pokemon,other,,
0x01FADF38,Swords of Justice,17,1,18,pokemon,location,,
0x01FADF4A,"The Swords of Justice have made
their way over from Unova! Track
them down and capture them.",92,1,93,pokemon,dialogue,,
0x01FAE6F3, Terror Granbull,16,1,17,pokemon,other,,
0x01FAE704,The Terror Granbull,19,1,20,pokemon,location,,
0x01FAE718,"The Terror Granbull are causing
havoc on Route 10! Assist the local
authorities in rounding them up.",100,1,101,pokemon,dialogue,,
0x01FAE77D,"The Terror Granbull have run away
to the Auburn Waterway! Help the
local authorities arrest 5 of them.",102,1,103,pokemon,dialogue,,
0x01FAE7E4,"The Terror Granbull have run away
to the Auburn Waterway! Help the
local authorities arrest 4 of them.",102,1,103,pokemon,dialogue,,
0x01FAE84B,"The Terror Granbull have run away
to the Auburn Waterway! Help the
local authorities arrest 3 of them.",102,1,103,pokemon,dialogue,,
0x01FAE8B2,"The Terror Granbull have run away
to the Auburn Waterway! Help the
local authorities arrest 2 of them.",102,1,103,pokemon,dialogue,,
0x01FAE932,"s leader
remains to be captured! Reconvene
on Route 10 to discuss the plan.",75,1,76,pokemon,dialogue,,
0x01FAE97E,Goon,4,1,5,pokemon,other,,
0x01FAE983,Goon A,6,1,7,pokemon,location,,
0x01FAE991,Officer,7,1,8,pokemon,other,,
0x01FAE999,Gruff,5,1,6,pokemon,other,,
0x01FAE99F,"Hello, good citizen!",20,1,21,pokemon,dialogue,,
0x01FAEAA3,"Would you be willing to lend a
hand to the local police force?",62,1,63,pokemon,dialogue,,
0x01FAECE0,those goons.,12,1,13,pokemon,other,,
0x01FAED9D,mon are healed up.,18,1,19,pokemon,other,,
0x01FAEDEB,"If you would like to lend a hand,
it will always be appreciated.",64,1,65,pokemon,dialogue,,
0x01FAEEB0, cash!,6,1,7,pokemon,dialogue,,
0x01FAEECB,"s no one to blame
but yourself, punk!",37,1,38,pokemon,dialogue,,
0x01FAEFD7,"m arresting you, in the name of
the Fallshore City Police!",58,1,59,pokemon,dialogue,,
0x01FAF029,"Scatter, boys!",14,1,15,pokemon,dialogue,,
0x01FAF0A0,"ll be sorry
you ever got in our way!",36,1,37,pokemon,dialogue,,
0x01FAF14E,s split up and look for them.,29,1,30,pokemon,other,,
0x01FAF1AE,"t cause any trouble, and
just come along quietly.",49,1,50,pokemon,description,,
0x01FAF245,"Keep searching, while I take this man
down to the station.",58,1,59,pokemon,dialogue,,
0x01FAF2F7," by the
stairs to determine his location.",41,1,42,pokemon,description,,
0x01FAF3E4, but crying!,12,1,13,pokemon,dialogue,,
0x01FAF495,Terror Granbull!,16,1,17,pokemon,dialogue,,
0x01FAF4B4, to some stupid kid!?,21,1,22,pokemon,dialogue,,
0x01FAF535,"m gonna teach a punk like you a
lesson in pain!",47,1,48,pokemon,dialogue,,
0x01FAF709,"Has he returned to Antisis City,
perhaps?",41,1,42,pokemon,dialogue,,
0x01FAF7B0,slip on by!,11,1,12,pokemon,dialogue,,
0x01FAF820,caused across Borrius!,22,1,23,pokemon,dialogue,,
0x01FAF991,"cos
Gruff only knows how to play rough!",39,1,40,pokemon,dialogue,,
0x01FAF9C4,"d ya manage that, anyway!?",26,1,27,pokemon,dialogue,,
0x01FAFABF,"And next time, remember to
confiscate my bike!",46,1,47,pokemon,dialogue,,
0x01FAFBE2,"Consider it a reward for doing your
bit to help the community.",62,1,63,pokemon,dialogue,,
0x01FAFC68,"Until then, stay safe, and stay
vigilant.",41,1,42,pokemon,description,,
0x01FAFC94,Too Much TV,11,1,12,pokemon,location,,
0x01FAFCA0,"Watching too much TV is bad for
your brain! Help cure children who
have had their brains fried by TV.",101,1,102,pokemon,dialogue,,
0x01FAFD06,"Find a scientist who studies brain
activity to help wake a little girl
up from her coma.",88,1,89,pokemon,description,,
0x01FAFE83,"Report back to the scientist at the
Dream Research lab with the data
gathered from the TV children.",99,1,100,pokemon,description,,
0x01FAFEE7,"This boy was found watching TV in
the southwest house.
His eyes were glued to the TV.",85,1,86,pokemon,description,,
0x01FAFF3D,"This girl was found watching TV in
the Swarm family house.
Her brain seemed normal.",83,1,84,pokemon,description,,
0x01FAFF91,"This boy was found watching TV in
the northeast house.
His brain seemed fried.",78,1,79,pokemon,description,,
0x01FAFFE0,"This girl was found watching TV in
the house north of the market.
Her brain seemed gelatinous.",94,1,95,pokemon,description,,
0x01FB0171,"Perhaps you know someone who
could help?",40,1,41,pokemon,dialogue,,
0x01FB028A,"t even know, then who?",22,1,23,pokemon,dialogue,,
0x01FB035F,I want you to have it.,22,1,23,pokemon,dialogue,,
0x01FB0384,"ll need to make space
in your party for it.",43,1,44,pokemon,dialogue,,
0x01FB0426,s truly a miracle.,18,1,19,pokemon,other,,
0x01FB0459,"This is what happens when you
watch too much TV.",48,1,49,pokemon,dialogue,,
0x01FB04DD,t tell me why.,14,1,15,pokemon,other,,
0x01FB0527,mon.,4,1,5,pokemon,other,,
0x01FB07EC,send me the data.,17,1,18,pokemon,other,,
0x01FB0912,the data.,9,1,10,pokemon,other,,
0x01FB0964,I will be back momentarily.,27,1,28,pokemon,dialogue,,
0x01FB0A80,"I believe these children will now
be able to lead productive lives.",67,1,68,pokemon,dialogue,,
0x01FB0B04,"You should return to Polder Town to
claim your reward.",54,1,55,pokemon,dialogue,,
